epoch,updates,time,train_loss,val_rmse
1,1,7.508100003406071e-05,0.4644994000115908,0.7521811834102986
2,2,0.0001013460000649502,0.44120084840731805,0.7412784866221145
3,3,0.00012432400006900934,0.42185147710557136,0.731742279270595
4,4,0.000145937000070262,0.405095512656943,0.7229273098784328
5,5,0.00017779100005554938,0.3902795761815514,0.7146160212016368
6,6,0.00022933400009605975,0.3769887339044935,0.7067041764397084
7,7,0.0002526920001173494,0.36493716087301914,0.6991358376678222
8,8,0.0002746710001133579,0.3539165532758051,0.6918760379709301
9,9,0.0003043270000944176,0.3437687855196586,0.6848991533540132
10,10,0.00032576000012340955,0.3343703366030117,0.678184186339408
11,11,0.00034672200013119436,0.32562274366146354,0.6717129416649014
12,12,0.00036724900013496153,0.3174463326317535,0.6654693345739673
13,13,0.0004271280001262312,0.3097758583567458,0.6594390984831418
14,14,0.0004497780001315732,0.3025573392569671,0.6536096071507999
15,15,0.00047494400013192717,0.29574568902611903,0.6479697143691159
16,16,0.0004957330001502669,0.28930290840112993,0.6425095879048116
17,17,0.0005164190001210045,0.2831966857599515,0.6372205397413363
18,18,0.0005368400001088958,0.2773993040605353,0.6320948606764195
19,19,0.000557196000102067,0.27188678135414385,0.6271256664680203
20,20,0.0005775570000992047,0.2666381914436288,0.6223067600840413
21,21,0.0005984740001281352,0.26163512455068655,0.6176325120766327
22,22,0.000618854000151714,0.2568612573848625,0.6130977592147105
23,23,0.0006414090001953809,0.2523020090421229,0.6086977202992003
24,24,0.0006637170001795312,0.24794426445901635,0.6044279274209009
25,25,0.0007170530001872066,0.24377615119115476,0.6002841706418842
26,26,0.0007403000001886539,0.23978685839603422,0.5962624540520682
27,27,0.0007620060001727325,0.23596648930847844,0.5923589612710706
28,28,0.0007830510002122537,0.23230594036850818,0.588570028660898
29,29,0.0008037160001777011,0.22879680162008495,0.5848921247412182
30,30,0.0008241210001642685,0.22543127413861194,0.581321834527435
31,31,0.0008445060001918137,0.22220210113682753,0.5778558477263349
32,32,0.0008646260002365125,0.21910251009781073,0.5744909499165163
33,33,0.0008849220002389302,0.21612616383269703,0.5712240160080772
34,34,0.0009048160002294026,0.21326711879230437,0.5680520054180733
35,35,0.0009251730002119984,0.21051978930175452,0.564971958516727
36,36,0.0009453040002540547,0.20787891665523558,0.5619809939967508
37,37,0.0009655440002802607,0.20533954221980627,0.5590763068972314
38,38,0.0009855010002866038,0.2028969838646836,0.5562551670770454
39,39,0.0010057780003194239,0.20054681516525452,0.553514917983328
40,40,0.0010261270003297795,0.19828484693649917,0.5508529756003586
41,41,0.0010465490003639388,0.19610711073441947,0.5482668274953514
42,42,0.001066476000403327,0.19400984403096347,0.5457540319017358
43,43,0.001087090000396529,0.1919894768214075,0.5433122167989659
44,44,0.0011073870003883712,0.19004261946599413,0.5409390789619005
45,45,0.0011328870004376768,0.18816605160204453,0.5386323829632617
46,46,0.0011543380004468418,0.18635671199049242,0.5363899601204114
47,47,0.0011799330004578223,0.18461168918320875,0.5342097073832689
48,48,0.0012019450004459031,0.18292821291566244,0.5320895861641413
49,49,0.0012229020004497215,0.18130364614427424,0.5300276211129334
50,50,0.001243249000481228,0.17973547765991224,0.5280218988429514
51,51,0.001263887000447994,0.17822131521891582,0.5260705666135603
52,52,0.0012842840004054779,0.17675887914121916,0.5241718309764823
53,53,0.0013049040004489143,0.17534599633193268,0.5223239563926729
54,54,0.0013256920004778294,0.17398059468838653,0.5205252638266046
55,55,0.0013462390004974623,0.17266069785936702,0.5187741293244991
56,56,0.0013664670005368862,0.171384420327255,0.5170689825826371
57,57,0.0013868920005393193,0.17014996278713423,0.5154083055114123
58,58,0.0014072770005668644,0.16895560779980315,0.5137906308002734
59,59,0.0014274100005309265,0.16779971569806862,0.5122145404881929
60,60,0.0014475200005676925,0.1666807207277999,0.5106786645437809
61,61,0.0014677010005925695,0.16559712740704916,0.5091816794586771
62,62,0.001487781000605537,0.16454750708811697,0.5077223068573881
63,63,0.001507968000623805,0.16353049470883171,0.5062993121263049
64,64,0.0015282080005931675,0.16254478572051984,0.5049115030642393
65,65,0.001548542000591624,0.16158913318121793,0.5035577285564533
66,66,0.0015686480006138481,0.16066234500362975,0.5022368772738267
67,67,0.001588910000634769,0.15976328134817058,0.5009478763985125
68,68,0.0016101590006769584,0.15889085215220758,0.4996896903771644
69,69,0.0016370980006854552,0.1580440147872736,0.4984613197025853
70,70,0.001659520000714565,0.15722177183665229,0.497261799724434
71,71,0.0016801790007434647,0.1564231689862804,0.496090199489446
72,72,0.001700417000733978,0.15564729302241573,0.4949456206114601
73,73,0.0017211210007417321,0.1548932699299775,0.49382719617139903
74,74,0.001741651000713773,0.15416026308587888,0.49273408964723153
75,75,0.0017621150007016695,0.15344747154205424,0.4916654938738317
76,76,0.001782378000712015,0.15275412839323022,0.4906206300325611
77,77,0.0018025690007448247,0.15207949922481284,0.48959874667031755
78,78,0.0018343000007234878,0.1514228806365531,0.488599118747724
79,79,0.0018619250007532173,0.15078359883793047,0.487621046716077
80,80,0.0018883560007338929,0.15016100831144025,0.4866638556226182
81,81,0.00191273400071168,0.14955449054020484,0.48572689424365695
82,82,0.0019333310007141336,0.14896345279654521,0.48480953424503187
83,83,0.0019541400006914955,0.14838732698834556,0.48391116936937517
84,84,0.0019743120006978643,0.14782556856023302,0.4830312146496194
85,85,0.0019944480006870435,0.14727765544676455,0.4821691056481657
86,86,0.0020221910006625876,0.14674308707497513,0.4813242977211221
87,87,0.0020441750006625625,0.14622138341379143,0.48049626530700945
88,88,0.002075681000633267,0.14571208406795397,0.4796845012393231
89,89,0.0020984600006386245,0.14521474741422435,0.47888851608233873
90,90,0.0021309080006517434,0.14472894977777323,0.47810783748954444
91,91,0.0021622470006832373,0.14425428464676227,0.477342009584086
92,92,0.0021835610006633033,0.14379036192323985,0.4765905923606114
93,93,0.0022049280007081506,0.1433368072085707,0.4758531611079073
94,94,0.00223443300069448,0.14289326112171477,0.4751293058517234
95,95,0.0022564900006614153,0.1424593786487606,0.47441863081718977
96,96,0.002277729000695672,0.14203482852219956,0.4737207539102385
97,97,0.0022985280007219444,0.14161929262851022,0.47303530621744927
98,98,0.0023188310007071777,0.14121246544269148,0.47236193152375017
99,99,0.0023394150007334247,0.1408140534884564,0.4717002858474128
100,100,0.0023598290007385003,0.14042377482286447,0.4710500369917932
101,101,0.0023796350007501132,0.140041358544229,0.4704108641132799
102,102,0.002406893000738819,0.13966654432219958,0.4697824573049226
103,103,0.002433714000744658,0.1392990819489711,0.469164517195227
104,104,0.0024554610007498923,0.13893873091062522,0.46855675456161283
105,105,0.002477926000779007,0.13858525997765972,0.4679588899580437
106,106,0.0025106110007868665,0.13823844681380612,0.46737065335635125
107,107,0.002533575000768451,0.1378980776022832,0.4667917838007868
108,108,0.0025553520007406405,0.13756394668867317,0.4662220290753469
109,109,0.0025772300007247395,0.1372358562396488,0.46566114538343095
110,110,0.002599370000723411,0.13691361591681603,0.4651088970394025
111,111,0.0026210330007074845,0.13659704256497476,0.46456505617163474
112,112,0.0026422270007060433,0.1362859599141302,0.4640294024366387
113,113,0.002662779000672799,0.13598019829462357,0.4635017227438773
114,114,0.002683856000714968,0.13567959436477872,0.46298181099088587
115,115,0.002704468000729321,0.13538399085049033,0.4624694678083291
116,116,0.002725076000729132,0.13509323629620837,0.46196450031463543
117,117,0.0027454060007130465,0.13480718482679688,0.4614667218798617
118,118,0.0027661200007287334,0.134525695919773,0.4609759518984525
119,119,0.002786373000731146,0.1342486341874527,0.46049201557056746
120,120,0.0028067660007309314,0.13397586916855375,0.46001474369166395
121,121,0.002827322000712229,0.13370727512882727,0.4595439724500275
122,122,0.0028477090007186234,0.1334427308703092,0.4590795432319578
123,123,0.0028677600007540605,0.13318211954880244,0.4586213024343262
124,124,0.0028881700007445943,0.13292532849921782,0.45816910128422644
125,125,0.0029081010007416808,0.13267224906842126,0.4577227956654576
126,126,0.0029297950007389773,0.1324227764552483,0.45728224595157874
127,127,0.0029572880007435742,0.13217680955736583,0.456847316845291
128,128,0.0029793330007237273,0.13193425082467297,0.45641787722390553
129,129,0.0030044710007359754,0.13169500611894952,0.45599379999066914
130,130,0.003025699000716031,0.1314589845794729,0.4555749619317237
131,131,0.0030468450007106185,0.13122609849433683,0.45516124357848575
132,132,0.003068115000758098,0.13099626317721869,0.45475252907524
133,133,0.003088879000756606,0.1307693968493532,0.4543487060517463
134,134,0.0031091920008066154,0.13054542052648158,0.45394966550066956
135,135,0.003130307000844823,0.13032425791055494,0.45355530165964664
136,136,0.003151282000885658,0.13010583528598305,0.4531655118978127
137,137,0.003182623000896001,0.1298900814202266,0.45278019660661534
138,138,0.003203696000923628,0.12967692746854215,0.4523992590947512
139,139,0.0032241540009181335,0.12946630688269675,0.4520226054870656
140,140,0.0032441680009469565,0.12925815532347734,0.4516501446272631
141,141,0.003264210000907042,0.12905241057682976,0.4512817879842812
142,142,0.0032843270009266234,0.12884901247346697,0.4509174495621843
143,143,0.003304254000909168,0.12864790281179542,0.45055704581344397
144,144,0.0033245230009129045,0.12844902528401492,0.4502004955554712
145,145,0.003344745000902094,0.12825232540525316,0.44984771989027733
146,146,0.003381505000902507,0.12805775044560383,0.44949864212714025
147,147,0.0034096120009508013,0.12786524936494068,0.4491531877081598
148,148,0.003432510000948241,0.12767477275038863,0.44881128413659
149,149,0.0034535180009811484,0.12748627275633637,0.4484728609078405
150,150,0.003474437000988928,0.12729970304688024,0.4481378494430432
151,151,0.0034949260009966565,0.12711501874059566,0.4478061830250839
152,152,0.003514770001004308,0.12693217635753437,0.4474777967370039
153,153,0.0035464890010530326,0.12675113376835315,0.4471526274026783
154,154,0.0035672600010911992,0.126571850145482,0.44683061352968456
155,155,0.0035872700011054803,0.1263942859162445,0.4465116952542728
156,156,0.00360755700108939,0.12621840271784723,0.4461958142883599
157,157,0.0036486670011299793,0.12604416335415797,0.44588291386846574
158,158,0.003669855001135147,0.12587153175419694,0.44557293870651765
159,159,0.0036902730011547646,0.12570047293226871,0.445265834942451
160,160,0.0037109890011493007,0.12553095294966404,0.44496155009853383
161,161,0.003731187001164926,0.12536293887786645,0.4446600330353525
162,162,0.0037515490011514885,0.12519639876319927,0.4443612339093898
163,163,0.0037716620011565283,0.12503130159285275,0.44406510413213707
164,164,0.0037917900011734673,0.12486761726223305,0.4437715963306796
165,165,0.0038119630011692607,0.12470531654357782,0.44348066430969824
166,166,0.00383209900115844,0.1245443710557849,0.44319226301483305
167,167,0.003852825001160909,0.12438475323540445,0.44290634849735666
168,168,0.003878139001130876,0.12422643630874454,0.44262287788010557
169,169,0.0039000100011321592,0.12406939426504551,0.4423418093246229
170,170,0.003920452001182184,0.12391360183067726,0.4420631019994643
171,171,0.003940745001159485,0.12375903444431838,0.44178671604962344
172,172,0.00396099500113678,0.12360566823307535,0.4415126125670336
173,173,0.0039811400011444675,0.12345347998950448,0.4412407535621047
174,174,0.004002651001144386,0.1233024471494981,0.44097110193625544
175,175,0.004053497001109463,0.12315254777100054,0.44070362145540354
176,176,0.004080560001114009,0.12300376051351923,0.44043827672437647
177,177,0.0041020450011046705,0.12285606461839949,0.44017503316220846
178,178,0.004123064001078092,0.12270943988983048,0.4399138569782908
179,179,0.004143909001072643,0.12256386667655426,0.43965471514933985
180,180,0.0041643020010724285,0.12241932585424783,0.43939757539715724
181,181,0.004184650001036516,0.1222757988085526,0.43914240616714684
182,182,0.004205049001029693,0.12213326741872388,0.43888917660756366
183,183,0.004225416001020221,0.12199171404187636,0.43863785654946563
184,184,0.004245525001010719,0.1218511214978011,0.4383884164873419
185,185,0.004265563001013106,0.12171147305433187,0.43814082756039313
186,186,0.004285629001003599,0.12157275241323816,0.4378950615344384
187,187,0.00431218100101205,0.1214349436966248,0.43765109078442604
188,188,0.004360233001023062,0.12129803143381722,0.437408888277526
189,189,0.0043835220010350895,0.12116200054871407,0.43716842755678104
190,190,0.004405526000994087,0.12102683634758811,0.43692968272529825
191,191,0.004426564000993949,0.1208925245073181,0.43669262843095813
192,192,0.0044512760010206875,0.12075905106403474,0.4364572398516249
193,193,0.004472146001035071,0.12062640240216481,0.4362234926808378
194,194,0.0044929130010018525,0.12049456524385695,0.43599136311396625
195,195,0.004513551001025462,0.12036352663877625,0.435760827834812
196,196,0.004534029001035833,0.1202332739542512,0.43553186400264243
197,197,0.004554741001015827,0.12010379486576053,0.4353044492396384
198,198,0.004575093000994457,0.11997507734774782,0.43507856161874225
199,199,0.004595105000987587,0.11984710966474874,0.43485417965189127
200,200,0.004616003000933233,0.11971988036282186,0.434631282278623
201,201,0.0046364550009343475,0.11959337826126955,0.4344098488550388
202,202,0.004658243000960738,0.11946759244463862,0.4341898591431123
203,203,0.004678775000968471,0.11934251225499021,0.4339712933003321
204,204,0.004699743000969647,0.11921812728442906,0.4337541318696644
205,205,0.004720338000936408,0.11909442736788124,0.4335383557698269
206,206,0.004741320000960059,0.11897140257611268,0.43332394628586024
207,207,0.004761937000978378,0.11884904320897834,0.433110885059989
208,208,0.004790579000939488,0.11872733978889383,0.4328991540827598
209,209,0.004831172000933748,0.11860628305452141,0.43268873568444893
210,210,0.004854739000961672,0.11848586395466228,0.4324796125267285
211,211,0.004876397000941779,0.11836607364234744,0.43227176759458286
212,212,0.004897270000924436,0.1182469034691204,0.43206518418846623
213,213,0.004918895000912471,0.11812834497950414,0.43185984591669363
214,214,0.004941179000866214,0.11801038990564561,0.43165573668805735
215,215,0.004962066000871346,0.11789303016213226,0.43145284070465956
216,216,0.004982425000889634,0.1177762578409732,0.4312511424549561
217,217,0.005002596000906578,0.11766006520673973,0.4310506267070024
218,218,0.005022688000906328,0.11754444469185951,0.4308512785018952
219,219,0.0050431550009193415,0.11742938889205876,0.430653083147404
220,220,0.005063301000916454,0.11731489056194712,0.4304560262117852
221,221,0.005083403000924136,0.11720094261074064,0.43026009351777267
222,222,0.00510348000096883,0.1170875380981173,0.43006527113674003
223,223,0.005123369000955336,0.11697467023020074,0.4298715453830272
224,224,0.005143558000952453,0.11686233235566827,0.42967890280842713
225,225,0.005163358000970675,0.11675051796197763,0.42948733019682694
226,226,0.00518334800096909,0.11663922067170941,0.42929681455899854
227,227,0.005203330000938422,0.11652843423902101,0.42910734312753296
228,228,0.005223348000924943,0.11641815254620734,0.4289189033519159
229,229,0.005243447000964352,0.11630836960036604,0.4287314828937368
230,230,0.005264580000982733,0.11619907953016274,0.42854506962202993
231,231,0.005292602000963598,0.11609027658269289,0.4283596516087417
232,232,0.005314642000939784,0.11598195512043734,0.42817521712432055
233,233,0.005335687000922462,0.11587410961830853,0.42799175463342537
234,234,0.005356924000921026,0.11576673466078356,0.4278092527907493
235,235,0.005377813000905007,0.11565982493912211,0.4276277004369538
236,236,0.0053985290008995435,0.11555337524866573,0.4274470865947115
237,237,0.005419080000876875,0.1154473804862161,0.4272674004648527
238,238,0.005439504000889883,0.11534183564748977,0.4270886314226132
239,239,0.005459843000892306,0.1152367358246463,0.4269107690139803
240,240,0.005480044000876205,0.1151320762038881,0.42673380295213287
241,241,0.005500276000873328,0.11502785206312909,0.42655772311397444
242,242,0.005520174000878342,0.1149240587697304,0.42638251953675466
243,243,0.005542584000863826,0.11482069177830025,0.4262081824147776
244,244,0.005562540000880745,0.11471774662855695,0.4260347020961937
245,245,0.005582849000859369,0.11461521894325169,0.4258620690798728
246,246,0.005602815000827377,0.1145131044261507,0.4256902740123563
247,247,0.005623200000854922,0.11441139886007347,0.4255193076848853
248,248,0.005643248000865242,0.11431009810498635,0.4253491610305035
249,249,0.005663509000839895,0.11420919809614896,0.4251798251212313
250,250,0.005692356000849941,0.11410869484231241,0.4250112911653104
251,251,0.005738220000807814,0.114008584423967,0.42484355050451544
252,252,0.005779950000828649,0.11390886299163892,0.4246765946115321
253,253,0.005803892000869837,0.11380952676423285,0.4245104150873984
254,254,0.005841665000900775,0.11371057202742091,0.4243450036590086
255,255,0.005863040000917863,0.11361199513207453,0.4241803521766766
256,256,0.005883342000913672,0.11351379249274014,0.42401645261175813
257,257,0.0059046790009347205,0.113415960586155,0.4238532970543298
258,258,0.005938904000913681,0.1133184959498037,0.4236908777109231
259,259,0.005962037000927012,0.11322139518051351,0.4235291869023123
260,260,0.005982644000937398,0.11312465493308711,0.4233682170613536
261,261,0.006003100000953054,0.11302827191897206,0.42320796073087574
262,262,0.006023179000976597,0.11293224290496555,0.42304841056161974
263,263,0.00604351000100678,0.11283656471195345,0.42288955931022537
264,264,0.006063359001018398,0.11274123421368304,0.42273139983726565
265,265,0.006083611001031386,0.11264624833556759,0.42257392510532515
266,266,0.006103297001004648,0.11255160405352269,0.42241712817712324
267,267,0.006123404000959454,0.11245729839283294,0.42226100221367935
268,268,0.006143342000996199,0.11236332842704794,0.4221055404725202
269,269,0.006173822001017015,0.11226969127690761,0.42195073630592733
270,270,0.006217418001028818,0.11217638410929474,0.42179658315922425
271,271,0.006240493001030245,0.11208340413621476,0.4216430745691012
272,272,0.006261363001044629,0.11199074861380205,0.42149020416197785
273,273,0.00628203600103916,0.11189841484135138,0.421337965652402
274,274,0.006302290001030997,0.11180640016037448,0.4211863528414835
275,275,0.006322628001043995,0.11171470195368033,0.4210353596153629
276,276,0.006342554001037115,0.11162331764447918,0.42088497994371293
277,277,0.006362488001002475,0.11153224469550893,0.420735207878273
278,278,0.0063823800010140985,0.11144148060818385,0.4205860375514157
279,279,0.006402534000983451,0.11135102292176487,0.42043746317474356
280,280,0.006422383000995069,0.11126086921254999,0.42028947903771646
281,281,0.006442057000981549,0.11117101709308609,0.42014207950630805
282,282,0.006462009000983926,0.11108146421139937,0.4199952590216909
283,283,0.006482204000974434,0.11099220825024557,0.4198490120989495
284,284,0.006501954001009835,0.11090324692637865,0.4197033333258205
285,285,0.006521832000998984,0.11081457798983736,0.4195582173614596
286,286,0.006541749001030439,0.11072619922324979,0.4194136589352331
287,287,0.006572560001018246,0.11063810844115465,0.4192696528455366
288,288,0.006592931001023317,0.11055030348933975,0.4191261939586361
289,289,0.006612734001009812,0.1104627822441957,0.418983277207535
290,290,0.0066325370010531515,0.1103755426120866,0.4188408975908627
291,291,0.006660456001043258,0.1102885825287349,0.418699050171787
292,292,0.0067025340010218315,0.11020189995862216,0.4185577300769485
293,293,0.006725577001020611,0.11011549289440342,0.41841693249541656
294,294,0.006746632001011221,0.11002935935633654,0.4182766526776661
295,295,0.006766878001030818,0.10994349739172454,0.4181368859345759
296,296,0.006787161001057029,0.10985790507437179,0.41799762763644566
297,297,0.006806961001018408,0.10977258050405295,0.41785887321203447
298,298,0.006826821001027383,0.10968752180599484,0.41772061814761646
299,299,0.006846581001070717,0.10960272713037038,0.4175828579860568
300,300,0.006866443001058542,0.10951819465180473,0.4174455883259051
301,301,0.00688640100105431,0.10943392256889302,0.41730880482050714
302,302,0.006908979001025273,0.10934990910372938,0.4171725031771333
303,303,0.006932975001063824,0.10926615250144739,0.4170366791561248
304,304,0.00695985100105645,0.109182651029771,0.4169013285700564
305,305,0.0069858490010688,0.10909940297857595,0.4167664472829145
306,306,0.0070109300010585685,0.10901640665946181,0.41663203120929265
307,307,0.007037604001084219,0.10893366040533353,0.41649807631360086
308,308,0.007064236001042445,0.10885116256999304,0.4163645786092911
309,309,0.007091276001006008,0.10876891152774021,0.4162315341580976
310,310,0.0071317880010042245,0.1086869056729829,0.416098939069291
311,311,0.007168073000968889,0.10860514341985641,0.41596678949894716
312,312,0.0072182440009669335,0.1085236232018511,0.4158350816492292
313,313,0.0072584180009585,0.10844234347144903,0.41570381176768406
314,314,0.007287282000959294,0.10836130269976875,0.41557297614655103
315,315,0.007316702000935038,0.10828049937621814,0.41544257112208405
316,316,0.007345800000905456,0.1081999320081553,0.41531259307388596
317,317,0.007367728000929219,0.10811959912055698,0.41518303842425625
318,318,0.007388315000980583,0.1080394992556945,0.4150539036375491
319,319,0.007408799000984345,0.10795963097281742,0.41492518521954497
320,320,0.007428641001013148,0.10787999284784357,0.4147968797168324
321,321,0.007448656000974552,0.10780058347305693,0.414668983716202
322,322,0.007468634000986185,0.10772140145681143,0.414541493844051
323,323,0.007488916000966128,0.1076424454232422,0.4144144067657987
324,324,0.007509315000959305,0.10756371401198242,0.4142877191853129
325,325,0.007529707000912822,0.10748520587788733,0.41416142784434534
326,326,0.00755124100089688,0.10740691969076362,0.4140355295219795
327,327,0.007586632000879945,0.10732885413510522,0.41391002103408603
328,328,0.00760921400086545,0.10725100790983497,0.41378489923278927
329,329,0.007630090000873224,0.10717337972805184,0.413660161005943
330,330,0.007650596000871701,0.10709596831678342,0.4135358032766149
331,331,0.007670697000889959,0.10701877241674444,0.4134118230025809
332,332,0.00769078500093201,0.10694179078210027,0.4132882171758282
333,333,0.0077107690009370344,0.10686502218023537,0.41316498282206626
334,334,0.007739369000944407,0.10678846539152714,0.41304211700024773
335,335,0.007761407000941745,0.10671211920912449,0.4129196168020965
336,336,0.0077823810009363115,0.10663598243873113,0.4127974793516444
337,337,0.00780292200090571,0.10656005389839372,0.41267570180477603
338,338,0.007823076000875062,0.10648433241829455,0.4125542813487814
339,339,0.00784856700090586,0.10640881684054856,0.4124332152019163
340,340,0.007868234000909524,0.10633350601900476,0.4123125006129694
341,341,0.007888190000926443,0.10625839881905189,0.4121921348608383
342,342,0.007914219000895173,0.10618349411742835,0.4120721152541116
343,343,0.007941499000878594,0.1061087908020358,0.4119524391306583
344,344,0.007961527000873048,0.10603428777175736,0.4118331038572245
345,345,0.007982418000835878,0.10595998393627883,0.4117141068290362
346,346,0.008011023000790374,0.10588587821591451,0.4115954454694098
347,347,0.008033324000791708,0.10581196954143593,0.41147711722936814
348,348,0.008054324000795532,0.10573825685390473,0.41135911958726357
349,349,0.00807489300080988,0.1056647391045089,0.411241450048407
350,350,0.008095088000857231,0.10559141525440209,0.4111241061447033
351,351,0.008115103000818635,0.10551828427454688,0.41100708543429243
352,352,0.008134863000805126,0.10544534514556066,0.41089038550119694
353,353,0.00815502100078902,0.10537259685756518,0.4107740039549751
354,354,0.00817642700081933,0.10530003841003908,0.410657938430379
355,355,0.008196833000852166,0.10522766881167321,0.41054218658701985
356,356,0.00821712800086516,0.10515548708022927,0.41042674610903707
357,357,0.008237098000904552,0.10508349224240118,0.4103116147047734
358,358,0.008257458000912266,0.1050116833336791,0.4101967901064559
359,359,0.008277575000931847,0.1049400593982168,0.4100822700698809
360,360,0.008298061000914458,0.1048686194887008,0.4099680523741052
361,361,0.008318570000938053,0.10479736266622325,0.40985413482114114
362,362,0.008338754000931203,0.10472628800015626,0.40974051523565735
363,363,0.00835867000091639,0.10465539456802975,0.409627191464684
364,364,0.008378693000906878,0.10458468145541104,0.4095141613773229
365,365,0.00839868000093702,0.10451414775578727,0.40940142286446135
366,366,0.008426419000954866,0.10444379257044994,0.40928897383849216
367,367,0.008468962000904412,0.1043736150083818,0.4091768122330364
368,368,0.008492256000863563,0.10430361418614607,0.40906493600267146
369,369,0.008513530000868741,0.10423378922777776,0.4089533431226633
370,370,0.008534559000850095,0.10416413926467717,0.4088420315887023
371,371,0.008555337000814234,0.1040946634355053,0.40873099941664426
372,372,0.008575591000806071,0.10402536088608183,0.40862024464225416
373,373,0.008595940000816427,0.10395623076928437,0.40850976532095506
374,374,0.008615950000773864,0.1038872722449503,0.4083995595275799
375,375,0.008636046000731312,0.10381848447978008,0.40828962535612806
376,376,0.00865616300069405,0.10374986664724277,0.40817996091952485
377,377,0.008676287000696448,0.10368141792748294,0.40807056434938493
378,378,0.008696659000690943,0.10361313750723006,0.40796143379577987
379,379,0.008716935000677495,0.10354502457970882,0.4078525674270082
380,380,0.008736674000658695,0.10347707834455183,0.4077439634293701
381,381,0.008757052000646581,0.10340929800771327,0.4076356200069444
382,382,0.008777286000622553,0.10334168278138528,0.4075275353813701
383,383,0.008797206000622282,0.10327423188391466,0.4074197077916301
384,384,0.008817606000604883,0.10320694453972198,0.40731213549383877
385,385,0.008837684000582158,0.1031398199792221,0.40720481676103265
386,386,0.0088575340005832,0.10307285743874574,0.4070977498829641
387,387,0.008877621000578984,0.10300605616046314,0.4069909331658981
388,388,0.008903982000560973,0.10293941539230861,0.4068843649324124
389,389,0.008963091000566692,0.10287293438790679,0.40677804352119984
390,390,0.008985885000583949,0.10280661240650019,0.40667196728687427
391,391,0.00900696700057324,0.10274044871287795,0.4065661345997791
392,392,0.009027373000606076,0.10267444257730601,0.4064605438457987
393,393,0.00904785900064553,0.10260859327545889,0.40635519342617266
394,394,0.009068340000624175,0.10254290008835179,0.4062500817573122
395,395,0.009088401000610702,0.10247736230227497,0.4061452072706201
396,396,0.009108742000648817,0.10241197920872874,0.4060405684123128
397,397,0.009128694000651194,0.1023467501043596,0.40593616364324475
398,398,0.009150091000606153,0.10228167429089785,0.40583199143873594
399,399,0.009181463000572876,0.10221675107509604,0.4057280502884016
400,400,0.009202586000583324,0.10215197976866856,0.4056243386959844
401,401,0.009222516000590986,0.10208735968823242,0.4055208551791888
402,402,0.009242936000589452,0.102022890155249,0.4054175982695181
403,403,0.00926376300060383,0.10195857049596688,0.4053145665121138
404,404,0.009283866000600938,0.10189440004136553,0.4052117584655968
405,405,0.00930407000055311,0.10183037812710007,0.40510917270191177
406,406,0.009324113000559464,0.10176650409344709,0.40500680780617243
407,407,0.009343792000549911,0.10170277728525141,0.4049046623765102
408,408,0.00936385700055098,0.10163919705187337,0.40480273502392417
409,409,0.00938363600056391,0.10157576274713762,0.4047010243721339
410,410,0.009431687000585498,0.10151247372928242,0.40459952905743324
411,411,0.00945839600058207,0.10144932936090977,0.4044982477285475
412,412,0.009480398000562218,0.10138632900893668,0.4043971790464913
413,413,0.009510406000572402,0.10132347204454703,0.40429632168442947
414,414,0.009531494000555085,0.1012607578431442,0.4041956743275391
415,415,0.009552041000517875,0.10119818578430474,0.404095235672874
416,416,0.009573039000542849,0.10113575525173263,0.4039950044292306
417,417,0.0096255910005425,0.10107346563321432,0.40389497931701623
418,418,0.009648127000559725,0.10101131632057446,0.4037951590681185
419,419,0.009668763000604486,0.10094930670963273,0.40369554242577743
420,420,0.009689023000589714,0.10088743620016073,0.40359612814445783
421,421,0.00970920800057229,0.10082570419584022,0.40349691498972523
422,422,0.009729338000568077,0.10076411010422162,0.4033979017381222
423,423,0.009749231000569125,0.10070265333668339,0.40329908717704643
424,424,0.009769102000575458,0.100641333308392,0.4032004701046315
425,425,0.009789172000580493,0.10058014943826246,0.40310204932962757
426,426,0.009809577000623904,0.1005191011489197,0.4030038236712855
427,427,0.009829633000606464,0.10045818786666037,0.4029057919592407
428,428,0.00984948400059693,0.10039740902141533,0.40280795303340033
429,429,0.00986943300057419,0.10033676404671275,0.40271030574383054
430,430,0.009889937000593818,0.10027625237964165,0.40261284895064586
431,431,0.009915445000615364,0.10021587346081634,0.40251558152390027
432,432,0.009937279000610033,0.10015562673434089,0.402418502343479
433,433,0.009958026000617792,0.10009551164777473,0.40232161029899227
434,434,0.009978269000612272,0.1000355276520985,0.4022249042896708
435,435,0.009998394000604094,0.09997567420168017,0.4021283832242615
436,436,0.010018517000560223,0.09991595075424224,0.40203204602092557
437,437,0.010038547000533526,0.09985635677082899,0.4019358916071376
438,438,0.010058512000568953,0.09979689171577456,0.4018399189195861
439,439,0.010078924000538336,0.09973755505667112,0.40174412690407485
440,440,0.010100698000485409,0.09967834626433777,0.401648514515426
441,441,0.01012072900050498,0.09961926481279008,0.4015530807173846
442,442,0.010140755000520585,0.0995603101792097,0.4014578244825236
443,443,0.01016114000054813,0.0995014818439145,0.4013627447921508
444,444,0.0101812970005426,0.09944277929032957,0.40126784063621634
445,445,0.010201266000535725,0.09938420200495804,0.40117311101322256
446,446,0.010221035000540724,0.09932574947735272,0.40107855493013306
447,447,0.010241041000540463,0.099267421200088,0.40098417140228515
448,448,0.010260888000516388,0.09920921666873234,0.4008899594533015
449,449,0.010280663000514778,0.09915113538182078,0.4007959181150041
450,450,0.010300412000503911,0.09909317684082844,0.40070204642732876
451,451,0.010320529000523493,0.09903534055014351,0.40060834343824103
452,452,0.010342518000527434,0.09897762601704166,0.40051480820365293
453,453,0.01037028600052281,0.09892003275166007,0.4004214397873406
454,454,0.010392469000521487,0.09886256026697213,0.4003282372608635
455,455,0.010413502000517383,0.0988052080787623,0.4002351997034839
456,456,0.0104345700004842,0.09874797570560165,0.40014232620208817
457,457,0.010455033000482672,0.09869086266882332,0.4000496158511084
458,458,0.010475203000453348,0.0986338684924986,0.3999570677524451
459,459,0.010495615000479575,0.0985769927034135,0.39986468101539135
460,460,0.010515803000487267,0.09852023483104501,0.3997724547565572
461,461,0.010536118000459282,0.09846359440753832,0.3996803880997955
462,462,0.01055602600047223,0.09840707096768417,0.3995884801761283
463,463,0.010575862000450797,0.09835066404889624,0.3994967301236744
464,464,0.01059546200042405,0.09829437319118915,0.39940513708757774
465,465,0.010615479000421146,0.09823819793715668,0.3993137002199365
466,466,0.010635197000397056,0.0981821378319502,0.39922241867973335
467,467,0.010655136000366383,0.09812619242325747,0.3991312916327661
468,468,0.01067504400037933,0.09807036126128162,0.39904031825157976
469,469,0.01069490500037773,0.09801464389872051,0.3989494977153987
470,470,0.01071489800034442,0.09795903989074624,0.39885882921006083
471,471,0.010734668000338843,0.0979035487949851,0.3987683119279508
472,472,0.010754598000346505,0.09784817017149755,0.39867794506793575
473,473,0.010774707000337003,0.09779290358275874,0.3985877278353005
474,474,0.010796609000294666,0.09773774859363894,0.39849765944168475
475,475,0.01083707300028891,0.09768270477138438,0.3984077391050197
476,476,0.010859623000271768,0.09762777168559865,0.39831796604946657
477,477,0.010880475000305978,0.09757294890822361,0.39822833950535497
478,478,0.010900856000318981,0.09751823601352116,0.39813885870912263
479,479,0.010921123000287025,0.0974636325780551,0.39804952290325557
480,480,0.010941379000257712,0.09740913818067289,0.3979603313362289
481,481,0.010961464000274646,0.09735475240248818,0.39787128326244864
482,482,0.01098152800028629,0.097300474826863,0.3977823779421937
483,483,0.01100165500025696,0.09724630503939063,0.39769361464155906
484,484,0.011021664000224973,0.09719224262787829,0.3976049926323993
485,485,0.011041713000224718,0.09713828718233031,0.39751651119227294
486,486,0.01106143500021517,0.09708443829493137,0.39742816960438737
487,487,0.011081763000220235,0.09703069556003013,0.39733996715754416
488,488,0.011101696000253014,0.09697705857412246,0.3972519031460859
489,489,0.011121593000268604,0.09692352693583586,0.3971639768698421
490,490,0.011141326000256413,0.09687010024591323,0.3970761876340774
491,491,0.01116122900020855,0.09681677810719697,0.39698853474943935
492,492,0.011181224000210932,0.09676356012461373,0.39690101753190665
493,493,0.011201502000233177,0.09671044590515866,0.39681363530273916
494,494,0.011221227000248746,0.09665743505788038,0.3967263873884268
495,495,0.011241079000285481,0.09660452719386595,0.39663927312064073
496,496,0.011268035000284726,0.0965517219262259,0.39655229183618385
497,497,0.011307470000303965,0.09649901887007954,0.3964654428769421
498,498,0.011329941000326471,0.09644641764254035,0.39637872558983683
499,499,0.011351096000339567,0.09639391786270167,0.39629213932677754
500,500,0.01137118900032874,0.09634151915162241,0.3962056834446145
501,501,0.0113913670003285,0.09628922113231307,0.3961193573050927
502,502,0.011411227000337476,0.09623702342972168,0.3960331602748059
503,503,0.011430963000350403,0.09618492567072012,0.39594709172515136
504,504,0.011451224000325055,0.09613292748409051,0.3958611510322851
505,505,0.011498699000298984,0.09608102850051169,0.39577533757707734
506,506,0.011521137000329418,0.09602922835254589,0.3956896507450689
507,507,0.01154212500034646,0.09597752667462557,0.3956040899264277
508,508,0.011562870000318526,0.09592592310304034,0.3955186545159061
509,509,0.011582980000298448,0.09587441727592425,0.3954333439127983
510,510,0.011602903000266451,0.09582300883324256,0.3953481575208983
511,511,0.011622918000284699,0.09577169741677968,0.395263094748459
512,512,0.011642955000297661,0.09572048267012612,0.3951781550081507
513,513,0.011662858000249798,0.09566936423866658,0.39509333771702065
514,514,0.011682779000295795,0.09561834176956735,0.3950086422964528
515,515,0.01170274200029553,0.09556741491176438,0.39492406817212883
516,516,0.011722520000262193,0.09551658331595121,0.3948396147739879
517,517,0.011742286000242075,0.09546584663456707,0.3947552815361884
518,518,0.011763465000228734,0.09541520452178515,0.39467106789706974
519,519,0.011788611000213223,0.09536465663350108,0.3945869732991138
520,520,0.0118098890001761,0.09531420262732117,0.3945029971889079
521,521,0.011830755000175941,0.09526384216255113,0.39441913901710746
522,522,0.011855078000166941,0.0952135749001848,0.394335398238399
523,523,0.011876179000182674,0.09516340050289286,0.3942517743114642
524,524,0.011896412000226064,0.09511331863501198,0.39416826669894345
525,525,0.011916430000212586,0.09506332896253347,0.3940848748674009
526,526,0.011936431000208358,0.09501343115309278,0.39400159828728853
527,527,0.011956697000243821,0.09496362487595866,0.39391843643291174
528,528,0.011976730000242242,0.09491390980202229,0.3938353887823948
529,529,0.011997106000194435,0.09486428560378694,0.39375245481764715
530,530,0.012017079000202102,0.09481475195535762,0.3936696340243286
531,531,0.012037519000216435,0.09476530853243023,0.3935869258918171
532,532,0.012057722000236026,0.09471595501228212,0.3935043299131751
533,533,0.012077730000271458,0.09466669107376117,0.3934218455851169
534,534,0.012097978000269904,0.09461751639727596,0.39333947240797673
535,535,0.012117985000315912,0.09456843066478608,0.39325720988567625
536,536,0.012138167000330213,0.09451943355979187,0.393175057525693
537,537,0.012158201000318059,0.0944705247673249,0.39309301483902925
538,538,0.012178046000315135,0.09442170397393808,0.39301108134018103
539,539,0.01220572000033826,0.09437297086769625,0.39292925654710736
540,540,0.012241281000342497,0.09432432513816645,0.3928475399811995
541,541,0.012265488000366531,0.09427576647640863,0.3927659311672515
542,542,0.012287027000411399,0.09422729457496623,0.39268442963343053
543,543,0.012307389000397961,0.094178909127857,0.3926030349112467
544,544,0.012327515000379208,0.09413060983056365,0.3925217465355246
545,545,0.012347572000351192,0.09408239638002494,0.39244056404437416
546,546,0.01236783200033642,0.09403426847462658,0.39235948697916245
547,547,0.01238775200033615,0.09398622581419218,0.392278514884485
548,548,0.012407500000335858,0.09393826809997455,0.3921976473081383
549,549,0.012427485000330307,0.09389039503464686,0.39211688380109166
550,550,0.012447806000295714,0.09384260632229381,0.3920362239174604
551,551,0.012467577000279562,0.09379490166840325,0.3919556672144784
552,552,0.012487383000291175,0.09374728077985739,0.39187521325247104
553,553,0.012507297000297513,0.09369974336492431,0.39179486159482924
554,554,0.012526806000323631,0.0936522891332498,0.3917146118079827
555,555,0.012546769000323366,0.09360491779584863,0.39163446346137437
556,556,0.012566451000282086,0.09355762906509665,0.391554416127434
557,557,0.012586460000306943,0.09351042265472233,0.3914744693815533
558,558,0.012606348000304024,0.09346329827979874,0.39139462280206033
559,559,0.012626499000305103,0.09341625565673545,0.3913148759701946
560,560,0.012646632000326008,0.09336929450327057,0.3912352284700825
561,561,0.012666428000329688,0.09332241453846277,0.3911556798887126
562,562,0.01268818600033228,0.09327561548268333,0.3910762298159114
563,563,0.01271588400032897,0.09322889705760858,0.3909968778443195
564,564,0.012737434000314352,0.0931822589862119,0.3909176235693678
565,565,0.01275839300029702,0.09313570099275617,0.390838466589254
566,566,0.012778726000306051,0.09308922280278621,0.3907594065049188
567,567,0.012798796000311086,0.09304282414312107,0.39068044292002385
568,568,0.012819029000354476,0.09299650474184663,0.39060157544092805
569,569,0.012838961000340987,0.09295026432830819,0.39052280367666514
570,570,0.012858823000328812,0.09290410263310306,0.3904441272389217
571,571,0.012878501000329834,0.09285801938807321,0.3903655457420144
572,572,0.012898399000278005,0.09281201432629815,0.3902870588028685
573,573,0.012918457000296257,0.09276608718208752,0.39020866604099597
574,574,0.012938735000318502,0.09272023769097416,0.3901303670784739
575,575,0.012958606000324835,0.09267446558970684,0.3900521615399233
576,576,0.012978637000344406,0.09262877061624342,0.38997404905248784
577,577,0.012998872000366646,0.09258315250974361,0.3898960292458132
578,578,0.013018797000370341,0.0925376110105624,0.3898181017520261
579,579,0.013038612000343619,0.09249214586024286,0.38974026620571395
580,580,0.013058412000304997,0.09244675680150946,0.38966252224390474
581,581,0.013078760000325929,0.0924014435782614,0.38958486950604637
582,582,0.013098630000342837,0.09235620593556576,0.3895073076339876
583,583,0.013118582000345214,0.09231104361965085,0.3894298362719576
584,584,0.013147203000357877,0.0922659563778997,0.3893524550665464
585,585,0.013183844000366207,0.09222094395884327,0.3892751636666862
586,586,0.013211730000364241,0.09217600611215436,0.3891979617236318
587,587,0.0132341540003722,0.09213114258864064,0.3891208488909416
588,588,0.01325460000032308,0.09208635314023873,0.3890438248244588
589,589,0.013276913000311197,0.09204163752000728,0.38896688918229316
590,590,0.013297106000322856,0.09199699548212123,0.38889004162480206
591,591,0.01332174700030464,0.09195242678186517,0.3888132818145725
592,592,0.013349083000264272,0.09190793117562716,0.3887366094164031
593,593,0.01337943200024938,0.09186350842089264,0.38866002409728584
594,594,0.013400784000282329,0.09181915827623831,0.38858352552638886
595,595,0.013422228000308678,0.0917748805013259,0.3885071133750384
596,596,0.013442814000313774,0.09173067485689627,0.38843078731670166
597,597,0.013463190000322811,0.09168654110476326,0.3883545470269694
598,598,0.013483705000339796,0.09164247900780795,0.388278392183539
599,599,0.013503952000348818,0.09159848832997254,0.3882023224661973
600,600,0.01352411900035122,0.0915545688362545,0.38812633755680415
601,601,0.013544595000382742,0.09151072029270084,0.3880504371392757
602,602,0.013564720000374564,0.09146694246640234,0.3879746208995676
603,603,0.013592015000369884,0.09142323512548763,0.3878988885256594
604,604,0.013612762000377643,0.0913795980391176,0.3878232397075377
605,605,0.013638870000420411,0.09133603097747979,0.38774767413718053
606,606,0.013661150000416455,0.0912925337117826,0.3876721915085416
607,607,0.013681809000445355,0.09124910601424986,0.3875967915175342
608,608,0.013702476000446495,0.09120574765811523,0.38752147386201574
609,609,0.013722692000442294,0.09116245841761657,0.387446238241773
610,610,0.013742962000435455,0.09111923806799072,0.3873710843585057
611,611,0.013763299000459028,0.09107608638546782,0.3872960119158125
612,612,0.013783483000452179,0.09103300314726613,0.387221020619175
613,613,0.013803627000413599,0.09098998813158639,0.38714611017594397
614,614,0.013824210000393578,0.09094704111760683,0.3870712802953235
615,615,0.013844496000388062,0.09090416188547772,0.3869965306883573
616,616,0.013864609000393102,0.09086135021631607,0.3869218610679139
617,617,0.013884797000400795,0.09081860589220041,0.3868472711486721
618,618,0.013904729000387306,0.09077592869616587,0.38677276064710736
619,619,0.01392456400037645,0.0907333184121987,0.3866983292814771
620,620,0.01394500600036963,0.09069077482523143,0.38662397677180743
621,621,0.01396498300039184,0.09064829772113756,0.3865497028398787
622,622,0.013984881000396854,0.09060588688672677,0.38647550720921225
623,623,0.014004681000358232,0.09056354210973969,0.38640138960505677
624,624,0.014024909000340813,0.09052126317884317,0.38632734975437477
625,625,0.014044980000335272,0.09047904988362503,0.3862533873858292
626,626,0.014066933000378867,0.09043690201458948,0.38617950222977065
627,627,0.014091903000348793,0.09039481936315208,0.3861056940182238
628,628,0.014114194000342195,0.09035280172163485,0.38603196248487476
629,629,0.014134945000307653,0.0903108488832616,0.38595830736505793
630,630,0.014157325000269338,0.09026896064215317,0.385884728395744
631,631,0.014178287000277123,0.09022713679332245,0.3858112253155263
632,632,0.014198807000298075,0.09018537713266991,0.3857377978646091
633,633,0.014218897000318975,0.09014368145697889,0.3856644457847948
634,634,0.01423922500032404,0.0901020495639109,0.3855911688194719
635,635,0.014259247000325104,0.09006048125200092,0.3855179667136029
636,636,0.01427913400033276,0.09001897632065287,0.3854448392137117
637,637,0.014299065000329847,0.08997753457013521,0.38537178606787226
638,638,0.014319189000332244,0.08993615580157613,0.38529880702569663
639,639,0.014339163000329336,0.08989483981695943,0.3852259018383228
640,640,0.014359006000347563,0.08985358641911952,0.38515307025840356
641,641,0.014378975000340688,0.08981239541173738,0.38508031204009485
642,642,0.014398805000325865,0.0897712665993361,0.385007626939044
643,643,0.014418962000320334,0.08973019978727631,0.3849350147123788
644,644,0.014439268000273842,0.08968919478175211,0.384862475118696
645,645,0.014459293000300022,0.08964825138978637,0.38479000791805035
646,646,0.014479736000282628,0.08960736941922677,0.3847176128719435
647,647,0.01449973100028501,0.08956654867874135,0.38464528974331297
648,648,0.014520661000290147,0.08952578897781431,0.3845730382965215
649,649,0.014545837000298434,0.08948509012674169,0.384500858297346
650,650,0.01456782500031295,0.0894444519366274,0.38442874951296724
651,651,0.01458851700027708,0.08940387421937883,0.384356711711959
652,652,0.014609289000247827,0.08936335678770274,0.3842847446642779
653,653,0.014629553000247597,0.08932289945510138,0.3842128481412526
654,654,0.014649930000246059,0.08928250203586809,0.3841410219155738
655,655,0.014670043000251098,0.08924216434508331,0.38406926576128403
656,656,0.014690208000217808,0.08920188619861073,0.38399757945376745
657,657,0.014710315000229457,0.08916166741309312,0.38392596276973995
658,658,0.0147302720002358,0.08912150780594824,0.38385441548723886
659,659,0.014750369000239516,0.08908140719536524,0.38378293738561364
660,660,0.014770438000198283,0.08904136540030017,0.38371152824551547
661,661,0.014790594000203328,0.0890013822404727,0.38364018784888826
662,662,0.014811027000178001,0.08896145753636175,0.3835689159789584
663,663,0.014830856000173753,0.08892159110920174,0.3834977124202258
664,664,0.014850818000184063,0.08888178278097895,0.3834265769584539
665,665,0.014870635000193033,0.08884203237442737,0.38335550938066076
666,666,0.014890828000204692,0.08880233971302517,0.3832845094751094
667,667,0.014913445000217962,0.08876270462099078,0.38321357703129916
668,668,0.014933680000240201,0.0887231269232794,0.3831427118399558
669,669,0.014960536000216962,0.08868360644557875,0.38307191369302324
670,670,0.015004879000230176,0.08864414301430594,0.3830011823836539
671,671,0.015029484000251614,0.08860473645660343,0.3829305177062004
672,672,0.015062240000247584,0.08856538660033555,0.3828599194562063
673,673,0.01509367900024472,0.08852609327408462,0.3827893874303976
674,674,0.015115130000253885,0.08848685630714768,0.3827189214266739
675,675,0.015135959000247112,0.08844767552953278,0.38264852124410015
676,676,0.01515647100023898,0.08840855077195514,0.3825781866828975
677,677,0.01518110900025249,0.08836948186583393,0.3825079175444355
678,678,0.015202560000261656,0.0883304686432887,0.38243771363122353
679,679,0.015223646000208646,0.08829151093713568,0.38236757474690203
680,680,0.015244322000228294,0.0882526085808845,0.38229750069623497
681,681,0.015264862000208268,0.08821376140873456,0.38222749128510103
682,682,0.015285055000219927,0.0881749692555717,0.38215754632048626
683,683,0.015305202000206464,0.08813623195696484,0.38208766561047525
684,684,0.015325483000196982,0.08809754934916228,0.3820178489642433
685,685,0.01534566400022186,0.08805892126908874,0.3819480961920493
686,686,0.01536587100019915,0.08802034755434157,0.3818784071052268
687,687,0.015386080000212132,0.08798182804318776,0.381808781516177
688,688,0.01540645600022117,0.08794336257456034,0.3817392192383606
689,689,0.015428102000214494,0.08790495098805541,0.38166972008629063
690,690,0.015455054000199198,0.08786659312392835,0.38160028387552436
691,691,0.015494746000229043,0.08782828882309113,0.3815309104226559
692,692,0.015517053000223768,0.08779003792710863,0.38146159954530917
693,693,0.015538077000201156,0.08775184027819562,0.38139235106213
694,694,0.015558728000200972,0.08771369571921353,0.38132316479277895
695,695,0.015579090000187534,0.08767560409366708,0.38125404055792406
696,696,0.015599653000208491,0.08763756524570158,0.3811849781792338
697,697,0.0156199550002043,0.08759957902009909,0.38111597747936965
698,698,0.01565148300016972,0.08756164526227604,0.38104703828197917
699,699,0.015672152000206552,0.08752376381827937,0.3809781604116887
700,700,0.015692310000190446,0.0874859345347841,0.38090934369409685
701,701,0.015723079000167672,0.08744815725908968,0.38084058795576725
702,702,0.015743634000159545,0.08741043183911744,0.38077189302422165
703,703,0.01577420400013807,0.08737275812340713,0.3807032587279334
704,704,0.015794882000136568,0.0873351359611142,0.38063468489632024
705,705,0.015814974000136317,0.08729756520200654,0.3805661713597381
706,706,0.015835142000128144,0.08726004569646173,0.380497717949474
707,707,0.01585520300011467,0.08722257729546382,0.38042932449774
708,708,0.015875454000138234,0.0871851598506006,0.3803609908376659
709,709,0.015896912000130214,0.0871477932140605,0.3802927168032937
710,710,0.015925063000111095,0.08711047723862977,0.38022450222957044
711,711,0.0159482250001588,0.08707321177768944,0.38015634695234163
712,712,0.015969907000169314,0.08703599668521271,0.38008825080834613
713,713,0.015990497000188952,0.08699883181576169,0.3800202136352085
714,714,0.016010960000187424,0.08696171702448481,0.3799522352714335
715,715,0.016031440000233488,0.08692465216711391,0.37988431555639984
716,716,0.01605158000023721,0.08688763709996147,0.37981645433035394
717,717,0.016071580000243557,0.0868506716799177,0.37974865143440373
718,718,0.016094839000231786,0.08681375576444776,0.37968090671051313
719,719,0.016115450000256715,0.08677688921158912,0.3796132200014953
720,720,0.01613608800022348,0.08674007187994864,0.3795455911510074
721,721,0.016157426000233954,0.08670330362869982,0.37947802000354447
722,722,0.016178655000260278,0.08666658431758031,0.37941050640443336
723,723,0.016199036000216438,0.08662991380688882,0.37934305019982717
724,724,0.016219347000230755,0.08659329195748279,0.37927565123669954
725,725,0.01623936000021331,0.08655671863077548,0.3792083093628388
726,726,0.01625974000023689,0.08652019368873327,0.3791410244268424
727,727,0.016279721000216796,0.0864837169938733,0.37907379627811144
728,728,0.01630020000021659,0.08644728840926044,0.37900662476684466
729,729,0.01632017000019914,0.08641090779850494,0.3789395097440335
730,730,0.01634699700019837,0.08637457502575978,0.3788724510614561
731,731,0.01639235300024211,0.08633828995571793,0.37880544857167225
732,732,0.016415353000240884,0.08630205245360996,0.37873850212801774
733,733,0.016436364000242065,0.08626586238520131,0.3786716115845992
734,734,0.016468583000232684,0.08622971961678991,0.37860477679628884
735,735,0.016489387000262923,0.08619362401520356,0.3785379976187187
736,736,0.01650991400026669,0.08615757544779723,0.37847127390827606
737,737,0.01653013800023473,0.08612157378245087,0.3784046055220979
738,738,0.016550166000286026,0.08608561888756674,0.378337992318066
739,739,0.01657020000027387,0.08604971063206694,0.3782714341548013
740,740,0.016590224000253784,0.0860138488853909,0.37820493089165963
741,741,0.01661014700027863,0.08597803351749317,0.37813848238872605
742,742,0.016630133000262504,0.0859422643988405,0.3780720885068102
743,743,0.016650265000293984,0.08590654140040993,0.378005749107441
744,744,0.0166704990003268,0.08587086439368606,0.3779394640528625
745,745,0.016690390000292155,0.08583523325065885,0.377873233206028
746,746,0.01671048100030248,0.08579964784382099,0.3778070564305961
747,747,0.01673051200032205,0.0857641080461657,0.3777409335909252
748,748,0.0167506040003218,0.08572861373118437,0.3776748645520694
749,749,0.01677073800033213,0.08569316477286412,0.37760884917977333
750,750,0.01679057600034639,0.08565776104568561,0.3775428873404676
751,751,0.01681057800033159,0.08562240242462052,0.3774769789012643
752,752,0.01683349500035547,0.08558708878512941,0.37741112372995206
753,753,0.016874316000325962,0.08555182000315939,0.37734532169499185
754,754,0.016897703000324782,0.0855165959551417,0.37727957266551215
755,755,0.01691891200033524,0.08548141651798967,0.3772138765113048
756,756,0.016939827000328478,0.08544628156909624,0.3771482331028199
757,757,0.0169601960003547,0.08541119098633192,0.37708264231116223
758,758,0.0169808100003479,0.08537614464804227,0.377017104008086
759,759,0.017001100000300085,0.08534114243304605,0.3769516180659912
760,760,0.0170215220002774,0.08530618422063273,0.3768861843579189
761,761,0.017048029000250153,0.08527126989056026,0.37682080275754676
762,762,0.017070303000252807,0.08523639932305327,0.37675547313918545
763,763,0.017091247000223575,0.08520157239880034,0.37669019537777365
764,764,0.017111977000240586,0.08516678899895228,0.3766249693488743
765,765,0.017132505000233778,0.08513204900511977,0.37655979492867026
766,766,0.01715282700018861,0.08509735229937126,0.37649467199396036
767,767,0.017173138000202925,0.0850626987642309,0.37642960042215506
768,768,0.017193551000218577,0.08502808828267633,0.37636458009127244
769,769,0.01721369700021569,0.0849935207381367,0.3762996108799345
770,770,0.01723368600022468,0.08495899601449029,0.37623469266736254
771,771,0.017253612000274643,0.08492451399606289,0.3761698253333737
772,772,0.01727431800031809,0.08489007456762536,0.3761050087583764
773,773,0.017297046000294358,0.08485567761439163,0.37604024282336745
774,774,0.01733863600031782,0.08482132302201678,0.3759755274099272
775,775,0.017361646000324527,0.08478701067659482,0.375910862400216
776,776,0.01738323800032049,0.08475274046465694,0.37584624767697034
777,777,0.017403814000317652,0.08471851227316922,0.37578168312349935
778,778,0.017424263000350493,0.0846843259895306,0.3757171686236805
779,779,0.017444562000378028,0.08465018150157128,0.3756527040619563
780,780,0.017464573000381733,0.08461607869755024,0.3755882893233304
781,781,0.017484534000345775,0.08458201746615357,0.37552392429336373
782,782,0.017504798000345545,0.0845479976964925,0.3754596088581712
783,783,0.01752509200031227,0.08451401927810116,0.37539534290441795
784,784,0.017545734000293578,0.08448008210093512,0.3753311263193153
785,785,0.017565826000293328,0.08444618605536905,0.375266958990618
786,786,0.017586222000261387,0.08441233103219492,0.3752028408066202
787,787,0.017607280000277115,0.08437851692262015,0.3751387716561515
788,788,0.01763453600028697,0.08434474361826565,0.3750747514285745
789,789,0.017661419000262413,0.08431101101116392,0.3750107800137803
790,790,0.017688525000266964,0.08427731899375732,0.37494685730218563
791,791,0.017709316000264153,0.08424366745889587,0.37488298318472935
792,792,0.017729495000253337,0.08421005629983569,0.374819157552869
793,793,0.01775456100028805,0.08417648541023706,0.37475538029857725
794,794,0.01777564300027734,0.08414295468416257,0.3746916513143389
795,795,0.017802907000259438,0.08410946401607527,0.3746279704931474
796,796,0.017825432000222463,0.08407601330083674,0.37456433772850134
797,797,0.017846358000269902,0.08404260243370566,0.3745007529144017
798,798,0.017871672000296712,0.0840092313103355,0.37443721594534807
799,799,0.017899193000289415,0.08397589982677298,0.3743737267163356
800,800,0.017921970000315923,0.08394260787945648,0.374310285122852
801,801,0.017948056000307133,0.08390935536521384,0.37424689106087417
802,802,0.017975665000278696,0.08387614218126095,0.374183544426865
803,803,0.018019119000314276,0.08384296822519972,0.37412024511777064
804,804,0.01804456000030541,0.08380983339501663,0.37405699303101664
805,805,0.018067022000309407,0.0837767375890807,0.37399378806450556
806,806,0.018088904000308048,0.08374368070614191,0.3739306301166138
807,807,0.018109530000344876,0.08371066264532952,0.3738675190861882
808,808,0.01813018200039096,0.08367768330615016,0.3738044548725434
809,809,0.018160543000419693,0.0836447425884865,0.37374143737545856
810,810,0.018193260000373357,0.08361184039259502,0.37367846649517483
811,811,0.01821498400033761,0.08357897661910492,0.3736155421323919
812,812,0.018236230000297837,0.08354615116901595,0.37355266418826516
813,813,0.01825681400026724,0.083513363943697,0.37348983256440327
814,814,0.018277169000270987,0.08348061484488441,0.37342704716286473
815,815,0.018297406000272076,0.08344790377468024,0.37336430788615516
816,816,0.018317616000274484,0.0834152306355507,0.37330161463722467
817,817,0.0183377280002901,0.08338259533032451,0.3732389673194648
818,818,0.01835774000028323,0.08334999776219128,0.3731763658367059
819,819,0.01837808800030416,0.08331743783469978,0.37311381009321415
820,820,0.01839840300033302,0.0832849154517566,0.37305129999368886
821,821,0.01841837500035126,0.08325243051762417,0.37298883544326006
822,822,0.018438450000360262,0.08321998293691954,0.3729264163474851
823,823,0.01845852400037984,0.0831875726146126,0.37286404261234674
824,824,0.018478763000359777,0.08315519945602445,0.3728017141442499
825,825,0.018499126000335764,0.08312286336682607,0.3727394308500192
826,826,0.01851965500031838,0.08309056425303647,0.37267719263689647
827,827,0.018539446000318094,0.08305830202102135,0.3726149994125375
828,828,0.01855953000028876,0.0830260765774915,0.3725528510850105
829,829,0.0185795360002885,0.08299388782950119,0.37249074756279255
830,830,0.018623377000267283,0.08296173568444674,0.3724286887547676
831,831,0.018645829000263348,0.08292962005006507,0.37236667457022343
832,832,0.018669294000289938,0.08289754083443195,0.3723047049188498
833,833,0.01869023100027789,0.08286549794596056,0.37224277971073544
834,834,0.018710945000293577,0.08283349129340029,0.3721808988563655
835,835,0.018731730000240532,0.08280152078583494,0.3721190622666194
836,836,0.01875229200021522,0.08276958633268121,0.3720572698527683
837,837,0.01881169500023816,0.08273768784368746,0.37199552152647264
838,838,0.01883476600028189,0.08270582522893216,0.37193381719977947
839,839,0.018856059000313508,0.08267399839882228,0.3718721567851203
840,840,0.018877151000310732,0.082642207264092,0.37181054019530885
841,841,0.018897435000269525,0.08261045173580131,0.37174896734353835
842,842,0.018917711000256077,0.08257873172533432,0.3716874381433794
843,843,0.018937793000247893,0.08254704714439817,0.3716259525087775
844,844,0.018957973000226502,0.08251539790502134,0.37156451035405097
845,845,0.018981752000229335,0.08248378391955229,0.3715031115938883
846,846,0.019012567000231684,0.0824522051006583,0.3714417561433462
847,847,0.01903446400018538,0.08242066136132362,0.37138044391784725
848,848,0.019055279000156133,0.08238915261484842,0.37131917483317717
849,849,0.01910849900014,0.08235767877484737,0.37125794880548363
850,850,0.019131083000161198,0.08232623975524807,0.37119676575127286
851,851,0.019153419000133454,0.08229483547028997,0.3711356255874084
852,852,0.019174354000142557,0.08226346583452267,0.37107452823110815
853,853,0.01919433800014758,0.08223213076280478,0.3710134735999427
854,854,0.01921467800013943,0.08220083017030264,0.37095246161183315
855,855,0.01923984000012524,0.08216956397248866,0.3708914921850487
856,856,0.01926069000012376,0.0821383320851403,0.3708305652382045
857,857,0.019280634000097052,0.0821071344243387,0.3707696806902601
858,858,0.019300841000074342,0.08207597090646707,0.3707088384605166
859,859,0.01932131900002787,0.08204484144820964,0.37064803846861516
860,860,0.0193414530000382,0.08201374596655035,0.37058728063453444
861,861,0.01936186600005385,0.08198268437877146,0.37052656487858915
862,862,0.01939394800001537,0.0819516566024523,0.37046589112142736
863,863,0.019415037999976903,0.08192066255546779,0.3704052592840289
864,864,0.019435443999952895,0.0818897021559875,0.3703446692877033
865,865,0.019455720999985715,0.08185877532247407,0.3702841210540876
866,866,0.019476261999955113,0.0818278819736822,0.3702236145051446
867,867,0.019496309999965433,0.08179702202865696,0.3701631495631608
868,868,0.019516535999969165,0.08176619540673312,0.37010272615074435
869,869,0.019536657000003288,0.08173540202753339,0.3700423441908234
870,870,0.019562656999994488,0.08170464181096748,0.36998200360664363
871,871,0.019586008999965543,0.08167391467723063,0.369921704321767
872,872,0.019607203999953526,0.08164322054680251,0.36986144626006945
873,873,0.019628143999909753,0.08161255934044612,0.369801229345739
874,874,0.01964813799992271,0.08158193097920625,0.3697410535032743
875,875,0.019668467999906625,0.0815513353844086,0.36968091865748187
876,876,0.019688376999908996,0.08152077247765817,0.3696208247334754
877,877,0.01970867799991538,0.08149024218083854,0.36956077165667317
878,878,0.019728688999919086,0.08145974441611027,0.3695007593527963
879,879,0.019748778999939987,0.0814292791059099,0.36944078774786715
880,880,0.01976884899994502,0.08139884617294878,0.3693808567682075
881,881,0.01978989199994885,0.08136844554021169,0.3693209663404365
882,882,0.019809789999953864,0.08133807713095595,0.36926111639146936
883,883,0.019831247999945845,0.08130774086871012,0.3692013068485152
884,884,0.019851626999923155,0.08127743667727269,0.3691415376390753
885,885,0.019871620999936113,0.08124716448071115,0.3690818086909418
886,886,0.01989144199990278,0.08121692420336074,0.3690221199321956
887,887,0.01991157199989857,0.08118671576982336,0.3689624712912045
888,888,0.01993192599991289,0.08115653910496626,0.368902862696622
889,889,0.01995223699992721,0.08112639413392109,0.3688432940773854
890,890,0.019972286999916378,0.08109628078208278,0.3687837653627139
891,891,0.019992133999892303,0.08106619897510825,0.36872427648210704
892,892,0.020018613999866375,0.08103614863891544,0.3686648273653435
893,893,0.020040113999868936,0.08100612969968206,0.3686054179424788
894,894,0.020062233999851742,0.08097614208384467,0.368546048143844
895,895,0.02008317599984366,0.08094618571809746,0.36848671790004417
896,896,0.02010354699984873,0.08091626052939112,0.3684274271419566
897,897,0.02012358499985112,0.08088636644493181,0.36836817580072917
898,898,0.020143914999835033,0.08085650339218006,0.36830896380777894
899,899,0.02016393199983213,0.08082667129884973,0.36824979109479067
900,900,0.020184135999841146,0.08079687009290691,0.36819065759371494
901,901,0.020204152999838243,0.08076709970256878,0.36813156323676666
902,902,0.020224912999879052,0.0807373600563026,0.3680725079564238
903,903,0.020244969999851037,0.0807076510828247,0.36801349168542574
904,904,0.02026511999986269,0.08067797271109937,0.3679545143567714
905,905,0.02028506299984656,0.08064832487033784,0.36789557590371835
906,906,0.020305062999852908,0.08061870748999714,0.3678366762597807
907,907,0.020325190999869847,0.08058912049977919,0.36777781535872844
908,908,0.02034535399991455,0.08055956382962981,0.36771899313458467
909,909,0.02036572699989847,0.0805300374097374,0.3676602095216254
910,910,0.02038592199988898,0.08050054117053225,0.36760146445437764
911,911,0.02040599099990459,0.08047107504268539,0.3675427578676175
912,912,0.02042601299990565,0.0804416389571075,0.36748408969636953
913,913,0.020446691999893574,0.08041223284494803,0.3674254598759047
914,914,0.020487819999857493,0.08038285663759408,0.36736686834173926
915,915,0.020510047999835024,0.08035351026666955,0.36730831502963335
916,916,0.02053759999984095,0.080324193664034,0.3672497998755893
917,917,0.02055897199983292,0.08029490676178158,0.3671913228158508
918,918,0.020579513999791743,0.08026564949224049,0.3671328837869009
919,919,0.02059993599976906,0.08023642178797145,0.36707448272546095
920,920,0.020620030999793926,0.08020722358176705,0.36701611956848934
921,921,0.020670220999761568,0.08017805480665062,0.3669577942531799
922,922,0.020694432999732726,0.0801489153958755,0.36689950671696087
923,923,0.020716316999710216,0.08011980528292378,0.36684125689749314
924,924,0.020737033999694177,0.08009072440150547,0.3667830447326693
925,925,0.020757763999711187,0.08006167268555771,0.36672487016061217
926,926,0.020778590999725566,0.08003265006924352,0.36666673311967346
927,927,0.020799610999745255,0.08000365648695108,0.36660863354843254
928,928,0.02082033399977945,0.07997469187329272,0.36655057138569525
929,929,0.020840735999797744,0.07994575616310397,0.3664925465704924
930,930,0.0208608259997618,0.07991684929144265,0.36643455904207867
931,931,0.020881260999772167,0.07988797119358801,0.3663766087399311
932,932,0.020901950999757446,0.07985912180503969,0.36631869560374836
933,933,0.020922160999759853,0.07983030106151685,0.3662608195734487
934,934,0.02094221599975299,0.07980150889895724,0.3662029805891697
935,935,0.020967938999717717,0.07977274525351641,0.36614517859126616
936,936,0.02098949299971764,0.07974401006156666,0.36608741352030943
937,937,0.021011934999705772,0.07971530325969621,0.3660296853170857
938,938,0.021035056999664903,0.07968662478470832,0.3659719939225956
939,939,0.021055796999633003,0.07965797457362038,0.365914339278052
940,940,0.02107607399960898,0.07962935256366288,0.3658567213248797
941,941,0.021096267999610063,0.07960075869227891,0.36579914000471364
942,942,0.021116428999619075,0.07957219289712286,0.36574159525939814
943,943,0.021136471999568585,0.07954365511605976,0.3656840870309856
944,944,0.021156816999621242,0.07951514528716448,0.365626615261735
945,945,0.021177002999593242,0.0794866633487206,0.36556917989411136
946,946,0.021197178999614152,0.07945820923921987,0.3655117808707842
947,947,0.02121764299960205,0.07942978289736112,0.3654544181346264
948,948,0.021237993999591254,0.07940138426204948,0.3653970916287135
949,949,0.021258450999596334,0.07937301327239558,0.3653398012963218
950,950,0.021278696999559088,0.07934466986771462,0.36528254708092806
951,951,0.02129920799956153,0.07931635398752564,0.36522532892620796
952,952,0.021319576999587753,0.0792880655715505,0.36516814677603504
953,953,0.021339671999555776,0.07925980455971321,0.36511100057447965
954,954,0.02136057699954108,0.0792315708921392,0.36505389026580803
955,955,0.021381421999535632,0.07920336450915412,0.3649968157944809
956,956,0.02142389199951822,0.07917518535128344,0.3649397771051527
957,957,0.02144698899951436,0.07914703335925126,0.36488277414267023
958,958,0.021470392999560772,0.07911890847397991,0.36482580685207217
959,959,0.021491363999587065,0.0790908106365887,0.3647688751785872
960,960,0.02151198399957366,0.07906273978839339,0.3647119790676337
961,961,0.021532982999588057,0.07903469587090539,0.36465511846481824
962,962,0.021564478999607672,0.07900667882583085,0.3645982933159349
963,963,0.021585995999600982,0.07897868859506989,0.3645415035669639
964,964,0.02160677499961139,0.07895072512071595,0.3644847491640709
965,965,0.021628163999594108,0.07892278834505466,0.3644280300536059
966,966,0.021649112999568842,0.07889487821056351,0.364371346182102
967,967,0.021670903999563507,0.07886699465991069,0.3643146974962751
968,968,0.021691522999560675,0.07883913763595461,0.36425808394302167
969,969,0.021714814999540977,0.07881130708174282,0.36420150546941926
970,970,0.021756402999528746,0.07878350294051154,0.3641449620227245
971,971,0.021780308999552744,0.07875572515568471,0.3640884535503724
972,972,0.02180160699958833,0.07872797367087332,0.36403197999997544
973,973,0.02182267099959745,0.07870024842987458,0.3639755413193228
974,974,0.021843739999610534,0.0786725493766712,0.363919137456379
975,975,0.021865012999569444,0.07864487645543065,0.3638627683592833
976,976,0.021892215999571363,0.07861722961050441,0.36380643397634843
977,977,0.02191467399956082,0.07858960878642723,0.36375013425606006
978,978,0.021937941999567556,0.07856201392791638,0.3636938691470759
979,979,0.021958791999566074,0.07853444497987092,0.36363763859822407
980,980,0.021979596999585738,0.07850690188737088,0.3635814425585032
981,981,0.02200074799958429,0.07847938459567669,0.3635252809770807
982,982,0.02202189999957227,0.07845189305022841,0.3634691538032922
983,983,0.022043239999618436,0.07842442719664489,0.36341306098664083
984,984,0.022063589999618216,0.07839698698072321,0.363357002476796
985,985,0.022084498999618063,0.07836957234843782,0.3633009782235927
986,986,0.02210507699965092,0.07834218324593992,0.3632449881770306
987,987,0.022126316999617757,0.07831481961955672,0.36318903228727306
988,988,0.02214800699960051,0.0782874814157908,0.3631331105046466
989,989,0.022169171999564696,0.0782601685813192,0.36307722277963955
990,990,0.02218971799953806,0.07823288106299309,0.36302136906290183
991,991,0.022211105999531355,0.07820561880783657,0.3629655493052432
992,992,0.022231936999560276,0.0781783817630465,0.36290976345763354
993,993,0.022252998999533702,0.07815116987599142,0.36285401147120094
994,994,0.022273819999497846,0.07812398309421104,0.36279829329723173
995,995,0.022294539999506924,0.07809682136541564,0.362742608887169
996,996,0.022314874999494805,0.07806968463748505,0.3626869581926123
997,997,0.022356928999499814,0.07804257285846843,0.3626313411653164
998,998,0.02238099899949475,0.07801548597658321,0.3625757577571908
999,999,0.022405433999495017,0.07798842394021466,0.36252020792029865
1000,1000,0.022427044999460577,0.07796138669791505,0.36246469160685635
1001,1001,0.022448950999489625,0.07793437419840316,0.36240920876923216
1002,1002,0.022469680999506636,0.07790738639056345,0.3623537593599461
1003,1003,0.022490223999454884,0.0778804232234455,0.36229834333166866
1004,1004,0.02254131599943321,0.07785348464626342,0.36224296063722
1005,1005,0.0225698929993996,0.07782657060839497,0.36218761122956966
1006,1006,0.022592302999385083,0.07779968105938109,0.3621322950618354
1007,1007,0.02261353899933738,0.07777281594892532,0.3620770120872825
1008,1008,0.02263468199930685,0.07774597522689289,0.362021762259323
1009,1009,0.022665631999302605,0.07771915884331036,0.36196654553151497
1010,1010,0.022694238999292793,0.07769236674836483,0.3619113618575618
1011,1011,0.0227232619993174,0.07766559889240326,0.36185621119131145
1012,1012,0.022747518999324257,0.07763885522593196,0.3618010934867557
1013,1013,0.022769092999340046,0.07761213569961606,0.3617460086980293
1014,1014,0.02279164799932687,0.07758544026427845,0.3616909567794093
1015,1015,0.022823435999328012,0.07755876887089969,0.3616359376853146
1016,1016,0.02285448599928941,0.077532121470617,0.3615809513703048
1017,1017,0.022878077999280322,0.07750549801472388,0.36152599778907973
1018,1018,0.02289920699928416,0.07747889845466936,0.3614710768964786
1019,1019,0.02292028599930518,0.07745232274205736,0.3614161886474795
1020,1020,0.022942214999318367,0.07742577082864628,0.36136133299719847
1021,1021,0.022963108999306314,0.07739924266634812,0.36130650990088914
1022,1022,0.02298391999931937,0.07737273820722816,0.36125171931394146
1023,1023,0.02300482999930864,0.07734625740350412,0.36119696119188155
1024,1024,0.023025084999346745,0.07731980020754566,0.36114223549037083
1025,1025,0.02304538599935313,0.07729336657187387,0.36108754216520533
1026,1026,0.023071802999368174,0.07726695644916048,0.36103288117231486
1027,1027,0.023110370999404495,0.07724056979222742,0.3609782524677628
1028,1028,0.02313268899945342,0.07721420655404619,0.36092365600774473
1029,1029,0.023154052999416308,0.07718786668773733,0.3608690917485885
1030,1030,0.02317430999937642,0.07716155014656971,0.36081455964675313
1031,1031,0.023194505999413195,0.07713525688395999,0.3607600596588281
1032,1032,0.023214811999423546,0.07710898685347224,0.36070559174153316
1033,1033,0.023259235999432804,0.07708274000881706,0.3606511558517171
1034,1034,0.023283197999433014,0.07705651630385112,0.3605967519463575
1035,1035,0.02331150599945886,0.07703031569257679,0.36054237998255995
1036,1036,0.02333286999947859,0.07700413812914121,0.36048803991755757
1037,1037,0.023353464999502194,0.07697798356783611,0.3604337317087101
1038,1038,0.023373518999505905,0.07695185196309688,0.36037945531350357
1039,1039,0.023393857999508327,0.07692574326950231,0.3603252106895493
1040,1040,0.023414322999542492,0.07689965744177388,0.3602709977945839
1041,1041,0.023434432999522414,0.07687359443477519,0.36021681658646776
1042,1042,0.02345453899954464,0.07684755420351155,0.3601626670231855
1043,1043,0.02347528999956694,0.07682153670312926,0.36010854906284456
1044,1044,0.023505450999550703,0.07679554188891517,0.36005446266367463
1045,1045,0.023526459999573035,0.07676956971629607,0.36000040778402764
1046,1046,0.023546962999546395,0.07674362014083828,0.3599463843823767
1047,1047,0.023573655999541643,0.07671769311824692,0.3598923924173154
1048,1048,0.023596345999578716,0.07669178860436546,0.35983843184755787
1049,1049,0.02361699999960365,0.07666590655517527,0.35978450263193706
1050,1050,0.023637055999643053,0.07664004692679503,0.35973060472940555
1051,1051,0.023657241999615053,0.07661420967548004,0.359676738099034
1052,1052,0.02367724999959364,0.076588394757622,0.35962290270001074
1053,1053,0.023697391999633055,0.07656260212974814,0.3595690984916413
1054,1054,0.023733333999643946,0.07653683174852112,0.35951532543334824
1055,1055,0.023758894999616587,0.076511083570738,0.3594615834846698
1056,1056,0.023786921999601418,0.0764853575533302,0.35940787260525975
1057,1057,0.023808113999564284,0.07645965365336263,0.35935419275488717
1058,1058,0.02382834299953629,0.07643397182803341,0.35930054389343513
1059,1059,0.02384847099955323,0.0764083120346732,0.35924692598090086
1060,1060,0.02386893599953055,0.07638267423074481,0.35919333897739486
1061,1061,0.02388899899955277,0.07635705837384264,0.35913978284314035
1062,1062,0.02390903999952343,0.07633146442169213,0.3590862575384727
1063,1063,0.02392873899952974,0.07630589233214936,0.35903276302383924
1064,1064,0.023948769999549313,0.07628034206320049,0.3589792992597981
1065,1065,0.023969013999533217,0.0762548135729612,0.35892586620701844
1066,1066,0.023989537999511867,0.07622930681967638,0.3588724638262794
1067,1067,0.024009370999465318,0.07620382176171937,0.35881909207846946
1068,1068,0.024029399999449197,0.07617835835759178,0.3587657509245867
1069,1069,0.024049422999439685,0.0761529165659227,0.3587124403257371
1070,1070,0.024069795999423604,0.07612749634546845,0.3586591602431353
1071,1071,0.024089924999429968,0.07610209765511199,0.3586059106381031
1072,1072,0.02411402099943416,0.07607672045386235,0.3585526914720695
1073,1073,0.02413573999945129,0.07605136470085434,0.3584995027065699
1074,1074,0.024156052999444455,0.07602603035534798,0.3584463443032458
1075,1075,0.024175987999456083,0.07600071737672794,0.3583932162238442
1076,1076,0.024218154999459784,0.07597542572450322,0.3583401184302171
1077,1077,0.024240703999453217,0.07595015535830657,0.3582870508843213
1078,1078,0.02426839899942479,0.0759249062378941,0.3582340135482173
1079,1079,0.024289091999435186,0.07589967832314463,0.35818100638406924
1080,1080,0.024309133999452115,0.0758744715740596,0.3581280293541445
1081,1081,0.02432934599943337,0.07584928595076214,0.3580750824208131
1082,1082,0.024349268999458218,0.07582412141349697,0.3580221655465469
1083,1083,0.024369522999450055,0.07579897792262971,0.3579692786939197
1084,1084,0.02439522399947691,0.07577385543864663,0.35791642182560635
1085,1085,0.024417394999488806,0.075748753922154,0.3578635949043825
1086,1086,0.024438102999511102,0.07572367333387772,0.3578107978931239
1087,1087,0.024458483999467262,0.0756986136346629,0.35775803075480633
1088,1088,0.024480429999414355,0.07567357478547342,0.35770529345250474
1089,1089,0.024500771999441895,0.07564855674739128,0.3576525859493929
1090,1090,0.02452066799946806,0.07562355948161655,0.35759990820874316
1091,1091,0.024541019999503533,0.07559858294946649,0.35754726019392574
1092,1092,0.024568120999504117,0.07557362711237539,0.35749464186840846
1093,1093,0.024593241999468773,0.07554869193189409,0.3574420531957562
1094,1094,0.024618218999421515,0.07552377736968938,0.3573894941396305
1095,1095,0.02463863099944774,0.07549888338754379,0.35733696466378884
1096,1096,0.024663983999460015,0.07547400994735502,0.35728446473208486
1097,1097,0.024692625999421125,0.07544915701113555,0.35723199430846725
1098,1098,0.024713340999426237,0.0754243245410122,0.35717955335697965
1099,1099,0.02474506599941151,0.07539951249922563,0.3571271418417603
1100,1100,0.024766106999436488,0.0753747208481301,0.3570747597270413
1101,1101,0.024786434999441553,0.0753499495501928,0.3570224069771483
1102,1102,0.024807149999446665,0.07532519856799368,0.35697008355650045
1103,1103,0.0248292219994255,0.07530046786422483,0.35691778942960933
1104,1104,0.024849351999421287,0.07527575740169011,0.3568655245610792
1105,1105,0.02486990699941316,0.07525106714330485,0.3568132889156058
1106,1106,0.02489035399941031,0.07522639705209526,0.35676108245797694
1107,1107,0.02491076099943257,0.07520174709119815,0.35670890515307113
1108,1108,0.024931025999421763,0.0751771172238604,0.35665675696585775
1109,1109,0.02495112899941887,0.07515250741343872,0.3566046378613965
1110,1110,0.02497136599941996,0.07512791762339899,0.35655254780483703
1111,1111,0.02499133999941705,0.07510334781731615,0.3565004867614183
1112,1112,0.025011740999389076,0.07507879795887352,0.3564484546964686
1113,1113,0.025032709999379676,0.07505426801186264,0.3563964515754048
1114,1114,0.025053303999413856,0.07502975794018268,0.3563444773637321
1115,1115,0.0250734639993766,0.07500526770784008,0.3562925320270436
1116,1116,0.02509353499937106,0.07498079727894821,0.35624061553102004
1117,1117,0.02512028599937821,0.07495634661772703,0.3561887278414294
1118,1118,0.025142114999368914,0.07493191568850245,0.35613686892412616
1119,1119,0.025164738999365,0.07490750445570624,0.35608503874505143
1120,1120,0.025185676999342377,0.07488311288387542,0.35603323727023206
1121,1121,0.025206209999339535,0.07485874093765196,0.35598146446578083
1122,1122,0.025226224999357783,0.0748343885817824,0.3559297202978957
1123,1123,0.0252470599993444,0.07481005578111748,0.3558780047328594
1124,1124,0.02526703099937322,0.07478574250061161,0.3558263177370393
1125,1125,0.025287397999363748,0.07476144870532264,0.3557746592768869
1126,1126,0.025307716999350305,0.07473717436041147,0.3557230293189375
1127,1127,0.025328296999305167,0.07471291943114163,0.35567142782980965
1128,1128,0.025348787999291744,0.07468868388287887,0.3556198547762053
1129,1129,0.02536901099927036,0.07466446768109083,0.35556831012490875
1130,1130,0.025389570999266198,0.07464027079134669,0.35551679384278706
1131,1131,0.025409744999251416,0.07461609317931671,0.35546530589678865
1132,1132,0.025430034999260442,0.07459193481077195,0.3554138462539443
1133,1133,0.02545013799925755,0.07456779565158383,0.3553624148813656
1134,1134,0.025470786999221673,0.07454367566772382,0.35531101174624524
1135,1135,0.02549167699919508,0.07451957482526304,0.3552596368158565
1136,1136,0.0255121379992147,0.07449549309037183,0.35520829005755283
1137,1137,0.025532845999236997,0.07447143042931961,0.3551569714387676
1138,1138,0.025553153999226197,0.0744473868084742,0.355105680927014
1139,1139,0.02557847299920013,0.0744233621943017,0.35505441848988406
1140,1140,0.025600189999181566,0.07439935655336605,0.3550031840950489
1141,1141,0.025622025999211928,0.0743753698523287,0.3549519777102582
1142,1142,0.025643824999178833,0.07435140205794813,0.3549007993033398
1143,1143,0.025664281999183913,0.07432745313707977,0.3548496488421996
1144,1144,0.02568493099920488,0.07430352305667527,0.35479852629482084
1145,1145,0.025705390999235078,0.07427961178378245,0.35474743162926403
1146,1146,0.025726135999207145,0.0742557192855449,0.35469636481366673
1147,1147,0.025746112999229354,0.07423184552920148,0.3546453258162429
1148,1148,0.025766149999185473,0.07420799048208616,0.354594314605283
1149,1149,0.025786501999164102,0.07418415411162757,0.3545433311491534
1150,1150,0.025806937999163893,0.0741603363853486,0.35449237541629575
1151,1151,0.025827469999171626,0.07413653727086615,0.3544414473752275
1152,1152,0.025848020999148957,0.0741127567358909,0.3543905469945407
1153,1153,0.02586844999910909,0.07408899474822672,0.3543396742429024
1154,1154,0.02588869699911811,0.07406525127577042,0.35428882908905385
1155,1155,0.025908700999082157,0.07404152628651156,0.3542380115018104
1156,1156,0.02592927099908593,0.07401781974853194,0.35418722145006126
1157,1157,0.025949479999098912,0.07399413163000529,0.3541364589027689
1158,1158,0.025969987999133082,0.07397046189919701,0.35408572382896913
1159,1159,0.0259903909991408,0.07394681052446381,0.35403501619777056
1160,1160,0.026010596999128666,0.07392317747425342,0.35398433597835427
1161,1161,0.026043889999129988,0.07389956271710404,0.3539336831399737
1162,1162,0.026068466999106477,0.07387596622164436,0.35388305765195427
1163,1163,0.026090306999094537,0.07385238795659298,0.3538324594836928
1164,1164,0.02611217399908128,0.0738288278907582,0.35378188860465803
1165,1165,0.026132503999065193,0.07380528599303761,0.3537313449843892
1166,1166,0.026153004999059704,0.07378176223241784,0.35368082859249655
1167,1167,0.026204655999038096,0.07375825657797423,0.35363033939866106
1168,1168,0.026226833999032806,0.07373476899887052,0.3535798773726335
1169,1169,0.026247663999015458,0.07371129946435848,0.35352944248423496
1170,1170,0.02626866599899813,0.07368784794377763,0.35347903470335595
1171,1171,0.026289300999053467,0.0736644144065549,0.3534286539999564
1172,1172,0.026310150999051984,0.07364099882220441,0.35337830034406537
1173,1173,0.026330353999071576,0.073617601160327,0.35332797370578073
1174,1174,0.026350628999068704,0.07359422139060999,0.3532776740552687
1175,1175,0.0263743209990821,0.07357085948282703,0.3532274013627641
1176,1176,0.026402013999074825,0.07354751540683749,0.3531771555985694
1177,1177,0.026428953999072746,0.07352418913258633,0.35312693673305506
1178,1178,0.026452156999084764,0.07350088063010389,0.3530767447366586
1179,1179,0.026508243999103343,0.07347758986950528,0.35302657957988537
1180,1180,0.026544468999077253,0.0734543168209904,0.35297644123330674
1181,1181,0.02656775399907474,0.07343106145484347,0.35292632966756166
1182,1182,0.026589348999038975,0.07340782374143273,0.3528762448533547
1183,1183,0.026609738999013643,0.07338460365121018,0.35282618676145683
1184,1184,0.02663031599900023,0.0733614011547113,0.352776155362705
1185,1185,0.026650626998957705,0.0733382162225547,0.3527261506280015
1186,1186,0.026671267998949588,0.07331504882544185,0.3526761725283143
1187,1187,0.026702936998901805,0.07329189893415673,0.35262622103467595
1188,1188,0.02672504899891237,0.07326876651956571,0.35257629611818425
1189,1189,0.026745418998928017,0.07324565155261703,0.35252639775000133
1190,1190,0.026765993998935755,0.07322255400434069,0.3524765259013538
1191,1191,0.026786573998890617,0.07319947384584799,0.3524266805435322
1192,1192,0.026807733998850836,0.07317641104833143,0.35237686164789084
1193,1193,0.02682813599886913,0.0731533655830643,0.3523270691858477
1194,1194,0.02684880699888481,0.07313033742140036,0.3522773031288842
1195,1195,0.02686974299888334,0.07310732653477378,0.3522275634485445
1196,1196,0.026890416998867295,0.07308433289469848,0.3521778501164359
1197,1197,0.026910189998886835,0.07306135647276824,0.35212816310422795
1198,1198,0.02693081399888797,0.0730383972406561,0.3520785023836528
1199,1199,0.026989898998863282,0.07301545517011435,0.35202886792650484
1200,1200,0.027015396998876895,0.072992530232974,0.35197925970463984
1201,1201,0.027038203998870358,0.07296962240114468,0.3519296776899756
1202,1202,0.027060265998898103,0.07294673164661435,0.3518801218544911
1203,1203,0.02708094999888999,0.07292385794144886,0.3518305921702266
1204,1204,0.027101540998899054,0.07290100125779188,0.3517810886092832
1205,1205,0.02712204699889753,0.07287816156786453,0.3517316111438228
1206,1206,0.027142364998894664,0.07285533884396507,0.35168215974606737
1207,1207,0.02716245499885872,0.07283253305846872,0.3516327343882997
1208,1208,0.027182576998825425,0.0728097441838273,0.3515833350428621
1209,1209,0.027202808998822547,0.07278697219256909,0.3515339616821568
1210,1210,0.02722294499886857,0.0727642170572984,0.3514846142786456
1211,1211,0.02724342499885779,0.07274147875069538,0.3514352928048496
1212,1212,0.0272642919989039,0.07271875724551578,0.3513859972333489
1213,1213,0.027284503998885157,0.07269605251459067,0.3513367275367827
1214,1214,0.02730477699884659,0.07267336453082608,0.3512874836878487
1215,1215,0.02732509199887545,0.07265069326720298,0.3512382656593029
1216,1216,0.027345301998877858,0.07262803869677673,0.3511890734239596
1217,1217,0.027365407998900082,0.07260540079267698,0.3511399069546912
1218,1218,0.02738652499891714,0.07258277952810738,0.351090766224428
1219,1219,0.027407582998932867,0.07256017487634539,0.3510416512061572
1220,1220,0.027451353998912964,0.07253758681074182,0.3509925618729242
1221,1221,0.027474080998899808,0.07251501530472078,0.350943498197831
1222,1222,0.027498473998889494,0.07249246033177942,0.3508944601540366
1223,1223,0.0275194559988563,0.0724699218654875,0.3508454477147567
1224,1224,0.027540369998860115,0.07244739987948728,0.3507964608532637
1225,1225,0.027560809998874447,0.07242489434749326,0.350747499542886
1226,1226,0.027580942998895353,0.0724024052432919,0.35069856375700836
1227,1227,0.027601207998884547,0.07237993254074132,0.3506496534690712
1228,1228,0.027621703998931935,0.07235747621377107,0.35060076865257067
1229,1229,0.02764195599888808,0.0723350362363821,0.3505519092810584
1230,1230,0.027662349998934133,0.07231261258264615,0.3505030753281414
1231,1231,0.027682483998944463,0.07229020522670569,0.3504542667674816
1232,1232,0.027703044998929727,0.07226781414277375,0.3504054835727957
1233,1233,0.027723504998959925,0.07224543930513354,0.35035672571785526
1234,1234,0.027743871998950453,0.07222308068813826,0.3503079931764862
1235,1235,0.027763896998976634,0.07220073826621085,0.3502592859225689
1236,1236,0.027784030998986964,0.07217841201384376,0.35021060393003733
1237,1237,0.02780444499899204,0.07215610190559874,0.3501619471728799
1238,1238,0.027824448998956086,0.07213380791610646,0.3501133156251382
1239,1239,0.027845203998936086,0.07211153002006652,0.3500647092609079
1240,1240,0.027865507998910743,0.07208926819224694,0.35001612805433713
1241,1241,0.027885794998894653,0.07206702240748414,0.349967571979628
1242,1242,0.027912593998848934,0.07204479264068255,0.349919041011035
1243,1243,0.027934822998872733,0.07202257886681446,0.34987053512286537
1244,1244,0.02795768399886356,0.07200038106091981,0.34982205428947905
1245,1245,0.027978242998869973,0.07197819919810586,0.3497735984852883
1246,1246,0.027999297998860584,0.07195603325354705,0.34972516768475737
1247,1247,0.028019674998859045,0.0719338832024847,0.34967676186240265
1248,1248,0.028040624998880048,0.07191174902022686,0.34962838099279225
1249,1249,0.02811420199884651,0.07188963068214797,0.34958002505054603
1250,1250,0.02813701399884394,0.07186752816368877,0.349531694010335
1251,1251,0.028159195998853193,0.0718454414403559,0.3494833878468816
1252,1252,0.02818038599883721,0.07182337048772183,0.3494351065349594
1253,1253,0.028201569998827836,0.07180131528142464,0.3493868500493925
1254,1254,0.02822198599881176,0.0717792757971676,0.34933861836505625
1255,1255,0.028242027998771846,0.07175725201071918,0.349290411456876
1256,1256,0.028262316998791448,0.07173524389791265,0.34924222929982773
1257,1257,0.0282907449987988,0.07171325143464599,0.3491940718689375
1258,1258,0.028318322998813983,0.0716912745968816,0.3491459391392814
1259,1259,0.028339117998825714,0.07166931336064608,0.3490978310859854
1260,1260,0.02836020799884409,0.07164736770203005,0.34904974768422486
1261,1261,0.028388357998835545,0.07162543759718787,0.3490016889092251
1262,1262,0.028420127998856515,0.07160352302233745,0.34895365473626017
1263,1263,0.02844220199887104,0.07158162395376007,0.3489056451406538
1264,1264,0.028463536998856398,0.07155974036780015,0.34885766009777813
1265,1265,0.02848472399887214,0.071537872240865,0.3488096995830546
1266,1266,0.028505330998882528,0.07151601954942459,0.34876176357195304
1267,1267,0.028525725998861162,0.0714941822700114,0.34871385203999167
1268,1268,0.02854612399880807,0.07147236037922026,0.3486659649627373
1269,1269,0.02856628699879593,0.07145055385370792,0.3486181023158043
1270,1270,0.028586555998799668,0.07142876267019309,0.3485702640748558
1271,1271,0.028606933998844397,0.07140698680545604,0.34852245021560213
1272,1272,0.028627131998860023,0.07138522623633847,0.3484746607138014
1273,1273,0.028647640998883617,0.0713634809397434,0.34842689554525924
1274,1274,0.028668967998896733,0.07134175089263481,0.3483791546858286
1275,1275,0.028689290998897832,0.07132003607203741,0.3483314381114096
1276,1276,0.028709524998873803,0.07129833645503661,0.3482837457979493
1277,1277,0.02872987399888416,0.07127665201877822,0.34823607772144166
1278,1278,0.02875014199889847,0.07125498274046815,0.3481884338579272
1279,1279,0.028770558998928664,0.07123332859737236,0.3481408141834932
1280,1280,0.02879091599891126,0.07121168956681664,0.34809321867427295
1281,1281,0.028811931998916407,0.07119006562618632,0.34804564730644627
1282,1282,0.028839224998932877,0.07116845675292607,0.347998100056239
1283,1283,0.02886136399888528,0.07114686292453977,0.34795057689992265
1284,1284,0.028884097998911784,0.07112528411859036,0.34790307781381474
1285,1285,0.028904916998953922,0.0711037203126995,0.3478556027742781
1286,1286,0.028925721998973586,0.07108217148454743,0.34780815175772134
1287,1287,0.02894632299899058,0.07106063761187281,0.34776072474059816
1288,1288,0.028966859998945438,0.07103911867247248,0.34771332169940744
1289,1289,0.028987189998929352,0.07101761464420124,0.347665942610693
1290,1290,0.02900783299895693,0.0709961255049718,0.3476185874510437
1291,1291,0.02904130899895563,0.07097465123275443,0.3475712561970928
1292,1292,0.02906282999896348,0.07095319180557672,0.3475239488255183
1293,1293,0.02908320899894079,0.07093174720152363,0.34747666531304267
1294,1294,0.02910379199892077,0.07091031739873711,0.34742940563643243
1295,1295,0.029124635998925896,0.0708889023754159,0.3473821697724984
1296,1296,0.02914518899893892,0.07086750210981546,0.3473349576980953
1297,1297,0.029165462998946623,0.0708461165802477,0.3472877693901216
1298,1298,0.029185663998930522,0.07082474576508069,0.3472406048255196
1299,1299,0.02920594599896731,0.07080338964273877,0.347193463981275
1300,1300,0.029226390998985607,0.07078204819170211,0.347146346834417
1301,1301,0.02924669499901711,0.07076072139050651,0.34709925336201797
1302,1302,0.029266868999002327,0.07073940921774341,0.3470521835411935
1303,1303,0.029313880999040975,0.07071811165205952,0.34700513734910204
1304,1304,0.029337269999018645,0.07069682867215671,0.3469581147629452
1305,1305,0.02936022399904914,0.07067556025679189,0.3469111157599667
1306,1306,0.029381758999022622,0.07065430638477668,0.3468641403174534
1307,1307,0.02940241999903037,0.07063306703497732,0.3468171884127343
1308,1308,0.029423373999065916,0.07061184218631458,0.34677026002318073
1309,1309,0.029443706999018104,0.07059063181776332,0.346723355126206
1310,1310,0.029464251999002045,0.07056943590835256,0.34667647369926613
1311,1311,0.029484998999009804,0.07054825443716524,0.34662961571985806
1312,1312,0.029505760999029462,0.07052708738333785,0.3465827811655213
1313,1313,0.0295262589990557,0.07050593472606059,0.3465359700138366
1314,1314,0.02954681699907269,0.0704847964445769,0.3464891822424261
1315,1315,0.029566613999065794,0.07046367251818349,0.3464424178289535
1316,1316,0.029586795999080095,0.07044256292622991,0.3463956767511238
1317,1317,0.0296068069990838,0.07042146764811871,0.34634895898668283
1318,1318,0.029627046999053164,0.07040038666330499,0.3463022645134178
1319,1319,0.029647094999063484,0.07037931995129636,0.3462555933091562
1320,1320,0.02966858699903696,0.07035826749165272,0.3462089453517667
1321,1321,0.029689138999003717,0.07033722926398606,0.3461623206191585
1322,1322,0.02970937099900084,0.07031620524796044,0.34611571908928096
1323,1323,0.02972978799897419,0.07029519542329157,0.34606914074012407
1324,1324,0.029749909998940893,0.07027419976974687,0.34602258554971793
1325,1325,0.02977619799889908,0.0702532182671452,0.3459760534961327
1326,1326,0.02979787899892017,0.07023225089535662,0.3459295445574786
1327,1327,0.02982563999893273,0.07021129763430237,0.3458830587119054
1328,1328,0.02984802599894465,0.07019035846395459,0.345836595937603
1329,1329,0.02986889499896961,0.07016943336433625,0.34579015621280057
1330,1330,0.029889664998961507,0.07014852231552084,0.3457437395157668
1331,1331,0.02990989599891236,0.07012762529763235,0.3456973458248098
1332,1332,0.029937100998949973,0.07010674229084504,0.345650975118277
1333,1333,0.029960430998983156,0.07008587327538328,0.3456046273745546
1334,1334,0.029981088998965788,0.07006501823152134,0.3455583025720681
1335,1335,0.030002093998973578,0.07004417713958329,0.34551200068928184
1336,1336,0.030022696998969423,0.07002334997994286,0.3454657217046986
1337,1337,0.030043004998958622,0.07000253673302317,0.34541946559686004
1338,1338,0.03006314999896631,0.06998173737929668,0.3453732323443464
1339,1339,0.030083429998967404,0.069960951899285,0.3453270219257763
1340,1340,0.0301034619989764,0.06994018027355864,0.3452808343198063
1341,1341,0.030123763999029052,0.06991942248273698,0.3452346695051314
1342,1342,0.030143865999036734,0.06989867850748802,0.3451885274604846
1343,1343,0.030163912999000786,0.0698779483285283,0.345142408164637
1344,1344,0.030183921999025642,0.06985723192662266,0.34509631159639725
1345,1345,0.03021026499902746,0.06983652928258408,0.3450502377346117
1346,1346,0.030232365998983823,0.06981584037727365,0.3450041865581645
1347,1347,0.030255493998993188,0.06979516519160027,0.34495815804597707
1348,1348,0.030279045999009213,0.06977450370652052,0.3449121521770083
1349,1349,0.03029950799901826,0.06975385590303865,0.3448661689302544
1350,1350,0.03032002999901806,0.06973322176220619,0.34482020828474863
1351,1351,0.030340362999027093,0.06971260126512192,0.34477427021956114
1352,1352,0.030360692999011007,0.0696919943929318,0.3447283547137993
1353,1353,0.030380902999013415,0.06967140112682865,0.344682461746607
1354,1354,0.030401445999018506,0.06965082144805217,0.34463659129716506
1355,1355,0.030421430999012955,0.06963025533788857,0.3445907433446907
1356,1356,0.030441807999011417,0.0696097027776706,0.34454491786843794
1357,1357,0.03046190799904025,0.0695891637487774,0.34449911484769674
1358,1358,0.03048227199900566,0.0695686382326342,0.3444533342617935
1359,1359,0.0305021749989578,0.06954812621071237,0.344407576090091
1360,1360,0.03052260999891132,0.06952762766452904,0.34436184031198785
1361,1361,0.03054278599893223,0.06950714257564718,0.34431612690691865
1362,1362,0.030563210998934665,0.06948667092567527,0.34427043585435385
1363,1363,0.030583331998911945,0.06946621269626736,0.34422476713379974
1364,1364,0.03060322999891696,0.06944576786912261,0.344179120724798
1365,1365,0.030623704998902213,0.06942533642598553,0.34413349660692616
1366,1366,0.030643735998921784,0.06940491834864547,0.34408789475979695
1367,1367,0.030668262998915452,0.0693845136189367,0.34404231516305844
1368,1368,0.03069046499894057,0.0693641222187383,0.3439967577963941
1369,1369,0.030711928998982785,0.06934374412997373,0.3439512226395223
1370,1370,0.030732831998932397,0.06932337933461102,0.3439057096721967
1371,1371,0.03075304899891762,0.06930302781466245,0.3438602188742056
1372,1372,0.03077347099895178,0.06928268955218443,0.34381475022537217
1373,1373,0.030793421998964732,0.0692623645292774,0.34376930370555453
1374,1374,0.030813586998988285,0.06924205272808563,0.3437238792946451
1375,1375,0.03083359599901314,0.06922175413079715,0.34367847697257115
1376,1376,0.03085422999902221,0.0692014687196435,0.34363309671929415
1377,1377,0.030874389998984952,0.06918119647689966,0.34358773851480984
1378,1378,0.03089455799897678,0.06916093738488405,0.3435424023391484
1379,1379,0.030914971998981855,0.06914069142595808,0.3434970881723741
1380,1380,0.03093550199901074,0.06912045858252626,0.343451795994585
1381,1381,0.03095564799900785,0.06910023883703603,0.3434065257859134
1382,1382,0.030975730998989093,0.06908003217197747,0.34336127752652523
1383,1383,0.030995841999015283,0.0690598385698834,0.34331605119662034
1384,1384,0.03101656199902436,0.069039658013329,0.3432708467764321
1385,1385,0.031036766999022802,0.06901949048493185,0.3432256642462274
1386,1386,0.03105684799896835,0.06899933596735172,0.3431805035863068
1387,1387,0.031077695998931176,0.0689791944432905,0.3431353647770039
1388,1388,0.03109792599894945,0.06895906589549196,0.3430902477986859
1389,1389,0.031123682998952518,0.06893895030674164,0.34304515263175306
1390,1390,0.031145580998952482,0.0689188476598669,0.34300007925663856
1391,1391,0.031167348998963007,0.06889875793773649,0.3429550276538088
1392,1392,0.031188331998976082,0.06887868112326063,0.342909997803763
1393,1393,0.031208848998971916,0.06885861719939079,0.3428649896870332
1394,1394,0.03122931599898493,0.06883856614911957,0.34282000328418416
1395,1395,0.031249229998991268,0.06881852795548067,0.3427750385758131
1396,1396,0.03126936999899499,0.06879850260154857,0.34273009554255024
1397,1397,0.03128942599897755,0.06877849007043858,0.34268517416505767
1398,1398,0.031309612998938974,0.06875849034530661,0.3426402744240301
1399,1399,0.03132972799892286,0.06873850340934902,0.3425953963001948
1400,1400,0.03134986299892262,0.0687185292458026,0.34255053977431066
1401,1401,0.031369795998955396,0.06869856783794434,0.34250570482716913
1402,1402,0.03138949599900798,0.0686786191690914,0.3424608914395934
1403,1403,0.031409793998989244,0.06865868322260081,0.34241609959243857
1404,1404,0.03143006099901413,0.06863875998186963,0.3423713292665918
1405,1405,0.031450319999009935,0.06861884943033449,0.3423265804429717
1406,1406,0.03147126599895955,0.06859895155147175,0.3422818531025289
1407,1407,0.03149214299895675,0.06857906632879714,0.34223714722624515
1408,1408,0.03151242599892612,0.06855919374586582,0.3421924627951341
1409,1409,0.031532975998914026,0.06853933378627222,0.34214779979024046
1410,1410,0.03155330799887679,0.06851948643364984,0.34210315819264053
1411,1411,0.031579723998845566,0.06849965167167107,0.3420585379834417
1412,1412,0.031607701998837,0.0684798294840474,0.34201393914378253
1413,1413,0.03162918899880651,0.06846001985452882,0.34196936165483255
1414,1414,0.03164973899879442,0.06844022276690408,0.3419248054977924
1415,1415,0.0316705809988207,0.06842043820500036,0.34188027065389365
1416,1416,0.03169069099880062,0.06840066615268331,0.34183575710439856
1417,1417,0.03171123199877002,0.0683809065938568,0.34179126483060007
1418,1418,0.03173997899875758,0.06836115951246276,0.34174679381382184
1419,1419,0.03176259199875631,0.06834142489248125,0.34170234403541827
1420,1420,0.03178396999879851,0.06832170271793014,0.34165791547677393
1421,1421,0.03180506999882482,0.06830199297286518,0.3416135081193041
1422,1422,0.03182534499882195,0.06828229564137972,0.34156912194445405
1423,1423,0.03184601099883366,0.06826261070760466,0.3415247569336995
1424,1424,0.03186636599883741,0.0682429381557083,0.3414804130685464
1425,1425,0.031887039998821365,0.06822327796989631,0.34143609033053063
1426,1426,0.031907324998826425,0.06820363013441158,0.34139178870121806
1427,1427,0.0319274329988275,0.06818399463353397,0.34134750816220455
1428,1428,0.031947601998865593,0.06816437145158037,0.3413032486951158
1429,1429,0.03196792899882439,0.06814476057290449,0.34125901028160743
1430,1430,0.031988791998799115,0.06812516198189687,0.3412147929033642
1431,1431,0.032029550998800005,0.06810557566298453,0.3411705965421013
1432,1432,0.032052542998769695,0.06808600160063107,0.34112642117956277
1433,1433,0.03208086299872548,0.06806643977933649,0.34108226679752235
1434,1434,0.032102191998717444,0.06804689018363702,0.3410381333777832
1435,1435,0.03212304699871993,0.06802735279810512,0.3409940209021777
1436,1436,0.03214333199872499,0.06800782760734919,0.3409499293525676
1437,1437,0.03216371099875914,0.06798831459601375,0.34090585871084367
1438,1438,0.0321838419988012,0.06796881374877892,0.3408618089589255
1439,1439,0.03220452599879309,0.06794932505036075,0.34081778007876223
1440,1440,0.032224594998751854,0.0679298484855108,0.3407737720523317
1441,1441,0.03224529599873449,0.06791038403901614,0.3407297848616403
1442,1442,0.032265590998747484,0.0678909316956992,0.34068581848872354
1443,1443,0.03228604399873802,0.06787149144041774,0.3406418729156455
1444,1444,0.032306483998752356,0.06785206325806457,0.3405979481244989
1445,1445,0.032326699998748154,0.06783264713356778,0.34055404409740514
1446,1446,0.03234668699872145,0.06781324305189017,0.3405101608165138
1447,1447,0.0323669159987503,0.06779385099802958,0.34046629826400315
1448,1448,0.03238698299878706,0.06777447095701845,0.3404224564220797
1449,1449,0.032407579998789515,0.06775510291392386,0.34037863527297807
1450,1450,0.032427669998810416,0.06773574685384755,0.34033483479896137
1451,1451,0.0324486359987759,0.06771640276192549,0.34029105498232043
1452,1452,0.03246935899875325,0.06769707062332805,0.34024729580537466
1453,1453,0.03250870499874736,0.0676777504232598,0.34020355725047097
1454,1454,0.03253135099873816,0.06765844214695947,0.3401598392999844
1455,1455,0.03255956999873888,0.06763914577969961,0.34011614193631773
1456,1456,0.03258051999870304,0.06761986130678682,0.3400724651419016
1457,1457,0.03260103899867772,0.06760058871356144,0.3400288088991942
1458,1458,0.03262131199863916,0.06758132798539748,0.3399851731906814
1459,1459,0.03264184999864028,0.06756207910770247,0.3399415579988768
1460,1460,0.03266222999866386,0.06754284206591751,0.3398979633063212
1461,1461,0.032682503998671564,0.06752361684551705,0.3398543890955831
1462,1462,0.03270298399871763,0.06750440343200875,0.3398108353492579
1463,1463,0.03272330399869361,0.06748520181093352,0.33976730204996897
1464,1464,0.03274370699870133,0.06746601196786527,0.33972378918036616
1465,1465,0.032764415998656204,0.06744683388841093,0.339680296723127
1466,1466,0.032785376998674565,0.06742766755821017,0.33963682466095585
1467,1467,0.03280571799871268,0.06740851296293561,0.33959337297658404
1468,1468,0.03282623399871909,0.06738937008829239,0.33954994165276997
1469,1469,0.03284639399873868,0.06737023892001827,0.3395065306722989
1470,1470,0.032866718998718625,0.06735111944388347,0.33946314001798267
1471,1471,0.03288675399875274,0.06733201164569055,0.3394197696726604
1472,1472,0.03290726899871288,0.06731291551127438,0.33937641961919723
1473,1473,0.03292752699871926,0.06729383102650191,0.3393330898404854
1474,1474,0.0329480529987336,0.06727475817727228,0.33928978031944335
1475,1475,0.03298662899874216,0.06725569694951654,0.3392464910390162
1476,1476,0.033008782998706465,0.06723664732919755,0.33920322198217545
1477,1477,0.033036256998741464,0.06721760930231008,0.33915997313191903
1478,1478,0.03305746199873738,0.06719858285488048,0.339116744471271
1479,1479,0.03307840999872269,0.06717956797296676,0.33907353598328155
1480,1480,0.03309877099871983,0.06716056464265827,0.33903034765102735
1481,1481,0.03311964399875933,0.06714157285007599,0.338987179457611
1482,1482,0.033140043998798774,0.06712259258137196,0.3389440313861609
1483,1483,0.03316008399878001,0.06710362382272957,0.33890090341983187
1484,1484,0.03318034799877978,0.06708466656036327,0.3388577955418043
1485,1485,0.033200444998783496,0.06706572078051853,0.33881470773528444
1486,1486,0.03322039899876472,0.06704678646947171,0.3387716399835044
1487,1487,0.03324055499876977,0.06702786361353007,0.33872859226972213
1488,1488,0.03326095699878806,0.06700895219903151,0.3386855645772209
1489,1489,0.03328112499877989,0.06699005221234465,0.33864255688930994
1490,1490,0.03330147399879024,0.06697116363986862,0.33859956918932366
1491,1491,0.03332149999880585,0.06695228646803299,0.3385566014606222
1492,1492,0.033342171998810954,0.06693342068329769,0.33851365368659103
1493,1493,0.03336258999883057,0.06691456627215298,0.338470725850641
1494,1494,0.0333828159988343,0.06689572322111924,0.33842781793620796
1495,1495,0.033403788998839445,0.06687689151674697,0.3383849299267534
1496,1496,0.03342401999884714,0.06685807114561662,0.33834206180576376
1497,1497,0.03344412299884425,0.06683926209433864,0.33829921355675063
1498,1498,0.03347085199885669,0.06682046434955323,0.3382563851632507
1499,1499,0.03349433899887799,0.06680167789793029,0.33821357660882523
1500,1500,0.03351703099883707,0.06678290272616942,0.3381707878770612
1501,1501,0.033538137998846196,0.06676413882099975,0.3381280189515696
1502,1502,0.03355849999883276,0.06674538616917987,0.33808526981598697
1503,1503,0.033579295998833913,0.06672664475749775,0.33804254045397397
1504,1504,0.03359973699883767,0.0667079145727706,0.3379998308492164
1505,1505,0.03362639399881573,0.06668919560184489,0.3379571409854245
1506,1506,0.033648139998774695,0.06667048783159614,0.33791447084633314
1507,1507,0.03366919299878646,0.06665179124892892,0.33787182041570163
1508,1508,0.033689885998796854,0.06663310584077678,0.3378291896773138
1509,1509,0.03371005799880322,0.06661443159410202,0.3377865786149778
1510,1510,0.033730115998821475,0.06659576849589578,0.3377439872125262
1511,1511,0.03375048599883712,0.06657711653317781,0.3377014154538159
1512,1512,0.033770742998854075,0.06655847569299653,0.337658863322728
1513,1513,0.033791346998839344,0.06653984596242882,0.33761633080316766
1514,1514,0.03381146799887347,0.06652122732857992,0.33757381787906426
1515,1515,0.03383164999888777,0.06650261977858349,0.3375313245343712
1516,1516,0.033852019998903415,0.06648402329960143,0.33748885075306595
1517,1517,0.033872430998883374,0.06646543787882378,0.3374463965191499
1518,1518,0.033906198998920445,0.06644686350346866,0.3374039618166484
1519,1519,0.03393193999892219,0.0664283001607822,0.33736154662961026
1520,1520,0.03395956799892019,0.06640974783803846,0.3373191509421086
1521,1521,0.03398159499892017,0.06639120652253924,0.33727677473824
1522,1522,0.03400191099888161,0.06637267620161426,0.3372344180021248
1523,1523,0.034030029998859845,0.06635415686262068,0.33719208071790674
1524,1524,0.03405719199884061,0.06633564849294347,0.3371497628697534
1525,1525,0.034082907998879364,0.06631715107999496,0.3371074644418558
1526,1526,0.034110586998906456,0.06629866461121493,0.3370651854184282
1527,1527,0.03413693399886597,0.06628018907407052,0.3370229257837087
1528,1528,0.03416476399888779,0.06626172445605612,0.33698068552195826
1529,1529,0.03419144499889626,0.06624327074469323,0.3369384646174613
1530,1530,0.03421961899891812,0.06622482792753061,0.33689626305452597
1531,1531,0.03424686999892401,0.06620639599214384,0.3368540808174826
1532,1532,0.03427471299892204,0.06618797492613557,0.3368119178906857
1533,1533,0.0343053959989561,0.06616956471713525,0.33676977425851207
1534,1534,0.03433356399892773,0.06615116535279912,0.336727649905362
1535,1535,0.03436892699892269,0.06613277682081012,0.33668554481565877
1536,1536,0.034402308998892295,0.06611439910887781,0.33664345897384823
1537,1537,0.034429179998880954,0.06609603220473825,0.3366013923643994
1538,1538,0.0344505359988716,0.06607767609615402,0.33655934497180406
1539,1539,0.034471512998891285,0.06605933077091408,0.3365173167805766
1540,1540,0.03449210099887523,0.06604099621683367,0.3364753077752545
1541,1541,0.034512283998878956,0.06602267242175423,0.33643331794039744
1542,1542,0.034532274998866797,0.0660043593735434,0.33639134726058806
1543,1543,0.03455233299888505,0.0659860570600949,0.33634939572043154
1544,1544,0.03457235999889008,0.06596776546932837,0.3363074633045554
1545,1545,0.034593138998900486,0.06594948458918946,0.33626554999760966
1546,1546,0.03461342999889894,0.06593121440764964,0.336223655784267
1547,1547,0.034640588998911426,0.06591295491270609,0.33618178064922205
1548,1548,0.03466143799892052,0.0658947060923818,0.33613992457719216
1549,1549,0.03468193099894279,0.06587646793472524,0.3360980875529167
1550,1550,0.03470211899895048,0.06585824042781052,0.33605626956115736
1551,1551,0.03472226799891587,0.06584002355973721,0.33601447058669787
1552,1552,0.03474264799893945,0.06582181731863018,0.3359726906143443
1553,1553,0.03480949199894212,0.06580362169263976,0.33593092962892457
1554,1554,0.03483831299894291,0.06578543666994141,0.33588918761528874
1555,1555,0.034864351998919574,0.0657672622387358,0.3358474645583087
1556,1556,0.03488517799894453,0.06574909838724871,0.3358057604428785
1557,1557,0.03490569599892979,0.0657309451037309,0.3357640752539139
1558,1558,0.03492599899891502,0.06571280237645816,0.3357224089763524
1559,1559,0.03494603699891741,0.06569467019373108,0.3356807615951535
1560,1560,0.034966469998948924,0.06567654854387506,0.3356391330952983
1561,1561,0.03498650199895792,0.06565843741524027,0.3355975234617895
1562,1562,0.035006420998968224,0.06564033679620153,0.3355559326796516
1563,1563,0.03502691499897992,0.06562224667515822,0.3355143607339307
1564,1564,0.0350474019990088,0.06560416704053428,0.33547280760969417
1565,1565,0.035068018998970274,0.06558609788077807,0.33543127329203115
1566,1566,0.035088343999007066,0.06556803918436228,0.335389757766052
1567,1567,0.035108449998972446,0.06554999093978395,0.33534826101688886
1568,1568,0.03512858899898674,0.06553195313556445,0.3353067830296947
1569,1569,0.03514849699899969,0.06551392576024907,0.33526532378964424
1570,1570,0.03516839799902982,0.06549590880240741,0.3352238832819331
1571,1571,0.035188900999060024,0.06547790225063299,0.3351824614917784
1572,1572,0.03520872299907296,0.06545990609354332,0.33514105840441827
1573,1573,0.03522872299907931,0.06544192031977979,0.33509967400511204
1574,1574,0.03527236799908451,0.0654239449180075,0.3350583082791399
1575,1575,0.035295146999089866,0.06540597987691547,0.3350169612118034
1576,1576,0.0353223529991169,0.06538802518521632,0.33497563278842496
1577,1577,0.035343476999116774,0.06537008083164617,0.33493432299434767
1578,1578,0.035364149999111305,0.06535214680496484,0.3348930318149359
1579,1579,0.035384787999134915,0.06533422309395556,0.3348517592355746
1580,1580,0.03540497099913864,0.06531630968742491,0.33481050524166955
1581,1581,0.03542571199915301,0.06529840657420283,0.3347692698186476
1582,1582,0.03545283499914831,0.0652805137431426,0.3347280529519558
1583,1583,0.03547502299915095,0.06526263118312063,0.33468685462706227
1584,1584,0.03549619999915876,0.06524475888303646,0.33464567482945556
1585,1585,0.03551691099914933,0.06522689683181275,0.33460451354464493
1586,1586,0.035537427999145166,0.06520904501839506,0.3345633707581599
1587,1587,0.03555930299916099,0.06519120343175197,0.3345222464555508
1588,1588,0.03557952299917133,0.06517337206087494,0.3344811406223883
1589,1589,0.03560015899915925,0.06515555089477816,0.3344400532442635
1590,1590,0.035628111999187695,0.06513773992249859,0.33439898430678766
1591,1591,0.0356568629991898,0.06511993913309584,0.3343579337955927
1592,1592,0.03567820699919366,0.06510214851565219,0.33431690169633055
1593,1593,0.035698652999201386,0.06508436805927242,0.3342758879946734
1594,1594,0.03572592199918745,0.06506659775308375,0.3342348926763138
1595,1595,0.03575595199919235,0.06504883758623584,0.3341939157269641
1596,1596,0.03577784199916323,0.06503108754790067,0.33415295713235726
1597,1597,0.03579851799918288,0.0650133476272726,0.3341120168782459
1598,1598,0.035819079999157566,0.06499561781356814,0.33407109495040277
1599,1599,0.0358393979991547,0.06497789809602586,0.3340301913346206
1600,1600,0.03585944999917956,0.06496018846390665,0.33398930601671195
1601,1601,0.035879735999174045,0.06494248890649318,0.3339484389825095
1602,1602,0.03589993799920421,0.06492479941309025,0.33390759021786565
1603,1603,0.035920492999196085,0.06490711997302448,0.3338667597086526
1604,1604,0.035940534999213014,0.06488945057564442,0.33382594744076227
1605,1605,0.035960846999216756,0.0648717912103203,0.3337851534001064
1606,1606,0.035980931999176846,0.06485414186644413,0.3337443775726165
1607,1607,0.03600101899917263,0.06483650253342953,0.3337036199442434
1608,1608,0.03602109099915651,0.06481887320071174,0.3336628805009579
1609,1609,0.03604136799918933,0.06480125385774747,0.33362215922875005
1610,1610,0.03606154899921421,0.06478364449401501,0.33358145611362966
1611,1611,0.036081431999207325,0.06476604509901401,0.3335407711416259
1612,1612,0.03610136799920838,0.06474845566226538,0.33350010429878735
1613,1613,0.036121828999228,0.06473087617331146,0.33345945557118223
1614,1614,0.03614209499920662,0.0647133066217157,0.3334188249448977
1615,1615,0.036201840999240176,0.06469574699706278,0.3333782124060405
1616,1616,0.03622493599925747,0.06467819728895845,0.3333376179407367
1617,1617,0.03624769199922184,0.06466065748702952,0.33329704153513146
1618,1618,0.03626846399919259,0.06464312758092378,0.33325648317538925
1619,1619,0.03628886099920692,0.06462560756030998,0.3332159428476937
1620,1620,0.03630970899916974,0.06460809741487766,0.3331754205382474
1621,1621,0.03633016699916425,0.06459059713433721,0.33313491623327207
1622,1622,0.03635057699915478,0.06457310670841981,0.33309442991900867
1623,1623,0.03637092099916117,0.06455562612687728,0.33305396158171696
1624,1624,0.03639102199917943,0.06453815537948207,0.33301351120767575
1625,1625,0.03641100499919503,0.06452069445602718,0.3329730787831826
1626,1626,0.03643096799919476,0.06450324334632623,0.33293266429455437
1627,1627,0.03645157099919061,0.06448580204021317,0.3328922677281263
1628,1628,0.03647214299917323,0.06446837052754241,0.33285188907025254
1629,1629,0.03649268199922062,0.06445094879818868,0.33281152830730637
1630,1630,0.03651268699923094,0.06443353684204706,0.33277118542567935
1631,1631,0.03654169799921192,0.06441613464903269,0.3327308604117819
1632,1632,0.03656887899921912,0.06439874220908114,0.3326905532520431
1633,1633,0.0365935069992247,0.06438135951214782,0.3326502639329107
1634,1634,0.03661390599921788,0.06436398654820837,0.33260999244085093
1635,1635,0.036634419999188594,0.06434662330725835,0.3325697387623488
1636,1636,0.03666260399916155,0.06432926977931334,0.3325295028839073
1637,1637,0.036693140999148,0.0643119259544087,0.3324892847920485
1638,1638,0.03671547399915198,0.06429459182259972,0.33244908447331245
1639,1639,0.03673670799918227,0.0642772673739614,0.3324089019142578
1640,1640,0.03675704599913843,0.0642599525985885,0.3323687371014616
1641,1641,0.03677767699912238,0.0642426474865954,0.332328590021519
1642,1642,0.03679856799908521,0.06422535202811616,0.3322884606610435
1643,1643,0.03681895399910218,0.06420806621330427,0.33224834900666705
1644,1644,0.036839014999088704,0.06419079003233291,0.33220825504503954
1645,1645,0.036859059999073907,0.06417352347539451,0.3321681787628292
1646,1646,0.0368789849990776,0.06415626653270098,0.3321281201467223
1647,1647,0.0368993079990787,0.06413901919448362,0.3320880791834232
1648,1648,0.036919667999086414,0.06412178145099287,0.3320480558596543
1649,1649,0.03693989899903727,0.06410455329249855,0.33200805016215623
1650,1650,0.03695982299905154,0.06408733470928953,0.33196806207768736
1651,1651,0.036980192999067185,0.06407012569167386,0.33192809159302417
1652,1652,0.03700036799904183,0.06405292622997871,0.33188813869496087
1653,1653,0.03702033299902041,0.06403573631455016,0.3318482033703098
1654,1654,0.037040232999004274,0.06401855593575327,0.3318082856059009
1655,1655,0.03706071799899746,0.06400138508397205,0.331768385388582
1656,1656,0.03708080299895755,0.06398422374960937,0.3317285027052189
1657,1657,0.037130486998933065,0.0639670719230869,0.3316886375426948
1658,1658,0.037153004998913275,0.06394992959484498,0.33164878988791097
1659,1659,0.037176429998908134,0.06393279675534275,0.33160895972778587
1660,1660,0.0371975449988895,0.06391567339505794,0.33156914704925605
1661,1661,0.03721771699883902,0.06389855950448688,0.33152935183927534
1662,1662,0.03723791199882953,0.0638814550741445,0.3314895740848155
1663,1663,0.03725786399883191,0.06386436009456414,0.3314498137728654
1664,1664,0.037307062998820584,0.06384727455629761,0.3314100708904315
1665,1665,0.03733184599883543,0.06383019844991511,0.33137034542453797
1666,1666,0.03735337199884725,0.06381313176600524,0.3313306373622262
1667,1667,0.037374394998835214,0.06379607449517471,0.3312909466905549
1668,1668,0.03739516499882711,0.06377902662804871,0.3312512733966004
1669,1669,0.03741537299885067,0.0637619881552704,0.331211617467456
1670,1670,0.03743574199887689,0.06374495906750122,0.3311719788902326
1671,1671,0.03745620699891106,0.06372793935542057,0.3311323576520581
1672,1672,0.03747628699886718,0.06371092900972598,0.33109275374007796
1673,1673,0.03750566699886804,0.063693928021133,0.3310531671414544
1674,1674,0.03753307599885147,0.06367693638037501,0.33101359784336704
1675,1675,0.03755362799887507,0.06365995407820328,0.33097404583301254
1676,1676,0.03757356799883382,0.06364298110538705,0.3309345110976048
1677,1677,0.03760630799882847,0.06362601745271315,0.3308949936243746
1678,1678,0.03762917299883384,0.06360906311098635,0.33085549340056963
1679,1679,0.03765132199885102,0.06359211807102892,0.33081601041345493
1680,1680,0.03767214799887597,0.06357518232368091,0.33077654465031214
1681,1681,0.037693006998893,0.06355825585979995,0.3307370960984399
1682,1682,0.03771341099889014,0.0635413386702611,0.33069766474515394
1683,1683,0.037733696998884625,0.06352443074595704,0.33065825057778664
1684,1684,0.03775374899890949,0.06350753207779786,0.33061885358368726
1685,1685,0.037773767998942276,0.063490642656711,0.3305794737502217
1686,1686,0.037793666998936715,0.06347376247364138,0.3305401110647729
1687,1687,0.03781398399894442,0.063456891519551,0.3305007655147402
1688,1688,0.03783376599898247,0.06344002978541938,0.33046143708753994
1689,1689,0.03785386399897561,0.063423177262243,0.330422125770605
1690,1690,0.0378741009989767,0.06340633394103574,0.3303828315513846
1691,1691,0.037894422998988375,0.06338949981282845,0.33034355441734514
1692,1692,0.037914485999010594,0.06337267486866899,0.3303042943559689
1693,1693,0.03793472299901168,0.06335585909962242,0.3302650513547554
1694,1694,0.03795484599896781,0.06333905249677066,0.3302258254012199
1695,1695,0.037975125998968906,0.06332225505121257,0.3301866164828948
1696,1696,0.03799505799895542,0.0633054667540639,0.3301474245873286
1697,1697,0.03801521199898161,0.06328868759645723,0.3301082497020861
1698,1698,0.038035319998982686,0.06327191756954195,0.3300690918147487
1699,1699,0.03806041299901608,0.0632551566644842,0.33002995091291404
1700,1700,0.03808262299901344,0.06323840487246676,0.3299908269841961
1701,1701,0.03810375399905297,0.06322166218468914,0.329951720016225
1702,1702,0.03812457399902769,0.06320492859236738,0.32991262999664744
1703,1703,0.03814485499901821,0.06318820408673416,0.32987355691312586
1704,1704,0.038164699999015284,0.06317148865903863,0.3298345007533393
1705,1705,0.03818491299904281,0.0631547823005464,0.32979546150498273
1706,1706,0.038204717999065,0.06313808500253956,0.32975643915576724
1707,1707,0.038224855999033025,0.06312139675631652,0.32971743369342005
1708,1708,0.03825569299903009,0.06310471755319205,0.32967844510568456
1709,1709,0.038277892999019514,0.0630880473844973,0.3296394733803199
1710,1710,0.03829861799903256,0.0630713862415795,0.32960051850510147
1711,1711,0.03831887699902836,0.06305473411580222,0.3295615804678207
1712,1712,0.038338998998995066,0.06303809099854515,0.3295226592562846
1713,1713,0.038358925999034454,0.06302145688120409,0.3294837548583164
1714,1714,0.038378838998994524,0.06300483175519091,0.3294448672617549
1715,1715,0.0383990689990128,0.0629882156119335,0.3294059964544553
1716,1716,0.03841888399904292,0.06297160844287583,0.3293671424242879
1717,1717,0.03843914999902154,0.06295501023947768,0.3293283051591393
1718,1718,0.038459164999039785,0.06293842099321482,0.3292894846469118
1719,1719,0.03847967699903165,0.06292184069557881,0.32925068087552306
1720,1720,0.03852174199903402,0.0629052693380771,0.329211893832907
1721,1721,0.038543540999000925,0.06288870691223285,0.32917312350701267
1722,1722,0.03857159899899898,0.06287215340958498,0.3291343698858051
1723,1723,0.03859711699902846,0.06285560882168814,0.32909563295726485
1724,1724,0.038619114998994064,0.06283907314011249,0.3290569127093879
1725,1725,0.03864418099902878,0.06282254635644394,0.3290182091301861
1726,1726,0.03866472599901272,0.06280602846228385,0.32897952220768656
1727,1727,0.038685036999027034,0.06278951944924924,0.3289408519299318
1728,1728,0.038715869999009556,0.06277301930897237,0.32890219828498013
1729,1729,0.03873722899902532,0.06275652803310121,0.32886356126090505
1730,1730,0.038757541999018486,0.0627400456132989,0.3288249408457956
1731,1731,0.03877966899904095,0.06272357204124411,0.32878633702775595
1732,1732,0.03880148199903033,0.06270710730863067,0.32874774979490595
1733,1733,0.03882195599902616,0.06269065140716777,0.32870917913538056
1734,1734,0.038841892999016636,0.06267420432857977,0.3286706250373301
1735,1735,0.03886178299899257,0.06265776606460628,0.32863208748892003
1736,1736,0.038881666998975106,0.06264133660700205,0.32859356647833127
1737,1737,0.038901983998982814,0.0626249159475369,0.3285550619937596
1738,1738,0.03892184999898518,0.06260850407799569,0.3285165740234165
1739,1739,0.03894215799897438,0.0625921009901784,0.328478102555528
1740,1740,0.038970236998977725,0.06257570667589993,0.32843964757833555
1741,1741,0.03899236899900416,0.0625593211269901,0.32840120908009585
1742,1742,0.0390152669990016,0.06254294433529371,0.32836278704908034
1743,1743,0.03903671399899622,0.06252657629267037,0.3283243814735757
1744,1744,0.039057142999013195,0.06251021699099456,0.3282859923418835
1745,1745,0.03907763899900374,0.06249386642215554,0.3282476196423203
1746,1746,0.039098079999007496,0.062477524578057234,0.3282092633632177
1747,1747,0.03914887699903602,0.062461191450618375,0.3281709234929223
1748,1748,0.039171378999014905,0.06244486703177233,0.3281326000197952
1749,1749,0.03919225399897641,0.0624285513134671,0.32809429293221287
1750,1750,0.03921260199899734,0.06241224428766522,0.3280560022185663
1751,1751,0.039233318998981304,0.06239594594634387,0.32801772786726136
1752,1752,0.03925333299895328,0.06237965628149471,0.32797946986671866
1753,1753,0.03927352399892925,0.062363375285123826,0.3279412282053737
1754,1754,0.03929353599892238,0.062347102949251755,0.32790300287167673
1755,1755,0.03931368899890231,0.06233083926591354,0.3278647938540925
1756,1756,0.039333671998861064,0.06231458422715843,0.3278266011411007
1757,1757,0.03935348299887664,0.06229833782505007,0.3277884247211952
1758,1758,0.03937321699885388,0.06228210005166637,0.3277502645828851
1759,1759,0.039393216998860225,0.0622658708990995,0.32771212071469374
1760,1760,0.03941321299885203,0.06224965035945584,0.32767399310515904
1761,1761,0.03943934099885382,0.062233438424855944,0.3276358817428337
1762,1762,0.039460974998860365,0.062217235087434465,0.3275977866162845
1763,1763,0.03948288499884711,0.06220104033934018,0.3275597077140932
1764,1764,0.03950580299886042,0.06218485417273585,0.32752164502485565
1765,1765,0.03952675099884573,0.062168676579798424,0.3274835985371823
1766,1766,0.039547170998844194,0.06215250755271867,0.327445568239698
1767,1767,0.03956750999884662,0.06213634708370136,0.327407554121042
1768,1768,0.03958728499884501,0.06212019516496519,0.32736955616986774
1769,1769,0.03960760599881041,0.06210405178874272,0.3273315743748434
1770,1770,0.0396276929988062,0.06208791694728038,0.327293608724651
1771,1771,0.03965213499878928,0.06207179063283829,0.32725565920798694
1772,1772,0.039672527998789064,0.062055672837690465,0.3272177258135621
1773,1773,0.03969838699879347,0.06203956355412452,0.3271798085301014
1774,1774,0.03971860399877869,0.0620234627744419,0.3271419073463442
1775,1775,0.03973891799876128,0.06200737049095761,0.32710402225104357
1776,1776,0.03975893699879407,0.0619912866960003,0.32706615323296717
1777,1777,0.03977897499879646,0.06197521138191219,0.32702830028089663
1778,1778,0.039798909998808085,0.06195914454104906,0.32699046338362747
1779,1779,0.03981928099875631,0.061943086165780224,0.32695264252996964
1780,1780,0.039839424998774575,0.0619270362484884,0.32691483770874696
1781,1781,0.039859633998730715,0.06191099478156987,0.3268770489087973
1782,1782,0.03988509299870202,0.06189496175743418,0.32683927611897257
1783,1783,0.03990729699870599,0.06187893716850435,0.32680151932813845
1784,1784,0.03992896599868345,0.061862921007216694,0.3267637785251748
1785,1785,0.03994962099869781,0.061846913266020834,0.3267260536989753
1786,1786,0.03996988299866189,0.061830913937379633,0.32668834483844744
1787,1787,0.039990085998624636,0.061814923013769264,0.32665065193251297
1788,1788,0.04001022599862836,0.06179894048767901,0.32661297497010683
1789,1789,0.04003019099860694,0.06178296635161133,0.32657531394017836
1790,1790,0.040050779998637154,0.061767000598081864,0.32653766883169044
1791,1791,0.040072697998652984,0.0617510432196193,0.3265000396336196
1792,1792,0.040093351998621074,0.061735094208765405,0.32646242633495665
1793,1793,0.04011398899865526,0.06171915355807494,0.3264248289247054
1794,1794,0.04013433299866165,0.06170322126011566,0.3263872473918839
1795,1795,0.04015476199867862,0.061687297307468365,0.3263496817255235
1796,1796,0.04017512699863346,0.06167138169272666,0.32631213191466946
1797,1797,0.04019512699863981,0.061655474408497134,0.3262745979483806
1798,1798,0.04021501199861177,0.06163957544739913,0.32623707981572925
1799,1799,0.04023542199865915,0.06162368480206492,0.3261995775058015
1800,1800,0.040255812998680085,0.06160780246513952,0.3261620910076967
1801,1801,0.0402758909987142,0.061591928429280664,0.3261246203105281
1802,1802,0.04029605399875891,0.06157606268715888,0.3260871654034221
1803,1803,0.040316393998750755,0.06156020523145738,0.3260497262755187
1804,1804,0.040343378998784374,0.061544356054871935,0.32601230291597133
1805,1805,0.04036694799879115,0.061528515150111096,0.32597489531394713
1806,1806,0.0403891339987581,0.061512682509895826,0.32593750345862615
1807,1807,0.04040995999872621,0.06149685812695983,0.32590012733920226
1808,1808,0.04043060099871809,0.06148104199404925,0.3258627669448825
1809,1809,0.04045127899871659,0.06146523410392268,0.32582542226488714
1810,1810,0.040471769998703166,0.06144943444935125,0.32578809328844993
1811,1811,0.040492000998710864,0.061433643023118496,0.3257507800048179
1812,1812,0.04051258699865912,0.06141785981802034,0.3257134824032512
1813,1813,0.04053295999864304,0.061402084826865065,0.32567620047302337
1814,1814,0.04055345399865473,0.06138631804247331,0.3256389342034211
1815,1815,0.04057346499865844,0.06137055945767804,0.3256016835837443
1816,1816,0.04059366999865688,0.06135480906532444,0.325564448603306
1817,1817,0.04061410599865667,0.06133906685826993,0.3255272292514324
1818,1818,0.040634021998641856,0.061323332829384146,0.32549002551746287
1819,1819,0.0406541929986588,0.061307606971548974,0.32545283739074987
1820,1820,0.04067440999870087,0.06129188927765831,0.3254156648606588
1821,1821,0.04069462799873236,0.06127617974061828,0.3253785079165682
1822,1822,0.040714699998773085,0.061260478353347046,0.32534136654786977
1823,1823,0.0407348569988244,0.06124478510877484,0.325304240743968
1824,1824,0.04075487499881092,0.06122909999984382,0.3252671304942807
1825,1825,0.040775317998793525,0.06121342301950829,0.32523003578823806
1826,1826,0.04080048199875819,0.06119775416073438,0.3251929566152837
1827,1827,0.04082215599879646,0.06118209341650022,0.32515589296487424
1828,1828,0.0408443009987991,0.06116644077979582,0.32511884482647857
1829,1829,0.0408648959988227,0.06115079624362306,0.3250818121895791
1830,1830,0.040885230998810584,0.0611351598009956,0.32504479504367073
1831,1831,0.04090537299885,0.06111953144493901,0.32500779337826147
1832,1832,0.04092548399887619,0.06110391116849055,0.32497080718287163
1833,1833,0.040973469998903056,0.06108829896469929,0.324933836447035
1834,1834,0.040996886998925675,0.06107269482662595,0.32489688116029747
1835,1835,0.04101831799897582,0.06105709874734294,0.3248599413122179
1836,1836,0.04103933699894924,0.06104151071993441,0.3248230168923682
1837,1837,0.04106016199898477,0.06102593073749604,0.32478610789033246
1838,1838,0.04108092499899385,0.06101035879313515,0.32474921429570763
1839,1839,0.0411016629989831,0.06099479487997063,0.32471233609810346
1840,1840,0.041122534998976334,0.060979238991132896,0.3246754732871422
1841,1841,0.04114287499896818,0.06096369111976389,0.32463862585245856
1842,1842,0.04116611299895112,0.06094815125901697,0.32460179378370013
1843,1843,0.041186600998969425,0.06093261940205704,0.3245649770705267
1844,1844,0.04120700299898772,0.06091709554206037,0.3245281757026109
1845,1845,0.04122690799897555,0.06090157967221458,0.32449138966963786
1846,1846,0.04127092199900062,0.06088607178571874,0.3244546189613049
1847,1847,0.041293597998958376,0.06087057187578323,0.3244178635673221
1848,1848,0.04132243199893537,0.06085507993562964,0.324381123477412
1849,1849,0.04134360499892864,0.06083959595849098,0.32434439868130943
1850,1850,0.041363968998950895,0.0608241199376114,0.3243076891687616
1851,1851,0.041384254999002223,0.06080865186624635,0.32427099492952827
1852,1852,0.04140430999899536,0.060793191737662386,0.3242343159533815
1853,1853,0.04142445999900701,0.06077773954513728,0.3241976522301054
1854,1854,0.041444396999054334,0.06076229528195995,0.32416100374949697
1855,1855,0.04146455899905277,0.06074685894143036,0.324124370501365
1856,1856,0.04148472499906575,0.06073143051685962,0.3240877524755308
1857,1857,0.041504634999057544,0.060716010001569835,0.324051149661828
1858,1858,0.041524953999100944,0.06070059738889417,0.3240145620501022
1859,1859,0.04154493099912315,0.06068519267217675,0.32397798963021146
1860,1860,0.041564904999120245,0.060669795844772695,0.3239414323920259
1861,1861,0.04158506499913983,0.06065440690004803,0.32390489032542785
1862,1862,0.041605358999106556,0.0606390258313798,0.3238683634203118
1863,1863,0.041625507999128786,0.06062365263215572,0.3238318516665843
1864,1864,0.04164533299916684,0.06060828729577455,0.3237953550541643
1865,1865,0.04166530099917054,0.06059292981564581,0.3237588735729822
1866,1866,0.041685103999157036,0.06057758018518985,0.3237224072129813
1867,1867,0.04170497799913164,0.060562238397837725,0.3236859559641162
1868,1868,0.04174326299909126,0.06054690444703134,0.32364951981635415
1869,1869,0.041765462999137526,0.06053157832622319,0.3236130987596738
1870,1870,0.04179329399914877,0.06051626002887661,0.32357669278406614
1871,1871,0.041814279999186965,0.06050094954846551,0.3235403018795342
1872,1872,0.041834600999209215,0.06048564687847443,0.3235039260360927
1873,1873,0.04185490499918387,0.06047035201239857,0.3234675652437685
1874,1874,0.041877674999227565,0.0604550649437437,0.3234312194926002
1875,1875,0.0418983329992102,0.06043978566602616,0.3233948887726382
1876,1876,0.04191886699919678,0.060424514172772774,0.32335857307394517
1877,1877,0.04194954799919515,0.06040925045752092,0.32332227238659517
1878,1878,0.04197055399919236,0.060393994513818466,0.3232859867006743
1879,1879,0.04199080799924104,0.06037874633522374,0.32324971600628044
1880,1880,0.0420110049992104,0.0603635059153054,0.32321346029352316
1881,1881,0.04203112799922337,0.06034827324764265,0.32317721955252404
1882,1882,0.042051447999199354,0.060333048325824964,0.323140993773416
1883,1883,0.04207163199924935,0.0603178311434522,0.32310478294634404
1884,1884,0.04209209899920552,0.06030262169413457,0.32306858706146463
1885,1885,0.04211238399921058,0.060287419971492534,0.3230324061089461
1886,1886,0.04213255799925264,0.06027222596915686,0.3229962400789683
1887,1887,0.042152797999278846,0.06025703968076855,0.32296008896172274
1888,1888,0.042172897999250836,0.060241861099978866,0.3229239527474126
1889,1889,0.04221201099926475,0.06022669022044922,0.3228878314262526
1890,1890,0.04223472799924366,0.06021152703585116,0.32285172498846915
1891,1891,0.0422608539992666,0.060196371539866456,0.32281563342430003
1892,1892,0.04228201299929424,0.060181223726187005,0.3227795567239948
1893,1893,0.042302390999282125,0.06016608358851475,0.3227434948778143
1894,1894,0.04232273599927794,0.06015095112056172,0.3227074478760311
1895,1895,0.04234283599924993,0.06013582631605,0.32267141570892904
1896,1896,0.04236292099921002,0.06012070916871165,0.32263539836680366
1897,1897,0.04238311599920053,0.06010559967228882,0.32259939583996156
1898,1898,0.04240342899919369,0.06009049782053354,0.32256340811872125
1899,1899,0.042423568999197414,0.06007540360720786,0.32252743519341226
1900,1900,0.04244465899921579,0.06006031702608366,0.32249147705437564
1901,1901,0.04246482699920762,0.06004523807094282,0.3224555336919639
1902,1902,0.042485294999210055,0.060030166735577026,0.3224196050965408
1903,1903,0.04250542399921642,0.060015103013787846,0.3223836912584812
1904,1904,0.04252594599921622,0.06000004689938664,0.3223477921681719
1905,1905,0.0425458959991829,0.059984998386194616,0.32231190781601027
1906,1906,0.042566505999161564,0.05996995746804271,0.3222760381924053
1907,1907,0.04258663199914281,0.05995492413877164,0.3222401832877775
1908,1908,0.04260685499917827,0.059939898392231836,0.3222043430925579
1909,1909,0.04262694999914629,0.05992488022228344,0.3221685175971894
1910,1910,0.0426471299991249,0.0599098696227963,0.32213270679212574
1911,1911,0.04266713299909952,0.059894866587649864,0.322096910667832
1912,1912,0.04269204599910381,0.05987987111073323,0.32206112921478436
1913,1913,0.04271346699908918,0.05986488318594512,0.32202536242347
1914,1914,0.042735588999107676,0.05984990280719388,0.32198961028438755
1915,1915,0.04275613999908501,0.05983492996839734,0.32195387278804644
1916,1916,0.04277621199906889,0.05981996466348293,0.3219181499249672
1917,1917,0.042796655999097766,0.05980500688638756,0.32188244168568164
1918,1918,0.04281670099908297,0.0597900566310576,0.3218467480607324
1919,1919,0.04286345399913216,0.059775113891449,0.3218110690406733
1920,1920,0.042885951999096505,0.05976017866152703,0.32177540461606896
1921,1921,0.04290665199908972,0.05974525093526648,0.3217397547774952
1922,1922,0.04292733099907764,0.05973033070665147,0.3217041195155388
1923,1923,0.042947293999077374,0.059715417969675534,0.3216684988207971
1924,1924,0.042968016999054726,0.05970051271834156,0.32163289268387907
1925,1925,0.04298819999905845,0.05968561494666172,0.3215973010954041
1926,1926,0.04300813499907008,0.05967072464865756,0.3215617240460024
1927,1927,0.043028133999087004,0.05965584181835986,0.3215261615263154
1928,1928,0.04304857199912249,0.05964096644980869,0.3214906135269952
1929,1929,0.04306889299908789,0.059626098537053356,0.3214550800387049
1930,1930,0.043089175999114104,0.059611238074152396,0.321419561052118
1931,1931,0.04310922599910327,0.059596385055173465,0.32138405655791946
1932,1932,0.0431290729990792,0.05958153947419351,0.3213485665468044
1933,1933,0.043156255999122095,0.05956670132529856,0.3213130910094792
1934,1934,0.043179069999098374,0.05955187060258371,0.32127762993666054
1935,1935,0.04320133899909706,0.05953704730015333,0.32124218331907617
1936,1936,0.043222703999106216,0.059522231412120694,0.32120675114746455
1937,1937,0.043243213999119234,0.05950742293260827,0.3211713334125746
1938,1938,0.04326328999911766,0.059492621855747475,0.32113593010516606
1939,1939,0.04328343399913592,0.05947782817567882,0.32110054121600945
1940,1940,0.04330355599915947,0.05946304188655174,0.3210651667358857
1941,1941,0.04332352599914202,0.059448262982524695,0.3210298066555864
1942,1942,0.04334378599912725,0.05943349145776507,0.3209944609659141
1943,1943,0.04336366999910979,0.059418727306449204,0.3209591296576814
1944,1944,0.04338862499912466,0.059403970522762306,0.3209238127217119
1945,1945,0.0434089179991588,0.05938922110089853,0.3208885101488394
1946,1946,0.043429162999188975,0.05937447903506082,0.3208532219299087
1947,1947,0.043449275999194015,0.05935974431946109,0.3208179480557747
1948,1948,0.04346940799916865,0.05934501694831989,0.32078268851730296
1949,1949,0.04348944199921334,0.059330296915866755,0.3207474433053696
1950,1950,0.04350961099919459,0.05931558421633988,0.32071221241086095
1951,1951,0.04352976399923136,0.05930087884398633,0.3206769958246742
1952,1952,0.04355047199925366,0.05928618079306179,0.3206417935377166
1953,1953,0.0435703369992666,0.05927149005783071,0.320606605540906
1954,1954,0.043590559999245215,0.059256806632566245,0.3205714318251706
1955,1955,0.04361671299926684,0.05924213051155023,0.32053627238144905
1956,1956,0.04363920599928406,0.059227461689073134,0.3205011272006903
1957,1957,0.04366065399932495,0.05921280015943411,0.3204659962738534
1958,1958,0.04368111699932342,0.059198145916940864,0.3204308795919084
1959,1959,0.043701482999324526,0.05918349895590972,0.32039577714583506
1960,1960,0.04372172399928331,0.05916885927066559,0.32036068892662356
1961,1961,0.04374148299928038,0.05915422685554185,0.32032561492527445
1962,1962,0.043761560999257654,0.05913960170488054,0.3202905551327987
1963,1963,0.04378149999922698,0.05912498381303218,0.32025550954021703
1964,1964,0.0438016589992003,0.05911037317435566,0.32022047813856086
1965,1965,0.04382168599920533,0.05909576978321849,0.3201854609188718
1966,1966,0.04384201499919982,0.05908117363399652,0.32015045787220126
1967,1967,0.043862039999226,0.059066584721074115,0.3201154689896113
1968,1968,0.04388191699922572,0.05905200303884403,0.32008049426217366
1969,1969,0.04390204499924266,0.05903742858170732,0.32004553368097083
1970,1970,0.043922118999205395,0.05902286134407356,0.32001058723709486
1971,1971,0.043942117999165475,0.05900830132036051,0.3199756549216482
1972,1972,0.04396229999917978,0.0589937485049944,0.3199407367257433
1973,1973,0.043982261999190086,0.05897920289240971,0.3199058326405028
1974,1974,0.04400231499914753,0.0589646644770492,0.3198709426570593
1975,1975,0.044029140999157335,0.058950133253363915,0.31983606676655546
1976,1976,0.044049698999174325,0.05893560921581315,0.3198012049601439
1977,1977,0.044073851999201,0.058921092358864426,0.31976635722898744
1978,1978,0.04409550999923795,0.0589065826769935,0.31973152356425866
1979,1979,0.044117725999228696,0.05889208016468426,0.31969670395714045
1980,1980,0.044138604999204745,0.05887758481642883,0.31966189839882525
1981,1981,0.04415900499924419,0.05886309662672745,0.31962710688051577
1982,1982,0.04417921399925717,0.05884861559008853,0.3195923293934244
1983,1983,0.044199065999237064,0.05883414170102856,0.3195575659287737
1984,1984,0.04421963899920911,0.05881967495407212,0.31952281647779607
1985,1985,0.0442397389991811,0.05880521534375189,0.31948808103173354
1986,1986,0.04427122599918221,0.0587907628646086,0.31945335958183835
1987,1987,0.04429204299913181,0.05877631751119101,0.3194186521193723
1988,1988,0.04431257399915012,0.05876187927805595,0.31938395863560726
1989,1989,0.04433256099918026,0.05874744815976813,0.31934927912182476
1990,1990,0.04435278299916945,0.05873302415090038,0.3193146135693161
1991,1991,0.04437286199919299,0.05871860724603339,0.3192799619693827
1992,1992,0.04439273399918875,0.05870419743975588,0.3192453243133352
1993,1993,0.04441254999915145,0.05868979472666436,0.31921070059249446
1994,1994,0.04443243399913399,0.0586753991013634,0.3191760907981908
1995,1995,0.04445212499911122,0.0586610105584654,0.31914149492176447
1996,1996,0.04447223899916253,0.05864662909259057,0.3191069129545654
1997,1997,0.04449223099913979,0.05863225469836706,0.3190723448879529
1998,1998,0.04453398299915534,0.05861788737043077,0.3190377907132963
1999,1999,0.044557162999126376,0.05860352710342552,0.3190032504219745
2000,2000,0.04458588899910865,0.058589173892002806,0.31896872400537607
