epoch,updates,time,train_loss,val_rmse
1,1,2.9089999998177518e-05,0.4651971772303783,0.7519448252899162
2,2,5.191899998635563e-05,0.4416802824768759,0.7417431361221524
3,3,7.335300000477218e-05,0.4221906985668179,0.7326427115796941
4,4,9.901599997874655e-05,0.4054082260804269,0.724132389662019
5,5,0.00012056700001039644,0.39061185419156746,0.7160205781477613
6,6,0.00014097100000753926,0.37735475986725975,0.708230946259053
7,7,0.00016288099999428596,0.36533795605231134,0.7007314278795768
8,8,0.0001829029999953491,0.35434836311715323,0.6935050652641047
9,9,0.00020311200000833196,0.34422663482695237,0.686538974439204
10,10,0.00022282300005826983,0.33484941548575436,0.6798208201086747
11,11,0.0002425430000698725,0.32611885634233334,0.6733381316550904
12,12,0.0002623340000695862,0.31795596569376466,0.6670785194007706
13,13,0.0002821470000640147,0.3102961121932004,0.6610300475182289
14,14,0.00030938000008973177,0.30308582446341303,0.6551815215459529
15,15,0.0003296480001040436,0.29628042662181875,0.6495226443551103
16,16,0.0003496540001037829,0.2898422460031056,0.6440440609097813
17,17,0.00036944800007177037,0.28373923116852323,0.6387373270470958
18,18,0.00038927100007413173,0.2779438740133719,0.6335948340660125
19,19,0.000409419000050093,0.2724323623630609,0.6286097127089897
20,20,0.00042866100005767294,0.26718390984892026,0.6237757321647428
21,21,0.0004484420000494538,0.2621802234571886,0.6190872034855566
22,22,0.00046822900009146906,0.25740507868787893,0.6145388924132024
23,23,0.0004876830000739574,0.2528439792121642,0.610125943719074
24,24,0.0005072760000643939,0.2484838831138952,0.6058438173884796
25,25,0.0005267090000415919,0.24431298175282892,0.6016882359700859
26,26,0.0005523470000525776,0.24032052032578716,0.597655141905089
27,27,0.0005747310000288053,0.2364966515551646,0.5937406634584936
28,28,0.0005958430000418957,0.23283231576527816,0.5899410878687894
29,29,0.000616044000025795,0.2293191420365104,0.5862528404282247
30,30,0.0006362440000202696,0.22594936624582793,0.5826724683505071
31,31,0.0006562410000015007,0.2227157626792806,0.5791966284436174
32,32,0.0006759609999562599,0.21961158659079338,0.5758220777637497
33,33,0.0006960239999216355,0.21663052562315208,0.5725456665721756
34,34,0.0007160559999306315,0.21376665843357517,0.569364333045523
35,35,0.0007355069998880026,0.21101441920255928,0.5662750993003083
36,36,0.000761792999867339,0.2083685669702334,0.563275068385139
37,37,0.0007825409998645227,0.20582415895443784,0.5603614219703675
38,38,0.000802949999865632,0.20337652717103388,0.5575314185270961
39,39,0.0008223419998785175,0.20102125780885657,0.5547823918373557
40,40,0.0008411999999111686,0.19875417291653277,0.5521117497169834
41,41,0.0008598459999120678,0.19657131404182404,0.5495169728639618
42,42,0.0008789289998958338,0.19446892753071157,0.5469956137693386
43,43,0.0008978009998941161,0.19244345124664677,0.5445452956466288
44,44,0.000916270999880453,0.19049150251303293,0.5421637113499365
45,45,0.0009352169998919635,0.18860986711626254,0.5398486222618357
46,46,0.0009541589998889322,0.18679548923423922,0.5375978571400899
47,47,0.0009730559999070465,0.18504546217762308,0.5354093109181467
48,48,0.001013541999896006,0.18335701984913325,0.5332809434585524
49,49,0.0010352169998668614,0.18172752884096555,0.5312107782613306
50,50,0.0010552159998837851,0.18015448110241492,0.5291969011313209
51,51,0.0010745979998887378,0.17863548711966276,0.527237458809672
52,52,0.0010936029998447339,0.17716826955782508,0.5253306575753591
53,53,0.0011126099998364225,0.17575065732208978,0.5234747618228704
54,54,0.0011315819998571897,0.1743805800003772,0.5216680926221974
55,55,0.0011507609998488988,0.17305606265464138,0.5199090262670716
56,56,0.001169508999851132,0.17177522093187161,0.5181959928170583
57,57,0.0011892799998349801,0.1705362564691802,0.5165274746387137
58,58,0.0012087069998187872,0.16933745257019672,0.514902004950557
59,59,0.0012283599998568207,0.16817717013240271,0.513318166376147
60,60,0.001249356999835527,0.16705384380712426,0.5117745895090773
61,61,0.0012693869998656737,0.16596597837569504,0.5102699514932587
62,62,0.0012890139998944505,0.16491214532685894,0.5088029746214187
63,63,0.001309145999869088,0.16389097962185484,0.5073724249543489
64,64,0.0013286399998833076,0.1629011766348096,0.5059771109630565
65,65,0.0013481399998909183,0.16194148925713484,0.5046158821956328
66,66,0.0013678269999104486,0.1610107251555495,0.5032876279703427
67,67,0.001387305999912769,0.160107744174188,0.5019912760961588
68,68,0.0014064989999269528,0.15923145587199847,0.5007257916217133
69,69,0.0014260949999425065,0.1583808171873035,0.49949017561341585
70,70,0.0014454999999315987,0.15755483022200015,0.49828346396329015
71,71,0.001482628999951885,0.15675254013841838,0.4971047262269031
72,72,0.0015041869999663504,0.15597303316235395,0.4959530644916113
73,73,0.0015245919999529178,0.15521543468623927,0.49482761227520977
74,74,0.0015444419999539605,0.15447890746682702,0.4937275334549561
75,75,0.001564617999974871,0.15376264991213456,0.492652021226835
76,76,0.0015841959999534083,0.1530658944527444,0.4916002970948467
77,77,0.0016035799999372102,0.15238790599286725,0.4905716098900216
78,78,0.0016234309999276775,0.1517279804368687,0.48956523481880276
79,79,0.0016725919999203143,0.15108544328722667,0.48858047254038023
80,80,0.0016939789999241839,0.15045964831013636,0.4876166482725174
81,81,0.0017144449998909295,0.14984997626520574,0.4866731109253679
82,82,0.001735282999845822,0.14925583369590137,0.4857492322627538
83,83,0.0017552129998534838,0.14867665177759848,0.4848444060903446
84,84,0.0017748769998320313,0.14811188522027385,0.48395804747016224
85,85,0.001794648999805304,0.14756101122305185,0.4830895919608132
86,86,0.0018137959997943653,0.14702352847797148,0.48223849488284565
87,87,0.0018333159998178417,0.14649895622049178,0.48140423060861326
88,88,0.0018527409998227995,0.14598683332439216,0.4805862918760257
89,89,0.0018724349998251455,0.14548671743885294,0.47978418912556314
90,90,0.0018919489997983874,0.14499818416562352,0.4789974498599298
91,91,0.0019115409997993993,0.14452082627429924,0.47822561802572444
92,92,0.0019309049997673355,0.14405425295383442,0.47746825341650934
93,93,0.0019708539998077867,0.1435980890985199,0.47672493109666286
94,94,0.002003025999840702,0.1431519746267462,0.4759952408454086
95,95,0.002025661999823569,0.14271556383096357,0.47527878662042045
96,96,0.0020460219998312823,0.1422885247573312,0.47457518604041216
97,97,0.0020777459998271297,0.14187053861362828,0.4738840698861284
98,98,0.0020982699998057797,0.14146129920407147,0.4732050816191645
99,99,0.0021181139998134313,0.14106051238975442,0.47253787691805443
100,100,0.0021378599997774472,0.14066789557348885,0.4718821232310733
101,101,0.0021573359997546504,0.14028317720789005,0.47123749934521786
102,102,0.0021768559997781267,0.1399060963256076,0.4706036949708355
103,103,0.0022041549997879883,0.13953640209065563,0.469980410341386
104,104,0.002224094999803583,0.13917385336985233,0.4693673558278346
105,105,0.002243862999762314,0.13881821832342464,0.46876425156718254
106,106,0.0022636969997620326,0.13846927401388193,0.468170827104659
107,107,0.0022834809997789307,0.13812680603230706,0.4675868210491062
108,108,0.002303063999818278,0.13779060814125413,0.46701198074110567
109,109,0.002322595999828536,0.13746048193348193,0.4664460619334036
110,110,0.002343268999823067,0.13713623650579024,0.4658888284832057
111,111,0.0023630669998055964,0.13681768814726075,0.4653400520559267
112,112,0.002382926999814572,0.13650466004123923,0.4647995118399881
113,113,0.002402735999851302,0.13619698198042576,0.4642669942722725
114,114,0.0024221759998113157,0.13589449009447277,0.4637422927738539
115,115,0.002447126999811644,0.13559702658951592,0.46322520749563445
116,116,0.002468845999771929,0.13530443949909446,0.46271554507352936
117,117,0.0024889759997677174,0.1350165824459395,0.4622131183928559
118,118,0.002510273999803303,0.13473331441413616,0.46171774636158786
119,119,0.0025303689997713263,0.1344544995311874,0.4612292536921534
120,120,0.00255023799979881,0.13418000685953108,0.46074747069146127
121,121,0.002569902999766782,0.1339097101970803,0.4602722330588515
122,122,0.002589593999744011,0.13364348788638133,0.4598033816916778
123,123,0.002608853999731764,0.133381222631998,0.4593407624982371
124,124,0.002628224999739359,0.13312280132575285,0.4588842262177728
125,125,0.002648092999720575,0.13286811487947145,0.4584336282472873
126,126,0.0026689929997019135,0.13261705806489266,0.4579888284749062
127,127,0.0026889259997346926,0.13236952936042373,0.4575496911195509
128,128,0.002708587999734391,0.1321254308044338,0.45711608457667857
129,129,0.002727920999689104,0.13188466785479305,0.45668788126986065
130,130,0.0027479879996690215,0.13164714925437979,0.4562649575079798
131,131,0.00276802199971371,0.13141278690228858,0.45584719334782947
132,132,0.0027882199997293355,0.13118149573048635,0.45543447246191204
133,133,0.0028077739997343087,0.13095319358567453,0.45502668201123536
134,134,0.0028277539997247914,0.13072780111612653,0.4546237125229187
135,135,0.0028478589997007475,0.13050524166327962,0.45422545777242146
136,136,0.0028673409996713417,0.1302854411578719,0.4538318146702186
137,137,0.0028948989996706587,0.1300683280204236,0.4534426831527516
138,138,0.0029168589996970695,0.12985383306587084,0.45305796607749027
139,139,0.0029371669996862693,0.1296418894121698,0.45267756912194684
140,140,0.002957283999705851,0.12943243239269692,0.4523014006864899
141,141,0.0029776769997056363,0.12922539947227807,0.4519293718008115
142,142,0.002997372999743675,0.1290207301666887,0.45156139603390605
143,143,0.003016833999708979,0.12881836596547305,0.4511973894074251
144,144,0.0030366809996849042,0.12861825025793705,0.45083727031227716
145,145,0.0030563859996846077,0.1284203282621775,0.4504809594283468
146,146,0.0030759629997305638,0.1282245469570153,0.4501283796472127
147,147,0.003095862999714427,0.12803085501670622,0.44977945599774655
148,148,0.0031224649997056986,0.12783920274830982,0.44943411557448354
149,149,0.0031425209996882586,0.12764954203160064,0.44909228746865437
150,150,0.0031627789996946376,0.1274618262614121,0.44875390270177695
151,151,0.003182768999693053,0.12727601029230898,0.4484188941617078
152,152,0.003202496999676896,0.12709205038548751,0.44808719654105783
153,153,0.0032226939997030968,0.1269099041578076,0.4477587462778803
154,154,0.0032423249997464154,0.12672953053286598,0.4474334814985432
155,155,0.0032618259997434507,0.12655088969402328,0.44711134196270075
156,156,0.0032817939997471512,0.12637394303930063,0.44679226901028346
157,157,0.0033013599997389065,0.12619865313806716,0.4464762055104265
158,158,0.003320954999708192,0.12602498368944182,0.4461630958122639
159,159,0.003356969999742887,0.12585289948233636,0.4458528856975135
160,160,0.0033791979997772614,0.12568236635707092,0.4455455223347857
161,161,0.003399435999824618,0.12551335116849455,0.4452409542355474
162,162,0.0034194679997767707,0.1253458217505484,0.4449391312116777
163,163,0.0034389989997976045,0.12517974688220954,0.444640004334555
164,164,0.003458966999801305,0.12501509625475882,0.44434352589561377
165,165,0.003478991999770642,0.12485184044031584,0.44404964936831726
166,166,0.0034987829997703557,0.12468995086158957,0.443758329371489
167,167,0.0035431409997386254,0.12452939976279204,0.44346952163395253
168,168,0.0035660889997757295,0.12437016018166866,0.44318318296042797
169,169,0.0035865919998059326,0.12421220592259696,0.44289927119863787
170,170,0.0036081299998045324,0.12405551153071091,0.4426177452075753
171,171,0.0036284219997924083,0.12390005226700745,0.44233856482689005
172,172,0.003648215999760396,0.12374580408439505,0.4420616908473503
173,173,0.003667855999708536,0.1235927436046456,0.441787084982338
174,174,0.003688258999716254,0.12344084809621257,0.4415147098403388
175,175,0.0037083019997226074,0.12329009545287939,0.4412445288983899
176,176,0.0037283179997302796,0.12314046417320518,0.44097650647644643
177,177,0.0037483189997260524,0.12299193334073423,0.4407106077126351
178,178,0.0037683039997205015,0.1228444826049389,0.44044679853935836
179,179,0.0037887149997573033,0.12269809216286597,0.44018504566021915
180,180,0.003808777999722679,0.12255274274145792,0.43992531652773376
181,181,0.0038484369997036083,0.12240841558052218,0.43966757932180384
182,182,0.003870353999730014,0.12226509241632193,0.439411802928919
183,183,0.003891323999710039,0.12212275546576355,0.4391579569220623
184,184,0.003911706999701892,0.12198138741115759,0.4389060115412921
185,185,0.003932326999688485,0.12184097138552899,0.438655937674976
186,186,0.003952723999702812,0.12170149095845625,0.4384077068416512
187,187,0.003972814999713137,0.12156293012241709,0.43816129117248853
188,188,0.0039928919997578305,0.12142527327962198,0.437916663394339
189,189,0.0040132449997258846,0.12128850522931514,0.43767379681333857
190,190,0.004032978999759962,0.12115261115552531,0.437432665299053
191,191,0.004053536999720109,0.1210175766152483,0.4371932432691417
192,192,0.00408064099974581,0.1208833875270447,0.4369555056745218
193,193,0.004101268999704644,0.12075003016003655,0.43671942798501395
194,194,0.004121234999672652,0.12061749112328729,0.43648498617545256
195,195,0.004141558999663175,0.1204857573555502,0.43625215671224266
196,196,0.00416156399967349,0.12035481611537117,0.4360209165403491
197,197,0.004181993999679889,0.12022465497153226,0.43579124307069933
198,198,0.004201847999695474,0.12009526179382282,0.435563114167988
199,199,0.004222109999716395,0.11996662474412564,0.4353365081388669
200,200,0.0042418839996685165,0.11983873226780642,0.4351114037205068
201,201,0.004262340999673597,0.11971157308539429,0.43488778006951817
202,202,0.004282703999649584,0.1195851361845435,0.43466561675121806
203,203,0.0043205409996289745,0.11945941081226479,0.4344448937292296
204,204,0.0043435419996740166,0.11933438646741648,0.4342255913554048
205,205,0.004365138999673945,0.11921005289344569,0.43400769036005565
206,206,0.004385824999644683,0.11908640007137047,0.4337911718424864
207,207,0.004406420999657712,0.11896341821299349,0.4335760172618135
208,208,0.004426549999664076,0.11884109775433918,0.433362208428065
209,209,0.004446514999699502,0.11871942934930547,0.4331497274935481
210,210,0.004466680999655637,0.11859840386352294,0.4329385569444771
211,211,0.0044868249996739,0.11847801236841321,0.4327286795928516
212,212,0.0045067549996815615,0.11835824613543934,0.43252007856857655
213,213,0.00452679699969849,0.11823909663054195,0.43231273731181563
214,214,0.004553218999660658,0.11812055550875308,0.4321066395655712
215,215,0.004574280999634084,0.11800261460898266,0.431901769368481
216,216,0.004594589999612708,0.11788526594897014,0.4316981110478256
217,217,0.004614764999587351,0.11776850172039698,0.4314956492127393
218,218,0.004634821999559335,0.11765231428415189,0.4312943687476174
219,219,0.004654741999559064,0.11753669616574619,0.43109425480571323
220,220,0.004674570999554817,0.11742164005087141,0.43089529280291805
221,221,0.004694338999570391,0.11730713878109594,0.4306974684117194
222,222,0.004714217999548964,0.11719318534969483,0.4305007675553295
223,223,0.004734156999575134,0.1170797728976083,0.43030517640198007
224,224,0.004753924999533865,0.1169668947095247,0.4301106813593771
225,225,0.004773771999566634,0.11685454421008361,0.4299172690693108
226,226,0.004798675999552415,0.116742714960194,0.4297249264024149
227,227,0.004820225999537797,0.11663140065346535,0.4295336404530712
228,228,0.004840534999573265,0.11652059511274557,0.42934339853445463
229,229,0.004870626999547767,0.116410292286764,0.42915418817371315
230,230,0.004891002999556804,0.11630048624687479,0.4289659971072796
231,231,0.004911379999555265,0.11619117118389755,0.4287788132763108
232,232,0.004931750999560336,0.11608234140505225,0.4285926248222488
233,233,0.004951749999520416,0.11597399133098459,0.4284074200825021
234,234,0.0049728309995202835,0.11586611549287948,0.4282231875862419
235,235,0.004993798999521459,0.11575870852965928,0.4280399160503093
236,236,0.005020206999517995,0.11565176518526392,0.4278575943752324
237,237,0.005041863999508678,0.11554528030601056,0.4276762116413461
238,238,0.005062654999505867,0.11543924883802983,0.4274957571050147
239,239,0.005082765999532057,0.11533366582477615,0.4273162201949525
240,240,0.005103334999546405,0.11522852640461005,0.42713759050864
241,241,0.005123773999514469,0.11512382580844953,0.4269598578088314
242,242,0.005144049999501021,0.1150195593574888,0.4267830120201534
243,243,0.005164692999528597,0.11491572246098218,0.426607043225789
244,244,0.005185051999490042,0.11481231061409045,0.42643194166424697
245,245,0.005205137999496401,0.1147093193957882,0.42625769772621164
246,246,0.005225723999501497,0.1146067444668304,0.42608430195147295
247,247,0.00524586799951976,0.11450458156777558,0.42591174502593265
248,248,0.005270521999534594,0.11440282651706449,0.42574001777868514
249,249,0.005292107999537166,0.11430147520915218,0.4255691111791708
250,250,0.005313064999540984,0.11420052361269203,0.42539901633439914
251,251,0.005333852999569899,0.11409996776876956,0.4252297244862403
252,252,0.005354101999614613,0.11399980378918535,0.42506122700878274
253,253,0.005374371999607774,0.11390002785478477,0.4248935154057545
254,254,0.005394872999602285,0.11380063621383331,0.4247265813080074
255,255,0.005439927999645988,0.11370162518043651,0.4245604164710615
256,256,0.005463069999620984,0.11360299113300229,0.4243950127727085
257,257,0.005493855999588959,0.11350473051274515,0.42423036221067184
258,258,0.005516092999584998,0.1134068398222307,0.4240664569003223
259,259,0.005537536999554504,0.11330931562395892,0.42390328907244806
260,260,0.005558452999537167,0.11321215453898596,0.42374085107107634
261,261,0.005579088999525084,0.11311535324558188,0.42357913535134645
262,262,0.005600275999540827,0.11301890847792478,0.42341813447743215
263,263,0.0056203919995141405,0.11292281702482902,0.423257841120512
264,264,0.0056415119995563145,0.11282707572850724,0.4230982480567863
265,265,0.0056620359995349645,0.11273168148336483,0.42293934816554035
266,266,0.00568253599954005,0.11263663123482626,0.42278113442725046
267,267,0.005703266999546486,0.11254192197819145,0.4226235999217345
268,268,0.005742379999560399,0.1124475507575228,0.422466737826343
269,269,0.005764820999559106,0.11235351466456037,0.42231054141419194
270,270,0.0057862089995524,0.11225981083766534,0.4221550040524345
271,271,0.005806646999587883,0.11216643646079112,0.4220001192005715
272,272,0.005827384999577134,0.11207338876248008,0.42184588040879945
273,273,0.005847926999592801,0.11198066501488688,0.4216922813163953
274,274,0.005868417999636222,0.11188826253282616,0.42153931565013586
275,275,0.0058889809996571785,0.11179617867284465,0.4213869772227531
276,276,0.005909272999645054,0.11170441083231693,0.4212352599314221
277,277,0.005929830999662045,0.1116129564485639,0.42108415775628233
278,278,0.005950236999638037,0.1115218129979936,0.4209336647589907
279,279,0.0059773489996359785,0.11143097799526368,0.420783775081306
280,280,0.0059984319996715385,0.11134044899246469,0.4206344829437029
281,281,0.006018774999688503,0.11125022357832412,0.420485782644017
282,282,0.006039054999689597,0.11116029937742984,0.42033766855611676
283,283,0.0060592469997118314,0.11107067404947314,0.42019013512860526
284,284,0.006079811999711637,0.11098134528851059,0.42004317688354803
285,285,0.006099941999764269,0.11089231082224382,0.4198967884152284
286,286,0.006120949999797176,0.11080356841131746,0.4197509643889281
287,287,0.006140939999852435,0.11071511584863383,0.4196056995397342
288,288,0.006161587999827134,0.1106269509586849,0.41946098867136933
289,289,0.00618186699978196,0.11053907159690037,0.41931682665504766
290,290,0.006221790999802579,0.11045147564901142,0.419173208428353
291,291,0.006245966999756547,0.1103641610304303,0.4190301289941407
292,292,0.006268000999739343,0.11027712568564459,0.4188875834194615
293,293,0.006289574999755132,0.11019036758762657,0.4187455668345071
294,294,0.006310717999724602,0.11010388473725605,0.41860407443157777
295,295,0.006331127999715136,0.11001767516275802,0.4184631014640696
296,296,0.006355156999688916,0.10993173691915284,0.41832264324548324
297,297,0.0063757629997098775,0.1098460680877203,0.41818269514845113
298,298,0.006396263999704388,0.109760666775476,0.41804325260378544
299,299,0.006416905999685696,0.10967553111466043,0.417904311099544
300,300,0.0064373789996921005,0.10959065926223986,0.4177658661801144
301,301,0.006460465999680309,0.10950604939941952,0.41762791344531736
302,302,0.00648064999967346,0.10942169973116768,0.417490448549526
303,303,0.006500547999678474,0.1093376084857513,0.4173534672008036
304,304,0.006520377999720495,0.10925377391428262,0.4172169651600573
305,305,0.006540179999717566,0.10917019429027576,0.4170809382402087
306,306,0.006560191999710696,0.10908686790921468,0.41694538230538025
307,307,0.006580101999702492,0.10900379308813013,0.41681029327009705
308,308,0.0065995009996981935,0.10892096816518733,0.4166756670985041
309,309,0.006618830999684633,0.10883839149928225,0.41654149980359867
310,310,0.006639263999659306,0.10875606146964825,0.41640778744647666
311,311,0.006658753999658984,0.10867397647547093,0.41627452613559407
312,312,0.00671429799967882,0.10859213493551227,0.41614171202604167
313,313,0.006735825999669487,0.10851053528774322,0.4160093413188333
314,314,0.006756355999641528,0.10842917598898479,0.41587741026020825
315,315,0.006776657999637337,0.10834805551455716,0.41574591514094555
316,316,0.0067969089996609,0.10826717235793709,0.41561485229569195
317,317,0.006816630999651352,0.10818652503042252,0.41548421810230174
318,318,0.006837147999647186,0.10810611206080543,0.41535400898118896
319,319,0.006856740999637623,0.1080259319950517,0.41522422139469184
320,320,0.006876626999655855,0.10794598339598811,0.4150948518464478
321,321,0.006896221999681984,0.10786626484299663,0.41496589688078134
322,322,0.006916029999672446,0.10778677493171539,0.4148373530821018
323,323,0.006943268999691554,0.10770751227374634,0.4147092170743128
324,324,0.006963462999692638,0.10762847549636959,0.41458148552023205
325,325,0.006982937999680416,0.1075496632422636,0.41445415512102146
326,326,0.007002759999693353,0.10747107416923245,0.41432722261562777
327,327,0.007022330999689075,0.10739270694993816,0.4142006847802332
328,328,0.007042303999696742,0.10731456027163958,0.41407453842771536
329,329,0.007062008999696445,0.10723663283593686,0.4139487804071173
330,330,0.007081485999663073,0.10715892335852137,0.4138234076031269
331,331,0.007101644999693235,0.10708143056893137,0.4136984169355649
332,332,0.007121285999687643,0.10700415321031258,0.41357380535888266
333,333,0.007140972999707174,0.10692709003918452,0.41344956986166825
334,334,0.00717684399967311,0.10685023982521162,0.41332570746616115
335,335,0.0071995369996784575,0.10677360135097914,0.4132022152277755
336,336,0.007220667999661146,0.10669717341177426,0.41307909023463213
337,337,0.007240684999658242,0.10662095481537162,0.41295632960709716
338,338,0.007262114999662117,0.10654494438182377,0.4128339304973307
339,339,0.007282183999620884,0.10646914094325576,0.41271189008884124
340,340,0.007302030999596809,0.10639354334366433,0.41259020559604925
341,341,0.0073220199996058,0.10631815043872152,0.41246887426385687
342,342,0.00736911899957704,0.10624296109558205,0.4123478933672264
343,343,0.007390291999570309,0.10616797419269515,0.4122272602107644
344,344,0.007410640999580664,0.10609318861962039,0.4121069721283142
345,345,0.00743165299957127,0.10601860327684684,0.4119870264825538
346,346,0.007451565999588183,0.10594421707561703,0.41186742066460225
347,347,0.007471361999591863,0.10587002893775346,0.41174815209363114
348,348,0.007491274999608777,0.10579603779548992,0.4116292182164831
349,349,0.007510947999605833,0.10572224259130522,0.41151061650729703
350,350,0.007530589999589665,0.10564864227776109,0.411392344467139
351,351,0.007550271999605229,0.10557523581734342,0.4112743996236394
352,352,0.007569834999628711,0.10550202218230632,0.4111567795306362
353,353,0.007589133999601927,0.10542900035452003,0.4110394817678237
354,354,0.007609141999580515,0.10535616932532131,0.4109225039404079
355,355,0.0076288199995815376,0.10528352809536752,0.4108058436787662
356,356,0.0076548409995780275,0.1052110756744933,0.4106894986381139
357,357,0.007675877999588465,0.10513881108157018,0.4105734664981751
358,358,0.0076964659995724105,0.10506673334436947,0.41045774496285975
359,359,0.007716467999557608,0.10499484149942725,0.4103423317599451
360,360,0.00773665799954415,0.10492313459191269,0.4102272246407632
361,361,0.007756425999559724,0.10485161167549892,0.4101124213798927
362,362,0.007776202999536963,0.10478027181223605,0.4099979197748552
363,363,0.007795939999482471,0.10470911407242736,0.4098837176458182
364,364,0.007815952999465026,0.1046381375345077,0.4097698128353005
365,365,0.007835454999451485,0.10456734128492418,0.4096562032078838
366,366,0.007855640999423485,0.10449672441801941,0.40954288664992844
367,367,0.007881774999418667,0.10442628603591719,0.40942986106929347
368,368,0.007901846999459394,0.10435602524841003,0.4093171243950611
369,369,0.007921887999486898,0.10428594117284934,0.40920467457726595
370,370,0.007941652999477355,0.10421603293403751,0.40909250958662774
371,371,0.007960959999479655,0.10414629966412234,0.4089806274142886
372,372,0.007980707999479364,0.10407674050249313,0.40886902607155484
373,373,0.008000098999502825,0.10400735459567936,0.40875770358964175
374,374,0.008019630999513083,0.10393814109725077,0.40864665801942307
375,375,0.0080390369994916,0.10386909916771991,0.4085358874311843
376,376,0.008058575999484674,0.10380022797444602,0.40842538991437916
377,377,0.008077769999488282,0.10373152669154125,0.4083151635773905
378,378,0.008098061999533002,0.10366299449977844,0.4082052065472947
379,379,0.008123266999575662,0.10359463058650073,0.40809551696962926
380,380,0.008144128999617806,0.10352643414553273,0.40798609300816413
381,381,0.00816442299958453,0.10345840437709375,0.40787693284467685
382,382,0.0081847019995962,0.10339054048771217,0.4077680346787306
383,383,0.008204256999590598,0.1033228416901419,0.40765939672745544
384,384,0.00822433999957184,0.10325530720328029,0.4075510172253337
385,385,0.00824399099957418,0.10318793625208712,0.4074428944239876
386,386,0.008263222999573827,0.10312072806750598,0.4073350265919707
387,387,0.008282680999570857,0.10305368188638626,0.4072274120145619
388,388,0.008302736999553417,0.10298679695140715,0.40712004899356324
389,389,0.008321735999572866,0.10292007251100271,0.40701293584709985
390,390,0.008347069999558698,0.10285350781928866,0.40690607090942343
391,391,0.00836730399953467,0.10278710213599007,0.4067994525307181
392,392,0.00838710999948944,0.10272085472637091,0.40669307907691005
393,393,0.008407446999513013,0.10265476486116432,0.40658694892947894
394,394,0.008427040999492874,0.10258883181650473,0.4064810604852722
395,395,0.00844628799950442,0.10252305487386046,0.4063754121563229
396,396,0.008466206999514725,0.10245743331996857,0.40627000236966915
397,397,0.008485672999483995,0.10239196644676986,0.4061648295671767
398,398,0.008505082999477054,0.10232665355134574,0.4060598922053643
399,399,0.008524658999476742,0.10226149393585567,0.40595518875523084
400,400,0.008544448999487031,0.10219648690747632,0.4058507177020856
401,401,0.008570346999476897,0.10213163177834134,0.4057464775453808
402,402,0.008605151999461214,0.10206692786548244,0.40564246679854615
403,403,0.00862762899947711,0.10200237449077117,0.40553868398882675
404,404,0.008648151999466336,0.10193797098086241,0.4054351276571216
405,405,0.00866838299941719,0.10187371666713799,0.4053317963578263
406,406,0.008689052999443447,0.10180961088565191,0.4052286886586765
407,407,0.008708605999458996,0.10174565297707633,0.40512580314059443
408,408,0.008728473999440212,0.10168184228664835,0.4050231383975371
409,409,0.008748272999412166,0.10161817816411792,0.404920693036347
410,410,0.008768099999429069,0.10155465996369653,0.40481846567660434
411,411,0.008787645999404958,0.1014912870440068,0.40471645495048203
412,412,0.00880900299938503,0.10142805876803283,0.40461465950260206
413,413,0.008828946999358323,0.10136497450307165,0.40451307798989433
414,414,0.008849020999321056,0.10130203362068517,0.40441170908145724
415,415,0.00886866499934058,0.10123923549665319,0.40431055145842
416,416,0.00888823699938257,0.10117657951092698,0.4042096038138073
417,417,0.008908137999412702,0.10111406504758391,0.4041088648524053
418,418,0.008928037999396565,0.10105169149478245,0.4040083332906299
419,419,0.008947632999422694,0.10098945824471837,0.4039080078563966
420,420,0.008967533999395982,0.10092736469358116,0.40380788728899203
421,421,0.008987005999415487,0.10086541024151176,0.4037079703389475
422,422,0.009006620999400639,0.10080359429256029,0.4036082557679139
423,423,0.009034346999442278,0.10074191625464499,0.40350874234853884
424,424,0.009056006999458077,0.10068037553951176,0.4034094288643448
425,425,0.00907585499948027,0.10061897156269396,0.4033103141096091
426,426,0.009371479999458643,0.10055770374347356,0.4032113968892461
427,427,0.009395469999503803,0.10049657150484197,0.4031126760186898
428,428,0.009416590999535401,0.10043557427346245,0.4030141503237792
429,429,0.009437005999529902,0.10037471147963241,0.40291581864064446
430,430,0.009457234999501907,0.1003139825572468,0.40281767981559474
431,431,0.009476539999525357,0.10025338694376146,0.4027197327050073
432,432,0.009497409999539741,0.10019292408015802,0.4026219761752189
433,433,0.009522281999522875,0.10013259341090813,0.4025244091024174
434,434,0.009542391999502797,0.10007239438393929,0.40242703037253585
435,435,0.009562476999519731,0.10001232645060057,0.4023298388811471
436,436,0.009582855999497042,0.09995238906562909,0.4022328335333609
437,437,0.009608796999486913,0.09989258168711716,0.40213601324372084
438,438,0.009635268999488744,0.09983290377647948,0.4020393769361039
439,439,0.009671531999515537,0.09977335479842132,0.4019429235436209
440,440,0.009692612999515404,0.09971393422090681,0.401846652008518
441,441,0.009713184999498026,0.09965464151512793,0.4017505612820796
442,442,0.009733349999464735,0.09959547615547391,0.4016546503245327
443,443,0.009753099999500137,0.09953643761950101,0.40155891810495215
444,444,0.009773031999486648,0.09947752538790278,0.40146336360116774
445,445,0.00979257999949823,0.09941873894448082,0.4013679857996713
446,446,0.009818524999502642,0.09936007777611598,0.4012727836955264
447,447,0.009838896999497138,0.09930154137273971,0.40117775629227764
448,448,0.00985873899952594,0.0992431292273063,0.40108290260186336
449,449,0.009878006999485933,0.09918484083576505,0.4009882216445264
450,450,0.009898070999440733,0.09912667569703316,0.400893712448729
451,451,0.009917552999411328,0.09906863331296885,0.4007993740510664
452,452,0.00993720799942821,0.0990107131883448,0.4007052054961834
453,453,0.00995653799941465,0.09895291483082247,0.40061120583669035
454,454,0.00997612599940112,0.09889523775092576,0.4005173741330812
455,455,0.009995138999443043,0.09883768146201614,0.40042370945365263
456,456,0.010015054999485073,0.09878024548026733,0.40033021087442333
457,457,0.01003461899949798,0.09872292932464115,0.40023687747905523
458,458,0.01006042399950502,0.09866573251686246,0.40014370835877505
459,459,0.010081424999498267,0.09860865458139577,0.40005070261229714
460,460,0.010101780999491439,0.09855169504542141,0.39995785934574707
461,461,0.010122018999481952,0.098494853438812,0.39986517767258656
462,462,0.010142075999453937,0.09843812929410975,0.3997726567135387
463,463,0.010161929999469521,0.09838152214650353,0.39968029559651463
464,464,0.010181604999445426,0.09832503153380652,0.39958809345654106
465,465,0.010201930999471642,0.0982686569964342,0.39949604943568795
466,466,0.010221756999442277,0.09821239807738226,0.39940416268299844
467,467,0.010241579999444639,0.09815625432220544,0.39931243235441816
468,468,0.010261255999466812,0.09810022527899599,0.3992208576127265
469,469,0.010284284999443116,0.0980443104983629,0.399129437627468
470,470,0.010304233999420376,0.09798850953341097,0.39903817157488497
471,471,0.01032387999941875,0.09793282193972067,0.39894705863785096
472,472,0.010343569999406554,0.0978772472753277,0.3988560980058044
473,473,0.010363412999367938,0.09782178510070337,0.39876528887468393
474,474,0.010382886999366292,0.09776643497873444,0.3986746304468639
475,475,0.010402509999380527,0.09771119647470454,0.39858412193109083
476,476,0.010421830999348458,0.097656069156274,0.3984937625424206
477,477,0.010441647999300585,0.09760105259346182,0.3984035515021562
478,478,0.010468163999291846,0.09754614635862638,0.3983134880377866
479,479,0.01049623899928065,0.09749135002644731,0.3982235713829262
480,480,0.010530148999293942,0.09743666317390706,0.39813380077725485
481,481,0.010553328999264977,0.09738208538027296,0.39804417546645826
482,482,0.010580353999273484,0.09732761622707961,0.3979546947021704
483,483,0.010603221999303969,0.09727325529811101,0.39786535774191445
484,484,0.010623641999359279,0.09721900217938331,0.397776163849047
485,485,0.010644016999378891,0.09716485645912776,0.39768711229270054
486,486,0.010664387999383962,0.09711081772777372,0.3975982023477281
487,487,0.010684327999399557,0.09705688557793174,0.39750943329464783
488,488,0.010703894999380736,0.09700305960437731,0.3974208044195888
489,489,0.010730912999349584,0.09694933940403423,0.39733231501423677
490,490,0.010751353999353341,0.09689572457595864,0.39724396437578124
491,491,0.010771226999338523,0.09684221472132294,0.3971557518068621
492,492,0.010791057999313125,0.09678880944340004,0.39706767661551834
493,493,0.010810964999336647,0.09673550834754771,0.39697973811513615
494,494,0.010830656999360144,0.09668231104119325,0.3968919356243982
495,495,0.010850850999361228,0.09662921713381808,0.39680426846723305
496,496,0.010871421999354425,0.09657622623694287,0.39671673597276563
497,497,0.010900246999369756,0.09652333796411239,0.3966293374752683
498,498,0.010933934999343364,0.09647055193088097,0.3965420723141116
499,499,0.010956347999353966,0.09641786775479777,0.3964549398337166
500,500,0.010977174999368344,0.09636528505539253,0.3963679393835075
501,501,0.010997423999356215,0.09631280345416107,0.39628107031786425
502,502,0.011017665999304427,0.09626042257455145,0.39619433199607634
503,503,0.011038016999293632,0.09620814204194986,0.3961077237822968
504,504,0.011058055999285443,0.09615596148366688,0.3960212450454966
505,505,0.011113749999310585,0.09610388052892378,0.39593489515941993
506,506,0.011136642999304058,0.0960518988088391,0.39584867350253994
507,507,0.0111638619993073,0.09600001595641529,0.39576257945801413
508,508,0.011184732999311109,0.09594823160652538,0.39567661241364166
509,509,0.011204878999308221,0.09589654539590008,0.39559077176181984
510,510,0.011225152999315924,0.0958449569631147,0.39550505689950194
511,511,0.01124479799926803,0.0957934659485764,0.39541946722815535
512,512,0.011264567999262454,0.0957420719945116,0.3953340021537192
513,513,0.01128421999925422,0.09569077474495331,0.39524866108656415
514,514,0.01130359799924463,0.09563957384572891,0.3951634434414512
515,515,0.011323570999252297,0.09558846894444754,0.3950783486374917
516,516,0.011343215999261247,0.09553745969048835,0.39499337609810764
517,517,0.011362741999278114,0.09548654573498837,0.3949085252509919
518,518,0.011406208999233058,0.09543572673083021,0.3948237955280698
519,519,0.01143132699922944,0.09538500233263088,0.3947391863654604
520,520,0.01145308299919634,0.09533437219672976,0.3946546972034384
521,521,0.011473523999200097,0.09528383598117701,0.3945703274863964
522,522,0.011494367999205224,0.09523339334572238,0.39448607666280794
523,523,0.0115144569992367,0.09518304395180369,0.39440194418519026
524,524,0.011534685999265548,0.09513278746253563,0.39431792951006817
525,525,0.011554857999271917,0.09508262354269882,0.39423403209793756
526,526,0.01157480699930602,0.09503255185872866,0.3941502514132302
527,527,0.011594627999272689,0.09498257207870443,0.394066586924278
528,528,0.011614779999263192,0.09493268387233865,0.3939830381032784
529,529,0.011641071999292762,0.09488288691096616,0.39389960442625965
530,530,0.011661319999291209,0.09483318086753391,0.3938162853730465
531,531,0.011681450999276421,0.09478356541659018,0.3937330804272266
532,532,0.011701392999270865,0.09473404023427416,0.3936499890761169
533,533,0.011721295999279846,0.09468460499830603,0.3935670108107304
534,534,0.011741223999308659,0.09463525938797641,0.39348414512574387
535,535,0.011761022999337456,0.09458600308413644,0.39340139151946457
536,536,0.011780794999310729,0.09453683576918767,0.39331874949379897
537,537,0.011800481999330259,0.0944877571270725,0.3932362185542204
538,538,0.01182018999935508,0.09443876684326383,0.3931537982097383
539,539,0.011839782999345516,0.09438986460475576,0.39307148797286623
540,540,0.01185981299931882,0.09434105010005388,0.3929892873595919
541,541,0.011886153999284943,0.09429232301916544,0.3929071958893461
542,542,0.01190999299927853,0.09424368305359038,0.3928252130849731
543,543,0.011950434999278059,0.09419512989631153,0.3927433384727005
544,544,0.01197200999922643,0.09414666324178544,0.3926615715821096
545,545,0.01199202199921956,0.09409828278593342,0.39257991194610675
546,546,0.012012678999212767,0.09404998822613196,0.3924983591008935
547,547,0.012032403999171493,0.09400177926120419,0.3924169125859388
548,548,0.012052262999191043,0.09395365559141046,0.39233557194395047
549,549,0.012071938999156373,0.09390561691843967,0.3922543367208471
550,550,0.012091996999117782,0.09385766294540056,0.3921732064657299
551,551,0.01211324999911767,0.09380979337681271,0.3920921807308561
552,552,0.01213369899915051,0.09376200791859816,0.39201125907161105
553,553,0.01215341099913303,0.09371430627807255,0.3919304410464814
554,554,0.012173279999160513,0.09366668816393695,0.39184972621702896
555,555,0.012193177999165528,0.09361915328626913,0.3917691141478636
556,556,0.012212812999166545,0.09357170135651519,0.3916886044066177
557,557,0.012232408999182098,0.09352433208748157,0.3916081965639201
558,558,0.012252282999156705,0.09347704519332647,0.3915278901933706
559,559,0.012271881999140533,0.09342984038955195,0.3914476848715143
560,560,0.012299059999122619,0.09338271739299568,0.3913675801778173
561,561,0.012325896999129782,0.09333567592182307,0.39128757569464084
562,562,0.01235248899911312,0.09328871569551903,0.3912076710072176
563,563,0.012373943999079984,0.09324183643488056,0.3911278657036271
564,564,0.012394696999081134,0.0931950378620084,0.39104815937477133
565,565,0.01241487999908486,0.0931483197002997,0.39096855161435146
566,566,0.012435113999117675,0.09310168167444004,0.39088904201884356
567,567,0.012454878999108132,0.09305512351039595,0.3908096301874757
568,568,0.012474929999086726,0.0930086449354072,0.39073031572220496
569,569,0.012494636999122122,0.09296224567797948,0.39065109822769384
570,570,0.012514518999125812,0.09291592546787686,0.3905719773112883
571,571,0.012534013999129456,0.09286968403611424,0.3904929525829947
572,572,0.012560154999107453,0.09282352111495032,0.3904140236554581
573,573,0.012580773999104622,0.09277743643788011,0.39033519014393975
574,574,0.012601455999117661,0.09273142973962781,0.3902564516662956
575,575,0.012621880999120094,0.09268550075613953,0.3901778078429546
576,576,0.012642353999069655,0.0926396492245763,0.3900992582968972
577,577,0.012662089999025739,0.09259387488330711,0.39002080265363437
578,578,0.012681875999021486,0.0925481774719017,0.38994244054118643
579,579,0.012701615999048954,0.09250255673112373,0.38986417159006265
580,580,0.012721552999039432,0.09245701240292388,0.38978599543323994
581,581,0.012741497999058993,0.09241154423043303,0.38970791170614355
582,582,0.01276150199902304,0.0923661519579556,0.3896299200466257
583,583,0.01278143399900955,0.0923208353309625,0.38955202009494666
584,584,0.012807507998957135,0.09227559409608484,0.3894742114937544
585,585,0.01282875299892794,0.09223042800110698,0.3893964938880648
586,586,0.012849586998925133,0.09218533679496019,0.3893188669252429
587,587,0.012871881998933077,0.09214032022771601,0.38924133025498325
588,588,0.012892357998964599,0.09209537805057977,0.38916388352929093
589,589,0.01291237399897227,0.09205051001588418,0.38908652640246255
590,590,0.012932074998957432,0.09200571587708309,0.38900925853106794
591,591,0.012983130998975412,0.09196099538874478,0.3889320795739312
592,592,0.013005806998933167,0.0919163483065461,0.3888549891921129
593,593,0.013031748998969306,0.09187177438726607,0.3887779870488916
594,594,0.013053527998977188,0.0918272733887795,0.38870107280974564
595,595,0.013073758998984886,0.09178284507005126,0.38862424614233576
596,596,0.013093995998985974,0.09173848919112966,0.3885475067164876
597,597,0.013113831999021386,0.0916942055131409,0.38847085420417343
598,598,0.013133441999059414,0.09164999379828262,0.3883942882794958
599,599,0.013153224999086888,0.09160585380981831,0.3883178086186696
600,600,0.01317349099912235,0.09156178531207101,0.38824141490000563
601,601,0.0131928259991696,0.09151778807041784,0.3881651068038935
602,602,0.013212487999169298,0.09147386185128369,0.38808888401278496
603,603,0.013231942999198054,0.09143000642213588,0.38801274621117754
604,604,0.013251447999209631,0.0913862215514781,0.387936693085598
605,605,0.01327688799921134,0.09134250700884476,0.3878607243245863
606,606,0.013299028999199436,0.0912988625647954,0.3877848396186794
607,607,0.013319570999215102,0.09125528799090887,0.3877090386603955
608,608,0.013339370999233324,0.09121178305977802,0.38763332114421806
609,609,0.013358683999229015,0.09116834754500386,0.3875576867665804
610,610,0.013378254999224737,0.09112498122119014,0.3874821352258503
611,611,0.013397901999212536,0.09108168386393801,0.3874066662223141
612,612,0.01341743899922676,0.09103845524984026,0.3873312794581624
613,613,0.013437274999205329,0.09099529515647634,0.38725597463747424
614,614,0.013456783999174604,0.09095220336240661,0.38718075146620273
615,615,0.013476571999206044,0.09090917964716717,0.38710560965215973
616,616,0.013497795999228401,0.09086622379126466,0.3870305489050017
617,617,0.013518173999216287,0.0908233355761709,0.3869555689362152
618,618,0.01353801599924509,0.09078051478431748,0.38688066945910216
619,619,0.013557710999293704,0.09073776119909108,0.3868058501887657
620,620,0.013577393999298693,0.09069507460482784,0.38673111084209644
621,621,0.013596781999297036,0.09065245478680843,0.38665645113775804
622,622,0.01361607099926232,0.090609901531253,0.3865818707961734
623,623,0.013635834999263352,0.0905674146253161,0.3865073695395114
624,624,0.013655716999267042,0.0905249938570817,0.38643294709167275
625,625,0.013675141999272,0.09048263901555811,0.3863586031782765
626,626,0.013694694999230705,0.0904403498906732,0.3862843375266474
627,627,0.01373326799921415,0.09039812627326939,0.38621014986580177
628,628,0.013755711999237974,0.09035596795509866,0.38613603992643475
629,629,0.01377662099923782,0.09031387472881812,0.3860620074409075
630,630,0.013796799999283849,0.09027184638798455,0.3859880521432338
631,631,0.013816421999251816,0.09022988272705028,0.38591417376906806
632,632,0.013836005999223744,0.09018798354135797,0.3858403720556918
633,633,0.013855673999273677,0.09014614862713614,0.3857666467420016
634,634,0.01387550899926282,0.09010437778149445,0.3856929975684968
635,635,0.013895584999261246,0.09006267080241886,0.3856194242772665
636,636,0.013915044999293968,0.09002102748876731,0.38554592661197806
637,637,0.013934488999325367,0.08997944764026489,0.38547250431786495
638,638,0.013953909999315783,0.0899379310574994,0.3853991571417141
639,639,0.013974918999281272,0.08989647754191671,0.38532588483185465
640,640,0.013995068999292926,0.08985508689581634,0.3852526871381461
641,641,0.014014887999280745,0.08981375892234704,0.3851795638119661
642,642,0.014034377999280423,0.08977249342550207,0.3851065146061997
643,643,0.014053801999295956,0.08973129021011522,0.3850335392752272
644,644,0.014073518999282442,0.089690149081856,0.384960637574913
645,645,0.014093271999229273,0.08964906984722548,0.3848878092625943
646,646,0.01411283099918137,0.08960805231355204,0.3848150540970702
647,647,0.014132457999210146,0.08956709628898683,0.3847423718385901
648,648,0.014158698999210628,0.08952620158249969,0.38466976224884314
649,649,0.014208289999203316,0.08948536800387481,0.38459722509094724
650,650,0.014232630999231333,0.08944459536370651,0.384524760129438
651,651,0.014254227999231261,0.08940388347339517,0.3844523671302584
652,652,0.014283933999195142,0.08936323214514275,0.3843800458607481
653,653,0.014304226999172442,0.089322641191949,0.3843077960896329
654,654,0.014324625999165619,0.08928211042760717,0.384235617587014
655,655,0.01434404799914546,0.08924163966669992,0.3841635101243584
656,656,0.01436398199911082,0.08920122872459522,0.3840914734744877
657,657,0.01438371099914093,0.08916087741744244,0.384019507411569
658,658,0.014403301999152518,0.08912058556216823,0.38394761171110386
659,659,0.014422916999194513,0.08908035297647257,0.38387578614991924
660,660,0.014444045999198352,0.0890401794788248,0.3838040305061567
661,661,0.014463868999200713,0.08900006488845952,0.38373234455926314
662,662,0.014484012999218976,0.08896000902537315,0.3836607280899812
663,663,0.014503689999230573,0.08892001171031941,0.38358918088033916
664,664,0.014523489999248795,0.08888007276480597,0.3835177027136416
665,665,0.014543222999236605,0.08884019201109022,0.3834462933744601
666,666,0.014563389999239007,0.08880036927217577,0.3833749526486236
667,667,0.014582788999234708,0.08876060437180834,0.3833036803232092
668,668,0.01460233899922514,0.0887208971344725,0.38323247618653283
669,669,0.014622086999224848,0.08868124738538717,0.3831613400281403
670,670,0.0146415649991809,0.08864165495050257,0.3830902716387979
671,671,0.014682827999138226,0.08860211965649607,0.38301927081048376
672,672,0.014705022999123685,0.08856264133076891,0.38294833733637873
673,673,0.01472573899911822,0.08852321980144211,0.38287747101085745
674,674,0.014746178999132553,0.0884838548973532,0.3828066716294798
675,675,0.014765989999091289,0.08844454644805233,0.38273593898898206
676,676,0.014786045999130693,0.08840529428379885,0.38266527288726815
677,677,0.014806682999164877,0.08836609823555767,0.3825946731234015
678,678,0.014826802999152733,0.08832695813499578,0.38252413949759617
679,679,0.014852813999198133,0.08828787381447864,0.3824536718112085
680,680,0.014875044999200782,0.08824884510706668,0.38238326986672894
681,681,0.014897035999183572,0.08820987184651186,0.3823129334677737
682,682,0.014917481999134452,0.08817095386725414,0.3822426624190765
683,683,0.014937591999114375,0.08813209100441824,0.3821724565264805
684,684,0.014957490999108813,0.08809328309380984,0.38210231559693014
685,685,0.014977206999105874,0.08805452997191257,0.38203223943846326
686,686,0.014997120999112212,0.08801583147588433,0.3819622278602033
687,687,0.015016672999138336,0.0879771874435542,0.3818922806723508
688,688,0.015036077999127428,0.08793859771341876,0.38182239768617654
689,689,0.015055450999113873,0.08790006212463918,0.38175257871401325
690,690,0.015075405999141367,0.0878615805170375,0.3816828235692477
691,691,0.015094971999133122,0.08782315273109369,0.3816131320663138
692,692,0.015136012999107606,0.08778477860794212,0.3815435040206845
693,693,0.015158350999115555,0.08774645798936856,0.38147393924886447
694,694,0.0151795079991075,0.08770819071780675,0.3814044375683827
695,695,0.015200154999149618,0.08766997663633529,0.3813349987977853
696,696,0.015220578999105783,0.08763181558867451,0.38126562275662784
697,697,0.015240913999093664,0.08759370741918311,0.38119630926546844
698,698,0.015261212999064355,0.08755565197285527,0.38112705814586045
699,699,0.015281775999028469,0.0875176490953173,0.3810578692203453
700,700,0.015302198998995209,0.08747969863282457,0.38098874231244556
701,701,0.015322542999001598,0.08744180043225855,0.38091967724665776
702,702,0.0153429429989842,0.08740395434112358,0.3808506738484458
703,703,0.015369993999001963,0.08736616020754391,0.3807817319442336
704,704,0.015390784999055995,0.08732841788026056,0.3807128513613986
705,705,0.015411394999034655,0.08729072720862849,0.38064403192826474
706,706,0.015431806999004039,0.08725308804261328,0.38057527347409614
707,707,0.015452297998990616,0.0872155002327884,0.38050657582908987
708,708,0.01547268499899701,0.08717796363033219,0.3804379388243698
709,709,0.015493226999012677,0.08714047808702487,0.38036936229197993
710,710,0.01551375899902041,0.08710304345524557,0.3803008460648778
711,711,0.015534060999073063,0.08706565958796947,0.38023238997692793
712,712,0.015554309999060933,0.08702832633876488,0.38016399386289573
713,713,0.015574869999056773,0.08699104356179037,0.380095657558441
714,714,0.015613976999077295,0.08695381111179187,0.3800273809001115
715,715,0.01563622799909581,0.08691662884409986,0.37995916372533695
716,716,0.01565771099910762,0.08687949661462638,0.3798910058724226
717,717,0.015678548999062514,0.08684241427986247,0.37982290718054335
718,718,0.01569908599901737,0.08680538169687513,0.37975486748973736
719,719,0.015719662999003958,0.08676839872330475,0.3796868866409001
720,720,0.015740211999059284,0.08673146521736208,0.3796189644757787
721,721,0.01576049799905377,0.0866945810378257,0.3795511008369653
722,722,0.015780879999056197,0.0866577460440391,0.37948329556789195
723,723,0.015801258999033507,0.0866209600959081,0.37941554851282394
724,724,0.015821420999031943,0.08658422305389814,0.37934785951685474
725,725,0.015844315999004266,0.0865475347790314,0.37928022842589965
726,726,0.01586531499896182,0.08651089513288432,0.3792126550866905
727,727,0.015886142998965624,0.0864743039775849,0.37914513934676974
728,728,0.01590679599894429,0.08643776117580984,0.3790776810544849
729,729,0.01592731799894409,0.0864012665907823,0.3790102800589831
730,730,0.01594780699895182,0.08636482008626899,0.3789429362102051
731,731,0.015968098998939695,0.08632842152657749,0.3788756493588806
732,732,0.015987772998926175,0.08629207077655399,0.3788084193565218
733,733,0.016007723998939127,0.08625576770158042,0.3787412460554189
734,734,0.016027754998901855,0.08621951216757208,0.37867412930863414
735,735,0.01605298399891808,0.08618330404097496,0.3786070689699967
736,736,0.016086028998927304,0.08614714318876321,0.37854006489409747
737,737,0.016107763998888913,0.08611102947843677,0.37847311693628366
738,738,0.016128573998912543,0.08607496277801864,0.37840622495265386
739,739,0.01614834799892151,0.08603894295605266,0.37833938880005247
740,740,0.016168131998938406,0.08600296988160078,0.378272608336065
741,741,0.016187549998903705,0.08596704342424075,0.37820588341901273
742,742,0.01620730899890077,0.08593116345406362,0.3781392139079479
743,743,0.016227591998926982,0.08589532984167123,0.3780725996626485
744,744,0.016247154998950464,0.08585954245817405,0.37800604054361336
745,745,0.016266931998927703,0.08582380117518841,0.3779395364120574
746,746,0.016293036998945354,0.08578810586483435,0.37787308712990664
747,747,0.01631397499892273,0.08575245639973324,0.3778066925597931
748,748,0.016333673998929044,0.08571685265300516,0.3777403525650507
749,749,0.01635374099890896,0.08568129449826696,0.37767406700970935
750,750,0.016373315998919225,0.08564578180962949,0.3776078357584916
751,751,0.01639283099888189,0.08561031446169559,0.37754165867680695
752,752,0.01641219699888552,0.08557489232955756,0.3774755356307476
753,753,0.016431525998882535,0.08553951528879507,0.37740946648708357
754,754,0.016451083998845206,0.0855041832154725,0.37734345111325845
755,755,0.016470414998877914,0.08546889598613719,0.3772774893773847
756,756,0.016490394998868396,0.0854336534778167,0.3772115811482391
757,757,0.016510009998853548,0.08539845556801678,0.37714572629525817
758,758,0.01653706399889643,0.08536330213471911,0.37707992468853396
759,759,0.016558267998846077,0.08532819305637908,0.3770141761988096
760,760,0.016579222998871046,0.08529312821192342,0.3769484806974749
761,761,0.016599922998864258,0.08525810748074827,0.3768828380565617
762,762,0.01662041699881911,0.08522313074271674,0.37681724814874024
763,763,0.016640389998826777,0.08518819787815685,0.37675171084731424
764,764,0.016666639998788924,0.08515330876785929,0.3766862260262167
765,765,0.016689028998769118,0.08511846329307537,0.37662079356000644
766,766,0.016710875998796837,0.08508366133551482,0.376555413323863
767,767,0.016731489998846882,0.08504890277734353,0.3764900851935829
768,768,0.01675139599888098,0.08501418750118163,0.3764248090455756
769,769,0.016771080998864818,0.08497951539010132,0.3763595847568594
770,770,0.016790807998859236,0.08494488632762462,0.3762944122050571
771,771,0.016810595998890676,0.0849103001977215,0.3762292912683923
772,772,0.016830114998867884,0.08487575688480771,0.37616422182568526
773,773,0.016849662998879467,0.08484125627374266,0.3760992037563492
774,774,0.016869066998879134,0.0848067982498274,0.376034236940386
775,775,0.01688851099885369,0.08477238269880265,0.3759693212583824
776,776,0.016908387998853414,0.08473800950684665,0.37590445659150623
777,777,0.016939445998900737,0.0847036785605732,0.37583964282150273
778,778,0.016961078998917856,0.08466938974702967,0.37577487983069024
779,779,0.01698201999892035,0.08463514295369498,0.375710167501957
780,780,0.01700227099888707,0.08460093806847756,0.3756455057187571
781,781,0.017022516998849824,0.08456677497971338,0.37558089436510655
782,782,0.017042308998838962,0.08453265357616412,0.37551633332558004
783,783,0.017061990998797683,0.08449857374701505,0.3754518224853071
784,784,0.01708177099880004,0.08446453538187317,0.3753873617299681
785,785,0.017101431998810313,0.08443053837076513,0.3753229509457914
786,786,0.017121091998774318,0.08439658260413554,0.3752585900195488
787,787,0.017141147998756878,0.08436266797284493,0.37519427883855305
788,788,0.01716333799873837,0.08432879436816774,0.3751300172906533
789,789,0.017183714998736832,0.08429496168179058,0.37506580526423233
790,790,0.01720355599877621,0.08426116980581037,0.37500164264820274
791,791,0.017223320998766667,0.08422741863273227,0.37493752933200347
792,792,0.017242801998747836,0.08419370805546789,0.3748734652055966
793,793,0.017262502998732998,0.08416003796733365,0.3748094501594637
794,794,0.01728206499871021,0.08412640826204862,0.37474548408460273
795,795,0.01730171199869801,0.08409281883373283,0.37468156687252435
796,796,0.01732106099871089,0.08405926957690547,0.374617698415249
797,797,0.017340624998723797,0.08402576038648302,0.37455387860530304
798,798,0.017360515998745996,0.08399229115777745,0.374490107335716
799,799,0.017406034998771247,0.0839588617864944,0.3744263845000173
800,800,0.01742965599873969,0.0839254721687315,0.37436270999223265
801,801,0.01745079899870916,0.08389212220097647,0.374299083706881
802,802,0.017470784998693034,0.0838588117801053,0.3742355055389716
803,803,0.017490542998700676,0.08382554080338071,0.3741719753840006
804,804,0.017510240998717563,0.08379230916845025,0.3741084931379481
805,805,0.017530094998676304,0.08375911677334448,0.37404505869727467
806,806,0.017550188998654903,0.08372596351647553,0.3739816719589186
807,807,0.017569835998642702,0.08369284929663486,0.37391833282029296
808,808,0.017589344998611978,0.08365977401299216,0.37385504117928214
809,809,0.017608932998598448,0.08362673756509321,0.37379179693423914
810,810,0.01763544699861086,0.08359373985285841,0.3737285999839825
811,811,0.01765554299862515,0.08356078077658088,0.3736654502277932
812,812,0.017675416998599758,0.08352786023692495,0.37360234756541194
813,813,0.017694977998587547,0.08349497813492451,0.37353929189703594
814,814,0.017714506998572688,0.08346213437198126,0.37347628312331643
815,815,0.017734589998610772,0.08342932884986293,0.37341332114535536
816,816,0.017754023998577395,0.08339656147070204,0.37335040586470275
817,817,0.01777375199861808,0.08336383213699376,0.3732875371833535
818,818,0.017793416998642897,0.0833311407515947,0.3732247150037454
819,819,0.01781573499863498,0.08329848721772101,0.3731619392287552
820,820,0.017841727998643364,0.08326587143894698,0.37309920976169686
821,821,0.01789304199860453,0.08323329331920326,0.37303652650631813
822,822,0.01791532699860454,0.08320075276277535,0.3729738893667981
823,823,0.017936261998613645,0.08316824967430203,0.37291129824774416
824,824,0.01795697799860818,0.08313578395877375,0.37284875305418985
825,825,0.017976944998622457,0.08310335552153109,0.37278625369159185
826,826,0.017996765998589126,0.08307096426826313,0.37272380006582695
827,827,0.018016605998582236,0.083038610105006,0.37266139208319016
828,828,0.018036285998562107,0.0830062929381413,0.3725990296503916
829,829,0.018056134998573725,0.08297401267439442,0.372536712674554
830,830,0.01807592799860913,0.08294176922083316,0.37247444106321004
831,831,0.018095949998610195,0.08290956248486636,0.3724122147243001
832,832,0.018116822998649695,0.08287739237424199,0.3723500335661693
833,833,0.018136698998659995,0.08284525879704598,0.37228789749756497
834,834,0.01815673499862669,0.08281316166170051,0.37222580642763475
835,835,0.01817633799862506,0.08278110087696283,0.3721637602659234
836,836,0.018195983998623433,0.08274907635192322,0.3721017589223705
837,837,0.01821558299860726,0.0827170879960041,0.3720398023073084
838,838,0.01823512799865057,0.08268513571895825,0.37197789033145906
839,839,0.018255018998672767,0.08265321943086748,0.3719160229059324
840,840,0.018274363998671106,0.08262133904214092,0.37185419994222335
841,841,0.018294003998619246,0.082589494463514,0.3717924213522096
842,842,0.018313835998583272,0.08255768560604665,0.3717306870481493
843,843,0.018360833998599446,0.08252591238112197,0.3716689969426789
844,844,0.018383462998599498,0.08249417470044498,0.3716073509488101
845,845,0.018404673998588805,0.08246247247604091,0.3715457489799286
846,846,0.018425476998572776,0.08243080562025396,0.37148419094979074
847,847,0.01844543399857912,0.08239917404574598,0.37142267677252205
848,848,0.018465259998606598,0.08236757766549492,0.3713612063626143
849,849,0.018484753998620818,0.08233601639279342,0.37129977963492394
850,850,0.0185045199986007,0.08230449014124765,0.3712383965046692
851,851,0.018530721998615718,0.08227299882477562,0.37117705688742836
852,852,0.018552757998577363,0.08224154235760606,0.37111576069913715
853,853,0.018576093998547094,0.0822101206542771,0.3710545078560869
854,854,0.018596246998527022,0.08217873362963465,0.37099329827492233
855,855,0.018616595998480534,0.0821473811988312,0.370932131872639
856,856,0.01863656299849481,0.0821160632773247,0.37087100856658173
857,857,0.0186562459984998,0.08208477978087671,0.370809928274442
858,858,0.018675861998474375,0.08205353062555158,0.37074889091425617
859,859,0.018695473998491252,0.08202231572771489,0.37068789640440325
860,860,0.018715352998469825,0.08199113500403217,0.37062694466360274
861,861,0.01873491899846158,0.08195998837146758,0.37056603561091267
862,862,0.018755357998486488,0.08192887574728265,0.3705051691657276
863,863,0.018775185998492816,0.08189779704903495,0.37044434524777636
864,864,0.01882381499854091,0.08186675219457691,0.3703835637771204
865,865,0.018845859998521064,0.08183574110205431,0.3703228246741512
866,866,0.018866356998557876,0.08180476368990525,0.3702621278595888
867,867,0.018906716998571937,0.08177381987685883,0.3702014732544797
868,868,0.01892733899853738,0.0817429095819337,0.37014086078019487
869,869,0.018947362998574135,0.08171203272443704,0.3700802903584277
870,870,0.01896739299854744,0.08168118922396322,0.37001976191119196
871,871,0.018987424998556435,0.0816503790003925,0.36995927536082035
872,872,0.019006711998599712,0.08161960197388995,0.36989883062996187
873,873,0.019042613998635716,0.08158885806490404,0.36983842764158087
874,874,0.019064611998658165,0.08155814719416558,0.36977806631895405
875,875,0.019085085998710838,0.08152746928268632,0.3697177465856696
876,876,0.019104575998710516,0.08149682425175794,0.3696574683656247
877,877,0.01912422399868774,0.0814662120229507,0.36959723158302377
878,878,0.01914358099867286,0.0814356325181123,0.369537036162377
879,879,0.019162561998655292,0.08140508565936663,0.36947688202849815
880,880,0.019182444998648407,0.0813745713691127,0.36941676910650295
881,881,0.01920795699862765,0.08134408957002345,0.3693566973218069
882,882,0.019229386998574682,0.0813136401850443,0.3692966666001243
883,883,0.019249584998590308,0.08128322313739232,0.3692366768674656
884,884,0.019269001998566182,0.08125283835055498,0.36917672805013607
885,885,0.0192886369985672,0.08122248574828894,0.36911682007473445
886,886,0.01930815299851929,0.0811921652546188,0.36905695286815016
887,887,0.019327548998489874,0.08116187679383612,0.3689971263575626
888,888,0.0193465169984961,0.0811316202904983,0.3689373404704391
889,889,0.019365747998506322,0.08110139566942726,0.36887759513453283
890,890,0.01938472799849933,0.08107120285570847,0.36881789027788175
891,891,0.01940370999852803,0.08104104177468979,0.3687582258288066
892,892,0.019424461998539755,0.08101091235198027,0.36869860171590907
893,893,0.01944397799854869,0.08098081451344916,0.36863901786807063
894,894,0.019463444998507384,0.08095074818522469,0.36857947421445053
895,895,0.019482673998538758,0.080920713293693,0.36851997068448433
896,896,0.019501554998555548,0.08089070976549727,0.3684605072078821
897,897,0.019535224998548983,0.08086073752753609,0.3684010837146269
898,898,0.019555194998531533,0.08083079650696301,0.3683417001349734
899,899,0.01957442099853779,0.08080088663118495,0.3682823563994461
900,900,0.019598501998530082,0.08077100782786147,0.36822305243883763
901,901,0.019621499998550007,0.0807411600249035,0.3681637881842075
902,902,0.019675810998535326,0.08071134315047228,0.3681045635668802
903,903,0.01970063699855018,0.08068155713297846,0.3680453785184442
904,904,0.019724169998596608,0.08065180190108089,0.3679862329707496
905,905,0.019752980998589464,0.0806220773836856,0.36792712685590756
906,906,0.019781541998611374,0.08059238350994491,0.367868060106288
907,907,0.019804539998574455,0.0805627202092561,0.36780903265451853
908,908,0.019823802998587325,0.08053308741126058,0.36775004443348286
909,909,0.019843063998564503,0.08050348504584288,0.3676910953763192
910,910,0.01986233099853507,0.08047391304312944,0.3676321854164193
911,911,0.019883078998532255,0.08044437133348795,0.3675733144874261
912,912,0.019902838998518746,0.0804148598475258,0.36751448252323304
913,913,0.019922540998550176,0.08038537851608962,0.36745568945798246
914,914,0.019942263998530052,0.08035592727026386,0.3673969352260638
915,915,0.019962293998503355,0.08032650604136998,0.36733821976211284
916,916,0.01998225699850309,0.08029711476096564,0.3672795430010097
917,917,0.02000209599844993,0.0802677533608432,0.36722090487787773
918,918,0.02002856399843722,0.08023842177302927,0.36716230532808186
919,919,0.02008152899838933,0.08020911992978338,0.36710374428722786
920,920,0.020105466998415977,0.08017984776359713,0.36704522169116
921,921,0.020126593998384124,0.08015060520719332,0.3669867374759607
922,922,0.020147375998419648,0.08012139219352478,0.3669282915779484
923,923,0.020171063998418504,0.08009220865577348,0.36686988393367675
924,924,0.0201914209984011,0.08006305452734967,0.3668115144799327
925,925,0.0202190679983687,0.0800339297418909,0.36675318315373595
926,926,0.020247005998385248,0.08000483423326095,0.3666948898923369
927,927,0.02026939599841171,0.07997576793554895,0.3666366346332158
928,928,0.020295877998421474,0.07994673078306856,0.36657841731408125
929,929,0.020318508998400375,0.07991772271035687,0.366520237872869
930,930,0.020339437998416088,0.07988874365217351,0.3664620962477408
931,931,0.020359932998417207,0.07985979354349984,0.36640399237708254
932,932,0.020380114998374665,0.07983087231953788,0.36634592619950396
933,933,0.020410320998394127,0.07980197991570952,0.36628789765383646
934,934,0.02043079699842565,0.07977311626765543,0.3662299066791326
935,935,0.020451032998437313,0.07974428131123436,0.36617195321466406
936,936,0.020471462998443712,0.07971547498252218,0.3661140371999214
937,937,0.02049132699846723,0.07968669721781084,0.36605615857461193
938,938,0.020519392998437525,0.07965794795360766,0.36599831727865917
939,939,0.02054709799841703,0.07962922712663432,0.36594051325220095
940,940,0.020569408998426297,0.0796005346738261,0.36588274643558905
941,941,0.02058974799842872,0.07957187053233085,0.3658250167693874
942,942,0.02060984599842186,0.07954323463950815,0.36576732419437114
943,943,0.020629826998401768,0.0795146269329285,0.3657096686515253
944,944,0.020649709998394883,0.0794860473503725,0.36565205008204393
945,945,0.02066957599839725,0.07945749582982976,0.3655944684273286
946,946,0.020689556998434,0.0794289723094983,0.3655369236289875
947,947,0.020709299998486586,0.07940047672778351,0.365479415628834
948,948,0.020731204998469366,0.0793720090232974,0.3654219443688861
949,949,0.020751558998426844,0.0793435691348577,0.36536450979136437
950,950,0.020773279998422822,0.07931515700148703,0.3653071118386921
951,951,0.020793240998386864,0.0792867725624121,0.3652497504534928
952,952,0.020813199998372056,0.0792584157570627,0.3651924255785903
953,953,0.020833208998396913,0.07923008652507123,0.36513513715700685
954,954,0.020852968998383403,0.0792017848062715,0.3650778851319624
955,955,0.02088121799840792,0.07917351054069803,0.36502066944687345
956,956,0.020901534998415627,0.07914526366858536,0.36496349004535183
957,957,0.02092135799841799,0.07911704413036699,0.36490634687120416
958,958,0.020975365998424422,0.07908885186667482,0.3648492398684299
959,959,0.02100041999841551,0.07906068681833812,0.3647921689812211
960,960,0.021021679998398213,0.07903254892638296,0.36473513415396097
961,961,0.021043639998424624,0.07900443813203112,0.36467813533122306
962,962,0.021063625998408497,0.07897635437669959,0.3646211724577699
963,963,0.02108348399838178,0.07894829760199949,0.3645642454785522
964,964,0.021103463998429106,0.07892026774973557,0.36450735433870796
965,965,0.021123502998420918,0.0788922647619052,0.3644504989835612
966,966,0.021143062998419282,0.07886428858069769,0.364393679358621
967,967,0.02116273399843749,0.07883633914849343,0.3643368954095807
968,968,0.021182475998443806,0.07880841640786329,0.3642801470823167
969,969,0.0212036499984265,0.07878052030156753,0.36422343432288756
970,970,0.021223823998411717,0.0787526507725555,0.364166757077533
971,971,0.021243756998387653,0.07872480776396444,0.3641101152926729
972,972,0.021263472998384714,0.0786969912191188,0.3640535089149066
973,973,0.021283255998355344,0.07866920108152976,0.3639969378910114
974,974,0.02130597899838449,0.07864143729489428,0.3639404021679422
975,975,0.02132753699834211,0.07861369980309421,0.36388390169282997
976,976,0.0213472049983352,0.07858598855019579,0.3638274364129816
977,977,0.02137199799830114,0.07855830348044875,0.363771006275878
978,978,0.021396523998305383,0.07853064453828569,0.3637146112291739
979,979,0.021427709998306455,0.07850301166832123,0.3636582512206967
980,980,0.021460783998350053,0.07847540481535134,0.3636019261984455
981,981,0.02148938499834685,0.07844782392435264,0.3635456361105902
982,982,0.02151091299839436,0.07842026894048154,0.3634893809054708
983,983,0.021531121998407343,0.07839273980907373,0.36343316053159597
984,984,0.021551431998375392,0.07836523647564324,0.363376974937643
985,985,0.021571355998389663,0.07833775888588183,0.3633208240724561
986,986,0.021590916998377452,0.07831030698565841,0.363264707885046
987,987,0.02161074499838378,0.07828288072101797,0.3632086263245889
988,988,0.02163816799838969,0.07825548003818128,0.3631525793404257
989,989,0.021661507998373963,0.0782281048835439,0.36309656688206104
990,990,0.021682197998359243,0.0782007552036756,0.3630405888991623
991,991,0.021702068998365576,0.07817343094531981,0.3629846453415593
992,992,0.021721474998344092,0.07814613205539242,0.3629287361592428
993,993,0.021741605998329305,0.07811885848098178,0.36287286130236396
994,994,0.021771500998340798,0.07809161016934742,0.36281702072123356
995,995,0.021900419998303278,0.07806438706791986,0.3627612143663211
996,996,0.021939010998323738,0.07803718912429945,0.362705442188254
997,997,0.021962016998315903,0.07801001628625612,0.3626497041378168
998,998,0.021983050998301223,0.07798286850172835,0.36259400016594995
999,999,0.022004647998301152,0.0779557457188227,0.36253833022374987
1000,1000,0.022036648998266628,0.07792864788581326,0.3624826942624673
1001,1001,0.02206486199821711,0.07790157495114061,0.36242709223350694
1002,1002,0.022091475998195165,0.07787452686341156,0.36237152408842643
1003,1003,0.022115754998196735,0.07784750357139819,0.3623159897789358
1004,1004,0.02215903199822833,0.07782050502403742,0.3622604892568967
1005,1005,0.0221855529982804,0.0777935311704301,0.3622050224743213
1006,1006,0.022207960998287035,0.07776658195984071,0.3621495893833717
1007,1007,0.022229523998305467,0.07773965734169637,0.3620941899363593
1008,1008,0.02225034099825507,0.07771275726558635,0.3620388240857437
1009,1009,0.02227189399826557,0.07768588168126153,0.3619834917841326
1010,1010,0.02229249999828653,0.07765903053863357,0.36192819298428003
1011,1011,0.022318063998284288,0.07763220378777433,0.3618729276390867
1012,1012,0.022339570998269664,0.07760540137891539,0.3618176957015982
1013,1013,0.022360312998273457,0.07757862326244717,0.36176249712500536
1014,1014,0.02238075899828118,0.07755186938891852,0.3617073318626426
1015,1015,0.02241160799832187,0.07752513970903596,0.3616521998679875
1016,1016,0.022433035998346895,0.07749843417366314,0.3615971010946605
1017,1017,0.0224541549983428,0.07747175273382019,0.3615420354964233
1018,1018,0.022485390998326693,0.07744509534068308,0.36148700302717907
1019,1019,0.02250755499829893,0.07741846194558301,0.3614320036409712
1020,1020,0.022528359998318592,0.07739185250000596,0.3613770372919826
1021,1021,0.02255730699829428,0.07736526695559183,0.3613221039345353
1022,1022,0.022612737998315424,0.07733870526413397,0.36126720352308955
1023,1023,0.02265227799830427,0.0773121673775786,0.36121233601224284
1024,1024,0.022676700998260912,0.07728565324802414,0.3611575013567301
1025,1025,0.022708494998255446,0.07725916282772069,0.3611026995114217
1026,1026,0.022742024998308352,0.07723269606906936,0.36104793043132427
1027,1027,0.02278606099832814,0.07720625292462172,0.3609931940715788
1028,1028,0.022821186998328358,0.07717983334707934,0.3609384903874604
1029,1029,0.022855438998306,0.0771534372892928,0.360883819334378
1030,1030,0.022903906998294588,0.0771270647042617,0.3608291808678731
1031,1031,0.022929466998277803,0.07710071554513358,0.3607745749436193
1032,1032,0.022952500998314918,0.0770743897652035,0.36072000151742195
1033,1033,0.02298170099828667,0.07704808731791365,0.3606654605452172
1034,1034,0.02300416699830521,0.07702180815685247,0.3606109519830714
1035,1035,0.02302722899833043,0.07699555223575434,0.3605564757871803
1036,1036,0.023058347998301088,0.07696931950849882,0.3605020319138688
1037,1037,0.023082339998325097,0.07694310992911027,0.3604476203195902
1038,1038,0.023112641998295658,0.07691692345175714,0.3603932409609251
1039,1039,0.0231365069982985,0.0768907600307514,0.3603388937945815
1040,1040,0.02315755399831687,0.0768646196205482,0.3602845787773937
1041,1041,0.02318467899829102,0.07683850217574502,0.36023029586632177
1042,1042,0.023213340998267995,0.0768124076510813,0.36017604501845113
1043,1043,0.02323591499828126,0.07678633600143793,0.36012182619099165
1044,1044,0.02325746799829176,0.07676028718183647,0.3600676393412772
1045,1045,0.02330618499826187,0.076734261147439,0.3600134844267651
1046,1046,0.023334920998252073,0.07670825785354705,0.3599593614050354
1047,1047,0.023363430998244894,0.07668227725560163,0.3599052702337904
1048,1048,0.023391046998256115,0.07665631930918217,0.3598512108708538
1049,1049,0.023441942998260856,0.07663038397000642,0.35979718327417065
1050,1050,0.023471890998223444,0.07660447119392963,0.35974318740180616
1051,1051,0.023495730998263298,0.07657858093694415,0.3596892232119455
1052,1052,0.023532451998278248,0.0765527131551789,0.35963529066289307
1053,1053,0.02355489399826638,0.07652686780489874,0.359581389713072
1054,1054,0.023576239998305937,0.07650104484250411,0.3595275203210235
1055,1055,0.023637199998290725,0.07647524422453035,0.35947368244540645
1056,1056,0.023660623998239316,0.07644946590764733,0.3594198760449966
1057,1057,0.02368281399822081,0.0764237098486588,0.35936610107868616
1058,1058,0.02370345699819154,0.07639797600450196,0.3593123575054834
1059,1059,0.023737049998203474,0.076372264332247,0.3592586452845118
1060,1060,0.02375872299819548,0.07634657478909637,0.35920496437500943
1061,1061,0.023779709998166254,0.07632090733238452,0.35915131473632916
1062,1062,0.023804676998167906,0.07629526191957733,0.3590976963279369
1063,1063,0.023834393998129144,0.0762696385082715,0.35904410910941226
1064,1064,0.02385957899815594,0.07624403705619416,0.35899055304044714
1065,1065,0.023881405998167793,0.07621845752120235,0.35893702808084565
1066,1066,0.023910148998197656,0.0761928998612825,0.35888353419052366
1067,1067,0.023934205998216385,0.07616736403454993,0.3588300713295078
1068,1068,0.023956572998201864,0.07614184999924845,0.3587766394579353
1069,1069,0.02397748999817395,0.07611635771374974,0.35872323853605337
1070,1070,0.02399835199815925,0.07609088713655293,0.358669868524219
1071,1071,0.024019154998200065,0.07606543822628414,0.3586165293828978
1072,1072,0.024042683998175107,0.07604001094169595,0.35856322107266403
1073,1073,0.024063708998198763,0.07601460524166692,0.3585099435541998
1074,1074,0.024084425998182724,0.07598922108520119,0.35845669678829495
1075,1075,0.024105093998173288,0.07596385843142792,0.358403480735846
1076,1076,0.02413791499816398,0.07593851723960078,0.3583502953578559
1077,1077,0.024159597998163918,0.07591319746909765,0.3582971406154338
1078,1078,0.024180213998192812,0.07588789907941991,0.3582440164697943
1079,1079,0.02421266399818478,0.07586262203019226,0.35819092288225696
1080,1080,0.024234004998163527,0.07583736628116187,0.3581378598142458
1081,1081,0.02425539599818194,0.0758121317921984,0.3580848272272887
1082,1082,0.02427576099819362,0.07578691852329317,0.3580318250830176
1083,1083,0.024297045998196154,0.07576172643455872,0.3579788533431671
1084,1084,0.024320319998196283,0.07573655548622862,0.3579259119695743
1085,1085,0.024352808998230557,0.07571140563865675,0.357873000924179
1086,1086,0.02437663599823736,0.07568627685231685,0.35782012016902204
1087,1087,0.024398646998236018,0.07566116908780231,0.35776726966624595
1088,1088,0.024419558998260982,0.07563608230582551,0.35771444937809355
1089,1089,0.024442828998303412,0.07561101646721734,0.35766165926690835
1090,1090,0.02447547399827954,0.07558597153292705,0.3576088992951335
1091,1091,0.024499480998258605,0.07556094746402135,0.3575561694253115
1092,1092,0.024538291998226214,0.07553594422168437,0.35750346962008384
1093,1093,0.024577490998240137,0.07551096176721706,0.35745079984219036
1094,1094,0.024609959998258546,0.07548600006203675,0.3573981600544693
1095,1095,0.024635273998228513,0.07546105906767664,0.3573455502198559
1096,1096,0.024660771998242126,0.07543613874578557,0.35729297030138313
1097,1097,0.02468212199823938,0.07541123905812742,0.35724042026218034
1098,1098,0.024703602998272345,0.0753863599665807,0.3571879000654732
1099,1099,0.024726849998273792,0.07536150143313819,0.35713540967458324
1100,1100,0.02475640599828921,0.07533666341990644,0.35708294905292765
1101,1101,0.024779046998276044,0.07531184588910543,0.35703051816401815
1102,1102,0.02480081299830772,0.07528704880306807,0.3569781169714614
1103,1103,0.024829863998320434,0.07526227212423973,0.35692574543895816
1104,1104,0.02485230799834426,0.075237515815178,0.35687340353030267
1105,1105,0.024873237998349396,0.07521277983855212,0.35682109120938277
1106,1106,0.024894206998339996,0.07518806415714269,0.3567688084401791
1107,1107,0.02491530999833458,0.075163368733841,0.35671655518676476
1108,1108,0.02493789099833066,0.07513869353164898,0.356664331413305
1109,1109,0.02496049699834657,0.07511403851367855,0.35661213708405665
1110,1110,0.024981327998318648,0.07508940364315123,0.3565599721633679
1111,1111,0.025002239998286768,0.07506478888339774,0.35650783661567764
1112,1112,0.02503417899828264,0.07504019419785778,0.3564557304055155
1113,1113,0.025065716998312837,0.07501561955007935,0.3564036534975009
1114,1114,0.025088024998296987,0.07499106490371846,0.35635160585634323
1115,1115,0.02510870799829945,0.07496653022253878,0.3562995874468409
1116,1116,0.025142413998310076,0.07494201547041132,0.35624759823388136
1117,1117,0.025164106998317948,0.07491752061131367,0.35619563818244054
1118,1118,0.02518580799829806,0.07489304560933008,0.35614370725758254
1119,1119,0.025212745998317132,0.07486859042865071,0.3560918054244591
1120,1120,0.025236578998317327,0.0748441550335714,0.3560399326483093
1121,1121,0.025258254998277607,0.07481973938849334,0.3559880888944593
1122,1122,0.02528103099831469,0.07479534345792248,0.35593627412832207
1123,1123,0.02530263399830801,0.07477096720646925,0.35588448831539626
1124,1124,0.025334971998290712,0.07474661059884827,0.3558327314212669
1125,1125,0.025392114998282977,0.07472227359987786,0.3557810034116043
1126,1126,0.025416985998276687,0.07469795617447962,0.35572930425216387
1127,1127,0.025438693998296458,0.07467365828767814,0.3556776339087858
1128,1128,0.02545972599830293,0.07464937990460063,0.35562599234739484
1129,1129,0.025481100998320017,0.07462512099047647,0.3555743795339995
1130,1130,0.025501320998330357,0.07460088151063683,0.3555227954346921
1131,1131,0.02552292599835937,0.0745766614305144,0.35547124001564845
1132,1132,0.02554409799830637,0.07455246071564296,0.35541971324312693
1133,1133,0.025564830998291654,0.07452827933165697,0.355368215083469
1134,1134,0.025585606998333787,0.07450411724429122,0.3553167455030979
1135,1135,0.025606463998371964,0.07447997441938053,0.3552653044685193
1136,1136,0.02563136099837493,0.0744558508228593,0.3552138919463199
1137,1137,0.025660875998369193,0.07443174642076121,0.3551625079031682
1138,1138,0.025692690998369017,0.0744076611792188,0.3551111523058131
1139,1139,0.02571632699834936,0.07438359506446314,0.35505982512108425
1140,1140,0.025738480998370505,0.07435954804282352,0.35500852631589147
1141,1141,0.025760106998404808,0.07433552008072697,0.35495725585722454
1142,1142,0.025782136998373062,0.07431151114469799,0.3549060137121526
1143,1143,0.025803156998335908,0.07428752120135826,0.3548547998478242
1144,1144,0.025823671998352893,0.07426355021742612,0.3548036142314665
1145,1145,0.025844497998377847,0.07423959815971631,0.35475245683038553
1146,1146,0.02586547099838299,0.07421566499513972,0.35470132761196516
1147,1147,0.025887340998338004,0.07419175069070277,0.3546502265436675
1148,1148,0.025907841998332515,0.0741678552135074,0.35459915359303196
1149,1149,0.02593007599836028,0.07414397853075039,0.3545481087276755
1150,1150,0.02595236799839995,0.07412012060972337,0.3544970919152916
1151,1151,0.025985339998442214,0.07409628141781213,0.3544461031236507
1152,1152,0.026007414998446166,0.07407246092249653,0.35439514232059943
1153,1153,0.0260333139984823,0.07404865909134997,0.35434420947406037
1154,1154,0.02614834099847485,0.07402487589203928,0.3542933045520316
1155,1155,0.026175962998479463,0.07400111129232415,0.354242427522587
1156,1156,0.02619913699851395,0.07397736526005697,0.35419157835387516
1157,1157,0.026389285998504874,0.07395363776318234,0.3541407570141195
1158,1158,0.02641448699847615,0.07392992876973688,0.3540899634716178
1159,1159,0.02643698599848676,0.07390623824784882,0.3540391976947423
1160,1160,0.026460288998521264,0.07388256616573768,0.35398845965193854
1161,1161,0.026482388998545048,0.073858912491714,0.353937749311726
1162,1162,0.026503476998584574,0.07383527719417891,0.35388706664269737
1163,1163,0.026536582998573977,0.07381166024162385,0.3538364116135181
1164,1164,0.026559864998546345,0.07378806160263028,0.35378578419292656
1165,1165,0.02658253399857813,0.0737644812458693,0.3537351843497331
1166,1166,0.02661369099860167,0.07374091914010142,0.3536846120528205
1167,1167,0.02663721999857671,0.07371737525417611,0.35363406727114305
1168,1168,0.026659170998584614,0.0736938495570316,0.35358354997372676
1169,1169,0.026682569998570216,0.07367034201769444,0.3535330601296686
1170,1170,0.0267041159985979,0.07364685260527935,0.3534825977081366
1171,1171,0.026725498998587227,0.07362338128898871,0.3534321626783695
1172,1172,0.026794065998615224,0.07359992803811241,0.3533817550096762
1173,1173,0.026816978998624563,0.07357649282202744,0.3533313746714358
1174,1174,0.02684950499860861,0.07355307561019768,0.3532810216330972
1175,1175,0.027052770998636788,0.07352967637217336,0.35323069586417866
1176,1176,0.027077657998688665,0.07350629507759113,0.3531803973342679
1177,1177,0.027099749998683365,0.07348293169617336,0.35313012601302146
1178,1178,0.027122972998654404,0.07345958619772806,0.3530798818701647
1179,1179,0.0271572809986651,0.07343625855214858,0.35302966487549114
1180,1180,0.027181041998630917,0.0734129487294132,0.3529794749988629
1181,1181,0.02720253499859382,0.07338965669958483,0.3529293122102096
1182,1182,0.027225296998608428,0.0733663824328109,0.3528791764795287
1183,1183,0.02724642899858054,0.07334312589932276,0.352829067776885
1184,1184,0.027266834998556533,0.0733198870694357,0.3527789860724101
1185,1185,0.027288653998539303,0.07329666591354826,0.35272893133630295
1186,1186,0.02730982799857884,0.07327346240214243,0.35267890353882864
1187,1187,0.027332611998588163,0.07325027650578293,0.3526289026503188
1188,1188,0.027353437998556274,0.0732271081951171,0.3525789286411711
1189,1189,0.027374135998570637,0.07320395744087461,0.352528981481849
1190,1190,0.027394112998536002,0.07318082421386715,0.35247906114288136
1191,1191,0.027415074998486944,0.07315770848498811,0.35242916759486254
1192,1192,0.027435454998510522,0.07313461022521235,0.3523793008084519
1193,1193,0.02745591499854072,0.07311152940559584,0.3523294607543736
1194,1194,0.027479832998494658,0.07308846599727536,0.3522796474034162
1195,1195,0.02750074699849847,0.07306541997146843,0.3522298607264327
1196,1196,0.0275318369984916,0.07304239129947267,0.3521801006943403
1197,1197,0.027553521998470387,0.07301937995266587,0.35213036727811964
1198,1198,0.02757505499846502,0.07299638590250541,0.35208066044881514
1199,1199,0.02760228099845108,0.07297340912052823,0.35203098017753465
1200,1200,0.027636391998441923,0.07295044957835037,0.3519813264354489
1201,1201,0.027659346998461842,0.07292750724766676,0.3519316991937916
1202,1202,0.027685767998434585,0.07290458210025101,0.35188209842385887
1203,1203,0.027707002998397456,0.07288167410795497,0.3518325240970096
1204,1204,0.027727591998370826,0.07285878324270859,0.3517829761846642
1205,1205,0.02774807499832832,0.0728359094765196,0.3517334546583057
1206,1206,0.027771255998345623,0.0728130527814733,0.3516839594894781
1207,1207,0.027791700998363922,0.07279021312973219,0.3516344906497876
1208,1208,0.027811626998413885,0.07276739049353566,0.3515850481109007
1209,1209,0.027831760998424215,0.07274458484519994,0.35153563184454567
1210,1210,0.027852101998405487,0.0727217961571176,0.35148624182251115
1211,1211,0.027872273998411856,0.07269902440175745,0.3514368780166463
1212,1212,0.027913041998431254,0.07267626955166413,0.3513875403988606
1213,1213,0.0279429049984401,0.072653531579458,0.3513382289411239
1214,1214,0.02796490199841628,0.07263081045783468,0.35128894361546525
1215,1215,0.027997346998461126,0.07260810615956496,0.3512396843939741
1216,1216,0.028019155998492806,0.0725854186574945,0.3511904512487987
1217,1217,0.0280467899984842,0.07256274792454352,0.35114124415214676
1218,1218,0.028069370998537124,0.07254009393370656,0.3510920630762851
1219,1219,0.0280909999985397,0.07251745665805223,0.3510429079935388
1220,1220,0.028111951998539553,0.07249483607072307,0.35099377887629213
1221,1221,0.028132837998498417,0.07247223214493487,0.3509446756969873
1222,1222,0.028153518998465188,0.07244964485397704,0.3508955984281244
1223,1223,0.02817409499846235,0.07242707417121184,0.35084654704226187
1224,1224,0.0281945419984595,0.07240452007007446,0.35079752151201576
1225,1225,0.028215366998438185,0.07238198252407253,0.3507485218100594
1226,1226,0.028235531998461738,0.07235946150678597,0.35069954790912355
1227,1227,0.028256145998511784,0.07233695699186678,0.350650599781996
1228,1228,0.02827649699850099,0.0723144689530387,0.3506016774015212
1229,1229,0.028296484998520555,0.07229199736409705,0.3505527807406006
1230,1230,0.028316712998503135,0.07226954219890848,0.3505039097721918
1231,1231,0.028337476998501643,0.07224710343141057,0.3504550644693089
1232,1232,0.028357742998480262,0.07222468103561179,0.3504062448050217
1233,1233,0.028388562998486577,0.07220227498559112,0.3503574507524561
1234,1234,0.028414756998472512,0.07217988525549791,0.35030868228479367
1235,1235,0.028440886998453152,0.07215751181955149,0.3502599393752711
1236,1236,0.028475650998473157,0.07213515465204112,0.3502112219971808
1237,1237,0.028530830998420242,0.07211281372732561,0.35016253012386966
1238,1238,0.02855355499838197,0.07209048901983302,0.35011386372874
1239,1239,0.02857541599837532,0.0720681805040607,0.3500652227852484
1240,1240,0.028596671998400325,0.07204588815457476,0.3500166072669059
1241,1241,0.028616914998394805,0.07202361194600992,0.34996801714727815
1242,1242,0.028637438998430298,0.0720013518530694,0.34991945239998434
1243,1243,0.028657986998439355,0.07197910785052448,0.34987091299869805
1244,1244,0.02871403899843017,0.0719568799132145,0.3498223989171464
1245,1245,0.02873802599839337,0.07193466801604637,0.34977391012910974
1246,1246,0.02876009199837881,0.07191247213399447,0.3497254466084221
1247,1247,0.02878384699840808,0.07189029224210057,0.3496770083289705
1248,1248,0.028805265998414598,0.07186812831547323,0.34962859526469486
1249,1249,0.028826432998414475,0.07184598032928802,0.34958020738958784
1250,1250,0.028846921998422204,0.07182384825878685,0.3495318446776948
1251,1251,0.028878325998391574,0.07180173207927801,0.34948350710311354
1252,1252,0.028906063998363152,0.071779631766136,0.3494351946399937
1253,1253,0.02892980399838052,0.07175754729480104,0.34938690726253746
1254,1254,0.02895151599835799,0.07173547864077902,0.3493386449449985
1255,1255,0.028979500998389085,0.07171342577964139,0.3492904076616822
1256,1256,0.029002033998381194,0.07169138868702458,0.3492421953869456
1257,1257,0.02902408099839704,0.07166936733863016,0.34919400809519696
1258,1258,0.02904537099840354,0.0716473617102244,0.3491458457608955
1259,1259,0.029065770998386142,0.07162537177763813,0.34909770835855175
1260,1260,0.029086538998399192,0.07160339751676635,0.3490495958627269
1261,1261,0.029107405998388458,0.07158143890356844,0.34900150824803244
1262,1262,0.029127230998426512,0.07155949591406738,0.34895344548913076
1263,1263,0.029147652998403828,0.07153756852434999,0.3489054075607344
1264,1264,0.029167873998403593,0.07151565671056644,0.3488573944376057
1265,1265,0.029187985998362365,0.07149376044893012,0.34880940609455746
1266,1266,0.029208117998337002,0.07147187971571757,0.3487614425064516
1267,1267,0.029228617998342088,0.07145001448726798,0.3487135036482001
1268,1268,0.029248741998344485,0.07142816473998324,0.3486655894947643
1269,1269,0.02926920799831123,0.07140633045032752,0.3486177000211546
1270,1270,0.029297572998302712,0.07138451159482725,0.34856983520243073
1271,1271,0.029319023998311877,0.07136270815007077,0.348521995013701
1272,1272,0.029339414998332813,0.07134092009270818,0.3484741794301231
1273,1273,0.029359716998328622,0.07131914739945111,0.3484263884269026
1274,1274,0.029388131998302924,0.07129739004707256,0.34837862197929387
1275,1275,0.029441218998329077,0.0712756480124066,0.34833088006259977
1276,1276,0.029464734998327913,0.07125392127234823,0.34828316265217046
1277,1277,0.029495737998331606,0.07123220980385325,0.3482354697234052
1278,1278,0.02951863499833962,0.07121051358393785,0.34818780125175014
1279,1279,0.029539705998331556,0.07118883258967859,0.34814015721269953
1280,1280,0.02956044699828908,0.07116716679821217,0.34809253758179476
1281,1281,0.029581125998333846,0.0711455161867351,0.34804494233462485
1282,1282,0.029601572998330994,0.07112388073250367,0.3479973714468258
1283,1283,0.02962184599829243,0.07110226041283363,0.3479498248940808
1284,1284,0.0296419839983173,0.07108065520510004,0.3479023026521196
1285,1285,0.02966232799832369,0.07105906508673712,0.34785480469671887
1286,1286,0.02968282099834596,0.0710374900352379,0.3478073310037018
1287,1287,0.029704000998378888,0.07101593002815418,0.34775988154893794
1288,1288,0.029724346998364126,0.0709943850430962,0.3477124563083431
1289,1289,0.02974445699834405,0.07097285505773263,0.3476650552578791
1290,1290,0.029765522998332017,0.07095134004979015,0.34761767837355395
1291,1291,0.0297862749982869,0.07092983999705349,0.3475703256314212
1292,1292,0.029806551998262876,0.07090835487736495,0.34752299700758005
1293,1293,0.029827064998244168,0.07088688466862454,0.34747569247817534
1294,1294,0.029847155998254493,0.07086542934878949,0.34742841201939717
1295,1295,0.029877187998295085,0.07084398889587423,0.347381155607481
1296,1296,0.029920043998288293,0.07082256328795018,0.34733392321870704
1297,1297,0.029944164998255474,0.07080115250314555,0.3472867148294007
1298,1298,0.02997577399827378,0.07077975651964503,0.347239530415932
1299,1299,0.02999737099827371,0.07075837531568985,0.34719236995471564
1300,1300,0.030018068998288072,0.07073700886957733,0.3471452334222109
1301,1301,0.03005279899832658,0.07071565715966097,0.34709812079492103
1302,1302,0.030074717998331835,0.07069432016434991,0.347051032049394
1303,1303,0.03009549499830655,0.07067299786210915,0.34700396716222165
1304,1304,0.030115861998297078,0.07065169023145897,0.3469569261100395
1305,1305,0.030136486998287637,0.07063039725097506,0.346909908869527
1306,1306,0.03015689699827817,0.07060911889928818,0.34686291541740744
1307,1307,0.030177135998314952,0.070587855155084,0.3468159457304473
1308,1308,0.030197773998338562,0.07056660599710293,0.34676899978545667
1309,1309,0.030218622998347655,0.07054537140413998,0.34672207755928863
1310,1310,0.03023882099836328,0.07052415135504446,0.34667517902883976
1311,1311,0.030270861998360488,0.0705029458287199,0.34662830417104906
1312,1312,0.03029175099834447,0.07048175480412394,0.3465814529628988
1313,1313,0.0303184369983569,0.0704605782602679,0.34653462538141355
1314,1314,0.030338978998315724,0.07043941617621688,0.34648782140366097
1315,1315,0.03036742899831779,0.07041826853108944,0.34644104100675055
1316,1316,0.030415303998324816,0.07039713530405745,0.3463942841678344
1317,1317,0.030442529998310874,0.07037601647434584,0.3463475508641068
1318,1318,0.030464911998308253,0.07035491202123263,0.346300841072804
1319,1319,0.030485878998320004,0.07033382192404855,0.3462541547712041
1320,1320,0.03050701099834896,0.07031274616217693,0.346207491936627
1321,1321,0.03052793599835013,0.07029168471505358,0.34616085254643425
1322,1322,0.03054825199831157,0.0702706375621665,0.34611423657802903
1323,1323,0.030577180998307085,0.07024960468305587,0.3460676440088557
1324,1324,0.030599603998268776,0.07022858605731377,0.3460210748164
1325,1325,0.0306222659982609,0.07020758166458398,0.3459745289781887
1326,1326,0.030643705998272708,0.07018659148456194,0.3459280064717897
1327,1327,0.03067645999828983,0.07016561549699445,0.3458815072748118
1328,1328,0.030697545998293663,0.07014465368167958,0.34583503136490434
1329,1329,0.030724799998267827,0.07012370601846646,0.3457885787197575
1330,1330,0.030746029998283575,0.07010277248725515,0.34574214931710184
1331,1331,0.030766511998308488,0.07008185306799641,0.34569574313470847
1332,1332,0.030787138998277896,0.07006094774069171,0.3456493601503886
1333,1333,0.03081489099827195,0.07004005648539277,0.3456030003419936
1334,1334,0.030862737998290868,0.07001917928220162,0.345556663687415
1335,1335,0.03088602899833859,0.0699983161112704,0.3455103501645841
1336,1336,0.03090814799833197,0.06997746695280119,0.3454640597514719
1337,1337,0.03093981699834103,0.06995663178704573,0.3454177924260892
1338,1338,0.030964033998316154,0.06993581059430544,0.34537154816648635
1339,1339,0.030985466998288302,0.0699150033549312,0.34532532695075313
1340,1340,0.03100594499824183,0.06989421004932307,0.3452791287570184
1341,1341,0.031026633998237685,0.06987343065793034,0.3452329535634505
1342,1342,0.031047163998209726,0.06985266516125112,0.34518680134825663
1343,1343,0.031067444998257088,0.06983191353983242,0.3451406720896832
1344,1344,0.031087654998259495,0.06981117577426986,0.34509456576601505
1345,1345,0.031107930998246047,0.06979045184520752,0.34504848235557617
1346,1346,0.031127875998208765,0.06976974173333785,0.3450024218367288
1347,1347,0.031156312998177782,0.06974904541940138,0.344956384187874
1348,1348,0.031177915998171102,0.06972836288418678,0.3449103693874509
1349,1349,0.031198487998153723,0.06970769410853049,0.34486437741393716
1350,1350,0.031218997998166742,0.0696870390733166,0.3448184082458485
1351,1351,0.03123942199817975,0.0696663977594768,0.34477246186173854
1352,1352,0.03128071499821772,0.06964577014799027,0.34472653824019905
1353,1353,0.03132511299821772,0.06962515621988322,0.34468063735985954
1354,1354,0.031348219998221794,0.06960455595622915,0.34463475919938713
1355,1355,0.031370170998229696,0.06958396933814841,0.34458890373748663
1356,1356,0.03140130799823737,0.06956339634680805,0.3445430709529005
1357,1357,0.031433446998278214,0.06954283696342188,0.3444972608244081
1358,1358,0.03145438399826617,0.06952229116925016,0.34445147333082676
1359,1359,0.031479254998259876,0.06950175894559943,0.34440570845101026
1360,1360,0.03150051499824258,0.06948124027382248,0.3443599661638502
1361,1361,0.031520955998246336,0.06946073513531806,0.34431424644827413
1362,1362,0.031541207998259324,0.0694402435115309,0.34426854928324735
1363,1363,0.03156178799827103,0.06941976538395139,0.34422287464777157
1364,1364,0.03158164299827604,0.06939930073411553,0.3441772225208851
1365,1365,0.03160215399827848,0.06937884954360482,0.3441315928816628
1366,1366,0.031627132998266916,0.06935841179404599,0.3440859857092158
1367,1367,0.03164816899828793,0.06933798746711092,0.34404040098269195
1368,1368,0.031669012998293056,0.06931757654451659,0.34399483868127495
1369,1369,0.03169021399827443,0.06929717900802475,0.3439492987841847
1370,1370,0.03171371099830367,0.06927679483944192,0.34390378127067717
1371,1371,0.031741791998342705,0.06925642402061917,0.3438582861200442
1372,1372,0.03177338699833854,0.06923606653345206,0.34381281331161345
1373,1373,0.03179726899838897,0.06921572235988037,0.34376736282474823
1374,1374,0.031818912998346605,0.06919539148188811,0.3437219346388475
1375,1375,0.03185278099834932,0.06917507388150326,0.3436765287333458
1376,1376,0.03188522799831617,0.06915476954079763,0.3436311450877128
1377,1377,0.031909865998272835,0.06913447844188685,0.3435857836814538
1378,1378,0.03193398199823605,0.06911420056693009,0.34354044449410914
1379,1379,0.03195453299821338,0.06909393589813001,0.3434951275052543
1380,1380,0.031975381998222474,0.0690736844177325,0.34344983269449963
1381,1381,0.03199635599821704,0.06905344610802676,0.34340456004149067
1382,1382,0.03201660999826572,0.06903322095134486,0.3433593095259075
1383,1383,0.03205049199829091,0.06901300893006193,0.343314081127465
1384,1384,0.03207115299829866,0.06899281002659582,0.3432688748259128
1385,1385,0.03209161599829713,0.06897262422340694,0.3432236906010347
1386,1386,0.032121067998332364,0.0689524515029983,0.3431785284326494
1387,1387,0.032149705998335776,0.06893229184791516,0.3431333883006096
1388,1388,0.032217984998339944,0.06891214524074511,0.3430882701848023
1389,1389,0.03225086699831081,0.06889201166411779,0.3430431740651487
1390,1390,0.03228360799835173,0.06887189110070481,0.342998099921604
1391,1391,0.03231152199833787,0.06885178353321955,0.34295304773415725
1392,1392,0.032341526998322934,0.06883168894441716,0.34290801748283156
1393,1393,0.032378360998336575,0.0688116073170943,0.3428630091476837
1394,1394,0.0324102829983417,0.06879153863408909,0.3428180227088042
1395,1395,0.032441390998315,0.06877148287828093,0.3427730581463169
1396,1396,0.03248945599830222,0.06875144003259041,0.3427281154403795
1397,1397,0.03252168499830077,0.06873141007997913,0.34268319457118285
1398,1398,0.03254999299826977,0.06871139300344963,0.3426382955189512
1399,1399,0.03260002499831671,0.06869138878604521,0.342593418263942
1400,1400,0.03262883399833072,0.06867139741084984,0.34254856278644574
1401,1401,0.032660480998345065,0.068651418860988,0.34250372906678606
1402,1402,0.03268293899833452,0.06863145311962454,0.3424589170853196
1403,1403,0.032715217998372736,0.06861150016996466,0.34241412682243577
1404,1404,0.032736335998322375,0.06859155999525363,0.3423693582585566
1405,1405,0.032757282998375103,0.06857163257877673,0.3423246113741371
1406,1406,0.03277781899839738,0.06855171790385922,0.3422798861496646
1407,1407,0.03279947399835237,0.06853181595386601,0.3422351825656592
1408,1408,0.032820399998342964,0.0685119267122017,0.3421905006026732
1409,1409,0.03284049099835329,0.06849205016231048,0.34214584024129124
1410,1410,0.03286110999835046,0.06847218628767579,0.3421012014621304
1411,1411,0.03288628799833759,0.06845233507182046,0.3420565842458398
1412,1412,0.03290617099833071,0.06843249649830642,0.34201198857310056
1413,1413,0.03292665299835562,0.06841267055073458,0.34196741442462586
1414,1414,0.032947068998339546,0.06839285721274484,0.34192286178116077
1415,1415,0.032967418998339326,0.06837305646801578,0.3418783306234823
1416,1416,0.032987848998345726,0.06835326830026471,0.3418338209323989
1417,1417,0.033020254998348264,0.06833349269324754,0.341789332688751
1418,1418,0.033042262998378646,0.06831372963075842,0.3417448658734104
1419,1419,0.03307071799838468,0.06829397909662992,0.34170042046728044
1420,1420,0.03309348199837814,0.06827424107473279,0.34165599645129596
1421,1421,0.03312508699832506,0.0682545155489758,0.34161159380642275
1422,1422,0.03314668699829326,0.06823480250330567,0.3415672125136584
1423,1423,0.033168075998332824,0.06821510192170689,0.34152285255403114
1424,1424,0.03318830299832598,0.06819541378820183,0.34147851390860057
1425,1425,0.03322052299836287,0.06817573808685025,0.34143419655845725
1426,1426,0.03324217599833901,0.06815607480174944,0.34138990048472245
1427,1427,0.03326456999832317,0.06813642391703412,0.3413456256685486
1428,1428,0.03328511899832165,0.06811678541687613,0.3413013720911186
1429,1429,0.03330598299834264,0.06809715928548453,0.34125713973364613
1430,1430,0.03332643199837548,0.06807754550710536,0.34121292857737545
1431,1431,0.033347087998379266,0.0680579440660215,0.3411687386035813
1432,1432,0.033367553998402855,0.06803835494655268,0.341124569793569
1433,1433,0.03338762099838277,0.06801877813305522,0.341080422128674
1434,1434,0.03340797599838652,0.06799921360992212,0.3410362955902621
1435,1435,0.033428647998391625,0.06797966136158265,0.3409921901597295
1436,1436,0.03344902999839405,0.0679601213725025,0.34094810581850216
1437,1437,0.03348124999843094,0.06794059362718359,0.34090404254803647
1438,1438,0.03350291799841898,0.0679210781101639,0.3408600003298184
1439,1439,0.03353058699843814,0.0679015748060174,0.3408159791453641
1440,1440,0.03355366599845411,0.06788208369935389,0.34077197897621947
1441,1441,0.0335750539984474,0.06786260477481905,0.34072799980396
1442,1442,0.03359786299847656,0.06784313801709417,0.34068404161019106
1443,1443,0.03361889899844073,0.06782368341089604,0.3406401043765474
1444,1444,0.033639387998448456,0.06780424094097695,0.3405961880846934
1445,1445,0.03367533699844216,0.06778481059212449,0.340552292716323
1446,1446,0.03369834999841714,0.06776539234916142,0.34050841825315903
1447,1447,0.033723746998418846,0.06774598619694573,0.34046456467695424
1448,1448,0.03374490099844252,0.0677265921203703,0.34042073196949013
1449,1449,0.03376559899845688,0.06770721010436295,0.34037692011257753
1450,1450,0.03378684899843165,0.06768784013388633,0.34033312908805635
1451,1451,0.033807294998439374,0.06766848219393769,0.3402893588777953
1452,1452,0.033827761998395545,0.06764913626954887,0.34024560946369226
1453,1453,0.03384843799841519,0.06762980234578626,0.34020188082767383
1454,1454,0.03386866699844404,0.06761048040775056,0.34015817295169537
1455,1455,0.03390024099843458,0.06759117044057668,0.34011448581774095
1456,1456,0.0339211359984688,0.06757187242943374,0.3400708194078235
1457,1457,0.033948863998432444,0.06755258635952492,0.3400271737039839
1458,1458,0.03399274699842181,0.0675333122160873,0.3399835486882923
1459,1459,0.03402692299840737,0.06751404998439181,0.3399399443428467
1460,1460,0.03404852299843242,0.06749479964974318,0.33989636064977374
1461,1461,0.03407732299842792,0.06747556119747966,0.33985279759122805
1462,1462,0.03409850799846481,0.06745633461297312,0.33980925514939286
1463,1463,0.03412644799846021,0.06743711988162886,0.3397657333064793
1464,1464,0.03417808999842009,0.06741791698888548,0.33972223204472646
1465,1465,0.03420487099845104,0.06739872592021474,0.33967875134640174
1466,1466,0.034228376998441945,0.0673795466611217,0.33963529119380015
1467,1467,0.03425084899839703,0.06736037919714422,0.3395918515692447
1468,1468,0.03427161599842066,0.06734122351385328,0.3395484324550863
1469,1469,0.034292471998412566,0.06732207959685257,0.33950503383370345
1470,1470,0.03431299399841237,0.06730294743177853,0.33946165568750236
1471,1471,0.034333778998416165,0.06728382700430026,0.3394182979989168
1472,1472,0.03437066999839544,0.06726471830011929,0.3393749607504079
1473,1473,0.034398341998382875,0.0672456213049697,0.33933164392446463
1474,1474,0.03441978499836296,0.06722653600461778,0.3392883475036031
1475,1475,0.03444139499833909,0.06720746238486217,0.33924507147036664
1476,1476,0.03447932499835815,0.06718840043153351,0.33920181580732606
1477,1477,0.034501625998359486,0.06716935013049458,0.33915858049707925
1478,1478,0.03452196699834076,0.06715031146764004,0.33911536552225136
1479,1479,0.034542921998308884,0.06713128442889642,0.3390721708654942
1480,1480,0.03457474499833779,0.06711226900022196,0.3390289965094871
1481,1481,0.034595656998362756,0.0670932651676066,0.33898584243693586
1482,1482,0.03461655999836921,0.06707427291707177,0.3389427086305735
1483,1483,0.03463745999835055,0.06705529223467041,0.3388995950731596
1484,1484,0.034657657998366176,0.06703632310648681,0.33885650174748055
1485,1485,0.03467868299833299,0.0670173655186365,0.3388134286363494
1486,1486,0.034699446998331496,0.0669984194572662,0.3387703757226059
1487,1487,0.03471942699832198,0.0669794849085537,0.33872734298911616
1488,1488,0.03474025999832975,0.06696056185870784,0.3386843304187729
1489,1489,0.03477041699835581,0.06694165029396824,0.33864133799449514
1490,1490,0.03479120099831334,0.06692275020060541,0.33859836569922847
1491,1491,0.03481186199832109,0.06690386156492054,0.3385554135159446
1492,1492,0.0348324419983328,0.06688498437324537,0.33851248142764134
1493,1493,0.034852434998299486,0.06686611861194232,0.338469569417343
1494,1494,0.03487284799831514,0.06684726426740409,0.3384266774680996
1495,1495,0.03489682799829552,0.06682842132605372,0.33838380556298764
1496,1496,0.03492580999829897,0.0668095897743446,0.33834095368510925
1497,1497,0.03495330799825069,0.06679076959876028,0.33829812181759256
1498,1498,0.03497550299823615,0.06677196078581421,0.3382553099435916
1499,1499,0.03499634699824128,0.06675316332205,0.33821251804628627
1500,1500,0.03501727299828872,0.06673437719404107,0.338169746108882
1501,1501,0.03503812699830178,0.06671560238839062,0.3381269941146101
1502,1502,0.03505840699830287,0.06669683889173163,0.33808426204672737
1503,1503,0.03507940999833181,0.06667808669072657,0.33804154988851615
1504,1504,0.03510013199831974,0.06665934577206756,0.33799885762328435
1505,1505,0.03512084099833146,0.06664061612247618,0.33795618523436527
1506,1506,0.03515298599830885,0.06662189772870322,0.3379135327051177
1507,1507,0.03517459199832729,0.06660319057752889,0.3378709000189255
1508,1508,0.03519479499834688,0.06658449465576248,0.337828287159198
1509,1509,0.03521551199833084,0.06656580995024243,0.3377856941093697
1510,1510,0.03523600299831742,0.06654713644783615,0.3377431208529001
1511,1511,0.035268274998315974,0.06652847413544,0.3377005673732738
1512,1512,0.035288910998360734,0.06650982299997914,0.3376580336540009
1513,1513,0.03530992499838703,0.06649118302840747,0.3376155196786156
1514,1514,0.035330433998410626,0.06647255420770763,0.33757302543067774
1515,1515,0.03536283199838408,0.06645393652489079,0.3375305508937716
1516,1516,0.035392094998371704,0.06643532996699657,0.3374880960515066
1517,1517,0.03541522899837446,0.06641673452109301,0.33744566088751643
1518,1518,0.03543661199836379,0.06639815017427654,0.3374032453854598
1519,1519,0.03545771099834383,0.06637957691367176,0.33736084952902007
1520,1520,0.03547801099836079,0.06636101472643148,0.33731847330190495
1521,1521,0.03549861699838175,0.06634246359973649,0.3372761166878468
1522,1522,0.035519217998398744,0.06632392352079569,0.33723377967060236
1523,1523,0.035539755998343026,0.06630539447684582,0.337191462233953
1524,1524,0.03556044899835342,0.06628687645515141,0.337149164361704
1525,1525,0.03558125699834136,0.06626836944300481,0.3371068860376852
1526,1526,0.03560304899832545,0.06624987342772598,0.33706462724575065
1527,1527,0.035623670998347734,0.06623138839666241,0.3370223879697786
1528,1528,0.03564409199839247,0.0662129143371892,0.3369801681936714
1529,1529,0.03566454899839755,0.06619445123670879,0.33693796790135533
1530,1530,0.03568511699836563,0.06617599908265097,0.3368957870767809
1531,1531,0.03570887399837375,0.06615755786247275,0.3368536257039224
1532,1532,0.035729148998370874,0.06613912756365838,0.3368114837667782
1533,1533,0.035750103998395844,0.06612070817371914,0.33676936124937035
1534,1534,0.035771450998424825,0.06610229968019334,0.33672725813574467
1535,1535,0.0358040469984644,0.06608390207064628,0.33668517440997087
1536,1536,0.03583117899847821,0.06606551533267001,0.33664311005614234
1537,1537,0.03585408399851531,0.06604713945388337,0.33660106505837606
1538,1538,0.03587514199847419,0.06602877442193202,0.33655903940081255
1539,1539,0.03589639899848862,0.06601042022448814,0.3365170330676159
1540,1540,0.035917236998443514,0.06599207684925039,0.3364750460429736
1541,1541,0.035937640998440656,0.06597374428394401,0.3364330783110967
1542,1542,0.035958236998453685,0.06595542251632058,0.33639112985621955
1543,1543,0.035985460998460894,0.06593711153415796,0.3363492006625999
1544,1544,0.03600729399846614,0.06591881132526026,0.3363072907145185
1545,1545,0.03602874099846076,0.06590052187745775,0.3362653999962795
1546,1546,0.036049526998453985,0.06588224317860678,0.33622352849221054
1547,1547,0.03607006099844057,0.06586397521658968,0.33618167618666184
1548,1548,0.036102897998489425,0.0658457179793147,0.33613984306400685
1549,1549,0.03612422399845627,0.06582747145471593,0.3360980291086421
1550,1550,0.03614466699843888,0.06580923563075328,0.3360562343049871
1551,1551,0.03616538599845853,0.06579101049541232,0.3360144586374842
1552,1552,0.03618575999848872,0.06577279603670423,0.33597270209059865
1553,1553,0.03620606899852419,0.06575459224266579,0.3359309646488184
1554,1554,0.0362305999985324,0.06573639910135921,0.3358892462966543
1555,1555,0.03627518399849805,0.06571821660087207,0.33584754701863995
1556,1556,0.0362985379985048,0.06570004472931733,0.3358058667993312
1557,1557,0.036327318998473856,0.0656818834748332,0.3357642056233073
1558,1558,0.036356169998498444,0.065663732825583,0.33572256347516904
1559,1559,0.036378693998472045,0.06564559276975526,0.33568094033954066
1560,1560,0.03639997499851688,0.06562746329556339,0.33563933620106823
1561,1561,0.0364214709985049,0.06560934439124595,0.3355977510444206
1562,1562,0.036441763998539045,0.06559123604506621,0.3355561848542887
1563,1563,0.03646290199850455,0.06557313824531238,0.33551463761538586
1564,1564,0.03648327599853474,0.06555505098029733,0.33547310931244784
1565,1565,0.03650383999854512,0.06553697423835861,0.3354315999302325
1566,1566,0.03652428499850657,0.06551890800785841,0.3353901094535198
1567,1567,0.03654475699846671,0.06550085227718341,0.335348637867112
1568,1568,0.036564559998453205,0.06548280703474475,0.335307185155833
1569,1569,0.0365849129984781,0.06546477226897797,0.33526575130452935
1570,1570,0.03660731799845962,0.06544674796834288,0.335224336298069
1571,1571,0.03662801699846341,0.06542873412132362,0.33518294012134237
1572,1572,0.036648463998460556,0.06541073071642842,0.3351415627592613
1573,1573,0.03666927299843792,0.06539273774218966,0.33510020419675973
1574,1574,0.03669075899847485,0.06537475518716368,0.3350588644187932
1575,1575,0.036717395998493885,0.06535678303993091,0.335017543410339
1576,1576,0.03673960799847009,0.06533882128909557,0.3349762411563964
1577,1577,0.036760851998508315,0.06532086992328576,0.334934957641986
1578,1578,0.03678656099850741,0.06530292893115329,0.3348936928521502
1579,1579,0.036808286998507356,0.06528499830137371,0.3348524467719527
1580,1580,0.03682917599849134,0.0652670780226462,0.334811219386479
1581,1581,0.03685014899849648,0.06524916808369341,0.334770010680836
1582,1582,0.03687095399851614,0.06523126847326158,0.33472882064015186
1583,1583,0.036891521998541066,0.06521337918012028,0.334687649249576
1584,1584,0.03691198499853954,0.06519550019306244,0.3346464964942798
1585,1585,0.036933094998516935,0.06517763150090437,0.3346053623594552
1586,1586,0.03695477399850233,0.06515977309248551,0.3345642468303156
1587,1587,0.03697974499846168,0.06514192495666839,0.3345231498920958
1588,1588,0.037000161998491876,0.06512408708233877,0.3344820715300516
1589,1589,0.03702069399849961,0.06510625945840536,0.3344410117294598
1590,1590,0.03704119899850866,0.06508844207379975,0.33439997047561826
1591,1591,0.037061921998486014,0.06507063491747661,0.33435894775384606
1592,1592,0.037094177998483246,0.06505283797841317,0.3343179435494832
1593,1593,0.037124054998514566,0.06503505124560956,0.33427695784789024
1594,1594,0.03716653399851566,0.06501727470808866,0.3342359906344492
1595,1595,0.03719309899850032,0.06499950835489583,0.33419504189456245
1596,1596,0.03721496699853333,0.06498175217509913,0.3341541116136532
1597,1597,0.03723650299855308,0.06496400615778897,0.33411319977716586
1598,1598,0.03725716099853571,0.06494627029207828,0.3340723063705649
1599,1599,0.037278441998523704,0.06492854456710237,0.33403143137933583
1600,1600,0.037298898998528784,0.06491082897201884,0.33399057478898486
1601,1601,0.03731912299855367,0.06489312349600745,0.33394973658503846
1602,1602,0.037339355998540213,0.06487542812827024,0.3339089167530438
1603,1603,0.03736019899849907,0.06485774285803135,0.33386811527856847
1604,1604,0.037380180998468404,0.06484006767453689,0.3338273321472007
1605,1605,0.0374008289984431,0.06482240256705504,0.3337865673445489
1606,1606,0.03742106899846931,0.06480474752487589,0.3337458208562418
1607,1607,0.037443799998470695,0.06478710253731135,0.3337050926679287
1608,1608,0.03746474399849831,0.06476946759369513,0.33366438276527893
1609,1609,0.03748540199848094,0.06475184268338281,0.33362369113398216
1610,1610,0.037505367998448946,0.06473422779575148,0.33358301775974825
1611,1611,0.03752597399846991,0.06471662292019986,0.3335423626283072
1612,1612,0.03754872799845543,0.06469902804614835,0.33350172572540904
1613,1613,0.03756928699846185,0.06468144316303877,0.333461107036824
1614,1614,0.03759120399843141,0.06466386826033427,0.33342050654834227
1615,1615,0.03761856399842145,0.06464630332751958,0.3333799242457738
1616,1616,0.037651937998418816,0.06462874835410058,0.3333393601149491
1617,1617,0.03767424599845981,0.06461120332960442,0.3332988141417178
1618,1618,0.037695524998468954,0.06459366824357952,0.3332582863119499
1619,1619,0.03771633999843971,0.06457614308559535,0.333217776611535
1620,1620,0.03773705699842367,0.06455862784524254,0.3331772850263827
1621,1621,0.03775777999845786,0.06454112251213256,0.33313681154242203
1622,1622,0.037784188998443824,0.06452362707589802,0.3330963561456019
1623,1623,0.03780691999844521,0.06450614152619231,0.3330559188218909
1624,1624,0.03782837499841207,0.06448866585268974,0.33301549955727705
1625,1625,0.03786077899843576,0.06447120004508528,0.3329750983377682
1626,1626,0.03788154299843427,0.06445374409309473,0.33293471514939166
1627,1627,0.03790224799843145,0.06443629798645449,0.3328943499781939
1628,1628,0.037922611998453704,0.06441886171492155,0.33285400281024136
1629,1629,0.03794317699845351,0.06440143526827348,0.33281367363161957
1630,1630,0.03797331899841083,0.0643840186363083,0.33277336242843353
1631,1631,0.03799424199837631,0.06436661180884447,0.3327330691868075
1632,1632,0.03801507899834178,0.06434921477572084,0.3326927938928852
1633,1633,0.03803708599832589,0.0643318275267965,0.33265253653282956
1634,1634,0.038071442998329985,0.06431445005195092,0.33261229709282236
1635,1635,0.03809339299834846,0.06429708234108368,0.33257207555906526
1636,1636,0.03811420999835491,0.06427972438411447,0.33253187191777844
1637,1637,0.03813475299836,0.06426237617098317,0.3324916861552016
1638,1638,0.038155410998399475,0.06424503769164956,0.3324515182575931
1639,1639,0.03817562199844815,0.06422770893609354,0.33241136821123063
1640,1640,0.038195978998430746,0.06421038989431486,0.33237123600241086
1641,1641,0.038216624998426596,0.06419308055633303,0.3323311216174492
1642,1642,0.038236718998405195,0.06417578091218752,0.33229102504268015
1643,1643,0.03825654699841152,0.06415849095193749,0.332250946264457
1644,1644,0.03827928499845257,0.0641412106656618,0.33221088526915193
1645,1645,0.03830017899849736,0.06412394004345891,0.3321708420431559
1646,1646,0.03832076399851303,0.06410667907544693,0.33213081657287863
1647,1647,0.0383414449984798,0.0640894277517634,0.3320908088447484
1648,1648,0.03836154899846633,0.06407218606256554,0.3320508188452125
1649,1649,0.03838396499844521,0.06405495399802974,0.3320108465607365
1650,1650,0.0384043089984516,0.06403773154835195,0.33197089197780494
1651,1651,0.03842458099842361,0.06402051870374731,0.3319309550829206
1652,1652,0.03844470399843658,0.06400331545445027,0.33189103586260504
1653,1653,0.03847235299838303,0.06398612179071454,0.33185113430339813
1654,1654,0.03850196699835351,0.06396893770281284,0.33181125039185844
1655,1655,0.038535103998356135,0.06395176318103715,0.33177138411456264
1656,1656,0.038564965998375556,0.06393459821569845,0.3317315354581061
1657,1657,0.03858657999836623,0.06391744279712662,0.33169170440910223
1658,1658,0.03860756499835816,0.06390029691567063,0.331651890954183
1659,1659,0.038628693998361996,0.06388316056169815,0.33161209507999867
1660,1660,0.03864968399835789,0.06386603372559592,0.3315723167732175
1661,1661,0.03867218599833677,0.06384891639776928,0.33153255602052634
1662,1662,0.038693187998319445,0.06383180856864235,0.3314928128086297
1663,1663,0.038713539998298074,0.06381471022865798,0.3314530871242506
1664,1664,0.038734080998324316,0.06379762136827762,0.3314133789541301
1665,1665,0.03875499299834928,0.06378054197798126,0.33137368828502717
1666,1666,0.03877763499832554,0.06376347204826745,0.33133401510371907
1667,1667,0.03879798699830417,0.0637464115696532,0.3312943593970007
1668,1668,0.03881840999832775,0.06372936053267401,0.33125472115168525
1669,1669,0.038848424998377595,0.06371231892788365,0.33121510035460355
1670,1670,0.038869920998365615,0.06369528674585433,0.3311754969926046
1671,1671,0.03889089999836415,0.06367826397717632,0.33113591105255497
1672,1672,0.03891318799833243,0.06366125061245835,0.3310963425213392
1673,1673,0.038951584998301314,0.06364424664232728,0.33105679138585964
1674,1674,0.038974421998318576,0.06362725205742793,0.33101725763303624
1675,1675,0.038996406998307975,0.06361026684842336,0.3309777412498068
1676,1676,0.039017117998298545,0.06359329100599456,0.3309382422231267
1677,1677,0.03903806199826931,0.0635763245208405,0.330898760539969
1678,1678,0.039063038998222055,0.06355936738367815,0.3308592961873244
1679,1679,0.03909185699819773,0.06354241958524223,0.33081984915220103
1680,1680,0.03912411899818835,0.0635254811162854,0.3307804194216247
1681,1681,0.039157444998181745,0.06350855196757804,0.3307410069826388
1682,1682,0.039195641998219344,0.06349163212990824,0.33070161182230395
1683,1683,0.039227777998178226,0.06347472159408184,0.3306622339276984
1684,1684,0.03924899799818604,0.06345782035092219,0.3306228732859176
1685,1685,0.03926966299815149,0.0634409283912703,0.33058352988407463
1686,1686,0.03928999299819225,0.06342404570598478,0.3305442037092997
1687,1687,0.0393127589982214,0.06340717228594156,0.3305048947487404
1688,1688,0.03933302699823571,0.06339030812203414,0.3304656029895615
1689,1689,0.039359623998223014,0.06337345320517335,0.33042632841894526
1690,1690,0.039386909998199826,0.06335660752628737,0.3303870710240907
1691,1691,0.039409169998180005,0.06333977107632173,0.33034783079221447
1692,1692,0.0394306159981852,0.06332294384623906,0.3303086077105501
1693,1693,0.03945168199817317,0.06330612582701944,0.3302694017663481
1694,1694,0.039473594998185035,0.06328931700965983,0.33023021294687654
1695,1695,0.039494681998178294,0.06327251738517442,0.3301910412394199
1696,1696,0.03951561199818343,0.06325572694459458,0.33015188663128003
1697,1697,0.039540617998170546,0.06323894567896844,0.3301127491097757
1698,1698,0.03956214599816121,0.06322217357936129,0.3300736286622426
1699,1699,0.039583519998188876,0.0632054106368553,0.33003452527603333
1700,1700,0.03960413699815035,0.06318865684254947,0.32999543893851724
1701,1701,0.03962509699817929,0.06317191218755965,0.32995636963708075
1702,1702,0.03964532299818302,0.0631551766630185,0.3299173173591268
1703,1703,0.039665828998181496,0.06313845026007538,0.3298782820920755
1704,1704,0.03968637199818659,0.06312173296989639,0.32983926382336315
1705,1705,0.03970690799815202,0.0631050247836642,0.3298002625404434
1706,1706,0.03972693599814647,0.06308832569257822,0.32976127823078605
1707,1707,0.03974743899811983,0.06307163568785422,0.3297223108818778
1708,1708,0.03977718999811941,0.06305495476072467,0.329683360481222
1709,1709,0.03981914999815217,0.06303828290243842,0.32964442701633834
1710,1710,0.03984330199818942,0.0630216201042607,0.3296055104747633
1711,1711,0.03987291799819559,0.06300496635747319,0.32956661084404965
1712,1712,0.03989571799820624,0.0629883216533739,0.329527728111767
1713,1713,0.03991722499824846,0.0629716859832771,0.32948886226550117
1714,1714,0.03993820899825096,0.0629550593385133,0.32945001329285434
1715,1715,0.03995911199825741,0.0629384417104293,0.32941118118144536
1716,1716,0.03998943699826896,0.06292183309038789,0.329372365918909
1717,1717,0.040018142998292205,0.06290523346976817,0.329333567492897
1718,1718,0.04003839599829462,0.06288864283996519,0.3292947858910767
1719,1719,0.040059241998278594,0.06287206119239004,0.32925602110113217
1720,1720,0.04007971199825988,0.0628554885184698,0.3292172731107637
1721,1721,0.040100142998255706,0.0628389248096475,0.3291785419076875
1722,1722,0.040120948998264794,0.06282237005738212,0.3291398274796364
1723,1723,0.04014198199826069,0.06280582425314837,0.3291011298143588
1724,1724,0.040161999998304054,0.06278928738843689,0.3290624488996197
1725,1725,0.04018241199827344,0.06277275945475408,0.32902378472320004
1726,1726,0.040209946998288615,0.06275624044362202,0.32898513727289685
1727,1727,0.040231637998260794,0.06273973034657847,0.328946506536523
1728,1728,0.0402600229982113,0.06272322915517688,0.32890789250190755
1729,1729,0.04030119499822149,0.06270673686098628,0.3288692951568955
1730,1730,0.040323556998259846,0.06269025345559129,0.32883071448934775
1731,1731,0.04034462199825839,0.06267377893059198,0.3287921504871411
1732,1732,0.04036707699822273,0.062657313277604,0.3287536031381682
1733,1733,0.040387708998196103,0.06264085648825829,0.32871507243033765
1734,1734,0.04040809899817077,0.06262440855420137,0.3286765583515737
1735,1735,0.04042876199815737,0.06260796946709495,0.3286380608898167
1736,1736,0.040451937998170706,0.06259153921861611,0.32859958003302225
1737,1737,0.040478055998164564,0.06257511780045727,0.3285611157691622
1738,1738,0.040498778998141916,0.06255870520432595,0.3285226680862238
1739,1739,0.040519468998127195,0.062542301421945,0.32848423697221
1740,1740,0.04053975399807541,0.06252590644505227,0.32844582241513953
1741,1741,0.040560344998084474,0.06250952026540085,0.3284074244030465
1742,1742,0.04058041099807497,0.06249314287475885,0.3283690429239809
1743,1743,0.04060053999808133,0.062476774264909385,0.328330677966008
1744,1744,0.040620552998063886,0.06246041442765058,0.3282923295172087
1745,1745,0.04064074899804382,0.06244406335479552,0.32825399756567947
1746,1746,0.040671731998031646,0.0624277210381722,0.32821568209953217
1747,1747,0.04069277599808174,0.06241138746962344,0.328177383106894
1748,1748,0.040712577998078814,0.06239506264100692,0.3281391005759077
1749,1749,0.04073438299809595,0.06237874654419516,0.3281008344947315
1750,1750,0.04076062199806074,0.06236243917107532,0.32806258485153866
1751,1751,0.04078474399807419,0.06234614051354938,0.32802435163451804
1752,1752,0.040806345998078086,0.06232985056353397,0.32798613483187367
1753,1753,0.04082839699805163,0.06231356931296024,0.327947934431825
1754,1754,0.04084926099807262,0.06229729675377409,0.3279097504226064
1755,1755,0.04088075899807109,0.062281032877935925,0.32787158279246786
1756,1756,0.04090187399805245,0.062264777677420634,0.3278334315296741
1757,1757,0.04092203999806543,0.062248531144217654,0.32779529662250545
1758,1758,0.04094263799805731,0.062232293270330745,0.3277571780592571
1759,1759,0.04096337599804656,0.06221606404777817,0.3277190758282392
1760,1760,0.04098337599805291,0.06219984346859255,0.3276809899177775
1761,1761,0.04100386799808575,0.06218363152482084,0.32764292031621217
1762,1762,0.04102408799803925,0.062167428208524195,0.32760486701189884
1763,1763,0.041044014998021794,0.062151233511778106,0.32756682999320785
1764,1764,0.041064410998046696,0.062135047426672245,0.3275288092485248
1765,1765,0.04108484099799625,0.06211886994531053,0.32749080476624987
1766,1766,0.04110523099797092,0.062102701059810896,0.32745281653479835
1767,1767,0.04112537099797464,0.0620865407623055,0.32741484454260045
1768,1768,0.04114532499795587,0.062070389044940444,0.327376888778101
1769,1769,0.04117228899792735,0.06205424589987597,0.32733894922975987
1770,1770,0.04122230999792009,0.06203811131928624,0.32730102588605187
1771,1771,0.04124740399788607,0.06202198529535944,0.3272631187354661
1772,1772,0.041268700997875385,0.06200586782029757,0.32722522776650687
1773,1773,0.04129011199790966,0.06198975888631661,0.32718735296769286
1774,1774,0.04131074199790419,0.06197365848564628,0.3271494943275577
1775,1775,0.041331168997942314,0.06195756661053022,0.3271116518346495
1776,1776,0.041354838997960996,0.06194148325322584,0.32707382547753117
1777,1777,0.04139005199795065,0.061925408406004134,0.32703601524478004
1778,1778,0.04141307499793356,0.06190934206114995,0.3269982211249882
1779,1779,0.041434697997885905,0.06189328421096178,0.32696044310676214
1780,1780,0.041455818997917504,0.06187723484775169,0.32692268117872303
1781,1781,0.04147635799790805,0.061861193963845346,0.3268849353295064
1782,1782,0.04149672999790255,0.06184516155158203,0.32684720554776237
1783,1783,0.04151749899790502,0.06182913760331446,0.3268094918221554
1784,1784,0.041537657997935185,0.06181312211140887,0.3267717941413645
1785,1785,0.04155835699793897,0.061797115068245034,0.32673411249408296
1786,1786,0.04157856199793741,0.06178111646621602,0.32669644686901855
1787,1787,0.041598596997971526,0.06176512629772835,0.3266587972548933
1788,1788,0.041636656997980026,0.0617491445552018,0.32662116364044363
1789,1789,0.04167933699795867,0.0617331712310696,0.32658354601442013
1790,1790,0.04170323699798928,0.06171720631777814,0.3265459443655877
1791,1791,0.04172530399802099,0.06170124980778711,0.3265083586827257
1792,1792,0.04175660299802075,0.0616853016935694,0.3264707889546274
1793,1793,0.04177759799802061,0.06166936196761104,0.3264332351701005
1794,1794,0.0417984659979993,0.06165343062241123,0.3263956973179667
1795,1795,0.04181916499800309,0.06163750765048226,0.32635817538706163
1796,1796,0.04184323799802314,0.06162159304434952,0.3263206693662358
1797,1797,0.04186406099802298,0.06160568679655141,0.3262831792443529
1798,1798,0.04188450299801616,0.06158978889963931,0.32624570501029126
1799,1799,0.041904704997989484,0.061573899346177616,0.3262082466529431
1800,1800,0.041924871997991886,0.061558018128743675,0.3261708041612145
1801,1801,0.04194576299801156,0.061542145239927626,0.32613337752402577
1802,1802,0.04196547499805092,0.061526280672332616,0.326095966730311
1803,1803,0.0419858779980018,0.061510424418574565,0.32605857176901837
1804,1804,0.042009334997999304,0.061494576471282154,0.3260211926291097
1805,1805,0.04202952899800039,0.06147873682309694,0.3259838292995611
1806,1806,0.042060704997993525,0.06146290546667306,0.32594648176936236
1807,1807,0.04208168499803833,0.06144708239467752,0.3259091500275168
1808,1808,0.0421018079980513,0.0614312675997899,0.32587183406304204
1809,1809,0.04212385399802088,0.0614154610747024,0.32583453386496913
1810,1810,0.04215130799804001,0.06139966281211993,0.3257972494223433
1811,1811,0.04218351499804385,0.06138387280475986,0.325759980724223
1812,1812,0.042205724998041205,0.06136809104535216,0.32572272775968075
1813,1813,0.042227248998074174,0.06135231752663929,0.32568549051780254
1814,1814,0.04224800299806475,0.061336552241376206,0.3256482689876882
1815,1815,0.04228444199804926,0.06132079518233028,0.32561106315845123
1816,1816,0.042306304998078303,0.06130504634228132,0.32557387301921853
1817,1817,0.04232718899805832,0.06128930571402148,0.3255366985591308
1818,1818,0.04234784799808722,0.06127357329035529,0.32549953976734214
1819,1819,0.04236833399806983,0.061257849064099625,0.3254623966330204
1820,1820,0.042388936998065674,0.06124213302808356,0.3254252691453468
1821,1821,0.042409918998089324,0.0612264251751485,0.32538815729351594
1822,1822,0.042429977998097,0.06121072549814801,0.3253510610667363
1823,1823,0.04245027999809281,0.061195033989947925,0.3253139804542293
1824,1824,0.0424705469981177,0.061179350643426174,0.32527691544523024
1825,1825,0.04249842699812234,0.06116367545147281,0.32523986602898747
1826,1826,0.04252002599810112,0.06114800840699006,0.3252028321947628
1827,1827,0.04254083199811021,0.06113234950289211,0.32516581393183164
1828,1828,0.04256113699813113,0.06111669873210526,0.3251288112294825
1829,1829,0.042582822998099346,0.06110105608756776,0.3250918240770171
1830,1830,0.04261268799814388,0.061085421562229916,0.32505485246375077
1831,1831,0.04264420899812649,0.06106979514905389,0.32501789637901174
1832,1832,0.042666588998145016,0.06105417684101377,0.32498095581214176
1833,1833,0.04268749099816205,0.061038566631095574,0.3249440307524956
1834,1834,0.04270805899813013,0.061022964512297134,0.3249071211894414
1835,1835,0.04272832099815105,0.0610073704776281,0.32487022711236024
1836,1836,0.042748958998117814,0.060991784520109976,0.32483334851064655
1837,1837,0.04276948199816388,0.060976206632775955,0.3247964853737077
1838,1838,0.042789600998162314,0.06096063680867093,0.3247596376909645
1839,1839,0.04281031999818197,0.06094507504085158,0.3247228054518502
1840,1840,0.042830492998234604,0.06092952132238627,0.3246859886458117
1841,1841,0.042850646998203956,0.06091397564635492,0.32464918726230874
1842,1842,0.04288181399823543,0.06089843800584912,0.32461240129081403
1843,1843,0.042902655998204864,0.06088290839397202,0.3245756307208132
1844,1844,0.042922746998158345,0.060867386803838394,0.3245388755418049
1845,1845,0.042943554998203126,0.06085187322857439,0.32450213574330067
1846,1846,0.04296375799822272,0.06083636766131779,0.32446541131482515
1847,1847,0.04299534899820401,0.06082087009521778,0.32442870224591575
1848,1848,0.04301623799818799,0.06080538052343502,0.3243920085261225
1849,1849,0.04303984999819477,0.06078989893914151,0.3243553301450087
1850,1850,0.043096624998156585,0.06077442533552071,0.32431866709215024
1851,1851,0.04312063499816077,0.060758959705767404,0.3242820193571359
1852,1852,0.04314227399817128,0.060743502043087656,0.32424538692956717
1853,1853,0.04316381999814212,0.06072805234069891,0.32420876979905816
1854,1854,0.04318469499810362,0.06071261059182975,0.3241721679552361
1855,1855,0.043205281998098144,0.06069717678972012,0.32413558138774046
1856,1856,0.04322526999811771,0.06068175092762111,0.3240990100862238
1857,1857,0.04325299399812366,0.06066633299879498,0.3240624540403512
1858,1858,0.043275075998110424,0.06065092299651521,0.3240259132398003
1859,1859,0.043297977998122406,0.060635520914066265,0.3239893876742614
1860,1860,0.04331874599807861,0.0606201267447439,0.3239528773334376
1861,1861,0.04333932699807974,0.06060474048185477,0.32391638220704416
1862,1862,0.04335994099807294,0.06058936211871665,0.32387990228480934
1863,1863,0.04338246199807827,0.0605739916486583,0.3238434375564737
1864,1864,0.043403022998063534,0.06055862906501949,0.32380698801179036
1865,1865,0.04342296899807252,0.06054327436115097,0.32377055364052487
1866,1866,0.043445657998063325,0.06052792753041424,0.32373413443245536
1867,1867,0.04346629999804463,0.06051258856618201,0.32369773037737243
1868,1868,0.04348778999803926,0.060497257461837595,0.3236613414650788
1869,1869,0.04351559099808355,0.06048193421077529,0.32362496768539006
1870,1870,0.04353917299812338,0.06046661880640018,0.32358860902813386
1871,1871,0.043560599998102134,0.060451311242128145,0.32355226548315036
1872,1872,0.04358148499812842,0.060436011511385834,0.3235159370402919
1873,1873,0.0436026179981468,0.060420719607610605,0.3234796236894234
1874,1874,0.043634196998141306,0.06040543552425054,0.32344332542042176
1875,1875,0.04365553699813063,0.06039015925476447,0.3234070422231764
1876,1876,0.043676034998156865,0.06037489079262181,0.32337077408758896
1877,1877,0.04369603799818833,0.06035963013130261,0.3233345210035732
1878,1878,0.043728138998233135,0.06034437726429757,0.3232982829610552
1879,1879,0.043749462998221134,0.060329132185107937,0.3232620599499731
1880,1880,0.04376980499819183,0.06031389488724553,0.32322585196027737
1881,1881,0.04379029299815329,0.060298665364232666,0.3231896589819307
1882,1882,0.04382181299814647,0.06028344360960217,0.3231534810049076
1883,1883,0.04384236299813438,0.060268229616897415,0.3231173180191948
1884,1884,0.0438633969981197,0.06025302337967206,0.3230811700147914
1885,1885,0.04388378499817236,0.06023782489149038,0.32304503698170833
1886,1886,0.043904018998205174,0.06022263414592685,0.3230089189099684
1887,1887,0.04392470799820103,0.0602074511365665,0.3229728157896068
1888,1888,0.0439462639981798,0.060192275857004617,0.3229367276106704
1889,1889,0.04397189699818682,0.06017710830084678,0.32290065436321835
1890,1890,0.04399437499819214,0.060161948461708886,0.32286459603732154
1891,1891,0.04401594299821454,0.06014679633321712,0.3228285526230628
1892,1892,0.04403674899822363,0.060131651909007884,0.3227925241105373
1893,1893,0.04405747899824064,0.06011651518272782,0.32275651048985143
1894,1894,0.044077974998231184,0.06010138614803375,0.322720511751124
1895,1895,0.04409832599822039,0.06008626479859264,0.32268452788448526
1896,1896,0.04412349099823132,0.060071151128081646,0.3226485588800778
1897,1897,0.04414439599821662,0.060056045130188,0.32261260472805564
1898,1898,0.044164734998219046,0.06004094679860903,0.32257666541858476
1899,1899,0.044185842998217595,0.06002585612705216,0.3225407409418429
1900,1900,0.044206100998223974,0.06001077310923485,0.3225048312880193
1901,1901,0.04423702399822105,0.05999569773888453,0.3224689364473155
1902,1902,0.04425786699823675,0.059980630009738634,0.32243305640994435
1903,1903,0.044278603998236576,0.05996556991554462,0.32239719116613047
1904,1904,0.04429877399820725,0.05995051745005986,0.32236134070611006
1905,1905,0.0443228039982273,0.05993547260705161,0.3223255050201313
1906,1906,0.0443430199982231,0.059920435380297045,0.3222896840984537
1907,1907,0.04437069899825019,0.05990540576358324,0.3222538779313485
1908,1908,0.04442385799825388,0.05989038375070706,0.32221808650909856
1909,1909,0.04444828799825018,0.05987536933547523,0.32218230982199836
1910,1910,0.04449817899825348,0.05986036251170426,0.32214654786035374
1911,1911,0.04453317499826426,0.05984536327322042,0.32211080061448233
1912,1912,0.04455940499826738,0.059830371613859755,0.32207506807471314
1913,1913,0.044583256998237175,0.05981538752746804,0.3220393502313867
1914,1914,0.04460440999821458,0.0598004110079007,0.3220036470748552
1915,1915,0.04462557999818273,0.05978544204902289,0.3219679585954819
1916,1916,0.044646056998203676,0.059770480644709356,0.32193228478364183
1917,1917,0.0446668579982088,0.059755526788844576,0.3218966256297213
1918,1918,0.04468686499819796,0.059740580475322574,0.32186098112411815
1919,1919,0.04470693599819242,0.05972564169804692,0.3218253512572415
1920,1920,0.044727372998181636,0.059710710450930835,0.3217897360195119
1921,1921,0.04475126699821885,0.059695786727897,0.3217541354013612
1922,1922,0.044771622998212024,0.059680870522877606,0.32171854939323247
1923,1923,0.044792826998218516,0.05966596182981442,0.3216829779855804
1924,1924,0.04481323299825135,0.059651060642658564,0.32164742116887063
1925,1925,0.04483655399826603,0.0596361669553707,0.3216118789335803
1926,1926,0.04486307599825068,0.059621280761920845,0.3215763512701977
1927,1927,0.044885932998283806,0.05960640205628842,0.3215408381692222
1928,1928,0.04490676099828761,0.059591530832462304,0.3215053396211648
1929,1929,0.044928060998302044,0.05957666708444059,0.3214698556165474
1930,1930,0.04494859599827805,0.05956181080623086,0.32143438614590303
1931,1931,0.04496933499831357,0.059546961991849806,0.3213989311997759
1932,1932,0.04501654499830465,0.05953212063532362,0.32136349076872167
1933,1933,0.04504306799833557,0.05951728673068755,0.32132806484330667
1934,1934,0.04506483499835667,0.05950246027198626,0.32129265341410856
1935,1935,0.04508626499836055,0.05948764125327353,0.3212572564717162
1936,1936,0.04510713699835378,0.05947282966861236,0.32122187400672914
1937,1937,0.04512747699834563,0.05945802551207491,0.3211865060097584
1938,1938,0.04515688699831344,0.05944322877774251,0.3211511524714258
1939,1939,0.04517832399835697,0.0594284394597056,0.32111581338236406
1940,1940,0.0451984919983488,0.05941365755206373,0.321080488733217
1941,1941,0.04521940099834865,0.05939888304892553,0.32104517851463965
1942,1942,0.04523986199836827,0.05938411594440877,0.32100988271729763
1943,1943,0.045259893998377265,0.05936935623264008,0.32097460133186767
1944,1944,0.045282027998382546,0.059354603907755314,0.3209393343490373
1945,1945,0.045308466998392305,0.05933985896389916,0.3209040817595052
1946,1946,0.04534163799843327,0.0593251213952254,0.32086884355398065
1947,1947,0.045369053998456366,0.05931039119589662,0.32083361972318386
1948,1948,0.045390614998439105,0.05929566836008453,0.3207984102578459
1949,1949,0.045411312998396625,0.05928095288196963,0.32076321514870876
1950,1950,0.04543234699843879,0.05926624475574132,0.32072803438652514
1951,1951,0.045453127998428045,0.059251543975597835,0.3206928679620586
1952,1952,0.045473420998405345,0.05923685053574637,0.3206577158660832
1953,1953,0.04549395299841308,0.05922216443040283,0.3206225780893842
1954,1954,0.04551420499842607,0.059207485653792,0.3205874546227573
1955,1955,0.04553432799843904,0.059192814200147374,0.3205523454570088
1956,1956,0.04555460799844013,0.05917815006371128,0.320517250582956
1957,1957,0.04557509699844786,0.05916349323873472,0.3204821699914268
1958,1958,0.04559519699841985,0.059148843719477456,0.32044710367325974
1959,1959,0.045615845998383975,0.059134201500207956,0.32041205161930375
1960,1960,0.04563596799840752,0.05911956657520335,0.32037701382041867
1961,1961,0.0456560419984271,0.0591049389387494,0.3203419902674752
1962,1962,0.045679643998425945,0.05909031858514057,0.32030698095135385
1963,1963,0.04570808099839496,0.059075705508679854,0.3202719858629466
1964,1964,0.04572895599835647,0.0590610997036789,0.32023700499315527
1965,1965,0.04576060099833512,0.05904650116445789,0.3202020383328926
1966,1966,0.04578428699835513,0.05903190988534563,0.32016708587308174
1967,1967,0.04580547399837087,0.05901732586067941,0.32013214760465636
1968,1968,0.045826309998346915,0.05900274908480502,0.3200972235185606
1969,1969,0.04585779299833348,0.05898817955207669,0.3200623136057491
1970,1970,0.04587888099831616,0.05897361725685734,0.320027417857187
1971,1971,0.04589975499834509,0.05895906219351807,0.31999253626384966
1972,1972,0.045920346998343575,0.05894451435643858,0.31995766881672305
1973,1973,0.04594025899831422,0.05892997374000698,0.3199228155068036
1974,1974,0.04596023799831528,0.05891544033861963,0.3198879763250979
1975,1975,0.04598084099836797,0.058900914146681436,0.319853151262623
1976,1976,0.04600067599835711,0.05888639515860561,0.31981834031040635
1977,1977,0.04602107299837144,0.05887188336881357,0.3197835434594857
1978,1978,0.046041223998372516,0.05885737877173524,0.3197487607009091
1979,1979,0.046061284998415886,0.058842881361808694,0.31971399202573486
1980,1980,0.04608182099838132,0.058828391133480346,0.31967923742503157
1981,1981,0.046102166998366556,0.058813908081204846,0.31964449688987834
1982,1982,0.046122191998392736,0.05879943219944508,0.31960977041136407
1983,1983,0.04614289799837934,0.05878496348267213,0.31957505798058816
1984,1984,0.04617912799835722,0.05877050192536531,0.3195403595886603
1985,1985,0.046221941998339844,0.058756047522012085,0.3195056752267001
1986,1986,0.046245082998325415,0.058741600267108084,0.3194710048858377
1987,1987,0.04626692299837032,0.05872716015515708,0.319436348557213
1988,1988,0.04629896799838207,0.05871272718067094,0.3194017062319763
1989,1989,0.0463207149983873,0.05869830133816966,0.3193670779012879
1990,1990,0.04634149699836598,0.0586838826221813,0.31933246355631845
1991,1991,0.04637258399839084,0.05866947102724197,0.31929786318824854
1992,1992,0.04639313199834305,0.05865506654789585,0.3192632767882686
1993,1993,0.04641720199833799,0.058640669178695135,0.3192287043475796
1994,1994,0.04643757399833248,0.058626278914200004,0.3191941458573921
1995,1995,0.04645815899829131,0.05861189574897865,0.3191596013089269
1996,1996,0.046479048998264716,0.0585975196776072,0.31912507069341495
1997,1997,0.04649914799824728,0.05858315069466972,0.31909055400209685
1998,1998,0.0465196429982484,0.05856878879475831,0.3190560512262234
1999,1999,0.04654052199822445,0.058554433972472855,0.31902156235705537
2000,2000,0.04656086499818457,0.05854008622242117,0.3189870873858635
