epoch,updates,time,train_loss,val_rmse
1,1,9.567399996512904e-05,0.41461886239733603,0.7522595122578037
2,2,0.00013359499996568047,0.3727515779750887,0.7160111078418904
3,3,0.00016646899996430875,0.34273500768310255,0.687388216569094
4,4,0.00019871399996418404,0.31891168340753207,0.6717707518026098
5,5,0.00023033699994812196,0.29864512698950413,0.6515890878892968
6,6,0.0002615059999584446,0.28120955316153,0.640216462250969
7,7,0.0003257309999753488,0.26595880631162294,0.6212149681579618
8,8,0.0003599489999714933,0.25256643605191875,0.6131142235342113
9,9,0.0003922959999158593,0.2407209868623669,0.5959765046705203
10,10,0.0004233789999261717,0.23022166341968942,0.5902122066951645
11,11,0.00045371799996019035,0.22087490619363562,0.5748219327945848
12,12,0.0004836669999690457,0.2125414022989345,0.5708307687383382
13,13,0.000513602999944851,0.20508566597440717,0.5570446060752952
14,14,0.0005438289999233348,0.198406201240788,0.5544110410248354
15,15,0.000573507999888534,0.19240320394633137,0.5420520009705138
16,16,0.0006032639998920786,0.18700110509137546,0.5404592399306767
17,17,0.0006331989999353027,0.18212459247555937,0.5293506318923468
18,18,0.0006631979999269788,0.17771674526785958,0.5285539701648344
19,19,0.0006930209999040926,0.17371994426773826,0.5185326967099668
20,20,0.0007227049999301016,0.17009099704821404,0.5183423575871077
21,21,0.0007525479999230811,0.1667854051591698,0.5092629109534402
22,22,0.0007820899999160247,0.163770216356528,0.5095319886470037
23,23,0.0008124999999381544,0.1610108176662201,0.5012668971083588
24,24,0.0008524199999442317,0.15848195950712457,0.5018821215973094
25,25,0.0008913319999805935,0.15615655873140086,0.4943208175512672
26,26,0.0009238499999923988,0.15401519349358497,0.49519531129018696
27,27,0.0009550149999881796,0.15203656336675145,0.4882424765171699
28,28,0.0009861489999707373,0.1502056746179939,0.4893099872444843
29,29,0.001016934000006131,0.1485056967085173,0.48288377758633927
30,30,0.001047149999976682,0.14692501187314433,0.48409407698766876
31,31,0.0010768289999987246,0.1454502632231832,0.4781244070328544
32,32,0.0011070519999520911,0.144072414176059,0.47943963089827446
33,33,0.0011369639999543324,0.14278081970265163,0.4738665915513741
34,34,0.00116667299994333,0.14156842195637376,0.47525834740724854
35,35,0.0011958429999481268,0.1404267016700821,0.4700307831383685
36,36,0.0012255599999093647,0.1393501219177641,0.4714778825524806
37,37,0.0012548269999115291,0.1383318359856568,0.4665521327637471
38,38,0.0012843809999480982,0.13736747925752937,0.46803882872913377
39,39,0.0013137449999476303,0.13645152562369017,0.46337762684113887
40,40,0.0013438119999591436,0.13558051684477243,0.46489225572511694
41,41,0.0013729509999507172,0.13474997308999376,0.4604637743825912
42,42,0.0014054129999294673,0.13395713926970712,0.4619977185233165
43,43,0.0014441279999459766,0.13319836731021212,0.45777474712565935
44,44,0.0014768699999763157,0.1324714496618285,0.45932164880280635
45,45,0.0015075580000143418,0.1317734017526214,0.45528088900757047
46,46,0.0015382600000179991,0.13110244415951566,0.45683605936463284
47,47,0.0015686750000440952,0.13045612347683375,0.45295752454416904
48,48,0.0015990480000596108,0.1298329965375446,0.4545175021504152
49,49,0.0016288730000724172,0.12923103673682967,0.4507840075843351
50,50,0.0016585580000310074,0.12864906627615755,0.4523462307540996
51,51,0.0016882710000345469,0.1280854028217397,0.4487429623784208
52,52,0.0017184550000592935,0.12753907906512807,0.4503055272133802
53,53,0.0017480040000350527,0.12700869149865554,0.44681967788945554
54,54,0.0017974590000449098,0.12649344066213114,0.4483811604159302
55,55,0.001827721000040583,0.12599214982459145,0.445001623852333
56,56,0.0018578640000441737,0.12550415410604832,0.4465609497596654
57,57,0.0018876070000715117,0.12502846202656664,0.4432780633710337
58,58,0.0019171990001041195,0.12456451721780858,0.4448344129015101
59,59,0.001955712000153653,0.12411148020960783,0.4416397419886443
60,60,0.001993133000155467,0.12366888262290275,0.4431924806662137
61,61,0.0020248840001499957,0.1232360102916644,0.44007863732992697
62,62,0.0020558320001100583,0.12281246659069595,0.4416272656142627
63,63,0.0020858520001070247,0.12239764112058234,0.4385877567573214
64,64,0.002116120000096089,0.12199119610055915,0.44013187352280925
65,65,0.002146247000098356,0.121592607457653,0.4371609731416658
66,66,0.0021884580000914866,0.12120158593693141,0.43870024923679596
67,67,0.002220438000051672,0.12081767960949921,0.435792890954902
68,68,0.0022516420000897597,0.12044063945454296,0.4373270501028127
69,69,0.0022823700001026737,0.12007007410342156,0.4344787365516726
70,70,0.0023129950000679855,0.11970576807065779,0.43600754159272714
71,71,0.0023425950000728335,0.1193473810439469,0.43321426781041206
72,72,0.002373151000085727,0.11899472563221451,0.4347375108296947
73,73,0.002402657000061481,0.11864750474663649,0.4319956993264301
74,74,0.002432619000046543,0.11830555464776163,0.43351319460443477
75,75,0.0024620190000632647,0.11796861498537652,0.4308196401495786
76,76,0.002510422000057133,0.11763654202495326,0.4323312191621053
77,77,0.002545535000081145,0.11730910676200071,0.4296830416853251
78,78,0.002578087000074447,0.1169861824583926,0.4311885495877853
79,79,0.0026323900000875256,0.11666756695096468,0.42858315386843004
80,80,0.0026637260000939023,0.1163531480037155,0.4300824470518567
81,81,0.0026939260001199727,0.11604274651660365,0.4275174881028208
82,82,0.0027246610001157023,0.1157362626779992,0.42901043251961896
83,83,0.0027544100001364313,0.11543353726903141,0.4264837857630951
84,84,0.0027847250001400425,0.11513448116379138,0.42797025580135584
85,85,0.002814474000103928,0.11483895233443037,0.42547999129059616
86,86,0.002844546000119408,0.11454687087957481,0.426959869034921
87,87,0.0028744260001190014,0.1142581096797358,0.4245042291043884
88,88,0.0029043590000696895,0.11397259682503805,0.42597740386456917
89,89,0.0029344210000772364,0.11369021816080743,0.42355478369574046
90,90,0.002964250000047741,0.11341090872412353,0.4250211517166163
91,91,0.002993807000052584,0.11313456566500786,0.42263008239244715
92,92,0.0030240390000813022,0.1128611300793976,0.4240895466818935
93,93,0.0030553330000770984,0.11259050899974145,0.4217286803731197
94,94,0.003095698000095126,0.11232264882315503,0.423181150602644
95,95,0.0031287920000977465,0.11205746524262628,0.4208492475866093
96,96,0.0031603600000948973,0.11179490930794402,0.42229464003203626
97,97,0.003191430000129003,0.11153490432017985,0.4199905572919804
98,98,0.0032218330001114737,0.11127740542504208,0.42142879479138784
99,99,0.0032522530000846928,0.11102234262298512,0.4191514759830624
100,100,0.0032823900000948925,0.11076967467627932,0.4205824878963026
101,101,0.003312397000115652,0.1105193374984185,0.41833095450097113
102,102,0.003342506000137746,0.11027129305439236,0.4197546766604426
103,103,0.0033721230001333424,0.11002548248884357,0.4175280201700366
104,104,0.0034017510001262963,0.10978187061127578,0.4189443948162834
105,105,0.0034312860001364243,0.10954040320500037,0.4167417698187607
106,106,0.0034609210001121937,0.10930104761322328,0.41815074551734377
107,107,0.003490436000106456,0.10906375374216958,0.4159713635689334
108,108,0.003520331000117949,0.10882849119842107,0.41737289510708
109,109,0.0035498240001174963,0.10859521356135281,0.415216019293779
110,110,0.0035886160001155076,0.1083638924652714,0.41661006755677954
111,111,0.0036436850000995946,0.10813448476981577,0.4144750076607069
112,112,0.0036771650001128364,0.10790696393113847,0.4158615394890299
113,113,0.0037084000001073036,0.10768128974537436,0.4137476476864755
114,114,0.0037391470000898153,0.10745743731026346,0.41512663571523556
115,115,0.0037697370000842056,0.10723536905716052,0.41303330274281536
116,116,0.0037999320001063097,0.10701506156723038,0.414404725225633
117,117,0.0038297740001098646,0.10679647964259141,0.4123313769591437
118,118,0.003860215000088374,0.10657960120876447,0.41369521757865113
119,119,0.0038906230001316544,0.10636439320612888,0.41164131197624937
120,120,0.003920617000119364,0.10615083478202388,0.41299755964357293
121,121,0.003950272000167843,0.10593889481035633,0.41096258401095737
122,122,0.003980083000158174,0.10572855355208507,0.41231123265648384
123,123,0.004009906000135288,0.10551978163407635,0.41029470119699224
124,124,0.004039678000140157,0.10531256033516773,0.4116357495546342
125,125,0.004069517000175438,0.10510686187567185,0.409637201171705
126,126,0.0041001550001738,0.10490266846740612,0.41097065255874077
127,127,0.004130088000181331,0.10469995378298452,0.408989648882129
128,128,0.004168261000188522,0.10449870089175627,0.41031551097652674
129,129,0.00422385300021233,0.1042988847935328,0.4083516345871006
130,130,0.004256885000188504,0.10410048934799805,0.4096699192040499
131,131,0.004288133000159178,0.10390349077108302,0.407722772034989
132,132,0.004319355000120595,0.10370787365282363,0.4090334949041762
133,133,0.0043492350001201885,0.10351361532646929,0.40710269679901645
134,134,0.004379240000105256,0.10332070105874311,0.40840587734398925
135,135,0.004442968000091696,0.10312910921216939,0.40649106475425106
136,136,0.004494219000093835,0.1029388256820347,0.40778672587503784
137,137,0.004526242000110869,0.10274982978153151,0.4058875506821911
138,138,0.004569343000127901,0.10256210799125325,0.40717571854216345
139,139,0.004610396000146011,0.10237564050474118,0.40529184699044957
140,140,0.004653970000163099,0.10219041434892076,0.4065725508082581
141,141,0.004697262000149749,0.10200641053464869,0.4047036625364417
142,142,0.00474060200014037,0.10182361659998024,0.40597693438370513
143,143,0.004798263000111547,0.10164201431646704,0.4041227215451991
144,144,0.00483239700008653,0.10146159170142151,0.4053885961504913
145,145,0.0048632540000994595,0.10128233123612082,0.4035487626125001
146,146,0.004893998000113697,0.10110422138820484,0.4048072771720569
147,147,0.0049239260001172624,0.10092724530269272,0.4029815377854472
148,148,0.004953846000148587,0.10075139187122806,0.4042327317809093
149,149,0.004983804000175951,0.10057664486099266,0.4024208117134506
150,150,0.005014200000175606,0.10040299356362127,0.4036647267368596
151,151,0.005045180000138316,0.10023042233077514,0.4018663608633067
152,152,0.005075508000118134,0.10005892083212096,0.4031030404494897
153,153,0.005106026000134989,0.09988847396956681,0.4013179727927057
154,154,0.0051362680001147965,0.09971907177068015,0.40254746225911053
155,155,0.005166523000127654,0.09955069965644385,0.40077544547707605
156,156,0.00519660800011934,0.09938334799382488,0.4019977917710563
157,157,0.0052270990000806705,0.09921700269442796,0.4002385866851781
158,158,0.005256851000069673,0.09905165444757481,0.40145383823867536
159,159,0.005296831000066504,0.09888728962945725,0.39970721339931337
160,160,0.005337661000055505,0.0987238992360113,0.40091541999083763
161,161,0.005370393000077911,0.09856147008413652,0.3991811512764151
162,162,0.005409991000021819,0.09839999346181211,0.400382363900189
163,163,0.005441661000020304,0.09823945660468997,0.398660234146643
164,164,0.005472440000005463,0.09807985107927276,0.39985450488874447
165,165,0.005502721000027577,0.0979211645197291,0.39814430354642605
166,166,0.005532537000021875,0.0977633887585129,0.39933168546773984
167,167,0.0055632490000334656,0.09760651180961419,0.3976332082831823
168,168,0.005593457000031776,0.0974505257597211,0.39881375530895147
169,169,0.005623124000010193,0.09729541898533219,0.39712680402919925
170,170,0.00565296499996748,0.09714118381642643,0.39830057084495346
171,171,0.005683057999931407,0.09698780897594084,0.3966249529423872
172,172,0.005712805999962711,0.09683528702690367,0.3977919948960155
173,173,0.005743405999965034,0.09668360702373968,0.39612752331182693
174,174,0.005773899999951482,0.09653276175292265,0.39728789632155287
175,175,0.00580443399996966,0.09638274058642493,0.3956343892262129
176,176,0.0058439759999942,0.09623353652514277,0.3967881496942292
177,177,0.0059004189999996015,0.09608513924557002,0.3951454302634647
178,178,0.005933287999994263,0.095937541954533,0.39629263499497963
179,179,0.005964592999987417,0.09579073462084947,0.3946605311999251
180,180,0.005994697000005544,0.09564471064926851,0.39580123732737743
181,181,0.00602499999996553,0.09549946028948668,0.3941795817377023
182,182,0.0060550259999558875,0.09535497713661403,0.39531384664989866
183,183,0.0060843599999884646,0.09521125171046582,0.3937024762488331
184,184,0.006113928999980089,0.09506827778936043,0.39483035752477164
185,185,0.006143658999974377,0.09492604615309681,0.3932291135350567
186,186,0.0061731509999845,0.09478455075642585,0.3943506688821995
187,187,0.006202709999968192,0.09464378262956706,0.3927593966020874
188,188,0.006232546999967781,0.09450373589727634,0.39387468379885526
189,189,0.006262105999951473,0.09436440183115383,0.3922932324473666
190,190,0.006292365999968297,0.09422577471985524,0.39340230928963293
191,191,0.006322005999948033,0.09408784606780299,0.39183053186035577
192,192,0.006351659999950243,0.09395061032174576,0.39293345611172636
193,193,0.006381458999953793,0.09381405921081257,0.3913712092345091
194,194,0.006418981999956941,0.0936781873343162,0.39246803858017854
195,195,0.006480349999947066,0.09354298663838514,0.3909151823901293
196,196,0.006512881999981346,0.09340845186962575,0.3920059743941163
197,197,0.006543541999974423,0.09327457518383661,0.39046237240737597
198,198,0.0065740959999516235,0.09314135146988847,0.3915471844729461
199,199,0.006604730999924868,0.0930087730862706,0.39001270346874994
200,200,0.006634750999921835,0.09287683505931424,0.3910915928018424
201,201,0.006673846999944999,0.09274552994354501,0.3895661027104293
202,202,0.0067082329999834656,0.09261485289816203,0.39063912628591324
203,203,0.006739092999964669,0.09248479666737526,0.38912250008188154
204,204,0.0067703049999749965,0.09235535653885707,0.3901897146124744
205,205,0.006800381999994443,0.09222652544043171,0.3886818282132167
206,206,0.006830830999945192,0.09209829878403646,0.3897432901209066
207,207,0.006860831999972561,0.09197066967530323,0.3882440222897878
208,208,0.006891334999977516,0.09184363364640077,0.3892997876796082
209,209,0.006921357999942757,0.09171718397520852,0.38780901993358213
210,210,0.006951156999946306,0.09159131631025885,0.3888591445695954
211,211,0.007004514999948697,0.09146602409634982,0.38737676109097574
212,212,0.0070403929999542925,0.09134130309466502,0.38842130037433037
213,213,0.007072516999926393,0.09121714691180942,0.3869471879264605
214,214,0.00710394699990502,0.09109355141805334,0.3879861968753917
215,215,0.007134252999890123,0.09097051037690111,0.3865202447219747
216,216,0.007164539999905628,0.09084801976428446,0.3875537779536275
217,217,0.007194034999940868,0.09072607349589261,0.38609587778149856
218,218,0.007224146999931236,0.09060466765002566,0.3871239894954575
219,219,0.007254193999983727,0.09048379629002491,0.38567403534059674
220,220,0.007284467999966182,0.09036345559339148,0.3866967793040139
221,221,0.007314009999959126,0.0902436397667578,0.38525466748061443
222,222,0.007343890999948144,0.090124345083778,0.38627209701483173
223,223,0.007373286999950324,0.09000556589017743,0.3848377260472514
224,224,0.007403073999967091,0.08988729855282868,0.385849894015821
225,225,0.007432550999965315,0.0897695375525063,0.38442316457325765
226,226,0.007462506999956986,0.08965227934647468,0.3854301233712688
227,227,0.007492186999968453,0.08953551854666059,0.3840109382050127
228,228,0.007530019999990145,0.08941925169799636,0.3850127397496391
229,229,0.007585554999991473,0.08930347353980315,0.3836010036327651
230,230,0.007618897999975616,0.08918818070205582,0.3845976993549508
231,231,0.007650167000008423,0.08907336804784464,0.383193319024323
232,232,0.007680887999981678,0.08895903228965533,0.3841849598615312
233,233,0.0077112889999853,0.08884516841084839,0.3827878439620026
234,234,0.00774176999999554,0.08873177320397793,0.3837744803519551
235,235,0.007771706000028189,0.08861884176929634,0.38238453938265
236,236,0.0078017160000172225,0.0885063709770697,0.38336622125799036
237,237,0.007831913000018176,0.08839435604117898,0.38198336752056855
238,238,0.007861573000013777,0.08828279390732732,0.3829601443043843
239,239,0.007891464000010728,0.08817167989987083,0.3815842918531891
240,240,0.007921432999978606,0.08806101103775356,0.3825562124553348
241,241,0.007950952999976835,0.0879507827527584,0.3811872770493363
242,242,0.007980080999971051,0.08784099213494925,0.38215438986349953
243,243,0.008010087999934967,0.08773163472058816,0.38079228891994754
244,244,0.008039647999964927,0.08762270766880961,0.38175464182140756
245,245,0.008069265999949948,0.0875142066175037,0.38039929437111536
246,246,0.008107402999996793,0.08740612879289547,0.3813569347151429
247,247,0.008144663999985369,0.08729846993174431,0.38000826135932847
248,248,0.008176767999998447,0.08719122732545204,0.3809612359801814
249,249,0.008207601999970393,0.08708439680697713,0.37961915884879466
250,250,0.008239989999935915,0.08697797573104825,0.3805675140592661
251,251,0.008270182999922326,0.086871960024238,0.37923195677073784
252,252,0.008306822999941232,0.08676634710281278,0.3801757383622154
253,253,0.008411655999964296,0.08666113298445617,0.3788466259845652
254,254,0.008567212999935236,0.08655631514524209,0.379785879227564
255,255,0.008755940999947143,0.08645188969154059,0.3784631382408084
256,256,0.008828081999979531,0.0863478541575595,0.3793979078859405
257,257,0.00887418100001014,0.08624420473600597,0.3780814661457483
258,258,0.008909166999956142,0.08614093901760238,0.379011796425097
259,259,0.009097634999989168,0.08603805327911708,0.3777015831276363
260,260,0.009155138999972223,0.08593554516621964,0.37862751775650216
261,261,0.009198686999980055,0.08583341103753304,0.3773234634044327
262,262,0.009236514999940937,0.08573164859215747,0.3782450455834228
263,263,0.009290541999916968,0.08563025426843172,0.37694708195298565
264,264,0.009325706999959493,0.08552922581741805,0.37786435437041827
265,265,0.009377643999982865,0.08542855975509726,0.3765724144795788
266,266,0.009443288999989363,0.08532825388307179,0.377485419314177
267,267,0.009524719000012283,0.08522830479295321,0.37619943739177936
268,268,0.009577044000025126,0.08512871033550723,0.3771082163156308
269,269,0.009746925999991163,0.08502946717602529,0.37582812777152375
270,270,0.009812179999983073,0.0849305732131029,0.37673272195328245
271,271,0.009856185999979061,0.08483202518381856,0.37545846334937943
272,272,0.009972519999962515,0.08473382103330585,0.37635891345768935
273,273,0.010022343999935401,0.08463595756859371,0.3750904224799257
274,274,0.010063141999921754,0.08453843278010227,0.3759867686870468
275,275,0.010105782999914936,0.08444124354302875,0.37472398411820107
276,276,0.010147151999888138,0.08434438789186681,0.3756162661038172
277,277,0.010187176999863823,0.0842478627682523,0.37435912779716335
278,278,0.010226709999869854,0.084151666249577,0.3752473847523577
279,279,0.010267625999858865,0.08405579534223598,0.3739958336061167
280,280,0.010308790999886241,0.08396024816537988,0.3748801042374961
281,281,0.010349313999881815,0.08386502178853267,0.3736340821700591
282,282,0.01039639899983058,0.08377011437149955,0.3745144047040129
283,283,0.010531470999808334,0.08367552304535007,0.3732738546299049
284,284,0.010584476999838444,0.08358124600947307,0.37415026681698593
285,285,0.010636625999836724,0.08348728045494631,0.37291513262354575
286,286,0.010704439999813076,0.08339362461970402,0.37378767174295663
287,287,0.010767125999848304,0.08330027575333868,0.372557898267706
288,288,0.010819161999847893,0.08320723213132292,0.3734266011318828
289,289,0.01086656599983371,0.08311449106031332,0.3722021341405597
290,290,0.010912149999853682,0.08302205085234435,0.37306703709983746
291,291,0.011012850999804868,0.082929908869727,0.37184782326507093
292,292,0.011085558999809564,0.08283806346011022,0.37270896221242394
293,293,0.011135447999834014,0.08274651204009019,0.37149494909302777
294,294,0.011183535999805372,0.08265525299201094,0.3723523594688719
295,295,0.011234180999792898,0.0825642837854231,0.3711434954897348
296,296,0.011281154999778664,0.08247360283647404,0.37199721228678384
297,297,0.011338659999751144,0.08238320766637523,0.3707934467193367
298,298,0.011384088999761843,0.08229309672421206,0.37164350448750405
299,299,0.01144261299975824,0.08220326758159974,0.3704447874307427
300,300,0.011490254999728222,0.08211371871972155,0.37129122028208084
301,301,0.011539973999731501,0.08202444775937434,0.37009750264412755
302,302,0.011589364999736063,0.0819354532130242,0.3709403442577962
303,303,0.011636366999709935,0.08184673274946146,0.3697515777379797
304,304,0.011682820999681098,0.08175828491164333,0.37059086136523733
305,305,0.0117290029996866,0.08167010741519845,0.3694069984366746
306,306,0.01179330599967443,0.08158219883280696,0.3702427569058863
307,307,0.011840681999672142,0.08149455692581231,0.3690637507985508
308,308,0.011887404999640694,0.08140718029587157,0.3698960165202063
309,309,0.011937382999633428,0.08132006674895023,0.3687218212044627
310,310,0.011985909999680189,0.081233214914958,0.36955062617619944
311,311,0.012060385999632217,0.0811466226434199,0.368381196346794
312,312,0.012112518999629174,0.08106028859179441,0.36920657215841973
313,313,0.012159430999645338,0.08097421065213257,0.36804186321890814
314,314,0.012204800999654708,0.08088838750875839,0.3688638410574184
315,315,0.012248747999706211,0.08080281709524308,0.36770380910501815
316,316,0.012294614999746045,0.08071749812211243,0.3685224197596041
317,317,0.012340137999728995,0.08063242856347963,0.367367021570457
318,318,0.012386040999729175,0.08054760715542726,0.36818229543750025
319,319,0.012431170999718688,0.08046303191165849,0.3670314884523324
320,320,0.012476511999693685,0.0803787015931862,0.3678434555403823
321,321,0.01258137199971543,0.08029461425237713,0.36669719785054894
322,322,0.012632478999705654,0.0802107686745656,0.36750588778527793
323,323,0.012688038999726814,0.08012716294988055,0.3663641381191794
324,324,0.012751764999734405,0.08004379588738585,0.3671695801483171
325,325,0.01280242499973383,0.07996066561409523,0.36603229785817604
326,326,0.012850820999744883,0.07987777096222724,0.3668345208564133
327,327,0.012898689999701674,0.07979511009482619,0.3657016659054007
328,328,0.01294641999970736,0.0797126818667063,0.36650069837926685
329,329,0.012993522999749985,0.07963048447611097,0.3653722313289657
330,330,0.013104496999744697,0.07954851679990693,0.366168101421672
331,331,0.013179722999780097,0.07946677707072725,0.36504398341986843
332,332,0.013242379999780951,0.07938526418696262,0.3658367189161181
333,333,0.013290411999776097,0.0793039764148478,0.36471691168491055
334,334,0.013348736999773791,0.07922291267378395,0.36550654001567234
335,335,0.013407324999775483,0.0791420712628399,0.36439100583988693
336,336,0.013455151999778536,0.07906145112192792,0.3651775540871307
337,337,0.013502683999774945,0.07898105058220359,0.36406625580303525
338,338,0.013550344999771369,0.07890086860360446,0.36484975070442766
339,339,0.013650369999766099,0.0788209035486452,0.3637426516887344
340,340,0.013698892999798318,0.07874115439681612,0.3645231196422933
341,341,0.013750185999811038,0.07866161954128206,0.36342018380144125
342,342,0.013797506999821962,0.07858229798062671,0.3641976508701471
343,343,0.013857541999868772,0.0785031881379744,0.3630988426298568
344,344,0.01390421599990077,0.07842428903055519,0.36387333454622095
345,345,0.013950743999885162,0.07834559911078032,0.36277861884131063
346,346,0.013999828999885722,0.07826711741409137,0.3635501610118981
347,347,0.014049109999916709,0.07818884242153103,0.3624595032763567
348,348,0.014095504999943387,0.07811077318632921,0.36322812078626276
349,349,0.014193915999953788,0.07803290821752165,0.3621414869435705
350,350,0.014248650999945767,0.07795524658571482,0.3629072045608512
351,351,0.014294602999996187,0.07787778682731523,0.3618245610145395
352,352,0.014341325000032157,0.07780052802990532,0.362587403194594
353,353,0.01439446200004113,0.07772346875665599,0.36150871681903907
354,354,0.014442497999993975,0.07764660811173571,0.3622687077089438
355,355,0.014503128000001198,0.07756994468448873,0.3611939458403862
356,356,0.014556065000022045,0.0774934775952901,0.36195110928318147
357,357,0.014616300999989562,0.07741720545908157,0.3608802397109651
358,358,0.014687042999980804,0.07734112741207505,0.361634599249891
359,359,0.014736416000005192,0.07726524209424845,0.3605675902079157
360,360,0.01484760499999993,0.07718954865729094,0.36131916909059886
361,361,0.01489816499997687,0.07711404576566924,0.3602559892489791
362,362,0.014946009000027516,0.07703873258619957,0.36100481043157057
363,363,0.014991984999994656,0.07696360780730392,0.35994542888849523
364,364,0.01504197000002705,0.07688867061058456,0.36069151503975705
365,365,0.015087095000012596,0.07681391970789858,0.3596359013135443
366,366,0.015194574000020111,0.07673935429530221,0.3603792748188868
367,367,0.015245173000039358,0.07666497310758036,0.35932739884022785
368,368,0.01529344900001206,0.07659077535491988,0.36006808180569594
369,369,0.015337336000015966,0.07651675979453898,0.35901991391008353
370,370,0.015394995999997718,0.07644292565044009,0.35975792816629293
371,371,0.015441780999992716,0.07636927170179221,0.3587134390866274
372,372,0.015488539999978457,0.07629579718610655,0.3594488061926507
373,373,0.015537914999981695,0.07622250090403267,0.3584079670520202
374,374,0.01558816400000751,0.07614938210629156,0.3591407082992221
375,375,0.015631890999998177,0.07607643961455451,0.35810349060385155
376,376,0.015697946999978285,0.07600367269246107,0.3588336270196745
377,377,0.015769756999929996,0.0759310801822566,0.3578000026520375
378,378,0.015818604999935815,0.07585866136021557,0.35852755500373684
379,379,0.0158775969999283,0.07578641508872076,0.3574974962158275
380,380,0.015927213999930245,0.07571434065640512,0.35822248501415704
381,381,0.0159855459999676,0.0756424369453628,0.35719596442091683
382,382,0.016034633999936432,0.07557070325631585,0.3579184099237642
383,383,0.016081123999981628,0.07549913849065419,0.3568954004966582
384,384,0.016136521999953857,0.07542774196092633,0.357615322712632
385,385,0.016235956999935297,0.07535651258741248,0.3565957977733716
386,386,0.016290003999927194,0.07528544969423162,0.35731321646533815
387,387,0.016341127999908167,0.07521455222015853,0.35629714967974685
388,388,0.01638740199990707,0.07514381950063317,0.3570120843683189
389,389,0.016433530999904633,0.07507325049253867,0.3559994497403348
390,390,0.0164968899998712,0.07500284454239278,0.35671191970731125
391,391,0.01655442499986748,0.07493260062481005,0.3557026915731258
392,392,0.01661722799991594,0.07486251809714894,0.35641271586488393
393,393,0.016665049999915027,0.07479259595138743,0.3554068688872092
394,394,0.01675999799994088,0.0747228335554935,0.3561144663180487
395,395,0.01683798499993827,0.07465322991844947,0.35511197548051393
396,396,0.016887662999920394,0.07458378441860747,0.35581716463595375
397,397,0.017001537999874472,0.07451449608160342,0.3548180052376242
398,398,0.017048060999854897,0.07444536429595378,0.3555208044776523
399,399,0.017107090999843422,0.07437638810360592,0.35452495212766877
400,400,0.017165054999850327,0.07430756690302616,0.355225379589946
401,401,0.017209962999856998,0.07423889975213907,0.3542328102022819
402,402,0.017256607999911466,0.0741703860591517,0.35493088380529897
403,403,0.017367135999904804,0.07410202489763962,0.35394157359363104
404,404,0.01741766799995048,0.0740338156853466,0.3546373110398203
405,405,0.017477025999937723,0.0739657575111805,0.35365123651251007
406,406,0.01752614699989863,0.07389784980222278,0.3543446552913125
407,407,0.017575672999896597,0.07383009166240245,0.3533617932464958
408,408,0.017623770999875887,0.07376248252794455,0.3540529106373828
409,409,0.01768437299983816,0.07369502151749534,0.353073238158165
410,410,0.017731848999801514,0.07362770807623398,0.35376207123361614
411,411,0.01777723299983336,0.07356054133722711,0.3527855656833687
412,412,0.01787973199981252,0.0734935207544232,0.3534721313118063
413,413,0.017933858999811036,0.07342664547501933,0.35249877032956334
414,414,0.01798338799983412,0.07335991496155286,0.3531830851782434
415,415,0.01803027799985557,0.07329332837506806,0.35221284667419583
416,416,0.01807909599983759,0.07322688518651524,0.3528949272120562
417,417,0.018124156999817842,0.07316058457050918,0.35192778936313973
418,418,0.018183560999773363,0.0730944260062411,0.35260765186360654
419,419,0.018230457999777627,0.07302840868162605,0.351643593109182
420,420,0.018279924999774266,0.07296253208392861,0.35232125365293426
421,421,0.018338218999758737,0.07289679541409971,0.3513602526905572
422,422,0.01843785099976003,0.07283119816731372,0.35203572716825027
423,423,0.018504220999773224,0.07276573955729936,0.3510777629495286
424,424,0.01855257599976312,0.0727004190869808,0.3517510670644774
425,425,0.01861377299974265,0.07263523598261247,0.35079611879101347
426,426,0.018676217999768596,0.07257018975471226,0.3514672680618349
427,427,0.018724333999784903,0.07250527964181376,0.35051531518125106
428,428,0.018771425999773328,0.07244050516187626,0.35118432494446755
429,429,0.01881756599976825,0.07237586556547158,0.35023534714651233
430,430,0.01886248199974716,0.07231136037785162,0.35090223255911596
431,431,0.018926406999753453,0.07224698886139094,0.3499562097718487
432,432,0.01900636399977884,0.07218275054848873,0.3506209858138273
433,433,0.01905645699980596,0.07211864471309211,0.34967789819988043
434,434,0.019166395999775432,0.07205467089460574,0.3503405796767049
435,435,0.019216968999785422,0.07199082837832423,0.3494004076296201
436,436,0.019274972999824058,0.07192711671051906,0.350061009174695
437,437,0.019322324999848206,0.07186353518761235,0.34912373331533336
438,438,0.019389259999854858,0.07180008336260706,0.34978226939241036
439,439,0.019439732999842363,0.07173676054283776,0.3488478705654328
440,440,0.019495625999866206,0.07167356628790657,0.3495043554709875
441,441,0.019542209999883653,0.07161049991585022,0.3485728147414053
442,442,0.019596541999874262,0.07154756099274086,0.34922726260697823
443,443,0.01964413999991166,0.07148474884711167,0.3482985612567712
444,444,0.019713597999896137,0.0714220630513785,0.34895098605127367
445,445,0.019759849999900325,0.07135950294437007,0.3480251055760742
446,446,0.01981022199987592,0.07129706810472251,0.3486755211080586
447,447,0.019867392999856293,0.07123475788136342,0.34775244321390003
448,448,0.019916584999862152,0.07117257185902873,0.3484008631337966
449,449,0.020013532999882955,0.07111050939655238,0.34748056973392505
450,450,0.020064270999853306,0.07104857008465242,0.34812700753624415
451,451,0.02011640799980796,0.0709867532918812,0.3472094807479909
452,452,0.020167102999778308,0.07092505861482357,0.347853949773492
453,453,0.020211438999808706,0.07086348543156619,0.34693917191520685
454,454,0.02027047999979459,0.07080203334444836,0.3475816853530348
455,455,0.020318517999783126,0.07074070174091097,0.34666963894107655
456,456,0.02036486899976353,0.07067949022893776,0.34731020983086536
457,457,0.020414230999733718,0.07061839820514787,0.3464008775766506
458,458,0.020475747999739724,0.07055742528306182,0.347039518810595
459,459,0.02054225999972914,0.07049657086830469,0.34613288361770184
460,460,0.020608840999727818,0.07043583457982885,0.3467696079425981
461,461,0.02069185899972581,0.07037521583209666,0.3458656529039244
462,462,0.020761095999716872,0.07031471424938948,0.346500472923179
463,463,0.020812389999719016,0.07025432925484204,0.3455991813181542
464,464,0.02086081699968645,0.07019406047796432,0.3462321094937635
465,465,0.020923571999674095,0.070133907350402,0.3453334647856117
466,466,0.020972220999681213,0.07007386950679531,0.34596451344011
467,467,0.021049585999662668,0.07001394638714295,0.345068499273164
468,468,0.02110596799968789,0.06995413763111939,0.3456976805915435
469,469,0.021155819999705727,0.06989444268692181,0.3448042807886083
470,470,0.021257434999711222,0.06983486119916486,0.34543160682020885
471,471,0.02130719999968278,0.0697753926240929,0.34454080537997317
472,472,0.02135783999966634,0.06971603661116887,0.3451662880403436
473,473,0.021411869999667488,0.06965679262453621,0.34427806913483966
474,474,0.02145981899968774,0.06959766031841641,0.34490172020757126
475,475,0.021505235999711658,0.06953863916470693,0.3440160681796791
476,476,0.021563904999709393,0.06947972882229976,0.34463789931821104
477,477,0.021622555999726956,0.06942092877070463,0.3437547986792093
478,478,0.02168337099976725,0.06936223867339802,0.3443748214086064
479,479,0.021732742999802213,0.069303658017363,0.3434942568357668
480,480,0.02177982199981443,0.06924518647057633,0.34411248255447074
481,481,0.021825196999827767,0.06918682352735842,0.34323443888869526
482,482,0.02187348399985467,0.06912856886010404,0.34385087887024934
483,483,0.021918269999844142,0.06907042197033779,0.34297534111374983
484,484,0.02196903999981714,0.06901238253479185,0.3435900065084972
485,485,0.022015573999794924,0.06895445006206463,0.3427169598225162
486,486,0.022071361999792316,0.06889662423314691,0.34332986165927276
487,487,0.022119814999769005,0.06883890456358323,0.3424592913618447
488,488,0.022181660999763153,0.06878129073854587,0.3430704405495467
489,489,0.022230309999713427,0.06872378228040041,0.3422023321132978
490,490,0.022277117999749407,0.06866637887842517,0.3428117394426243
491,491,0.022324173999777486,0.06860908006168434,0.341946078492612
492,492,0.022371791999773905,0.06855188552348843,0.342553754637583
493,493,0.022420817999773135,0.06849479479948026,0.341690526949172
494,494,0.022467677999770785,0.06843780758693022,0.3422964824687226
495,495,0.02251273799976161,0.06838092342794241,0.3414356739654987
496,496,0.022566569999753483,0.06832414202367616,0.3420399193050291
497,497,0.022627591999764718,0.06826746292258189,0.34118151605674835
498,498,0.022686721999718884,0.06821088582963858,0.34178406154965124
499,499,0.02273559499968769,0.06815441029953023,0.3409280497702246
500,500,0.02278075799972612,0.06809803604098777,0.34152890563938865
501,501,0.02282886299974507,0.0680417626148183,0.34067527168490125
502,502,0.022873677999712072,0.06798558973343825,0.3412744480441928
503,503,0.022925066999732735,0.06792951696366968,0.34042317841095704
504,504,0.022970281999732833,0.0678735440215495,0.34102068526667906
505,505,0.02307875899970213,0.06781767047980888,0.34017176658932025
506,506,0.023128826999652574,0.06776189605804146,0.3407676138416495
507,507,0.02318041499967194,0.06770622033478364,0.3399210328912244
508,508,0.023288056999660967,0.06765064303312354,0.34051523033562725
509,509,0.023336856999662814,0.0675951637373011,0.3396709740177742
510,510,0.023384343999680368,0.06753978217383771,0.34026353134640097
511,511,0.023429867999709586,0.06748449793257731,0.3394215866995204
512,512,0.023481239999682657,0.06742931074341485,0.3400125135025792
513,513,0.023524017999704938,0.06737422020170038,0.33917286769604554
514,514,0.023637244999690665,0.06731922604064393,0.3397621734631548
515,515,0.023707911999679254,0.06726432786100603,0.3389248137955573
516,516,0.023758146999682594,0.06720952539925436,0.33951250791707926
517,517,0.02380419599967354,0.06715481826146616,0.33867742181449206
518,518,0.02385107699967648,0.06710020618731051,0.3392635135828454
519,519,0.02391075299971135,0.06704568878808939,0.3384306885971264
520,520,0.023955729999727282,0.06699126580661839,0.3390151872080798
521,521,0.023998024999741574,0.06693693685933409,0.33818461101519687
522,522,0.02405392299971254,0.06688270169214454,0.3387675255691434
523,523,0.024100756999700934,0.06682855992653264,0.33793918596752864
524,524,0.024155463999704807,0.06677451131144616,0.3385205254707406
525,525,0.024216172999729224,0.06672055547332766,0.3376944103796711
526,526,0.024277457999744456,0.06666669216411288,0.33827418374553697
527,527,0.024331113999721765,0.06661292101511923,0.3374502812035416
528,528,0.024379893999707747,0.06655924178121962,0.33802849725378425
529,529,0.024428046999673825,0.0665056540985231,0.3372067954170765
530,530,0.024473967999654178,0.06645215772479016,0.3377834628829534
531,531,0.024535560999709105,0.06639875230083983,0.336963950023889
532,532,0.024617519999708293,0.06634543758727143,0.3375390775473751
533,533,0.024683541999706904,0.06629221322953409,0.33672174205293526
534,534,0.02475499499973921,0.06623907899101822,0.3372953381878873
535,535,0.02483825299975706,0.06618603452172463,0.33648016855818497
536,536,0.024889252999741984,0.06613307958778805,0.33705224177149
537,537,0.024949876999755816,0.066080213843684,0.33623922661830064
538,538,0.02501514099975566,0.06602743705824575,0.33680978529100675
539,539,0.025064223999720525,0.06597474889034809,0.33599891333632215
540,540,0.0251561779996905,0.06592214911147795,0.33656796576475273
541,541,0.02520721199965692,0.06586963738483549,0.33575922583935786
542,542,0.02525774699967087,0.0658172134845171,0.33632678023620954
543,543,0.025356895999664175,0.06576487707797593,0.3355201612782813
544,544,0.025419001999694046,0.06571262794187467,0.3360862257737061
545,545,0.025480433999689467,0.06566046574784812,0.3352817168274345
546,546,0.025528601999667444,0.06560839027508311,0.33584629947010525
547,547,0.025574283999674208,0.06555640119932651,0.33504388968433585
548,548,0.025618754999698012,0.06550449830224757,0.3356069984424968
549,549,0.025703120999708062,0.0654526812636367,0.3348066770693946
550,550,0.025755010999716887,0.06540094986760517,0.3353683198318967
551,551,0.02581441499972925,0.06534930379791971,0.3345700762256297
552,552,0.02586045199967657,0.06529774284109362,0.33513026080295033
553,553,0.025905425999667386,0.06524626668480431,0.33433408441839474
554,554,0.02596389999968096,0.06519487511792789,0.33489281854364256
555,555,0.026013747999684256,0.06514356783198773,0.33409869893510735
556,556,0.026092108999648644,0.0650923446181846,0.33465599026501314
557,557,0.026140404999637212,0.06504120517182457,0.33386391708498375
558,558,0.02621036099964158,0.06499014928639522,0.3344197732008762
559,559,0.02626176899963184,0.06493917666092323,0.33362973619877806
560,560,0.026310577999595353,0.06488828709114623,0.3341841646075454
561,561,0.026357963999600997,0.06483748027975038,0.3333961536285259
562,562,0.026404571999592008,0.06478675602468716,0.33394916176356443
563,563,0.02645867099960242,0.06473611403224251,0.3331631667472935
564,564,0.02652439699960496,0.06468555410254634,0.3337147619694414
565,565,0.02657217799958289,0.06463507594542552,0.3329307729489302
566,566,0.02661792399959495,0.06458467936315358,0.33348096254738807
567,567,0.026661247999584248,0.06453436406904078,0.3326989696478253
568,568,0.026728928999546042,0.0644841298674701,0.3332477608410641
569,569,0.02678008599957593,0.06443397647517875,0.3324677542786701
570,570,0.026825710999560215,0.06438390369862565,0.3330151542153252
571,571,0.026871809999590823,0.06433391125791936,0.3322371242962228
572,572,0.0269334049996246,0.06428399896156198,0.33278314005597537
573,573,0.027021870999647035,0.064234166532979,0.33200707717507827
574,574,0.027074636999657287,0.06418441378268354,0.33255171576952436
575,575,0.02713298399970654,0.06413474043736449,0.33177761040944087
576,576,0.02718816399971047,0.06408514630951426,0.3323208787829475
577,577,0.0272352949997412,0.06403563112903299,0.3315487215129018
578,578,0.02728267199978518,0.06398619471036124,0.33209062654345134
579,579,0.02739036599979272,0.06393683678655877,0.3313204080182199
580,580,0.027442454999800248,0.0638875571739841,0.3318609565182416
581,581,0.027504193999789095,0.06383835560880602,0.3310926674771052
582,582,0.027556315999788694,0.063789231909271,0.33163186619429624
583,583,0.027604667999753474,0.0637401858146074,0.3308654974600078
584,584,0.027659165999750712,0.0636912171449204,0.3314033530781406
585,585,0.027714367999749356,0.06364232564244916,0.33063889555590825
586,586,0.027763475999734055,0.0635935111291288,0.3311754146956281
587,587,0.02781359199968847,0.06354477335016154,0.3304128593721121
588,588,0.027858192999701714,0.0634961121292842,0.33094804859172255
589,589,0.027918721999697027,0.06344752721461516,0.33018738653404794
590,590,0.027966045999676226,0.06339901843166522,0.3307212523302853
591,591,0.028012466999655317,0.06335058553142293,0.32996247468506806
592,592,0.028063356999666667,0.06330222834114581,0.3304950234938648
593,593,0.028110221999668283,0.06325394661464737,0.3297381214862527
594,594,0.02820435199964777,0.06320574018090522,0.3302693596834901
595,595,0.028261476999659862,0.0631576087965134,0.32951432461621666
596,596,0.028311001999668406,0.06310955229214349,0.3300442585184668
597,597,0.02835716699968316,0.06306157042712639,0.3292910817709196
598,598,0.02840255999967667,0.06301366303380192,0.32981971763617707
599,599,0.028465131999666937,0.06296582987419515,0.3290683906634787
600,600,0.028512145999684435,0.06291807078228882,0.3295957346918818
601,601,0.02855787799967402,0.06287038552276007,0.32884624902398457
602,602,0.0286123799996858,0.06282277393121001,0.329372307358526
603,603,0.028661257999658574,0.06277523577492652,0.3286246545993191
604,604,0.028765399999656438,0.06272777089110454,0.3291494333265476
605,605,0.028824410999675365,0.06268037904960236,0.3284036051529772
606,606,0.028872880999699646,0.06263306008918482,0.32892711030368854
607,607,0.02892178499973852,0.0625858137822408,0.32818309846488997
608,608,0.028966620999710813,0.0625386399690817,0.32870533601480856
609,609,0.029027622999706182,0.06249153842458784,0.3279631323312512
610,610,0.029073330999722202,0.06244450899059408,0.328484108201702
611,611,0.029120790999741075,0.062397551444433826,0.32774370456434626
612,612,0.029170905999706065,0.062350665629442914,0.32826342462291785
613,613,0.02921571299975767,0.06230385132537003,0.32752481299238334
614,614,0.029320109999730448,0.06225710837702973,0.3280432830535809
615,615,0.02937168099970222,0.06221043656654909,0.3273064554593265
616,616,0.02941937899970526,0.06216383574019959,0.3278236812852163
617,617,0.02951114299969504,0.06211730568245018,0.32708862982473275
618,618,0.02956181399969182,0.06207084624100781,0.3276046171255776
619,619,0.029625088999637228,0.06202445720264787,0.32687133396358936
620,620,0.02967326199961917,0.0619781384164916,0.32738608839847516
621,621,0.029720773999599714,0.061931889671585576,0.3266545657661549
622,622,0.029769255999610778,0.061885710818444906,0.32716809294360844
623,623,0.029863717999660366,0.061839601648352754,0.32643832313780224
624,624,0.02991645999964021,0.061793562013197904,0.3269506286164004
625,625,0.02996822699964241,0.06174759170646627,0.3262226039988627
626,626,0.03001966499965647,0.061701690581400154,0.3267336932878337
627,627,0.030064972999639394,0.06165585843365512,0.32600740628447394
628,628,0.030112301999679403,0.061610095117807503,0.32651728484428955
629,629,0.030159501999662552,0.06156440043164971,0.3257927279444285
630,630,0.030204316999686398,0.06151877423107283,0.3263014011873887
631,631,0.030263191999722494,0.06147321631597414,0.32557856694302534
632,632,0.030313644999750977,0.06142772654354058,0.3260860402338348
633,633,0.030404993999752605,0.06138230471574267,0.32536492125892263
634,634,0.030459910999752537,0.06133695069104469,0.32587119991525915
635,635,0.03050810099972523,0.06129166427345937,0.32515178888499324
636,636,0.03056904799973381,0.06124644532271013,0.3256568781780682
637,637,0.030618198999718516,0.06120129364482151,0.32493916782818144
638,638,0.03066599399971892,0.06115620910075809,0.3254430729832932
639,639,0.03071174599972437,0.061111191498526236,0.32472705610936203
640,640,0.03075863099968501,0.06106624070031424,0.3252297823064413
641,641,0.030803616999719452,0.06102135651608082,0.324515451763201
642,642,0.030848121999724754,0.06097653880922064,0.32501700413734863
643,643,0.030954543999769157,0.06093178739161593,0.32430435283801795
644,644,0.031004869999776474,0.0608871021278507,0.3248047364800359
645,645,0.031065640999770494,0.06084248283170233,0.3240937573956506
646,646,0.03111288399975365,0.06079792936892745,0.3245929773525653
647,647,0.031159374999731426,0.06075344155517072,0.3238836635113211
648,648,0.03120998699972688,0.060709019257345,0.3243817247868996
649,649,0.031261308999773973,0.0606646622929347,0.3236740692735029
650,650,0.03132775999972637,0.06062037052999286,0.32417097682876267
651,651,0.03139692999974386,0.06057614378781672,0.32346497278379144
652,652,0.03147754399975611,0.06053198193558361,0.3239607315375024
653,653,0.031549911999775304,0.06048788479437709,0.32325637215677416
654,654,0.03167992599975378,0.06044385223448324,0.32375098698595456
655,655,0.031749133999710466,0.06039988407874593,0.32304826551990407
656,656,0.03181686999971589,0.060355980198544656,0.3235417412603095
657,657,0.03189767599968718,0.060312140418457894,0.3228406510133735
658,658,0.032015957999703915,0.06026836461094366,0.3233329924599789
659,659,0.03208245799970655,0.06022465260228998,0.3226335267899901
660,660,0.032155502999671626,0.06018100426601835,0.32312473869746594
661,661,0.03221701299963797,0.06013741943010172,0.32242689101505445
662,662,0.03228207499967084,0.06009389796911062,0.3229169780982363
663,663,0.032349479999709274,0.06005043971267852,0.3222207418662388
664,664,0.03242733499973838,0.060007044536410696,0.32270970880059013
665,665,0.03254439399972853,0.05996371227157727,0.32201507753346736
666,666,0.0326203479997389,0.05992044279480426,0.3225029289555368
667,667,0.03269593199973997,0.059877235938974885,0.3218098962187984
668,668,0.03276916699974208,0.059834091581722176,0.32229663672667064
669,669,0.032841499999733514,0.05979100955751931,0.32160519613630756
670,670,0.03290820099977054,0.0597479897449927,0.32209083029004776
671,671,0.032985803999793006,0.059705031980182864,0.32140097551197216
672,672,0.03306620499978408,0.059662136142696276,0.32188550783406517
673,673,0.03313728299980312,0.05961930207011841,0.3211972325835575
674,674,0.03319960799984756,0.05957652964302269,0.32168066755934105
675,675,0.0332661469998925,0.05953381870051765,0.32099396560050447
676,676,0.03334378899984358,0.05949116912413069,0.32147630767859603
677,677,0.033411520999834465,0.05944858075447186,0.3207911728238181
678,678,0.033524299999783125,0.0594060534740099,0.32127242641653675
679,679,0.03360373499975822,0.05936358712483517,0.3205888525259577
680,680,0.033678408999776366,0.05932118159034525,0.32106902200974
681,681,0.03373289699976567,0.059278836714089865,0.3203870029907282
682,682,0.033781846999772824,0.05923655238038325,0.3208660927065388
683,683,0.033832908999784195,0.059194328434214016,0.32018562251317273
684,684,0.03387983899978053,0.05915216476080099,0.32066363676690957
685,685,0.033941855999785275,0.05911006120655145,0.31998470939946705
686,686,0.03403844699977299,0.059068017657576986,0.3204616524623607
687,687,0.03411212599979763,0.05902603396168375,0.3197842619668141
688,688,0.03416214499981152,0.05898411000586436,0.3202601380758226
689,689,0.034208517999786636,0.05894224563930439,0.31958427854334054
690,690,0.034254846999772326,0.05890044074986599,0.3200590919015383
691,691,0.03430372199971998,0.05885869518809498,0.3193847574679945
692,692,0.03434924299972408,0.05881700884271182,0.31985851224495665
693,693,0.03440762799971253,0.05877538156560365,0.31918569709044403
694,694,0.03445361699971272,0.05873381324633817,0.3196583974226257
695,695,0.034500769999681324,0.05869230373812532,0.31898709577097717
696,696,0.0345567499996946,0.05865085293136905,0.31945874576208727
697,697,0.03460789799964914,0.05860946068058391,0.3187889518804033
698,698,0.03465314799962016,0.058568126876999436,0.31925955560177394
699,699,0.03469724399957386,0.058526851376416715,0.3185912637999546
700,700,0.0347409079996055,0.05848563407088036,0.31906082529090546
701,701,0.03478494899957241,0.05844447481746037,0.3183940299211901
702,702,0.03483214599958728,0.058403373509006075,0.318862553189388
703,703,0.03488291099961316,0.05836233000383903,0.31819724864589943
704,704,0.034927005999634275,0.058321344195603,0.3186647376677135
705,705,0.03498666799958983,0.05828041594385406,0.3180009183860088
706,706,0.03505036599960931,0.05823954514302033,0.3184673771068607
707,707,0.03511163099960868,0.05819873165387565,0.3178050375634871
708,708,0.03519672699962939,0.05815797537162267,0.3182704698981967
709,709,0.03528055199961955,0.05811727615823641,0.31760960461025367
710,710,0.035326436999639554,0.05807663390968428,0.3180740144433806
711,711,0.03537047099968049,0.058036048489126246,0.31741461796808706
712,712,0.035413426999696185,0.057995519793284975,0.3178780091542673
713,713,0.03549445999965428,0.05795504768648943,0.31722007608853403
714,714,0.03555273799963743,0.05791463206620799,0.3176824524528129
715,715,0.035599338999645624,0.05787427279792291,0.31702597743282107
716,716,0.03564157199963347,0.05783396977983915,0.31748734277098106
717,717,0.03569597899962673,0.057793722878576696,0.3168323204717652
718,718,0.035746404999656534,0.05775353199306795,0.31729267855065
719,719,0.035790082999653805,0.05771339699105538,0.31663910368568704
720,720,0.035837483999614506,0.057673317772189966,0.3170984582435215
721,721,0.03588388299959888,0.057633294205321754,0.31644632556432406
722,722,0.035929499999610925,0.05759332619081127,0.31690468031102986
723,723,0.036032859999579614,0.05755341359860147,0.31625398460674525
724,724,0.036077041999590165,0.057513556329753836,0.31671134322425265
725,725,0.03616725599960091,0.057473754255289666,0.31606207932126634
726,726,0.036202624999646105,0.05743400727696285,0.3165184454638217
727,727,0.036244376999661654,0.05739431526685882,0.3158706082253665
728,728,0.036276521999639044,0.0573546781274155,0.31632598551983615
729,729,0.036307566999596474,0.05731509573176824,0.31567956984560536
730,730,0.036353698999619155,0.05727556798303082,0.3161339618917751
731,731,0.036394506999670284,0.05723609475537485,0.31548896271754084
732,732,0.03642563999966342,0.05719667595258161,0.31594237308841255
733,733,0.03645647899963933,0.05715731144984551,0.3152987853856489
734,734,0.03649964299961539,0.057118001151607305,0.31575121762773223
735,735,0.03652973399965731,0.0570787449340707,0.31510903640324295
736,736,0.03656047299966758,0.05703954270232825,0.3155604940368441
737,737,0.036589886999649934,0.05700039433357966,0.3149197143323945
738,738,0.03663367799970274,0.056961299733561455,0.31537020085190115
739,739,0.03666576799975019,0.05692225878045661,0.3147308177438554
740,740,0.036734665999745175,0.056883271380637875,0.3151803366180174
741,741,0.0367683569997439,0.05684433741325869,0.31454234521697966
742,742,0.03679910399972641,0.05680545678532056,0.3149908998891876
743,743,0.036829934999730085,0.0567666293769348,0.31435429533964704
744,744,0.036859907999712505,0.05672785509572439,0.3148018892282057
745,745,0.036889668999720016,0.05668913382274614,0.31416666670818716
746,746,0.03691968299972359,0.05665046546623708,0.3146133032065864
747,747,0.03695786299977044,0.05661184990818754,0.3139794579273042
748,748,0.03698930799976097,0.05657328705744134,0.3144251404044864
749,749,0.03703836899978796,0.05653477679691036,0.313792667610003
750,750,0.03706916299978502,0.05649631903603826,0.3142373994106268
751,751,0.037099791999764875,0.05645791365864655,0.31360629437751525
752,752,0.037129294999772355,0.05641956057477186,0.3140500788222159
753,753,0.03717139399981306,0.05638125966913379,0.3134203368592267
754,754,0.03720136599980606,0.056343010852355005,0.313863177244874
755,755,0.03723094599979504,0.0563048140100419,0.31323479369260576
756,756,0.037261550999744486,0.056266669053396355,0.3136766932925572
757,757,0.037300101999733215,0.05622857586890034,0.31304966352313135
758,758,0.03733623799973884,0.056190534368328326,0.3134906255874841
759,759,0.03736680499974909,0.05615254443902682,0.3128649450042233
760,760,0.037397001999750046,0.056114605993336376,0.31330497276006114
761,761,0.03742729599974837,0.05607671891945712,0.31268063679717223
762,762,0.03747332599976971,0.05603888313028936,0.31311973344881067
763,763,0.037506387999769686,0.05600109851487602,0.3124967375710707
764,764,0.03753782499978797,0.05596336498667079,0.31293490630029824
765,765,0.037580385999774535,0.055925682435549025,0.31231324600274496
766,766,0.037612398999783636,0.05588805077551145,0.31275048996906185
767,767,0.03765572599979805,0.0558504698972555,0.31213016077668715
768,768,0.03768671999984008,0.055812939715322765,0.3125664831175412
769,769,0.03771997399985594,0.05577546012122259,0.3119474805849888
770,770,0.03775054399983446,0.05573803103003145,0.31238288441600764
771,771,0.03779066499981809,0.05570065233406039,0.3117652041272744
772,772,0.037823014999787574,0.05566332394891482,0.3121996925424958
773,773,0.03785423299979129,0.05562604576769777,0.3115833301106361
774,774,0.03788516799977515,0.05558881770653762,0.31201690618273453
775,775,0.037916220999818506,0.055551639659319564,0.31140185724956904
776,776,0.038085191999812196,0.05551451154268927,0.31183452403007983
777,777,0.038175891999799205,0.05547743325130447,0.31122078426590666
778,778,0.03826341299981095,0.05544040470232238,0.3116525447854478
779,779,0.038346403999810263,0.05540342579116393,0.3110401098887579
780,780,0.038428563999843846,0.05536649643549232,0.31147096715724826
781,781,0.03853550299982089,0.055329616531482176,0.3108598328544443
782,782,0.038587195999809865,0.05529278599729721,0.3112897898613196
783,783,0.03866796499977454,0.05525600472985677,0.31067995190643716
784,784,0.0387227269997652,0.05521927264781948,0.3111090116208636
785,785,0.0387765989997888,0.05518258964884042,0.310500465795297
786,786,0.03888127299978805,0.055145955652067785,0.31092863116638164
787,787,0.03892510899981971,0.05510937055588349,0.31032137327861187
788,788,0.03895956299976433,0.05507283427992009,0.31074864723561085
789,789,0.03901032899972279,0.05503634672327749,0.31014267312093774
790,790,0.03910705899971845,0.05499990780606747,0.31056905857346173
791,791,0.03916407499974639,0.05496351742809935,0.3099643640937382
792,792,0.039215538999769706,0.0549271755099589,0.3103898639319555
793,793,0.03932220799981678,0.054890881952156495,0.30978644497532587
794,794,0.03944929699980548,0.054854636675746804,0.310211062070163
795,795,0.03953036799981646,0.05481843958193287,0.30960891455080375
796,796,0.03965399099985234,0.054782290592233315,0.3100326517541435
797,797,0.03972971999985475,0.054746189608535646,0.3094317716120077
798,798,0.039776681999853736,0.05471013655281757,0.3098546317568847
799,799,0.03987282799988634,0.05467413132764287,0.30925501495744867
800,800,0.039912508999861984,0.05463817385544359,0.3096770008582429
801,801,0.04002208499986182,0.05460226403945185,0.3090786433922562
802,802,0.04009779899990917,0.054566401802549104,0.3094997578448838
803,803,0.04016646799988166,0.054530587048628065,0.3089026557281229
804,804,0.040254818999926556,0.054494819701014975,0.30932290151022473
805,805,0.040314914999953544,0.05445909966425536,0.30872705078324775
806,806,0.040355584999929306,0.054423426862115605,0.309146430654376
807,807,0.04040350099990064,0.05438780119978633,0.30855182738228243
808,808,0.04051324999988992,0.05435222260146962,0.3089703440840845
809,809,0.04059520699991026,0.054316690972993874,0.30837698435627586
810,810,0.040699789999905533,0.054281206238992165,0.3087946406126763
811,811,0.0407775319998791,0.05424576830592318,0.30820252054262076
812,812,0.04082688999989159,0.054210377098846706,0.308619319060001
813,813,0.04091523099987171,0.0541750325248445,0.3080284347850006
814,814,0.04097814799990829,0.05413973450939866,0.30844437825237625
815,815,0.04106464499989215,0.05410448296020679,0.3078547259333361
816,816,0.0411707349999233,0.05406927780316904,0.3082698170225327
817,817,0.04124541599992426,0.05403411894659181,0.30768139284373397
818,818,0.041342471999882946,0.05399900631678903,0.30809563420955965
819,819,0.0413988059999042,0.05396393982266897,0.307508434378434
820,820,0.041445981999913784,0.05392891939095521,0.30792182865885126
821,821,0.041537735999952474,0.05389394493115088,0.30733584940575864
822,822,0.04164406899997175,0.053859016370385204,0.30774839922205355
823,823,0.041684324000016204,0.053824133618749555,0.3071636368000624
824,824,0.04174568700000236,0.05378929660377456,0.30757534475701076
825,825,0.041829373999973996,0.05375450523613321,0.30699179544168087
826,826,0.041914077999990695,0.05371975944375355,0.3074026641277145
827,827,0.04200903299999936,0.05368505913788368,0.3068203242168819
828,828,0.04209315399998559,0.05365040424684515,0.3072303562042509
829,829,0.0421992959999784,0.05361579468245459,0.3066492220178155
830,830,0.04224884799998563,0.053581230373423244,0.3070584198627501
831,831,0.04236646499998642,0.053546711232129965,0.30647848774246655
832,832,0.04242155199995068,0.05351223718767173,0.3068868539853358
833,833,0.042501686999912636,0.05347780815298344,0.30630812029460464
834,834,0.04265894099989964,0.053443424057544105,0.3067156574600741
835,835,0.042741941999906885,0.053409084814838415,0.306138118583738
836,836,0.042837137999924835,0.05337479035472362,0.3065448291809253
837,837,0.042889186999957474,0.0533405405912281,0.30596848152506534
838,838,0.042965010999978404,0.05330633545458385,0.3063743680476937
839,839,0.04310095599998931,0.05327217485935691,0.3057992080394292
840,840,0.04319662300002847,0.05323805873615033,0.3062042729659796
841,841,0.04329175700001997,0.053203987000061924,0.3056302970532702
842,842,0.04336749200001577,0.05316995958206217,0.3060345428471305
843,843,0.04344368099998519,0.05313597639777493,0.30546174749858007
844,844,0.043547173999968436,0.05310203737853456,0.30586517660819446
845,845,0.04364272299994809,0.05306814244048521,0.30529355831285704
846,846,0.04374523799998542,0.05303429151532171,0.30569617317187203
847,847,0.043824560999951245,0.05300048451970279,0.3051257284390606
848,848,0.043907100999945214,0.05296672138568032,0.3055275314664698
849,849,0.04399883199994292,0.05293300203042208,0.3049582568255673
850,850,0.04410309099995402,0.052899326386333594,0.3053592504258545
851,851,0.04419989199993779,0.05286569437108625,0.30479114242612615
852,852,0.04429787599997326,0.052832105917435854,0.30519132898940676
853,853,0.044414555999992444,0.052798560943551946,0.304624384199815
854,854,0.04455625399998553,0.05276505938253738,0.305023766101976
855,855,0.04464623199999096,0.05273160115305452,0.3044579811109977
856,856,0.044681824999941,0.05269818618855009,0.3048565607138357
857,857,0.04478660599988871,0.05266481440817397,0.3042919321292813
858,858,0.044838895999873785,0.05263148574571347,0.3046897117806387
859,859,0.044940471999893816,0.05259820012080088,0.304126236229473
860,860,0.045094461999894975,0.052564957467561055,0.3045232182633735
861,861,0.04521575699988034,0.05253175770610353,0.3039608923915391
862,862,0.04531805299984626,0.052498600770887485,0.30435707912832016
863,863,0.04540102699985482,0.052465486582494725,0.30379589960056264
864,864,0.04544610199985755,0.05243241507571582,0.30419129334700834
865,865,0.045478056999854743,0.05239938617159978,0.30363125684670267
866,866,0.045509638999817525,0.05236639980526548,0.3040258598961733
867,867,0.04554103299977896,0.05233345589822439,0.3034669631251537
868,868,0.045638637999786624,0.05230055438592062,0.3038607777577146
869,869,0.045671485999775996,0.05226769519032329,0.30330301743610477
870,870,0.04570306199974539,0.05223487824719883,0.30369604591865346
871,871,0.045744910999758304,0.052202103478969204,0.30313941878469997
872,872,0.04577680499977532,0.0521693708217204,0.30353166337109216
873,873,0.04580743099973006,0.05213668019832246,0.30297616618099865
874,874,0.045838134999712565,0.052104031545177946,0.3033676291121725
875,875,0.04586798199972009,0.05207142478560054,0.30281325863993636
876,876,0.04591456199972299,0.05203885985630651,0.30320394214403534
877,877,0.045990128999733315,0.05200633668104854,0.30265069518128596
878,878,0.046026847999769416,0.05197385519685393,0.3030406014737801
879,879,0.04605847199979962,0.051941415327909884,0.3024884748296193
880,880,0.04610213399979557,0.051909017011551935,0.30287760611342557
881,881,0.04613298199978999,0.05187666017239731,0.30232659661426925
882,882,0.046163438999769824,0.051844344748087204,0.3027149550798698
883,883,0.0462048329998197,0.05181207066366449,0.30216505956929157
884,884,0.04623537499981012,0.051779837857073185,0.30255264739485166
885,885,0.046265906999792605,0.051747646253777715,0.3020038627334281
886,886,0.04629631199981077,0.051715495792022295,0.3023906820849115
887,887,0.04632644999981039,0.051683386397688394,0.3018430051500698
888,888,0.046356381999771656,0.05165131800931797,0.3022290581813536
889,889,0.04638599899976725,0.05161929055320553,0.3016824858672197
890,890,0.04641628899975103,0.051587303968188,0.30206777472020785
891,891,0.04644628299973874,0.051555358180968826,0.3015223039374572
892,892,0.04647776499973588,0.051523453130677445,0.30190683074219204
893,893,0.04654143899972496,0.05149158874442208,0.30136245841790177
894,894,0.04657454699969321,0.051459764961622204,0.3017462252926755
895,895,0.046605253999700835,0.05142798170978683,0.3012029483701778
896,896,0.046648847999676946,0.051396238928623016,0.30158595742164107
897,897,0.04668016599970315,0.05136453654603667,0.3010437728603789
898,898,0.046710928999686985,0.05133287450201984,0.30142602618364983
899,899,0.04674052499967729,0.05130125272487147,0.3008849309590337
900,900,0.04678348999965465,0.051269671154866275,0.3012664306378043
901,901,0.04681433599967022,0.05123812972069236,0.3007264217410704
902,902,0.04685702099965283,0.05120662836290476,0.30110716984771285
903,903,0.046887820999700125,0.051175167010576825,0.3005682442857839
904,904,0.046917820999681226,0.051143745604541685,0.3009482428814546
905,905,0.04694741499969268,0.0511123640742542,0.30041039767680056
906,906,0.04697737599968832,0.05108102236082316,0.3007896488115442
907,907,0.04700705699968921,0.051049720394081385,0.30025288100204567
908,908,0.047041069999693264,0.051018458115410975,0.30063138671489653
909,909,0.04709689899965497,0.05098723545501906,0.3000956933537095
910,910,0.047131615999660426,0.05095605235455885,0.30047345567279354
911,911,0.047166789999664616,0.0509249087446082,0.2999388338282151
912,912,0.04719861899963007,0.05089380456708912,0.30031585477084927
913,913,0.04723004699962985,0.05086273975294663,0.2997823015261854
914,914,0.04728078799962532,0.05083171424436954,0.3001585830989763
915,915,0.04733483999962118,0.0508007279726664,0.29962609555241043
916,916,0.04736696099962501,0.05076978088029058,0.3000016397513527
917,917,0.04739762299965378,0.050738872898910915,0.2994702150158165
918,918,0.047428097999670626,0.05070800397124305,0.2998450238263886
919,919,0.04745797099963056,0.05067717402931268,0.29931465902943355
920,920,0.04748880599959193,0.05064638301609572,0.299688734426694
921,921,0.04751907999957439,0.05061563086397131,0.2991594267103642
922,922,0.04754928299956873,0.050584917516173604,0.2995327706590456
923,923,0.04758862399955888,0.050554242905431854,0.29900451717975285
924,924,0.047620095999548084,0.05052360697523629,0.29937713163435514
925,925,0.04768048599953545,0.05049300965866314,0.29884992956275436
926,926,0.047713429999532764,0.050462450899456675,0.2992218164676375
927,927,0.047747178999543394,0.0504319306310368,0.2986956629885043
928,928,0.047781955999539605,0.05040144879739989,0.2990668242779794
929,929,0.04781263599954855,0.05037100533230634,0.29854171659008844
930,930,0.047881302999542186,0.050340600180002575,0.298912154188508
931,931,0.0479155989995661,0.0503102332745864,0.29838808950451245
932,932,0.047947404999547416,0.050279904560552355,0.2987578053263598
933,933,0.04797849299950485,0.05024961397233259,0.29823478087267336
934,934,0.04800963799954161,0.05021936145466774,0.29860377682265077
935,935,0.04804006599954391,0.050189146942321204,0.2980817898393291
936,936,0.04807081799953039,0.05015897038027796,0.2984500678124452
937,937,0.04810029599951804,0.05012883170362958,0.29792911555307017
938,938,0.04813016099950573,0.050098730857603434,0.29829667743472604
939,939,0.04815995799947359,0.05006866777761639,0.29777675716629065
940,940,0.048190473999511596,0.050038642409136296,0.29814360483236557
941,941,0.04823115099952702,0.05000865468790235,0.2976247138351595
942,942,0.04826376399955734,0.04997870455962111,0.2979908491520953
943,943,0.048294398999530586,0.04994879196035125,0.29747298471959305
944,944,0.048325863999480134,0.0499189168360361,0.29783840954447716
945,945,0.04836956199949327,0.04988907912305094,0.29732156898322587
946,946,0.048400782999465264,0.049859278767574185,0.29768628516387463
947,947,0.048438567999482984,0.04982951570629492,0.29717046579338435
948,948,0.048480532999462866,0.04979978988562479,0.2975344751684242
949,949,0.04851158399947053,0.04977010124256388,0.29701967432105847
950,950,0.04854232199949138,0.049740449723755374,0.2973829787200064
951,951,0.0485722759995042,0.049710835266507616,0.29686919374087467
952,952,0.0486073029995282,0.0496812578176936,0.29723179498421876
953,953,0.04863796099954243,0.04965171731492722,0.29671902323106913
954,954,0.04867995299952099,0.049622213705309476,0.2970809231303475
955,955,0.04871292599955268,0.049592746926757234,0.29656916197346134
956,956,0.04876183299955983,0.0495633169265978,0.29693036233133974
957,957,0.04879679499953227,0.049533923643048386,0.29641960915342713
958,958,0.048837260999562204,0.04950456702366099,0.2967801117637767
959,959,0.048875078999572,0.04947524700695037,0.296270363959873
960,960,0.048907929999586486,0.049445963540691605,0.29663017060784647
961,961,0.04894538899958434,0.04941671656369464,0.29612142558520976
962,962,0.048976608999566906,0.04938750602395594,0.29648053804731705
963,963,0.0490070729995864,0.04935833186057795,0.29597279322532727
964,964,0.04905020399962723,0.049329194021776934,0.2963312132695103
965,965,0.04908089099961899,0.04930009244694538,0.2958244660795687
966,966,0.049114998999584714,0.049271027084517846,0.2961821954652755
967,967,0.0491448849995777,0.049241997874174416,0.2956764433507055
968,968,0.049175307999576034,0.04921300476456613,0.2960334838289632
969,969,0.04920589299956646,0.04918404769565832,0.2955287242449125
970,970,0.04923613299956742,0.04915512661631705,0.29588507755839955
971,971,0.0492739609995283,0.049126241466790455,0.2953813079717427
972,972,0.04931952999947953,0.04909739219615812,0.29573697585486075
973,973,0.049354198999481014,0.049068578744948486,0.29523419374410376
974,974,0.04938612899945838,0.04903980106245319,0.2955891779230481
975,975,0.049429998999471536,0.049011059089478684,0.2950873807782325
976,976,0.0494660469994983,0.048982352775527094,0.2954416829710625
977,977,0.04949814899953253,0.04895368206168063,0.2949408682936719
978,978,0.049529691999566694,0.048925046897650364,0.29529449021037973
979,979,0.04955996999956369,0.048896447224792,0.29479465551324663
980,980,0.04959042899957922,0.04886788299302405,0.29514759885582637
981,981,0.049626058999592715,0.04883935414397347,0.2946487416630399
982,982,0.049656711999602976,0.048810860627764865,0.2950010081255547
983,983,0.049686508999627677,0.04878240238629406,0.2945031259723695
984,984,0.049716767999655076,0.0487539793698904,0.2948547172410193
985,985,0.04974855999967076,0.04872559152071635,0.2943578076737651
986,986,0.04978830599969797,0.048697238789304494,0.2947087254269526
987,987,0.04982059499968727,0.048668921118081986,0.29421278600294576
988,988,0.04985178199967777,0.048640638457783124,0.29456303191134176
989,989,0.04988197699969987,0.04861239075109746,0.294068060198796
990,990,0.049912251999728596,0.04858417794895979,0.29441763592540476
991,991,0.049941924999700404,0.04855599999431997,0.29392362950334383
992,992,0.05000992499969925,0.04852785683831186,0.2942725367035674
993,993,0.05004312199969263,0.04849974842414346,0.29377949316173935
994,994,0.05008846699968217,0.04847167470314638,0.2941277334834402
995,995,0.05011982899964096,0.04844363561878475,0.2936356504222308
996,996,0.050150905999601036,0.04841563112258658,0.2939832255057958
997,997,0.05018114899957027,0.048387661158270076,0.29349210053614455
998,998,0.050211489999583137,0.04835972567755824,0.2938390120145462
999,999,0.050255812999580485,0.04833182462442144,0.293348842757862
1000,1000,0.05028638999959867,0.04830395795077637,0.29369509225672064
1001,1001,0.050316113999599565,0.048276125600843454,0.2932058763447986
1002,1002,0.05035433599960015,0.04824832752673184,0.29355146548244304
1003,1003,0.05038578299956953,0.04822056367291009,0.2930632005573829
1004,1004,0.050416782999548104,0.0481928339916785,0.2934081309449103
1005,1005,0.05044685099954904,0.04816513842775181,0.2929208146590348
1006,1006,0.05047681799953807,0.04813747693362015,0.2932650879003707
1007,1007,0.050506808999557506,0.04810984945424254,0.29277871791614524
1008,1008,0.05053676499954918,0.04808225594229777,0.29312233560810225
1009,1009,0.05056846699955031,0.0480546963429872,0.2926369095980547
1010,1010,0.050599092999505046,0.04802717060917695,0.29297987333039077
1011,1011,0.05062869799951386,0.04799967868630898,0.29249538897703353
1012,1012,0.05065855299949362,0.04797222052743549,0.29283770033250994
1013,1013,0.050700529999460286,0.04794479607823704,0.2923541553282611
1014,1014,0.05073112999946261,0.047917405291950904,0.2926958158826991
1015,1015,0.050760568999464795,0.04789004811449438,0.2922132079298059
1016,1016,0.050790558999494806,0.04786272449928838,0.2925542192521434
1017,1017,0.050820078999493035,0.047835434392485304,0.2920725460626051
1018,1018,0.050875726999493054,0.04780817774768867,0.2924129097149528
1019,1019,0.05091239599948949,0.04778095451128403,0.29193216901044533
1020,1020,0.05094468799950391,0.04775376463705629,0.2922718865481418
1021,1021,0.050974935999533955,0.04772660807162241,0.29179207605994295
1022,1022,0.0510189679995392,0.04769948476894757,0.29213114903160897
1023,1023,0.051050923999582665,0.04767239467587849,0.29165226650052434
1024,1024,0.0510814879995678,0.04764533774655932,0.29199069644811776
1025,1025,0.051119010999570946,0.0476183139280648,0.29151273962440677
1026,1026,0.05114913899956264,0.047591323174717,0.2918505280832756
1027,1027,0.05117879899955824,0.04756436543381697,0.2913734947265796
1028,1028,0.05120870099955255,0.047537440659863595,0.2917106432255148
1029,1029,0.05123821599954681,0.04751054880038249,0.2912345311047849
1030,1030,0.051267928999493506,0.047483689810048274,0.29157104116607374
1031,1031,0.05129755899952215,0.04745686363660949,0.2910958480594991
1032,1032,0.05132719199951907,0.04743007023491535,0.2914317211989761
1033,1033,0.05135652999950935,0.047403309552935674,0.29095744489391423
1034,1034,0.05138646299951688,0.04737658154569318,0.2912926826210131
1035,1035,0.05144759099954399,0.04734988616137742,0.2908193209139197
1036,1036,0.051481967999507106,0.047323223355183484,0.2911539247317239
1037,1037,0.05151299499948436,0.047296593075519006,0.2906814754280839
1038,1038,0.051543219999530265,0.04726999527775043,0.2910154468333771
1039,1039,0.05157273599951395,0.04724342991050187,0.29054390774763633
1040,1040,0.05160553899952447,0.04721689692931014,0.2908772482309518
1041,1041,0.051635176999525356,0.04719039628301422,0.2904066171864493
1042,1042,0.05167359099954183,0.04716392792732008,0.29073932823211984
1043,1043,0.0517063659995074,0.04713749181128021,0.29026960306102056
1044,1044,0.051737672999536244,0.04711108789076885,0.2906016861472268
1045,1045,0.05176766999954907,0.04708471611505017,0.2901328646904562
1046,1046,0.051797835999593644,0.04705837644016567,0.2904643212892747
1047,1047,0.05182779099959589,0.0470320688155899,0.2899964013964517
1048,1048,0.05185730199957561,0.047005793197530475,0.29032723297390306
1049,1049,0.05188660999954209,0.04697954953567081,0.2898602125032764
1050,1050,0.05191605799950594,0.04695333778638369,0.2901904205193722
1051,1051,0.05194542199950547,0.04692715789955988,0.2897242973377554
1052,1052,0.05199995999953444,0.0469010098317364,0.2900538832465454
1053,1053,0.052033692999543746,0.0468748935330099,0.2895886552292528
1054,1054,0.05206506099955277,0.04684880896008052,0.28991762047887076
1055,1055,0.052097391999552656,0.046822756063249385,0.28945328550965504
1056,1056,0.05212804599955234,0.04679673479937898,0.2897816315423648
1057,1057,0.05215815099950305,0.04677074511897332,0.28931818751335414
1058,1058,0.052221447999500015,0.046744786979056166,0.28964591576559445
1059,1059,0.05225741199950562,0.04671886033033323,0.28918336057723115
1060,1060,0.05228988299950288,0.046692965129988544,0.2895104724796614
1061,1061,0.05232079999950656,0.046667101328928005,0.28904880404064
1062,1062,0.052354299999478826,0.04664126888449501,0.289375301018184
1063,1063,0.052385128999446806,0.04661546774779434,0.2889145172453911
1064,1064,0.05241528799945172,0.04658969787632779,0.28924040071728097
1065,1065,0.05244486299943674,0.0465639592213976,0.28878049953573537
1066,1066,0.052487592999455046,0.046538251740663096,0.28910577091555556
1067,1067,0.052548697999441174,0.04651257538562266,0.28864675025834824
1068,1068,0.052587218999406105,0.04648693011409211,0.288971410954078
1069,1069,0.052619819999449646,0.046461315877764704,0.2885132687623141
1070,1070,0.052650986999424276,0.04643573263461199,0.2888373201763705
1071,1071,0.052681106999386884,0.04641018033652055,0.2883800543991104
1072,1072,0.05271123399938915,0.04638465894161677,0.28870349792839034
1073,1073,0.052741184999376856,0.04635916840197942,0.28824710652259233
1074,1074,0.052771344999371195,0.0463337086758888,0.28856994355851423
1075,1075,0.05280336099940541,0.04630827971561446,0.28811442448897706
1076,1076,0.05283388299943681,0.046282881479589796,0.28843665641752253
1077,1077,0.05286386799940601,0.04625751392027395,0.2879820076568294
1078,1078,0.052894328999400386,0.04623217699625237,0.28830363585858376
1079,1079,0.05292431599940528,0.04620687066017261,0.28784985538704605
1080,1080,0.052954241999429996,0.04618159487077139,0.2881708812372387
1081,1081,0.05298376699943219,0.046156349580883306,0.28771796704284025
1082,1082,0.053013524999414585,0.04613113474939551,0.2880383919113855
1083,1083,0.05305609999942362,0.04610595032932847,0.28758634198972827
1084,1084,0.0531106469994711,0.046080796279718894,0.28790616724126405
1085,1085,0.05314418099942486,0.04605567255377181,0.28745497959551314
1086,1086,0.053175577999411416,0.046030579110672785,0.28777420658944125
1087,1087,0.05321801699943762,0.04600551590381022,0.28732387923027153
1088,1088,0.05324980799940704,0.04598048289251748,0.2876425093207956
1089,1089,0.0532794939994119,0.045955480030365266,0.2871930402663383
1090,1090,0.05330991799939966,0.04593050727683408,0.2875110748025029
1091,1091,0.053339209999421655,0.04590556458567557,0.2870624620782928
1092,1092,0.053383097999414986,0.045880651916516475,0.2873799024040211
1093,1093,0.0534136419994411,0.04585576922328838,0.28693214404294426
1094,1094,0.05344408699943415,0.045830916465763524,0.2872489914970762
1095,1095,0.05347794499942893,0.04580609359805208,0.2868020855393181
1096,1096,0.05350857099944051,0.045781300580071,0.2871183414556474
1097,1097,0.0535386649994507,0.045756537366108005,0.2866722859486417
1098,1098,0.05356910199947151,0.04573180391622392,0.28698795165595303
1099,1099,0.05359874599946579,0.045707100184882915,0.28654274465433077
1100,1100,0.053628482999442895,0.04568242613228879,0.28685782147643624
1101,1101,0.05368585499940082,0.04565778171308114,0.2864134610419758
1102,1102,0.0537287549994403,0.045633166887606054,0.286727950297751
1103,1103,0.05376205799944955,0.04560858161067722,0.28628443449932817
1104,1104,0.05379355499945859,0.04558402584278236,0.2865983375027484
1105,1105,0.05382411599941861,0.04555949953890818,0.2861556644162869
1106,1106,0.05385469399942622,0.045535002659683244,0.2864689824764623
1107,1107,0.05390875499944059,0.04551053516026622,0.2860271501848853
1108,1108,0.05395939699945984,0.04548609700142568,0.28633988460609633
1109,1109,0.0539904969994609,0.04546168813849126,0.28589889119927764
1110,1110,0.05402119899946456,0.04543730853237069,0.28621104328100966
1111,1111,0.05405175999948142,0.045412958138563594,0.28577088685572616
1112,1112,0.05408162799949423,0.045388636918116204,0.28608245789270426
1113,1113,0.05411196499949256,0.04536434482669685,0.2856431365525883
1114,1114,0.054141465999464344,0.04534008182548969,0.28595412783481067
1115,1115,0.0541711239994811,0.045315847870330765,0.28551563969030325
1116,1116,0.05420126499950584,0.0452916429225412,0.28582605250307563
1117,1117,0.0542399479995197,0.04526746693812389,0.2853883956713799
1118,1118,0.054284319999510444,0.045243319878536276,0.2856982312953489
1119,1119,0.054315549999500945,0.04521920169994689,0.2852614039003835
1120,1120,0.05434608899946625,0.045195112363948846,0.28557066361156946
1121,1121,0.05437649999942096,0.045171051826875384,0.28513466378392377
1122,1122,0.0544460419994266,0.0451470200504545,0.2854433488537536
1123,1123,0.054494776999433725,0.04512301699118317,0.2850081747306419
1124,1124,0.05454289399943946,0.045099042610923575,0.28531628642598184
1125,1125,0.054575385999442005,0.045075096866335346,0.28488193615119867
1126,1126,0.05460628399941925,0.045051179719414226,0.285189475734386
1127,1127,0.05463690699946255,0.04502729112698161,0.2847559474582617
1128,1128,0.054667187999427824,0.04500343105116601,0.2850629161871373
1129,1129,0.05469780799944601,0.04497959944894955,0.28463020806649425
1130,1130,0.0547295249994022,0.044955796282592886,0.28493660719443303
1131,1131,0.05502444399940032,0.04493202150923801,0.2845047173925422
1132,1132,0.055076194999401196,0.044908275091276983,0.2848105481684851
1133,1133,0.05511998299937204,0.044884556986010564,0.28437947485502274
1134,1134,0.05516832899934343,0.044860867155961714,0.28468473852350734
1135,1135,0.055199574999335255,0.04483720555858903,0.28425447987451247
1136,1136,0.05523079599936409,0.04481357215654556,0.2845591776757036
1137,1137,0.055261399999380956,0.04478996690744698,0.28412973187353563
1138,1138,0.0552919389994031,0.044766389774075654,0.2844338650432556
1139,1139,0.055334215999380376,0.04474284071420333,0.2840052302765522
1140,1140,0.0553677379994042,0.044719319690741256,0.2843088000463113
1141,1141,0.055400916999417404,0.044695826661616256,0.2838809745099475
1142,1142,0.055448703999388727,0.04467236158986769,0.28418398210697277
1143,1143,0.05548555999934024,0.04464892443357664,0.2837569640020191
1144,1144,0.05551780399935069,0.044625515155909935,0.28405941064928475
1145,1145,0.055552386999352166,0.04460213371510203,0.28363319818296717
1146,1146,0.05558351199937306,0.0445787800744466,0.28393508509922283
1147,1147,0.0556148099993834,0.044555454192330514,0.2835096764848821
1148,1148,0.055653748999361596,0.044532156032173684,0.2838110048846822
1149,1149,0.0556850069993402,0.04450888555251455,0.2833863983417339
1150,1150,0.05571518199934644,0.044485642716898637,0.2836871694354662
1151,1151,0.055745364999381763,0.044462427484015014,0.283263363189361
1152,1152,0.05577563899936422,0.04443923981753422,0.2835635781832748
1153,1153,0.05580592799935857,0.04441607967629521,0.28314057046545976
1154,1154,0.055835845999354206,0.04439294702409279,0.2834402305616938
1155,1155,0.05586579299932737,0.044369841819914865,0.2830180196095731
1156,1156,0.05589572299930978,0.04434676402768007,0.2833171260061833
1157,1157,0.055925764999301464,0.04432371360652443,0.2828957100630798
1158,1158,0.0561028469992948,0.04430069052048967,0.2831942639540671
1159,1159,0.05613672199933717,0.04427769472885911,0.28277364126918425
1160,1160,0.05616899199930003,0.04425472619579699,0.2830716438445214
1161,1161,0.05620996799933664,0.04423178488073316,0.28265181267290557
1162,1162,0.05624260899935507,0.04420887074795374,0.2829492651185642
1163,1163,0.056274140999391875,0.04418598375703421,0.28253022372106734
1164,1164,0.05630477699941139,0.0441631238723821,0.2828271272190446
1165,1165,0.05633506999936344,0.04414029105371762,0.2824088738622868
1166,1166,0.05637774999939893,0.04411748526556907,0.2827052295906322
1167,1167,0.05642642599940473,0.04409470646780073,0.2822877625469652
1168,1168,0.05646883699944283,0.04407195462506105,0.28258357167980636
1169,1169,0.05650222799943094,0.04404922969735751,0.2821668892272771
1170,1170,0.05655273699943564,0.04402653164945814,0.28246215293484556
1171,1171,0.05659250899941526,0.04400386044151289,0.28204625335716027
1172,1172,0.05662544899939803,0.04398121603840875,0.28234097280581755
1173,1173,0.05666669599941088,0.04395859840043734,0.2819258543923062
1174,1174,0.05670965599938427,0.043936007492604116,0.28222003074456914
1175,1175,0.05677963799939789,0.04391344327534154,0.2818056917901493
1176,1176,0.05681615999941414,0.04389090571377291,0.28209932620471506
1177,1177,0.05684826299938095,0.04386839476847087,0.28168576500985754
1178,1178,0.05687988399938604,0.04384591040467597,0.28197885864162897
1179,1179,0.056910413999389675,0.0438234525831002,0.281566073512323
1180,1180,0.056940542999427635,0.043801021269100904,0.2818586275124327
1181,1181,0.05697035499940739,0.0437786164235286,0.2814466167601511
1182,1182,0.05700021499939112,0.04375623801185692,0.2817386322759866
1183,1183,0.05703001599937352,0.043733885995074155,0.2813273942176521
1184,1184,0.057078405999334336,0.04371156033876954,0.28161887239287964
1185,1185,0.05715296199934983,0.043689261004068565,0.28120840535083097
1186,1186,0.05718647699933399,0.04366698795667557,0.28149934732541976
1187,1187,0.05721713399930195,0.043644741157852336,0.28108964962737815
1188,1188,0.05724823399930301,0.043622520573417777,0.2813800565376237
1189,1189,0.05729431099928206,0.0436003261647694,0.28097112651665973
1190,1190,0.057325361999289726,0.0435781578978401,0.2812609994952083
1191,1191,0.057355412999299915,0.043556015734162276,0.2808528354897088
1192,1192,0.05738888999928804,0.04353389963978233,0.28114217566557986
1193,1193,0.0574199449992534,0.04351180957636686,0.28073477601921587
1194,1194,0.057450806999213455,0.0434897455100753,0.28102358451782566
1195,1195,0.057480916999224974,0.04346770740270769,0.28061694757951944
1196,1196,0.057510929999239124,0.043445695220535874,0.2809052255227038
1197,1197,0.05758596299921237,0.04342370892549278,0.2804993496465975
1198,1198,0.057620136999219085,0.04340174848396216,0.28078709815263475
1199,1199,0.05765341199918339,0.04337981385800892,0.2803819816980582
1200,1200,0.05772017299915433,0.043357905014128374,0.28066920188169103
1201,1201,0.05775386899915702,0.043336021914516756,0.28026484321313083
1202,1202,0.05778535099915416,0.0433141645257803,0.2805515361855893
1203,1203,0.05781727799916325,0.043292332810245984,0.28014793367265733
1204,1204,0.05784715099912319,0.043270526734630395,0.2804341005416804
1205,1205,0.057877063999171696,0.04324874626139061,0.2800312525590831
1206,1206,0.05790731999917398,0.04322699135735306,0.28031689442894075
1207,1207,0.057947533999197276,0.04320526198510421,0.27991479935644836
1208,1208,0.057977785999185016,0.043183558111579874,0.280199917327963
1209,1209,0.05800794299915424,0.04316187969949524,0.27979857355037996
1210,1210,0.05803759699915645,0.043140226715894965,0.2800831687209483
1211,1211,0.05806782799919574,0.04311859912362238,0.2796825746280822
1212,1212,0.0580985299991994,0.04309699688983052,0.27996664809169597
1213,1213,0.05812812099918574,0.04307541997749001,0.27956680207832857
1214,1214,0.058177697999212796,0.04305386835386189,0.27985035492559585
1215,1215,0.05821277799918789,0.04303234198204353,0.27945125539145355
1216,1216,0.05825317499920857,0.043010840829403346,0.27973428870961975
1217,1217,0.05828584699924022,0.042989364859164825,0.2793359340593439
1218,1218,0.0583172259992466,0.04296791403880336,0.2796184489323119
1219,1219,0.05834833999927014,0.042946488331667865,0.2792208375754306
1220,1220,0.05839054499926988,0.04292508770534024,0.27950283508378176
1221,1221,0.05842200699925115,0.04290371212329418,0.27910596543468047
1222,1222,0.05845368499927872,0.04288236155321758,0.2793874466556948
1223,1223,0.058483915999318015,0.04286103595870835,0.27899131713358805
1224,1224,0.058514528999296544,0.04283973530755991,0.279272283141264
1225,1225,0.05855315699932362,0.04281845956349381,0.2788768921701676
1226,1226,0.058584695999286396,0.042797208694408465,0.2791573440352423
1227,1227,0.05861491099926752,0.04277598266414831,0.2787626900439449
1228,1228,0.05864757899928463,0.042754781440716455,0.2790426288339138
1229,1229,0.05867753599926573,0.042733604988079654,0.2786487102559497
1230,1230,0.058709908999276195,0.04271245327434519,0.2789281370350859
1231,1231,0.05879403199924127,0.0426913262636015,0.2785349523087072
1232,1232,0.05884462599925655,0.04267022392405954,0.27881386813808096
1233,1233,0.05887743299928161,0.04264914621992887,0.2784214157062305
1234,1234,0.05890885999929196,0.042628093119523744,0.2786998216437286
1235,1235,0.058940368999287784,0.04260706458717423,0.27830809995401334
1236,1236,0.05901013199928684,0.04258606059129734,0.2785859970543575
1237,1237,0.059044034999260475,0.04256508109634305,0.27819500455902124
1238,1238,0.059075617999269525,0.04254412607083075,0.27847239387378775
1239,1239,0.05910660099925735,0.04252319547932978,0.278082129029685
1240,1240,0.05913728599927026,0.042502289290461355,0.27835901160732296
1241,1241,0.05916727299921831,0.04248140746891365,0.2779694728758925
1242,1242,0.05919771899925763,0.0424605499834093,0.2782458497617421
1243,1243,0.059227734999240056,0.04243971679875464,0.27785703560898145
1244,1244,0.059257477999267394,0.04241890788377337,0.2781329078452926
1245,1245,0.059288772999252615,0.0423981232033894,0.27774481674173135
1246,1246,0.05935435799926836,0.04237736272652696,0.27802018536768175
1247,1247,0.05938960399930693,0.04235662641822715,0.2776328157883571
1248,1248,0.05942196699930946,0.0423359142475142,0.2779076818400702
1249,1249,0.05945234699930779,0.042315226179545744,0.2775210322645007
1250,1250,0.05948378999931947,0.04229456218344576,0.27779539677506354
1251,1251,0.0595137379993389,0.04227392222448777,0.27740946568722447
1252,1252,0.0595594579993417,0.042253306271895025,0.2776833296867054
1253,1253,0.0595915349993561,0.042232714291056385,0.27729811557500367
1254,1254,0.05962230099936505,0.04221214625129402,0.2775714800904698
1255,1255,0.05965226199936069,0.04219160211811162,0.2771869814477191
1256,1256,0.059682361999364275,0.042171081860929785,0.27745984750325353
1257,1257,0.059712643999375814,0.04215058544536645,0.277076062826651
1258,1258,0.05975395199936884,0.04213011284094021,0.2773484314433701
1259,1259,0.05978530299938711,0.04210966401338281,0.27696535923447024
1260,1260,0.05981639299938024,0.042089238932310404,0.2772372314305408
1261,1261,0.05984631999933754,0.042068837563567905,0.2768548701952329
1262,1262,0.05987665999936098,0.04204845987686875,0.27712624698588884
1263,1263,0.05992720799935114,0.0420281058381704,0.27674459523437256
1264,1264,0.05995980899933784,0.042007775417283136,0.27701547763193163
1265,1265,0.05999068399933094,0.04198746858027659,0.27663453387869363
1266,1266,0.06004169099929868,0.041967185297057334,0.2769049228925742
1267,1267,0.060083203999283796,0.04194692553380665,0.2765246856563641
1268,1268,0.06012898899928132,0.04192668926052708,0.2767945822931015
1269,1269,0.06016428599929213,0.04190647644351104,0.27641505009690975
1270,1270,0.06020708099930516,0.04188628705285655,0.27668445536017217
1271,1271,0.06025094199929981,0.04186612105496661,0.276305626731206
1272,1272,0.06030132399928334,0.04184597842003446,0.2765745416218114
1273,1273,0.060349005999285055,0.04182585911457313,0.2761964150914726
1274,1274,0.06039128499929802,0.04180576310887067,0.27646484060740384
1275,1275,0.060472140999308976,0.04178569036954965,0.27608741471126597
1276,1276,0.06052168899930166,0.041765640866992415,0.27635535184768745
1277,1277,0.06057176099932349,0.041745614567930654,0.27597862512547333
1278,1278,0.06061335499936149,0.0417256114428407,0.27624607487474606
1279,1279,0.060647586999323266,0.04170563145856275,0.2758700458703057
1280,1280,0.06069566499928669,0.041685674585666806,0.27613700922200324
1281,1281,0.06073810299926663,0.041665740791101025,0.27576167648329186
1282,1282,0.0607877939992818,0.04164583004552863,0.2760281544242154
1283,1283,0.06082999999927097,0.04162594231600538,0.2756535165032713
1284,1284,0.06087273299925755,0.0416060775732873,0.27591951001746545
1285,1285,0.06090499899920587,0.04158623578453724,0.2755455654703885
1286,1286,0.060936108999214866,0.04156641692060361,0.27581107553915607
1287,1287,0.06096663999920793,0.041546620948755865,0.2754378229260861
1288,1288,0.06100696599918365,0.041526847839934516,0.27570285052800336
1289,1289,0.061039000999187465,0.04150709756151505,0.2753302884130992
1290,1290,0.06106987299915545,0.041487370084529705,0.2755948345240304
1291,1291,0.06110011399914583,0.041467665376459587,0.2752229614754484
1292,1292,0.06112995899911766,0.041447983408428236,0.2754870270685608
1293,1293,0.061159506999103996,0.0414283241480219,0.2751158416584342
1294,1294,0.061202966999076125,0.041408687566455056,0.2753794277042128
1295,1295,0.06124932699907504,0.04138907363141861,0.27500892850863073
1296,1296,0.06128065199908406,0.041369482314217644,0.2752720359748924
1297,1297,0.061311460999093015,0.041349913582647266,0.2749022215738793
1298,1298,0.061341840999091346,0.041330367408102725,0.27516485142578756
1299,1299,0.061371819999067156,0.041310843758482915,0.2747957204032829
1300,1300,0.06140152599908788,0.04129134260527284,0.27505787360336204
1301,1301,0.06144518199909044,0.0412718639164747,0.27468942454719986
1302,1302,0.06148088999907486,0.04125240766366305,0.2749511020553488
1303,1303,0.061549507999075104,0.041232973814942835,0.2745833335572382
1304,1304,0.06158193899904063,0.04121356234197773,0.2748445363307447
1305,1305,0.06161282899904563,0.04119417321297506,0.2744774469862491
1306,1306,0.06164359899901228,0.041174806399687285,0.2747381759798038
1307,1307,0.061673841998981516,0.041155461870423564,0.274371764388322
1308,1308,0.061703892998991705,0.04113613959702475,0.27463202055403174
1309,1309,0.06173327599901768,0.041116839547901504,0.27426628531877784
1310,1310,0.06177328599903831,0.0410975616949828,0.27452606960617976
1311,1311,0.061803905999056497,0.04107830600678025,0.2741610093341637
1312,1312,0.061834139999064064,0.041059072455310465,0.2744203226902386
1313,1313,0.06186384499909536,0.04103986100918568,0.2740559359922477
1314,1314,0.0618936069990923,0.04102067164050988,0.2743147793614331
1315,1315,0.061922791999108995,0.04100150431799541,0.2739510648520119
1316,1316,0.061952531999111216,0.040982359013833236,0.27420943917621576
1317,1317,0.06198230899906321,0.04096323569683534,0.2738463954736479
1318,1318,0.062012342999025805,0.040944134339279466,0.2741043016922617
1319,1319,0.06204659199903517,0.040925054910076836,0.27374192741855075
1320,1320,0.06210701299903576,0.04090599738159143,0.27399936646846235
1321,1321,0.06214084999902525,0.0408869617228334,0.2736376602493134
1322,1322,0.06217199599905143,0.04086794790625258,0.27389463306492007
1323,1323,0.06220248699901276,0.040848955900957565,0.27353359352972123
1324,1324,0.06223332899901379,0.040829985679483934,0.27379010104294266
1325,1325,0.0622626919990239,0.040811037211038126,0.27342972682474664
1326,1326,0.0623007219990086,0.04079211046824101,0.27368576996503735
1327,1327,0.062340438999001435,0.040773205420396676,0.27332605970054347
1328,1328,0.0623711539989813,0.040754322040210914,0.2735816393949056
1329,1329,0.06240098599897692,0.04073546029708493,0.27322259172444174
1330,1330,0.06243126999896731,0.040716620163809156,0.2734777088974377
1331,1331,0.06246093399897745,0.04069780160988152,0.2731193224649423
1332,1332,0.06249123899897313,0.04067900460817677,0.2733739780387069
1333,1333,0.06253397499892799,0.04066022912828912,0.2730162514917114
1334,1334,0.062564950998933,0.040641475143177334,0.2732704463859642
1335,1335,0.06259593999891422,0.04062274262253143,0.2729133783755758
1336,1336,0.06262866199892869,0.04060403153939385,0.2731671135076333
1337,1337,0.0626984699989066,0.04058534186355017,0.2728107026885164
1338,1338,0.0627365829988662,0.04056667356812607,0.27306397897330437
1339,1339,0.06276974899884635,0.04054802662300224,0.27270822400366523
1340,1340,0.06280058199882887,0.04052940100138736,0.27296104235372987
1341,1341,0.06283121999882724,0.040510796673256806,0.2726059418952975
1342,1342,0.06286146699886785,0.04049221361190193,0.27285830322081867
1343,1343,0.06289127599887934,0.04047365178739239,0.2725038559388291
1344,1344,0.06292293199885535,0.040455111173101854,0.2727557611476308
1345,1345,0.06295270399886022,0.040436591739193936,0.27240196571080966
1346,1346,0.06298296299888761,0.04041809345912432,0.2726534157083724
1347,1347,0.06301335699890842,0.04039961630315005,0.2723002707889183
1348,1348,0.06304346199891597,0.0403811602448086,0.27255126647839056
1349,1349,0.0630737559989143,0.040362725254450074,0.27219877075195864
1350,1350,0.0631036429988967,0.0403443113056934,0.27244931303416836
1351,1351,0.06313329599890949,0.040325918368981355,0.2720974651798539
1352,1352,0.0631804579988966,0.04030754641801398,0.27234755495331964
1353,1353,0.0632624259989143,0.040289195423326346,0.2719963536536414
1354,1354,0.06329942799891342,0.040270865358699316,0.27224599181458387
1355,1355,0.0633321909988922,0.04025255619475994,0.27189543575546826
1356,1356,0.0633788349989004,0.04023426790536946,0.2721446231978214
1357,1357,0.06348206399889023,0.040216000461246536,0.2717947110685862
1358,1358,0.06352743899884672,0.04019775383633258,0.2720434486840084
1359,1359,0.06356183299885743,0.04017952800143745,0.271694179177347
1360,1360,0.06360748799886551,0.04016132293058238,0.27194246785523196
1361,1361,0.06363961699889842,0.040143138594668046,0.27159383966719747
1362,1362,0.06368420799890373,0.04012497496779531,0.2718416802946851
1363,1363,0.06372626499893386,0.040106832020955135,0.2714936921246748
1364,1364,0.06379298399895106,0.040088709728327745,0.27174108558666205
1365,1365,0.0638425429989411,0.04007060806099422,0.27139373613740164
1366,1366,0.06387618999889355,0.040052526993213586,0.27164068331655344
1367,1367,0.06390664399890511,0.04003446649615674,0.2712939712940817
1368,1368,0.06393741899893257,0.040016426544161314,0.2715404730708415
1369,1369,0.06396725499894274,0.039998407108487524,0.2711943971844953
1370,1370,0.06400201099893366,0.03998040816355139,0.2714404544370952
1371,1371,0.06403354499894931,0.03996242968070208,0.2710950133994939
1372,1372,0.06406459199894243,0.03994447163443366,0.27134062700396594
1373,1373,0.0640945139989526,0.0399265339961839,0.27099581953099605
1374,1374,0.06412483399896018,0.039908616740524705,0.271240990361182
1375,1375,0.06415405099892268,0.03989071983898201,0.2708968151719835
1376,1376,0.06418479599892635,0.03987284326620518,0.2711415440995451
1377,1377,0.06421455699893386,0.03985498699380807,0.2707979999164953
1378,1378,0.0642448519989216,0.03983715099651727,0.27104228781092476
1379,1379,0.06427458199891589,0.03981933524603416,0.27069937335962435
1380,1380,0.06430515899887723,0.03980153971716215,0.27094322108825447
1381,1381,0.0643470739988743,0.039783764381689804,0.27060093509751226
1382,1382,0.0643789799988781,0.03976600921449726,0.2708443435255265
1383,1383,0.06441342399887162,0.03974827418745982,0.270502684727346
1384,1384,0.06444435099888324,0.03973055927553389,0.2707456547177878
1385,1385,0.06447491399887895,0.03971286445068136,0.27040462184735187
1386,1386,0.06450469099888778,0.039695189687934604,0.2706471542611356
1387,1387,0.06453400999885162,0.039677534959341655,0.27030674605679283
1388,1388,0.06456628199885017,0.03965990024001069,0.2705488417527126
1389,1389,0.06460174699884647,0.039642285502075485,0.2702090569559628
1390,1390,0.06464309499881438,0.039624690720719676,0.2704507167907029
1391,1391,0.06467418399881808,0.03960711586816248,0.2701115541461833
1392,1392,0.06470454999885078,0.039589560919662814,0.27035277897432747
1393,1393,0.06473398499883842,0.039572025847524915,0.2700142372297988
1394,1394,0.06476405799884333,0.03955451062708264,0.2702550279038396
1395,1395,0.0647935199988865,0.039537015230725,0.26991710581017225
1396,1396,0.06482611299890095,0.039519539633860484,0.27015746318052114
1397,1397,0.06489879899891093,0.03950208380896252,0.26982015949168114
1398,1398,0.0649330029988846,0.03948464773151394,0.2700600844066775
1399,1399,0.06496833599891261,0.03946723137407232,0.2697233978797138
1400,1400,0.06501120099892432,0.03944983471219462,0.2699628911856341
1401,1401,0.06504465599891773,0.039432457718522065,0.269626820580664
1402,1402,0.06507581899887782,0.03941510036868546,0.2698658831217315
1403,1403,0.06511754799890923,0.03939776263540957,0.26953042720192827
1404,1404,0.06514805399888246,0.03938044449439865,0.2697690598203216
1405,1405,0.0651774889988701,0.039363145918460525,0.26943421735190043
1406,1406,0.0652086439989148,0.03934586688337285,0.26967242088776344
1407,1407,0.06524004299893704,0.03932860736202617,0.26933819063996867
1408,1408,0.06527034999896841,0.039311367330271144,0.26957596593141886
1409,1409,0.06529984399895739,0.039294146761080735,0.26924234667651087
1410,1410,0.06532960399891863,0.03927694563037841,0.26947969455964854
1411,1411,0.06535960199892088,0.0392597639112193,0.2691466850728906
1412,1412,0.06539015399891923,0.03924260157959919,0.26938360638180797
1413,1413,0.06543382199890857,0.039225458608655145,0.2690512054414537
1414,1414,0.06546640999891906,0.03920833497445517,0.2692877010082432
1415,1415,0.06549700599890684,0.03919123065021778,0.26895590739552355
1416,1416,0.06552740799889989,0.039174145612082906,0.26919197805028705
1417,1417,0.06555720099891005,0.0391570798333503,0.2688607905493977
1418,1418,0.06558734599889249,0.039140033290231566,0.2690964371202548
1419,1419,0.06563383799885969,0.03912300595610729,0.26876585451834345
1420,1420,0.0656673999988584,0.03910599780726051,0.2690010778314407
1421,1421,0.06569804299886073,0.03908900881715234,0.26867109891859475
1422,1422,0.06572803199884447,0.03907203896213709,0.2689058997981134
1423,1423,0.06575787899885199,0.03905508821575602,0.26857652336734744
1424,1424,0.06578793499886615,0.03903815655443428,0.2688109026355126
1425,1425,0.06581786799887368,0.0390212439517932,0.26848212748275646
1426,1426,0.06586315799887643,0.03900435038432856,0.26871608595984486
1427,1427,0.06589463799889472,0.03898747582574128,0.2683879108839308
1428,1428,0.06595453299888732,0.03897062025259753,0.26862144938827986
1429,1429,0.06599210599887328,0.03895378363867749,0.268293873190931
1430,1430,0.06602494799886927,0.038936965960617596,0.2685269925389463
1431,1431,0.0660777839988782,0.038920167192277005,0.26820001402476445
1432,1432,0.06611133099886501,0.038903387310362025,0.2684327150309287
1433,1433,0.06614180199886732,0.038886626288810504,0.2681063330073822
1434,1434,0.06617971799886391,0.03886988410439837,0.26833861648426266
1435,1435,0.06621037699886756,0.03885316073114196,0.2680128297616748
1436,1436,0.06624112599882892,0.03883645614588656,0.2682446965199321
1437,1437,0.06627156299884973,0.03881977032272658,0.26791950391146957
1438,1438,0.06630139399885593,0.03880310323857652,0.2681509547598651
1439,1439,0.06633102099885946,0.03878645486760851,0.2678263550815255
1440,1440,0.06636079499884318,0.038769825186806016,0.26805739082692975
1441,1441,0.06639023399884536,0.03875321417041865,0.2677333828975311
1442,1442,0.06641995399883172,0.03873662179549856,0.2679640043449313
1443,1443,0.06645200199881174,0.038720048036372585,0.2676405869860999
1444,1444,0.0664823789988418,0.03870349287016121,0.2678707949386078
1445,1445,0.06652013899883968,0.03868695627126824,0.2675479669747669
1446,1446,0.0665527879988872,0.038670438216882354,0.26777776223362726
1447,1447,0.0665836969988618,0.038653938681484,0.2674555224919857
1448,1448,0.06661419099884824,0.0386374576423297,0.26768490585658283
1449,1449,0.06664475599887965,0.0386209950739763,0.267363253167124
1450,1450,0.0666751089988793,0.03860455095374801,0.2675922254349905
1451,1451,0.06670480699887094,0.038588125256277715,0.2672711586304611
1452,1452,0.06673636699889585,0.038571717958957086,0.26749972059728455
1453,1453,0.0667664119988558,0.03855532903649478,0.2671792385131837
1454,1454,0.06679650899883427,0.03853895846634963,0.2674073909728149
1455,1455,0.06682667299884315,0.038522606223305805,0.2670874924473828
1456,1456,0.06685669399882954,0.03850627228488909,0.26731523619184266
1457,1457,0.06688601399883964,0.038489956625958915,0.2669959200660497
1458,1458,0.06691618199886307,0.038473659224107774,0.2672232558855374
1459,1459,0.06694588899887322,0.038457380054269935,0.26690452100307377
1460,1460,0.06697602899885169,0.03844111909410449,0.26713144968597313
1461,1461,0.06700641899885795,0.03842487631862027,0.2668132948932377
1462,1462,0.06704994299883538,0.03840865170554266,0.2670398172261255
1463,1463,0.06708164499883651,0.03839244522995492,0.26672224137221523
1464,1464,0.0671167459988169,0.038376256869648344,0.26694835813986767
1465,1465,0.06714726799884829,0.03836008659978033,0.2666313600765669
1466,1466,0.0671777049988691,0.03834393439820797,0.2668570720619671
1467,1467,0.06720819999884498,0.03832780024016248,0.2665406506437376
1468,1468,0.06723876099886184,0.03831168410356655,0.26676595862808294
1469,1469,0.06727052999883654,0.03829558596372482,0.26645011271205243
1470,1470,0.06730120199887324,0.03827950579862537,0.2666750174747613
1471,1471,0.06733075399887412,0.03826344358364618,0.2663597459207143
1472,1472,0.06737039499887487,0.03824739929684035,0.2665842482394331
1473,1473,0.0674022529988747,0.0382313729136589,0.2662695499097997
1474,1474,0.0674325649988532,0.038215364412219746,0.26649365056041036
1475,1475,0.06746256999883826,0.038199373768046635,0.26617952432025616
1476,1476,0.0674924629988709,0.038183400959322225,0.26640322407688244
1477,1477,0.06752535799887482,0.03816744596164262,0.266089668793899
1478,1478,0.06763166399889542,0.03815150875325493,0.26631296842891367
1479,1479,0.06767203399891741,0.03813558930982751,0.2659999829734079
1480,1480,0.06770486199894776,0.038119687609671576,0.26622288325743926
1481,1481,0.06773546099896066,0.038103803628527465,0.2659104665023236
1482,1482,0.06776574099899335,0.03808793734477035,0.26613296820426274
1483,1483,0.06785108299897047,0.03807208873421222,0.26582111902504507
1484,1484,0.067885764999005,0.03805625777529204,0.26604322291205235
1485,1485,0.0679172599990352,0.03804044444389315,0.2657319401868264
1486,1486,0.06794809099903887,0.03802464871851807,0.26595364702433816
1487,1487,0.06797838399904776,0.038008870575121256,0.26564292963377345
1488,1488,0.06800879799902759,0.03799310999226856,0.2658642401855081
1489,1489,0.06803826599900731,0.03797736694598534,0.26555408701284056
1490,1490,0.06806806599900028,0.037961641414900486,0.2657750020408061
1491,1491,0.06809816999901841,0.037945933375110014,0.26546541197182816
1492,1492,0.06812942999897587,0.03793024280530565,0.265685932236328
1493,1493,0.0682244969989938,0.03791456968165379,0.2653769041593791
1494,1494,0.06825737699898582,0.03789891398290882,0.26559703041901894
1495,1495,0.06828878699894858,0.03788327568530725,0.2652885632249759
1496,1496,0.06831935199892314,0.03786765476766591,0.26550829623666977
1497,1497,0.06835038699892948,0.03785205120629114,0.26520038881893765
1498,1498,0.06838085899892121,0.037836464980062004,0.2654197293379145
1499,1499,0.06841110299887987,0.03782089606535442,0.2651123805924169
1500,1500,0.06844274399890082,0.037805344441109494,0.2653313293722272
1501,1501,0.0684729849988912,0.03778981008377246,0.26502453819739696
1502,1502,0.06850264299885112,0.03777429297234624,0.26524309598991846
1503,1503,0.06853269899886527,0.037758793083345184,0.26493686128668875
1504,1504,0.06856267199884769,0.03774331039583374,0.2651550288421328
1505,1505,0.06859245399886049,0.03772784488639516,0.2648493495139278
1506,1506,0.06862204399885741,0.037712396534155236,0.26506712758084605
1507,1507,0.06865119699887146,0.03769696531576582,0.26476200253357146
1508,1508,0.06868080399885912,0.03768155121041387,0.2649793918588615
1509,1509,0.06871200399888266,0.03766615419481959,0.2646748200008962
1510,1510,0.06876240299885694,0.03765077424823087,0.26489182132980776
1511,1511,0.06879859599888505,0.03763541134743606,0.2645878015719939
1512,1512,0.06883068599887565,0.03762006547174377,0.2648044156481353
1513,1513,0.0688615929988714,0.0376047365980102,0.2645009469037702
1514,1514,0.0688918709988684,0.037589424705604516,0.2647171744691136
1515,1515,0.06892283099887209,0.03757412977145053,0.26441425565394056
1516,1516,0.06896138399889651,0.037558851774977746,0.26463009744882865
1517,1517,0.06899199599888561,0.03754359069317732,0.26432772748102795
1518,1518,0.06902235599892492,0.03752834650553891,0.2645431842441796
1519,1519,0.06905246499889017,0.03751311918912082,0.26424136204436016
1520,1520,0.06908282899888718,0.03749790872347256,0.2644564345128762
1521,1521,0.069112934998941,0.037482715085719404,0.26415515900406655
1522,1522,0.06914381999894204,0.03746753825547055,0.2643698479134358
1523,1523,0.06917380099895354,0.03745237820991793,0.2640691180210758
1524,1524,0.06920378399894389,0.037437234928730266,0.26428342410518063
1525,1525,0.069235950998916,0.037422108389165855,0.26398323875711216
1526,1526,0.06930425499888315,0.037406998570952775,0.264197162748235
1527,1527,0.06933954799887942,0.037391905451415505,0.26389752087469454
1528,1528,0.0693881779988601,0.03737682901034124,0.26411106350352215
1529,1529,0.06941951699883475,0.03736176922512041,0.2638119640371316
1530,1530,0.06945069399881731,0.03734672607559906,0.2640251260327623
1531,1531,0.0694811789988421,0.0373316995392334,0.2637265679085204
1532,1532,0.06951190199885104,0.037316689595928154,0.2639393499984689
1533,1533,0.06954474399890387,0.03730169622320503,0.2636413321537437
1534,1534,0.06957566899893664,0.03728671940102725,0.26385373506394644
1535,1535,0.06960572699898648,0.037271759106981765,0.2635562564384666
1536,1536,0.06963596799897687,0.03725681532109014,0.26376828089328813
1537,1537,0.0696658369989791,0.03724188802100431,0.2634713404291342
1538,1538,0.06970924699896841,0.03722697718680398,0.2636829871513721
1539,1539,0.069752285998959,0.03721208279620588,0.26338658379296903
1540,1540,0.06979501299895219,0.03719720482934761,0.26359785350385984
1541,1541,0.06982550499895979,0.0371823432640105,0.26330198619796874
1542,1542,0.06986573499892756,0.037167498080389834,0.26351287961719255
1543,1543,0.06989937199892893,0.03715266925633129,0.2632175473129024
1544,1544,0.06993101699890758,0.03713785677208769,0.2634280651585893
1545,1545,0.06996208399891657,0.03712306060556883,0.26313326680730914
1546,1546,0.06999305499891761,0.03710828073708487,0.263343409796044
1547,1547,0.07006453199892348,0.03709351714460947,0.2630491443514948
1548,1548,0.07009875999892756,0.03707876980850994,0.26325891319832256
1549,1549,0.0701299509989326,0.037064038706823614,0.26296517961652943
1550,1550,0.07016116699890063,0.0370493238199747,0.2631745750349608
1551,1551,0.07019225099890036,0.03703462512606405,0.2628813722742453
1552,1552,0.07023042399890755,0.0370199426055726,0.2630903949762618
1553,1553,0.07026127199890198,0.037005276236664435,0.26279772199723356
1554,1554,0.07029189199886332,0.03699062599987706,0.2630063726932924
1555,1555,0.0703215399988153,0.03697599187343749,0.2627142284588423
1556,1556,0.07035373399878608,0.0369613738379397,0.2629225078578821
1557,1557,0.0704197559987847,0.036946771871673466,0.2626308913331736
1558,1558,0.07046686099874933,0.036932185955288896,0.2628388001426193
1559,1559,0.07049944099878758,0.036917616067138365,0.2625477102950815
1560,1560,0.07053049799878863,0.036903062187928,0.26275524922084953
1561,1561,0.07056074699875126,0.03688852429607254,0.2624646850201692
1562,1562,0.07060374199875241,0.03687400237233385,0.2626718547666724
1563,1563,0.07063446599875078,0.03685949639518883,0.26238181518478665
1564,1564,0.07066618799871094,0.03684500634545501,0.2625886164549394
1565,1565,0.07069680299872516,0.036830532201671165,0.26229910046602795
1566,1566,0.07072691499871553,0.03681607394471031,0.26250553396125154
1567,1567,0.07075707299867418,0.03680163155317288,0.26221654054172944
1568,1568,0.07078729599868439,0.0367872050079871,0.26242260696195635
1569,1569,0.07081755199868667,0.036772794287814985,0.26213413509046646
1570,1570,0.07084794799868632,0.03675839937363983,0.2623398351341459
1571,1571,0.07087787099868592,0.0367440202441849,0.2620518837915519
1572,1572,0.07090750199870399,0.03672965688048831,0.26225721815565434
1573,1573,0.07093749699873797,0.03671530926133445,0.26196978632503276
1574,1574,0.07097868899870718,0.036700977367816176,0.26217475570505516
1575,1575,0.07101173799867411,0.036686661178778675,0.2618878423716888
1576,1576,0.07104332999870167,0.03667236067536937,0.26209244746165894
1577,1577,0.0710739179987172,0.03665807583649408,0.2618060516130292
1578,1578,0.07110417499870891,0.036643806643354544,0.2620102931055111
1579,1579,0.07113422299869399,0.03662955307491707,0.261724413731291
1580,1580,0.07116426499868567,0.03661531511243749,0.2619282923173892
1581,1581,0.07119633699863925,0.03660109273494238,0.2616429284094362
1582,1582,0.07122692199862968,0.03658688592374158,0.26184644477880087
1583,1583,0.07125661799864247,0.036572694657921664,0.2615615953311498
1584,1584,0.07128643799859447,0.03655851891884628,0.2617647501719812
1585,1585,0.07131609499862179,0.036544358685661776,0.2614804141808374
1586,1586,0.07134676099860826,0.03653021393978553,0.2616832081798906
1587,1587,0.07137675099858143,0.036516084660423435,0.26139938464362256
1588,1588,0.07140735999860226,0.03650197082904626,0.2616018184862123
1589,1589,0.07143682899862824,0.03648787242491947,0.2613185064053449
1590,1590,0.07146739499864907,0.03647378942956695,0.2615205807753502
1591,1591,0.07150901399865006,0.03645972182231341,0.2612377791525579
1592,1592,0.0715576209986466,0.03644566958473593,0.261439494732426
1593,1593,0.07159663399863803,0.03643163269621811,0.2611572025725262
1594,1594,0.0716298309986314,0.036417611138389996,0.2613585600432782
1595,1595,0.071660891998647,0.036403604890694,0.2610767763532238
1596,1596,0.07169977599863842,0.03638961393481288,0.2612777763944581
1597,1597,0.07173157099867922,0.03637563825024771,0.26099650018333126
1598,1598,0.07176251099866704,0.0363616778187338,0.26119714347322903
1599,1599,0.07179292699868256,0.03634773261983058,0.2609163737522343
1600,1600,0.07182365099868093,0.03633380263532583,0.26111666096756325
1601,1601,0.07185364799869376,0.036319887844837154,0.2608363967500205
1602,1602,0.07188981099869807,0.0363059882302046,0.26103632856613995
1603,1603,0.07192703099872233,0.03629210377110374,0.26075656886747844
1604,1604,0.07195895899872085,0.03627823444942663,0.26095614595834277
1605,1605,0.07198980499873642,0.03626438024490675,0.2606768897960941
1606,1606,0.07202692599872762,0.03625054113948804,0.2608761128342582
1607,1607,0.07205858999873271,0.036236717112961565,0.2605973592280495
1608,1608,0.07208951799873375,0.036222908147322985,0.2607962288846728
1609,1609,0.07211965099872941,0.03620911422242078,0.26051797685622086
1610,1610,0.07214983199872904,0.036195335320302155,0.26071649380107104
1611,1611,0.07217967899873656,0.036181571420872846,0.2604387423741753
1612,1612,0.07222215599875881,0.03616782250623143,0.26063690727563343
1613,1613,0.07225507399874687,0.03615408855634069,0.26035965547616985
1614,1614,0.07228644399873474,0.03614036955335037,0.26055746900123433
1615,1615,0.07231648299875815,0.03612666547728009,0.26028071585714874
1616,1616,0.07234675999876572,0.03611297631033075,0.26047817867143924
1617,1617,0.07237657699880629,0.03609930203257854,0.26020192321274116
1618,1618,0.07240651099880324,0.036085642626275206,0.26039903598050346
1619,1619,0.07243634299879886,0.03607199807155348,0.26012327723925965
1620,1620,0.07246598899877199,0.036058368350715755,0.26032004062336944
1621,1621,0.07249654199875977,0.03604475344395108,0.2600447776336975
1622,1622,0.07256042399876605,0.036031153333612384,0.26024119229566434
1623,1623,0.07259286399875009,0.03601756799994476,0.2599664240937269
1624,1624,0.07262350799874184,0.03600399742535158,0.260162490693699
1625,1625,0.072653717998719,0.0359904415901338,0.2598882163176971
1626,1626,0.07268363199875694,0.035976900476745025,0.2600839355144651
1627,1627,0.07271331899875122,0.03596337406554192,0.25981015400463187
1628,1628,0.07274362799876144,0.03594986233902813,0.2600055264556325
1629,1629,0.072780691998787,0.03593636527761588,0.25973223685422764
1630,1630,0.07281132999878537,0.03592288286385866,0.2599272632155487
1631,1631,0.07284077799880606,0.035909415078224025,0.2596544645668517
1632,1632,0.07287081299881493,0.03589596190331523,0.2598491454932352
1633,1633,0.07290035299882902,0.03588252331965502,0.2595768368435399
1634,1634,0.07293014599883918,0.03586909930989614,0.25977117298838676
1635,1635,0.07295968599885327,0.03585568985461633,0.2594993533859946
1636,1636,0.0729897299988238,0.0358422949365178,0.2596933454013681
1637,1637,0.07301940399878504,0.035828914536233,0.25942201389658287
1638,1638,0.07304930999879389,0.03581554863651341,0.259615662433213
1639,1639,0.07307960199881336,0.03580219721804614,0.2593448180783341
1640,1640,0.07314514299883967,0.035788860263631664,0.25953812378562147
1641,1641,0.07322455699880948,0.03577553775401155,0.2592677656349388
1642,1642,0.07326567199879719,0.03576222967203525,0.2594607291609582
1643,1643,0.0733023829988042,0.03574893599849856,0.2591908562707458
1644,1644,0.07333403899878022,0.03573565671629964,0.25938347826225056
1645,1645,0.07336546599879057,0.035722391806288396,0.2591140896907606
1646,1646,0.07339622299883786,0.03570914125141162,0.25930637079318597
1647,1647,0.0734265819988309,0.03569590503257304,0.25903746560064345
1648,1648,0.07345756499887557,0.035682683132768,0.25922940645811093
1649,1649,0.0734880069988435,0.03566947553295387,0.25896098370670734
1650,1650,0.07351860099885243,0.035656282216174257,0.2591525849620283
1651,1651,0.07354836499882822,0.035643103163440104,0.2588846437159162
1652,1652,0.07357826499878684,0.035629938357843206,0.25907590601059555
1653,1653,0.0736081479987547,0.03561678778044781,0.2588084453358827
1654,1654,0.0736383489987702,0.03560365141439365,0.25899936931012285
1655,1655,0.07366822399882267,0.035590529240798266,0.2587323882748668
1656,1656,0.07369798999883415,0.03557742124284916,0.25892297456757135
1657,1657,0.07375421999881837,0.035564327401716805,0.25865647224177307
1658,1658,0.07379119199879369,0.03555124770063652,0.2588467214905505
1659,1659,0.07382343599880414,0.03553818212083154,0.2585806969461496
1660,1660,0.07385593399880008,0.03552513064558468,0.25877060978731725
1661,1661,0.07388635199879445,0.03551209325617187,0.25850506209818586
1662,1662,0.0739166599987584,0.035499069935923284,0.2586946391667729
1663,1663,0.0739890899987472,0.035486060666167316,0.2584295674087105
1664,1664,0.07402245799875118,0.03547306543028137,0.25861880933846226
1665,1665,0.07405412999872851,0.03546008420964618,0.25835421258918984
1666,1666,0.07408521399872825,0.03544711698768621,0.25854312001257146
1667,1667,0.07411544599870012,0.0354341637458343,0.25827899735172594
1668,1668,0.07414526899873408,0.03542122446756183,0.2584675708999257
1669,1669,0.07417535799874031,0.035408299134353644,0.2582039214090546
1670,1670,0.07420541099878619,0.03539538772972788,0.25839216171198753
1671,1671,0.07424271499883162,0.03538249023522114,0.25812898447454363
1672,1672,0.0742743359988367,0.03536960663439822,0.25831689216085535
1673,1673,0.07433047499881695,0.035356736908847324,0.2580541862621911
1674,1674,0.07436378699884472,0.035343881042179746,0.2582417619592611
1675,1675,0.07439465199888673,0.035331039016035126,0.25797952648662353
1676,1676,0.07442559699887852,0.03531821081407105,0.2581667708205686
1677,1677,0.07445561199887152,0.0353053964179785,0.2579050048630939
1678,1678,0.07448549999884335,0.035292595811461214,0.2580919184587722
1679,1679,0.0745153909988403,0.035279808976261304,0.2578306211074796
1680,1680,0.07454524199886237,0.03526703589612853,0.25801720458849364
1681,1681,0.07457504999882758,0.035254276552855915,0.25775637493628184
1682,1682,0.07460495599883643,0.03524153093023914,0.2579426289249821
1683,1683,0.07463481199880562,0.03522879901012201,0.2576822660666219
1684,1684,0.07466468099880785,0.03521608077634598,0.2578681911841105
1685,1685,0.07469435399877966,0.035203376210805395,0.2576082942162413
1686,1686,0.07472396899873956,0.035190685297387336,0.2577938910823752
1687,1687,0.07475372099872857,0.03517800801803662,0.2575344591034991
1688,1688,0.07478313099875322,0.03516534435668575,0.2577197283368931
1689,1689,0.0748124199987501,0.03515269429532986,0.25746076044736954
1690,1690,0.07486818299872766,0.035140057817946733,0.2576457026654009
1691,1691,0.07490264499870136,0.035127434906581635,0.25738719796744175
1692,1692,0.07493458399869724,0.03511482554525748,0.2575718137862522
1693,1693,0.07496485999865854,0.035102229716069494,0.2573137713839168
1694,1694,0.07499465899866209,0.03508964740308565,0.2574980614184171
1695,1695,0.07502429099866958,0.03507707858845101,0.2572404804176069
1696,1696,0.07505480599866132,0.035064523256278346,0.257424445281479
1697,1697,0.07508578499869145,0.035051981388762324,0.2571673247899325
1698,1698,0.07511648499871626,0.03503945297006055,0.2573509650956337
1699,1699,0.0751464889987119,0.03502693798241712,0.2570943042229218
1700,1700,0.07517651599869168,0.03501443641003419,0.25727762058168785
1701,1701,0.07520664599866222,0.03500194823520523,0.25702141843920817
1702,1702,0.07523657299867637,0.0349894734421768,0.2572044114610566
1703,1703,0.07526646699864159,0.03497701201329156,0.25694866716202913
1704,1704,0.07529622999862795,0.034964563932840385,0.257131337455762
1705,1705,0.07532615699864209,0.034952129183214914,0.25687605011522396
1706,1706,0.07535637499864833,0.03493970774875018,0.2570583982884319
1707,1707,0.07538642099865456,0.03492729961188668,0.2568035670232324
1708,1708,0.07545362699863745,0.034914904757003457,0.25698559368229756
1709,1709,0.07548921499864036,0.03490252316658968,0.25673121761109324
1710,1710,0.07552029499862556,0.03489015482506831,0.2569129233611922
1711,1711,0.07556234299863718,0.03487779971497705,0.25665900160444227
1712,1712,0.0755926949986474,0.0348654578207826,0.2568403870495493
1713,1713,0.07562290999862853,0.034853129125071,0.25658691872951017
1714,1714,0.07565329299865198,0.0348408136123526,0.256767984472401
1715,1715,0.07568349799862517,0.034828511265261625,0.2565149687131224
1716,1716,0.07571588399861184,0.03481622206835189,0.25669571535537655
1717,1717,0.07574566899859292,0.03480394600430574,0.2564431512826956
1718,1718,0.07577532899858852,0.03479168305772028,0.25662357942470004
1719,1719,0.0758048809985894,0.0347794332113258,0.25637146616623757
1720,1720,0.075834583998585,0.03476719644976253,0.2565515764071896
1721,1721,0.07586457199863617,0.03475497275580853,0.2562999130923446
1722,1722,0.07589428099862516,0.03474276211414718,0.25647970603025533
1723,1723,0.07592397199863399,0.034730564507604034,0.25622849179020046
1724,1724,0.07595363799862298,0.03471837992090545,0.25640796802189725
1725,1725,0.07602703299858149,0.03470620833692445,0.25615720198957437
1726,1726,0.07606530999856886,0.03469404974043011,0.25633636211070465
1727,1727,0.0761204239985318,0.0346819041143428,0.2560860434208198
1728,1728,0.07617179599856172,0.03466977144347426,0.2562648880258536
1729,1729,0.0762570659985613,0.03465765171079196,0.2560150158148726
1730,1730,0.07629081299853624,0.03464554490115021,0.25619354549710566
1731,1731,0.07632241599856115,0.034633450997563466,0.25594411890324914
1732,1732,0.07635307799858992,0.03462136998492839,0.2561223342548063
1733,1733,0.07638386299856847,0.03460930184630629,0.2558733524180456
1734,1734,0.07641437599858136,0.034597246566636125,0.2560512540298834
1735,1735,0.07644438999858494,0.034585204129025895,0.2558027160919358
1736,1736,0.07647427799861362,0.034573174518456595,0.2559803045538454
1737,1737,0.07650439099859341,0.03456115771808288,0.2557322096581691
1738,1738,0.0765346599985719,0.03454915371292767,0.25590948555877996
1739,1739,0.07660897099856356,0.034537162486192007,0.25566183285057004
1740,1740,0.07664575199856927,0.03452518402294076,0.2558387967773521
1741,1741,0.07669742099858468,0.034513218306421116,0.255591585403536
1742,1742,0.07672977899858324,0.03450126532173972,0.25576823794280285
1743,1743,0.07676083899855257,0.034489325052189865,0.2555214670520357
1744,1744,0.0767912979985681,0.0344773974829198,0.2556978087889477
1745,1745,0.07682165399859286,0.034465482597268775,0.255451477531608
1746,1746,0.0768520619985793,0.03445358038042642,0.2556275090501754
1747,1747,0.07688533399857533,0.03444169081577786,0.25538161657835995
1748,1748,0.07691526099858947,0.034429813888554164,0.2555573384614448
1749,1749,0.07694541099857588,0.034417949582185955,0.25531188392896575
1750,1750,0.07697506699855694,0.03440609788194557,0.2554872967582859
1751,1751,0.07700469399856047,0.0343942587713092,0.2552422793206646
1752,1752,0.0770344469985389,0.0343824322355902,0.2554173836767961
1753,1753,0.07706460499855439,0.034370618258310136,0.2551728024912599
1754,1754,0.07709429999857775,0.03435881682482338,0.25534759895363984
1755,1755,0.0771241179985509,0.03434702791869665,0.2551034531791171
1756,1756,0.07718992099853494,0.0343352515253252,0.25527794232604645
1757,1757,0.07722266099852959,0.03432348762832081,0.2550342311231627
1758,1758,0.0772536029985531,0.0343117362131194,0.25520841353180945
1759,1759,0.07728399799856334,0.03429999726337778,0.25496513606288246
1760,1760,0.07731488799856834,0.034288270764572346,0.2551390123092839
1761,1761,0.07734524299860368,0.034276556700404776,0.2548961677383199
1762,1762,0.0773758149986179,0.03426485505639191,0.2550697383973858
1763,1763,0.07740556899858575,0.03425316581628002,0.2548273258900754
1764,1764,0.07743535499855625,0.034241488965626315,0.25500059153559046
1765,1765,0.07746529699858229,0.03422982448822159,0.2547586102593036
1766,1766,0.07749528799860173,0.03421817236966323,0.2549315714639308
1767,1767,0.07752521099860132,0.034206532593786435,0.2546900205877131
1768,1768,0.07755542899860757,0.03419490514622863,0.25486267792299583
1769,1769,0.07758556999863231,0.03418329001086926,0.25462155661756425
1770,1770,0.07761579699865706,0.03417168717338571,0.25479391065392953
1771,1771,0.0776454459986553,0.0341600966177015,0.2545532180916681
1772,1772,0.07767539299862847,0.03414851832953385,0.254725269398429
1773,1773,0.07770561499864925,0.034136952292850235,0.25448500475338454
1774,1774,0.07774306599867487,0.03412539849340756,0.25465675389874304
1775,1775,0.07777486199870509,0.03411385691521713,0.2544169163466215
1776,1776,0.07780516399867565,0.034102327544075474,0.25458836389767114
1777,1777,0.07785478399864587,0.03409081036403752,0.25434895261583285
1778,1778,0.07788626699863244,0.03407930536093925,0.25452009913856144
1779,1779,0.07791650599864397,0.03406781251887916,0.2542811133060173
1780,1780,0.07794724999865821,0.034056331823732564,0.2544519593653098
1781,1781,0.07797742399861818,0.03404486325964136,0.25421339816271726
1782,1782,0.07800765599859005,0.03403340681252007,0.2543839443223578
1783,1783,0.07803801899859764,0.034021962466553826,0.25414580693201655
1784,1784,0.07806783199862366,0.03401053020769629,0.25431605375469185
1785,1785,0.07809767899863118,0.03399911002017574,0.2540783393605401
1786,1786,0.07812766499858981,0.033987701889984734,0.2542482874078416
1787,1787,0.07817003499854991,0.03397630580139463,0.2540109951954515
1788,1788,0.0782010959985655,0.03396492174043681,0.25418064502787846
1789,1789,0.07823206399854143,0.03395354969142545,0.25394377418445263
1790,1790,0.07829376999853821,0.03394218964043072,0.25411312636141414
1791,1791,0.07833181299849912,0.0339308415718095,0.25387667607578135
1792,1792,0.07836507799851233,0.033919505471670545,0.2540457311555993
1793,1793,0.07839634799853457,0.0339081813244134,0.25380970061821073
1794,1794,0.07844161699853203,0.03389686911618521,0.2539784591581225
1795,1795,0.07847297499853312,0.03388556883142806,0.25374284756104715
1796,1796,0.07851157699855094,0.03387428045632751,0.2539113101172078
1797,1797,0.07854522499854966,0.03386300397536783,0.25367611665412965
1798,1798,0.07857659299855868,0.03385173937477294,0.25384428378161483
1799,1799,0.07860853099856513,0.0338404866390693,0.2536095076478279
1800,1800,0.07863953199858997,0.0338292457545189,0.2537773799006362
1801,1801,0.07867042399863067,0.03381801670569036,0.253543020293041
1802,1802,0.07870033999859061,0.03380679947888363,0.2537105982240968
1803,1803,0.07873060699859025,0.033795594058709244,0.2534766543411966
1804,1804,0.07876019299857262,0.03378440043150511,0.25364393850235195
1805,1805,0.0787905899985617,0.033773218581923524,0.25341040954424865
1806,1806,0.07885335099854274,0.03376204849634023,0.25357740048628646
1807,1807,0.07888644599853478,0.03375089015944914,0.2533442856546768
1808,1808,0.07892935199851081,0.033739743557663675,0.253510983927313
1809,1809,0.07896134599849347,0.03372860867571933,0.25327828242548506
1810,1810,0.07899193799846671,0.03371748550006702,0.2534446885773712
1811,1811,0.07902233599850206,0.03370637401548371,0.25321239961019976
1812,1812,0.07905198399851088,0.03369527420845776,0.2533785141889256
1813,1813,0.07908246999846824,0.033684186063807374,0.25314663696286915
1814,1814,0.07911180699846909,0.03367310956805822,0.253312460514965
1815,1815,0.0791420879984912,0.033662044706069705,0.25308099423806124
1816,1816,0.07918372499847237,0.03365099146440469,0.253246527309
1817,1817,0.07921471999844698,0.03363994982796364,0.25301547119086326
1818,1818,0.07924430199847166,0.03362891978334649,0.2531807143250638
1819,1819,0.07927448799847525,0.03361790131549456,0.25295006757687954
1820,1820,0.07930413299845895,0.03360689441104481,0.25311502131770813
1821,1821,0.07933452699847976,0.03359589905497933,0.252884783152231
1822,1822,0.07936464899847806,0.03358491523397198,0.2530494480420048
1823,1823,0.0794064559984804,0.03357394293304546,0.25281961767355327
1824,1824,0.07943926799850942,0.033562982138910395,0.2529839942535416
1825,1825,0.07947850699849823,0.033552032836629976,0.2527545708979955
1826,1826,0.0795093569984715,0.0335410950129515,0.2529186597084233
1827,1827,0.07953970499846719,0.03353016865297857,0.2526896425832198
1828,1828,0.0795698399984417,0.03351925374349501,0.252853444163269
1829,1829,0.07960028199840963,0.0335083502696447,0.25262483248739825
1830,1830,0.07963023299839733,0.033497458218247796,0.2527883473752112
1831,1831,0.07966075499842873,0.03348657757448843,0.2525601403692137
1832,1832,0.07969055599841113,0.03347570832522305,0.2527233691018947
1833,1833,0.07972078899842927,0.03346485045567576,0.2524955659878568
1834,1834,0.07975065099844869,0.03345400395273925,0.2526585091014749
1835,1835,0.07978034399843636,0.03344316880167751,0.2524311091030261
1836,1836,0.07980956799843852,0.03343234498941933,0.2525937671326173
1837,1837,0.07983953499842755,0.03342153250126844,0.2523667694749255
1838,1838,0.07986904899843239,0.033410731324189646,0.25252914295449513
1839,1839,0.07989875499845311,0.0333999414435263,0.2523025468642638
1840,1840,0.07995248799846877,0.033389162846279054,0.25246463632678895
1841,1841,0.07998730399845044,0.03337839551783093,0.25223844103225324
1842,1842,0.08003105099845698,0.03336763944521818,0.25240024700968505
1843,1843,0.0800636769984635,0.033356894613863236,0.25217445174060854
1844,1844,0.08009412399843541,0.033346161010838093,0.2523359747638741
1845,1845,0.080125073998488,0.03333543862160443,0.2521105787515451
1846,1846,0.08015551999852732,0.03332472743326978,0.2522718193505502
1847,1847,0.08018569599852299,0.03331402743133501,0.2520468218277779
1848,1848,0.08021606699850281,0.03330333860294303,0.25220778053140946
1849,1849,0.08024683499854746,0.033292660933633825,0.2519831807325208
1850,1850,0.08027721899850349,0.03328199441058561,0.2521438580686486
1851,1851,0.08030705099849911,0.0332713390193772,0.25191965522948456
1852,1852,0.08033703399848946,0.033260694747222146,0.2520800517249641
1853,1853,0.08036675299848639,0.03325006157973805,0.2518562450828762
1854,1854,0.08039666399849921,0.03323943950417353,0.2520163612635504
1855,1855,0.08042663199847766,0.0332288285061849,0.25179295005739755
1856,1856,0.08045624399846929,0.03321822857305578,0.2519527864480993
1857,1857,0.08048676299847557,0.033207639690481065,0.25172976991824386
1858,1858,0.0805238209984509,0.033197061845779245,0.2518893270427984
1859,1859,0.0805560369984164,0.03318649502468369,0.25166670443110295
1860,1860,0.08060001999842825,0.03317593921454766,0.25182598281233004
1861,1861,0.0806439489983859,0.03316539440114286,0.2516037533621538
1862,1862,0.08068400999837877,0.03315486057185729,0.25176275352186933
1863,1863,0.08072394099832536,0.03314433771250079,0.25154091647806526
1864,1864,0.0807563169983041,0.03313382581049597,0.25169963893708447
1865,1865,0.08078944499828822,0.033123324851690804,0.2514781935459951
1866,1866,0.08082060199825492,0.03311283482354231,0.25163663882413395
1867,1867,0.08086379899827989,0.033102355711936475,0.2514155843335886
1868,1868,0.08089540299829423,0.03309188750436471,0.25157375294966655
1869,1869,0.08092660099828208,0.03308143018675087,0.25135308860897737
1870,1870,0.08095745099825535,0.03307098374662058,0.25151098108081926
1871,1871,0.08098899999822606,0.03306054816993547,0.2512907061407787
1872,1872,0.08101945899824159,0.03305012344425538,0.2514483229852169
1873,1873,0.08105930199826616,0.03303970955557953,0.2512284366980932
1874,1874,0.0811002979982618,0.03302930649150177,0.2513857784309699
1875,1875,0.08114061899823355,0.03301891423805891,0.25116628005050495
1876,1876,0.08117527599819141,0.03300853278287877,0.2513233471866745
1877,1877,0.0812061229981964,0.0329981621120355,0.25110423596807946
1878,1878,0.0812459669982104,0.032987802213190816,0.25126102902141
1879,1879,0.08128057699821056,0.03297745307245616,0.25104230422136276
1880,1880,0.08131198499825132,0.032967114677526964,0.251198823704739
1881,1881,0.08134373299822073,0.032956787014551875,0.2509804845813808
1882,1882,0.08137471499821913,0.032946470071259996,0.2511367310067053
1883,1883,0.08140514599818971,0.03293616383383703,0.25091877681963687
1884,1884,0.08143613799819605,0.032925868290045554,0.2510747506978332
1885,1885,0.08146699799817725,0.032915583426108334,0.2508571807081121
1886,1886,0.08149739899818087,0.032905309229821336,0.25101288254912624
1887,1887,0.0815311289982219,0.03289504568744412,0.250795696019263
1888,1888,0.0815714689982201,0.032884792786806116,0.25095112633206573
1889,1889,0.08160476599823596,0.032874550514203515,0.2507343225260213
1890,1890,0.0816360149982529,0.032864318857499,0.25088948181861004
1891,1891,0.08166650499822481,0.032854097803025444,0.2506730600017921
1892,1892,0.08169633599817416,0.03284388733867859,0.2508279487811933
1893,1893,0.08172710799817651,0.03283368745082786,0.2506119082204532
1894,1894,0.0817572789981682,0.03282349812740206,0.2507665269927244
1895,1895,0.0817881299981309,0.03281331935480696,0.2505508669563535
1896,1896,0.08181827899812788,0.03280315112100434,0.2507052162265853
1897,1897,0.08184876999808921,0.03279299341243627,0.2504899359843125
1898,1898,0.08187825799808479,0.03278284621709736,0.2506440162566306
1899,1899,0.08190837899809367,0.032772709521465826,0.25042911507961874
1900,1900,0.08193842099808535,0.032762583313569044,0.25058292685718603
1901,1901,0.08196903599804273,0.03275246757992129,0.2503684040180287
1902,1902,0.08199892199803571,0.032742362308582615,0.2505219478030473
1903,1903,0.08202884299805646,0.03273226748610322,0.25030780257576585
1904,1904,0.08205899599806799,0.032722183100575716,0.25046107886947905
1905,1905,0.08211405899805868,0.03271210913858618,0.25024731052951915
1906,1906,0.08214939299807611,0.03270204558825963,0.2504003198322141
1907,1907,0.08219522799805645,0.0326919924362179,0.2501869276564428
1908,1908,0.0822265199980734,0.032681949670618354,0.25033967046745137
1909,1909,0.08225749899804669,0.03267191727811845,0.2501266537341544
1910,1910,0.08228780099801725,0.03266189524690786,0.2502791305518561
1911,1911,0.0823182759980341,0.03265188356367949,0.25006648854073343
1912,1912,0.082348042998035,0.03264188221665523,0.25021869986255746
1913,1913,0.08237873899798842,0.032631891192563385,0.2500064318547219
1914,1914,0.08240853099800916,0.03262191047965789,0.2501583781771483
1915,1915,0.08243811899802722,0.03261194006470239,0.249946483455121
1916,1916,0.08246762999800694,0.032601979935982746,0.25009816527368384
1917,1917,0.08249772599799599,0.03259203008029784,0.249886643121392
1918,1918,0.08252756699801012,0.03258209048596541,0.2500380609306802
1919,1919,0.08255730199800837,0.03257216113981941,0.24982691063345383
1920,1920,0.08258685399800925,0.03256224203020936,0.24997806492711394
1921,1921,0.08261657999804584,0.0325523331440042,0.24976728577168272
1922,1922,0.08264651399804279,0.03254243446958514,0.24991817704242061
1923,1923,0.08268447699805392,0.03253254599385602,0.24970776831691074
1924,1924,0.08272789199810404,0.0325226677052296,0.24985839705649343
1925,1925,0.08276891599814462,0.032512799590644535,0.24964835805042498
1926,1926,0.08280127999813658,0.03250294163854503,0.24979872474968298
1927,1927,0.08283176499816136,0.03249309383590447,0.24958905475396626
1928,1928,0.08287028899815141,0.03248325617119845,0.24973915990279533
1929,1929,0.0829030949981302,0.03247342863143489,0.24952985820972817
1930,1930,0.08293487799812738,0.0324636112051207,0.24967970229709124
1931,1931,0.08296590599809406,0.03245380387929825,0.24947076820035652
1932,1932,0.08299598099807781,0.032444006642505706,0.24962035171428543
1933,1933,0.08302652699808277,0.03243421948181982,0.24941178450894708
1934,1934,0.08305647099808766,0.03242444238580982,0.24956110793654498
1935,1935,0.08308620699807534,0.03241467534158667,0.24935290691904563
1936,1936,0.08311586999809606,0.03240491833775071,0.24950197074648847
1937,1937,0.08314542099810751,0.03239517136144707,0.24929413521464666
1938,1938,0.08319103899810898,0.03238543440130694,0.24944293992718516
1939,1939,0.08322936799811487,0.03237570744450958,0.2492354691801919
1940,1940,0.08326117799811072,0.032365990479716965,0.2493840152621537
1941,1941,0.08329242099813428,0.032356283494142345,0.24917690860056968
1942,1942,0.08332320599811283,0.03234658647647843,0.24932519653536128
1943,1943,0.08335320599809393,0.03233689941397231,0.24911845326111365
1944,1944,0.0833826209980657,0.0323272222953474,0.2492664835312221
1945,1945,0.0834126719980759,0.03231755510788446,0.24906010294760217
1946,1946,0.0834426679980993,0.03230789784033749,0.24920787603459718
1947,1947,0.08347305099812274,0.03229825048002095,0.24900185744625675
1948,1948,0.08350266299811437,0.03228861301571927,0.249149373830792
1949,1949,0.08353263099814967,0.03227898543478044,0.2489437165437416
1950,1950,0.0835622919981347,0.03226936772601931,0.24909097670555744
1951,1951,0.08359231899817132,0.032259759876817305,0.24888568002716177
1952,1952,0.08362792499821126,0.03225016187601958,0.24903268444508625
1953,1953,0.0836584249981911,0.032240573711040915,0.24882774768406304
1954,1954,0.08368908499824101,0.03223099537075661,0.24897449683601455
1955,1955,0.08371887399823663,0.03222142684261471,0.24876991930243011
1956,1956,0.08375639599819351,0.03221186811552068,0.24891641366541908
1957,1957,0.08378940999818951,0.03220231917695566,0.24871219467068648
1958,1958,0.08382013299819846,0.03219278001585515,0.24885843472081645
1959,1959,0.0838631489982049,0.03218325061973336,0.24865457357769277
1960,1960,0.0838955569981863,0.03217373097755568,0.24880055979016322
1961,1961,0.08392735899815307,0.03216422107686931,0.2485970558127454
1962,1962,0.0839578649981263,0.032154720906669466,0.2487427886618533
1963,1963,0.08398829099814975,0.0321452304545362,0.24853964116557664
1964,1964,0.08401825699814935,0.032135749709494524,0.24868512112471802
1965,1965,0.08404872199815827,0.03212627865915717,0.248482329426353
1966,1966,0.08407844199814463,0.03211681729257884,0.24862755696802483
1967,1967,0.08410841799809532,0.032107365597404965,0.24842512038567394
1968,1968,0.08413838799805262,0.03209792356271983,0.24857009598147622
1969,1969,0.0841684469980919,0.03208849117620134,0.2483680138345715
1970,1970,0.0841985839981021,0.032079068426963314,0.24851273795520898
1971,1971,0.08422826399805672,0.032069655302716174,0.24831100956450874
1972,1972,0.08425804099806555,0.032060251792603106,0.24845548267979267
1973,1973,0.08433382599810102,0.03205085788436686,0.24825410736737932
1974,1974,0.08438550299814551,0.03204147356717993,0.24839832994622923
1975,1975,0.08442163399814717,0.032032098828817454,0.24819730703550621
1976,1976,0.08445257499812442,0.032022733658481066,0.24834127954595164
1977,1977,0.08449647299812568,0.03201337804397803,0.24814060836164062
1978,1978,0.08452912599807405,0.0320040319745392,0.24828433127082303
1979,1979,0.08457051699804197,0.03199469543800394,0.24808401113896109
1980,1980,0.084604595998087,0.031985368423632074,0.2482274849131356
1981,1981,0.08463552699811316,0.03197605091929502,0.2480275151610727
1982,1982,0.08467921099810383,0.031966742914281567,0.24817074026561003
1983,1983,0.08471116999811557,0.03195744439649496,0.24797112022200593
1984,1984,0.0847456509981157,0.03194815535525293,0.24811409712139398
1985,1985,0.08478738899816562,0.03193887577849045,0.2479148261162158
1986,1986,0.08482478599813703,0.031929605655554166,0.24805755527406131
1987,1987,0.08486463999815896,0.03192034497441071,0.24785863263858043
1988,1988,0.08489713399814036,0.03191109372443536,0.24800111451761114
1989,1989,0.08493531699809864,0.031901851893626404,0.24780253958440127
1990,1990,0.08496595699807585,0.03189261947138776,0.24794477464646716
1991,1991,0.0849966609981152,0.03188339644574924,0.2477465467494006
1992,1992,0.08505660699813689,0.03187418280614327,0.24788853545547626
1993,1993,0.0850911849981344,0.031864978540631125,0.2476906539297217
1994,1994,0.08512217699814073,0.03185578363867366,0.2478323967399075
1995,1995,0.08515315099811005,0.03184659808836343,0.24763486092192774
1996,1996,0.0851832559981176,0.03183742187918979,0.24777635829545167
1997,1997,0.08521362499811858,0.031828254999276426,0.24757916752299988
1998,1998,0.08524332499808907,0.031819097438141,0.24772041991821978
1999,1999,0.0852736749980636,0.031809949183938376,0.24752357353033808
2000,2000,0.08530349899808698,0.031800810226214365,0.24766458140474262
