epoch,updates,time,train_loss,val_rmse
1,1,7.697699999198448e-05,0.4667516229878223,0.7558902196584607
2,2,0.00011054300000523654,0.4433965649557868,0.745532012051129
3,3,0.0001336439999590766,0.42399965099979214,0.7363018991916619
4,4,0.00015550699993127637,0.40726405711844377,0.7276823551198829
5,5,0.00017660899993643397,0.3924833929961492,0.7194768286364006
6,6,0.00019734799991510954,0.37922045850779845,0.711605013943576
7,7,0.00021752499992544472,0.3671827174104343,0.7040317238839586
8,8,0.00023764499991330013,0.35616149761619614,0.6967376270187458
9,9,0.0002574679999156615,0.34600052229987655,0.6897080755598947
10,10,0.00027763499991806384,0.3365786127675665,0.6829294445669438
11,11,0.00029785899988610254,0.32779949157999067,0.6763883327654424
12,12,0.0003177519998871503,0.3195853205560798,0.6700716880446067
13,13,0.0003379079998921952,0.31187232934641634,0.6639671113494604
14,14,0.00039069599989716153,0.3046076997881753,0.6580630925086836
15,15,0.00041284899992888313,0.2977472594634474,0.6523491276601703
16,16,0.00043561199993291666,0.29125372958347684,0.6468157352390748
17,17,0.00045593099991947383,0.2850953710588154,0.6414544032044971
18,18,0.0004765159999351454,0.2792449264008805,0.6362574974225294
19,19,0.000496786999917731,0.27367878642578575,0.6312181534293104
20,20,0.0005169419999333513,0.2683763303048426,0.6263301662107171
21,21,0.0005734099999017417,0.2633194005540281,0.6215878866637402
22,22,0.0005958919998647616,0.2584918837224929,0.6169861291928134
23,23,0.0006168169998659323,0.25387937423584594,0.6125200921408633
24,24,0.0006376219998287525,0.2494689038712133,0.6081852910774174
25,25,0.000657803999843054,0.24524872317223434,0.6039775040297203
26,26,0.0006783839998547592,0.24120812406762376,0.5998927272906819
27,27,0.0006990569998492902,0.23733729525287522,0.5959271402864166
28,28,0.000719259999868882,0.23362720368631773,0.5920770780114871
29,29,0.0007392249998474654,0.23006949695308718,0.588339009660113
30,30,0.0007593729998234267,0.22665642235054675,0.5847095222449937
31,31,0.0007792319998429775,0.2233807594129107,0.5811853081708642
32,32,0.0007996809998758181,0.22023576327271552,0.5777631558995969
33,33,0.0008196399998610104,0.2172151167923166,0.5744399429983298
34,34,0.0008401279998793143,0.2143128898208873,0.5712126309977367
35,35,0.0008643079998478242,0.21152350426578934,0.5680782616033189
36,36,0.0008857949998741788,0.20884170393069396,0.5650339538994081
37,37,0.0009073659999216943,0.2062625282813641,0.5620769022652319
38,38,0.0009284599998977683,0.20378128946525384,0.5592043747870912
39,39,0.00094863699985126,0.2013935520422061,0.5564137120026158
40,40,0.0009689549998483926,0.1990951149877478,0.5537023258543222
41,41,0.0009890299998005503,0.19688199561344816,0.5510676987621429
42,42,0.0010094939997884467,0.1947504151149753,0.5485073827498766
43,43,0.0010298459997670761,0.1926967855113766,0.5460189985800111
44,44,0.0010499619997403897,0.19071769778145956,0.5436002348662463
45,45,0.001070056999708413,0.18880991103716696,0.5412488471442741
46,46,0.0010904869996579691,0.1869703426012137,0.5389626568897119
47,47,0.0011103709996405087,0.18519605887836352,0.5367395504781887
48,48,0.0011302289996137915,0.18348426692762687,0.5345774780869529
49,49,0.001150563999658516,0.18183230665721198,0.5324744525404037
50,50,0.0011708679996900173,0.1802376435759372,0.5304285481039729
51,51,0.001191051999683168,0.17869786204453045,0.5284378992320509
52,52,0.0012111459996617668,0.17721065897824465,0.5265006992763561
53,53,0.0012310289996548818,0.17577383795882487,0.5246151991614332
54,54,0.0012509499996440354,0.17438530371935063,0.5227797060339747
55,55,0.0012709269996094008,0.1730430569700584,0.5209925818924482
56,56,0.0012909929995998937,0.17174518953709106,0.5192522422031794
57,57,0.0013171049996003603,0.17048987978936136,0.5175571545086113
58,58,0.001339114999609592,0.16927538833146683,0.5159058370329921
59,59,0.0013614729996334063,0.16810005394293848,0.5142968572902538
60,60,0.001382183999623976,0.1669622897461175,0.5127288306983457
61,61,0.0014022949996501666,0.16586057958668954,0.5112004192038182
62,62,0.0014226139996367237,0.16479347461241248,0.509710329919984
63,63,0.001442790999647059,0.16375959003688864,0.508257313781567
64,64,0.0014628999996944003,0.16275760207637988,0.5068401642183417
65,65,0.0014828609997152853,0.1617862450486868,0.5054577158499041
66,66,0.0015030299997533803,0.16084430862400498,0.504108843203385
67,67,0.001522625999768934,0.1599306352184781,0.5027924594556086
68,68,0.0015429269997184747,0.15904411752187994,0.5015075152009331
69,69,0.0015626999997380153,0.1581836961515004,0.5002529972457641
70,70,0.0015830419997655554,0.1573483574248907,0.49902792743051666
71,71,0.0016030139997837978,0.15653713124464425,0.4978313614796091
72,72,0.0016233069997610983,0.15574908908886703,0.49666238787990014
73,73,0.0016436389997807055,0.15498334210142262,0.49552012678783436
74,74,0.0016642859997659798,0.15423903927643137,0.49440372896542556
75,75,0.001684439999735332,0.1535153657318652,0.4933123747450967
76,76,0.0017044459997350714,0.15281154106741232,0.4922452730232914
77,77,0.0017243049997546223,0.15212681780208845,0.49120166028268775
78,78,0.0017446589997689443,0.15146047988735428,0.4901807996427677
79,79,0.0017858589997672425,0.1508118412917594,0.48918197993843304
80,80,0.0018089819997726408,0.1501802446533696,0.4882045148263025
81,81,0.0018315839997740113,0.14956505999646166,0.4872477419182768
82,82,0.001852554999743461,0.14896568350917277,0.48631102194192116
83,83,0.0018729129997154814,0.14838153637898635,0.4853937379271803
84,84,0.0018932109996967483,0.1478120636831132,0.48449529441891404
85,85,0.0019134139996594968,0.14725673333099526,0.483615116714718
86,86,0.001933686999677775,0.14671503505631328,0.48275265012748164
87,87,0.001953728999694704,0.14618647945602714,0.48190735927211376
88,88,0.001974077999648216,0.14567059707411098,0.4810787273758638
89,89,0.001993951999679666,0.14516693752777532,0.4802662556116549
90,90,0.002014074999692639,0.14467506867408653,0.47946946245384264
91,91,0.0020339869996632842,0.1441945758150049,0.4786878830558101
92,92,0.0020542209996392558,0.14372506093897014,0.4779210686488124
93,93,0.002074145999642951,0.14326614199725995,0.4771685859614826
94,94,0.0020950759996480883,0.14281745221344097,0.4764300166594175
95,95,0.0021159399996122374,0.1423786394243185,0.4757049568042637
96,96,0.002136731999598851,0.14194936545087475,0.4749930163317347
97,97,0.002157646999592089,0.14152930549776135,0.47429381854799163
98,98,0.002178174999642124,0.14111814757998578,0.4736069996438335
99,99,0.002198717999647215,0.14071559197550174,0.472932208226148
100,100,0.0022189429996615218,0.14032135070247512,0.4722691048660846
101,101,0.0022603859996479514,0.13993514702006346,0.47161736166342355
102,102,0.0022838749996481056,0.13955671495160044,0.4709766618266203
103,103,0.002311425999664607,0.13918579882913545,0.4703466992680222
104,104,0.0023329149996698106,0.13882215285832758,0.46972717821375765
105,105,0.0023536789996683183,0.13846554070274525,0.46911781282781767
106,106,0.002374101999691902,0.13811573508666652,0.46851832684985373
107,107,0.002394514999707553,0.13777251741552193,0.46792845324623333
108,108,0.0024392059996785065,0.13743567741316082,0.4673479338739024
109,109,0.0024637709996682133,0.13710501277516496,0.4667765191566168
110,110,0.002485922999653667,0.1367803288374676,0.4662139677731195
111,111,0.0025073329996985194,0.136461438259574,0.4656600463568461
112,112,0.0025281879997010037,0.1361481607217123,0.46511452920675805
113,113,0.0025486599996611403,0.1358403226352763,0.4645771980089132
114,114,0.0025688899996794134,0.13553775686595143,0.4640478415683915
115,115,0.0025891029996500947,0.13524030246894467,0.4635262555512116
116,116,0.002609234999624732,0.13494780443576743,0.4630122422358769
117,117,0.002629479999598061,0.1346601134520434,0.4625056102742087
118,118,0.0026496549995727037,0.13437708566584367,0.4620061744611288
119,119,0.002669731999560554,0.13409858246606912,0.4615137555130669
120,120,0.0026896439995311994,0.13382447027042638,0.46102817985468003
121,121,0.002709640999569274,0.13355462032256374,0.46054927941357765
122,122,0.0027356249995591497,0.13328890849795358,0.4600768914227599
123,123,0.0027573619995564513,0.13302721511812768,0.45961085823048314
124,124,0.0027804109995486215,0.13276942477288928,0.45915102711727845
125,125,0.0028053999995449885,0.13251542615014392,0.4586972501198574
126,126,0.0028256129995725132,0.13226511187300805,0.4582493838616478
127,127,0.0028457679995881335,0.13201837834386929,0.45780728938971177
128,128,0.0028655119996301437,0.1317751255950875,0.4573708320178067
129,129,0.0028854019996629177,0.13153525714604122,0.4569398811753588
130,130,0.0029079319996867525,0.13129867986623578,0.45651431026212463
131,131,0.0029291939997051486,0.13106530384420473,0.456093996508328
132,132,0.0029500709997023478,0.1308350422619462,0.4556788208400618
133,133,0.002970581999704791,0.1306078112746497,0.45526866774975827
134,134,0.002990830999692662,0.13038352989547894,0.45486342517153217
135,135,0.0030112819997043516,0.13016211988518656,0.4544629843612126
136,136,0.003031249999708052,0.1299435056463492,0.4540672397808836
137,137,0.0030516769996893345,0.12972761412201753,0.4536760889877622
138,138,0.0030719449997036463,0.1295143746985881,0.45328943252724635
139,139,0.0030921309997324897,0.12930371911271185,0.45290717382997464
140,140,0.0031128769997508243,0.12909558136206142,0.45252921911274135
141,141,0.0031329459997664344,0.12888989761978908,0.45215547728312144
142,142,0.003152714999771433,0.12868660615251384,0.45178585984766007
143,143,0.003197107999767468,0.12848564724168327,0.4514202808234913
144,144,0.00322001799975169,0.12828696310816445,0.45105865665325273
145,145,0.0032479459997603044,0.12809049783992163,0.45070090612316904
146,146,0.003268870999761475,0.1278961973226483,0.45034695028418265
147,147,0.00328889699977708,0.12770400917322527,0.4499967123760127
148,148,0.0033095349998006895,0.12751388267588148,0.44965011775403096
149,149,0.003329698999834818,0.12732576872094248,0.4493070938188437
150,150,0.003350408999835963,0.1271396197460539,0.4489675699484766
151,151,0.0033711649998622306,0.12695538967977354,0.44863147743306064
152,152,0.003391390999865962,0.12677303388743094,0.448298749411924
153,153,0.003411500999902728,0.12659250911915654,0.44796932081299473
154,154,0.003431648999878689,0.12641377345998794,0.44764312829442704
155,155,0.003451594999887675,0.1262367862819649,0.4473201101883631
156,156,0.003471811999872898,0.12606150819812698,0.44700020644674987
157,157,0.0034918279998237267,0.12588790101833489,0.44668335858912983
158,158,0.003512155999828792,0.12571592770683637,0.4463695096523307
159,159,0.00353204899982984,0.12554555234150333,0.4460586041419795
160,160,0.003552011999829574,0.12537674007466992,0.4457505879857719
161,161,0.003572341999870332,0.12520945709550316,0.44544540848842834
162,162,0.00359233399990444,0.12504367059384242,0.4451430142882723
163,163,0.0036124189998645306,0.12487934872544537,0.4448433553153677
164,164,0.0036367729998687537,0.12471646057858185,0.44454638275115604
165,165,0.003663880999908997,0.12455497614191875,0.4442520489895359
166,166,0.003686239999922236,0.12439486627364268,0.44396030759932836
167,167,0.0037086899998826084,0.12423610267176832,0.44367111328807596
168,168,0.003731727999877421,0.12407865784558313,0.44338442186712423
169,169,0.003752561999874615,0.1239225050881818,0.44310019021793573
170,170,0.0037729269998862947,0.12376761845004486,0.44281837625959136
171,171,0.003793044999895301,0.12361397271361829,0.4425389389174309
172,172,0.0038134559999321027,0.12346154336885357,0.4422618380927924
173,173,0.0038334229999463787,0.12331030658966792,0.44198703463380595
174,174,0.0038547369999264447,0.12316023921128733,0.4417144903072038
175,175,0.0038755119999223098,0.12301131870843642,0.44144416777110623
176,176,0.003896763999932773,0.12286352317434042,0.441176030548749
177,177,0.003917374999900858,0.12271683130050631,0.4409100430031133
178,178,0.003938146999928449,0.12257122235725146,0.44064617031242753
179,179,0.003958845999932237,0.12242667617494958,0.44038437844650513
180,180,0.003979312999888407,0.12228317312596472,0.4401246341438896
181,181,0.00400001099990277,0.12214069410724623,0.4398669048897741
182,182,0.004020771999933004,0.1219992205235577,0.43961115889466823
183,183,0.004041180999934113,0.12185873427131443,0.43935736507378365
184,184,0.0040615399999524016,0.12171921772300547,0.43910549302711116
185,185,0.004082170999936352,0.12158065371217663,0.43885551302016385
186,186,0.004102507999959926,0.12144302551895256,0.4386073959653621
187,187,0.004129798999940704,0.12130631685607611,0.43836111340403583
188,188,0.004153009999981805,0.12117051185544497,0.43811663748902174
189,189,0.0041752459999884195,0.12103559505512548,0.4378739409678331
190,190,0.004196458000023995,0.12090155138682575,0.4376329971663811
191,191,0.004217274999973597,0.12076836616380934,0.43739377997322865
192,192,0.004237778999993225,0.12063602506923242,0.4371562638243551
193,193,0.004258196000023418,0.12050451414488854,0.4369204236884146
194,194,0.004284331999997448,0.120373819780344,0.4366862350524707
195,195,0.004306048999978884,0.12024392870245072,0.436453673908187
196,196,0.0043269439999562564,0.1201148279652196,0.436222716738462
197,197,0.004347709999990457,0.11998650494004268,0.4359933405044869
198,198,0.004368028999977014,0.11985894730624914,0.43576552263321544
199,199,0.004388219000020399,0.11973214304198403,0.4355392410052283
200,200,0.004409468000005745,0.1196060804153955,0.4353144739429788
201,201,0.004429894000054446,0.11948074797612075,0.43509120019940706
202,202,0.004455443000097148,0.11935613454705803,0.4348693989469076
203,203,0.004483736000111094,0.11923222921641483,0.43464904976664026
204,204,0.004511377000142147,0.11910902133002114,0.4344301326381695
205,205,0.004533168000136811,0.11898650048389856,0.43421262792942344
206,206,0.004589661000125034,0.11886465651707545,0.4339965163869593
207,207,0.00461334900012389,0.11874347950463864,0.4337817791265249
208,208,0.004635818000110703,0.11862295975101358,0.4335683976239066
209,209,0.004657158000156869,0.11850308778346416,0.4333563537060532
210,210,0.0046778430001950255,0.11838385434580398,0.43314562954246616
211,211,0.004698111000209337,0.11826525039231178,0.4329362076368467
212,212,0.004718336000223644,0.11814726708184332,0.4327280708189923
213,213,0.004738407000218103,0.1180298957721324,0.4325212022369315
214,214,0.004758656000205974,0.11791312801427446,0.43231558534929204
215,215,0.0047789190002163195,0.11779695554738626,0.4321112039178913
216,216,0.004799184000205514,0.11768137029343483,0.43190804200054367
217,217,0.004819370000234358,0.11756636435223024,0.4317060839440765
218,218,0.004839625000272463,0.11745192999657583,0.4315053143775478
219,219,0.004859710000289397,0.11733805966757067,0.43130571820565905
220,220,0.004879951000248184,0.11722474597005865,0.4311072806023562
221,221,0.00489996000027304,0.11711198166821925,0.43090998700461336
222,222,0.004920037000317734,0.11699975968129452,0.4307138231063923
223,223,0.004940352000289749,0.11688807307944848,0.43051877485277185
224,224,0.004960615000300095,0.11677691507975281,0.43032482843424325
225,225,0.004980658000306448,0.11666627904229648,0.430131970281163
226,226,0.005001011000331346,0.11655615846641276,0.42994018705836157
227,227,0.0050211710003509324,0.11644654698702157,0.4297494656599
228,228,0.005046567000306368,0.11633743837108178,0.42955979320397114
229,229,0.005068209000285151,0.11622882651415085,0.42937115702794043
230,230,0.0050904080002851515,0.11612070543704676,0.4291835446835219
231,231,0.005110860000286266,0.11601306928261078,0.4289969439320843
232,232,0.005131229000312487,0.115905912312565,0.42881134274008514
233,233,0.005167839000307595,0.11579922890446445,0.42862672927462553
234,234,0.005189014000336556,0.11569301354873779,0.4284430918991249
235,235,0.005209732000366785,0.1155872608458161,0.4282604191691108
236,236,0.005230495000375868,0.11548196550334457,0.42807869982811897
237,237,0.005251114000373036,0.1153771223334764,0.42789792280370226
238,238,0.005271674000368876,0.11527272625024469,0.4277180772035435
239,239,0.005292674000372699,0.11516877226701065,0.42753915231167
240,240,0.005312896000361889,0.115065255493985,0.42736113758476574
241,241,0.00533335100038812,0.11496217113582098,0.4271840226485794
242,242,0.0053537140004209505,0.11485951448927546,0.4270077972944237
243,243,0.005373645000418037,0.11475728094093757,0.42683245147576465
244,244,0.005393901000388723,0.11465546596502078,0.42665797530489796
245,245,0.005414012000414914,0.11455406512121823,0.4264843590497085
246,246,0.00543424700038031,0.11445307405261788,0.426311593130512
247,247,0.00545438900036288,0.11435248848367646,0.42613966811697607
248,248,0.005474725000397029,0.11425230421824972,0.42596857472511707
249,249,0.005494782000369014,0.11415251713767811,0.4257983038143725
250,250,0.005520341000362805,0.11405312319892479,0.4256288463847452
251,251,0.005542616000354883,0.11395411843276568,0.42546019357401726
252,252,0.005564615000366757,0.11385549894202938,0.4252923366550333
253,253,0.0055856190003851225,0.11375726089988482,0.4251252670330484
254,254,0.005606052000359796,0.11365940054817639,0.4249589762431416
255,255,0.0056263010003476666,0.11356191419580412,0.42479345594769036
256,256,0.005646829000340858,0.11346479821714786,0.42462869793390695
257,257,0.005667852000385665,0.1133680490505341,0.4244646941114328
258,258,0.005688671000427803,0.11327166319674419,0.4243014365099905
259,259,0.005708959000401137,0.11317563721756266,0.4241389172770909
260,260,0.005729105000398249,0.1130799677343643,0.42397712867579435
261,261,0.005749140000375519,0.11298465142673911,0.42381606308252484
262,262,0.005769174000363364,0.11288968503115365,0.4236557129849342
263,263,0.005789577000371082,0.11279506533964806,0.42349607097981695
264,264,0.005809850000332517,0.11270078919856745,0.4233371297710728
265,265,0.005829848000360016,0.11260685350732647,0.4231788821677152
266,266,0.005850016000351843,0.11251325521720679,0.4230213210819277
267,267,0.005870267000318563,0.11241999133018565,0.42286443952716196
268,268,0.005890267000324911,0.11232705889779504,0.4227082306162811
269,269,0.005910820000281092,0.11223445502001075,0.4225526875597437
270,270,0.005931275000307323,0.11214217684416984,0.422397803663829
271,271,0.0059518850002859836,0.11205022156391647,0.4222435723289021
272,272,0.005979192000268085,0.11195858641817452,0.4220899870477174
273,273,0.006008382000231904,0.11186726869014701,0.42193704140375987
274,274,0.006030320000206757,0.11177626570634085,0.42178472906962333
275,275,0.006051373000218518,0.11168557483561611,0.42163304380542377
276,276,0.006071782000219628,0.1115951934882606,0.42148197945724747
277,277,0.006092114000239235,0.11150511911508659,0.4213315299556338
278,278,0.006112369000220497,0.11141534920655127,0.4211816893140896
279,279,0.006138359000203764,0.11132588129189924,0.42103245162763736
280,280,0.006160917000215704,0.11123671293832606,0.42088381107139283
281,281,0.006181760000231407,0.11114784175016351,0.4207357618991745
282,282,0.006201875000215296,0.11105926536808466,0.42058829844214224
283,283,0.006222401000229638,0.11097098146832901,0.4204414151074646
284,284,0.0062429890002135835,0.11088298776194679,0.42029510637701506
285,285,0.006263232000208063,0.11079528199406191,0.42014936680609505
286,286,0.0062834990002329505,0.11070786194315368,0.42000419102218406
287,287,0.006303864000187787,0.11062072542035505,0.41985957372371574
288,288,0.006323636000217903,0.11053387026876957,0.41971550967888005
289,289,0.00634391100021503,0.11044729436280377,0.41957199372444914
290,290,0.0063644580001778195,0.1103609956075169,0.4194290207646286
291,291,0.006384221000189427,0.11027497193798573,0.41928658576993194
292,292,0.0064112480001767835,0.11018922131868532,0.41914468377607744
293,293,0.006433169000217731,0.1101037417428845,0.4190033098829086
294,294,0.006460269000228891,0.11001853123205614,0.41886245925333615
295,295,0.006481228000268402,0.10993358783530145,0.4187221271123007
296,296,0.006501781000281426,0.10984890962878856,0.4185823087457577
297,297,0.006522046000327464,0.10976449471520375,0.4184429994996814
298,298,0.006542310000327234,0.10968034122321683,0.41830419477908987
299,299,0.006562402000326983,0.10959644730695846,0.4181658900470888
300,300,0.006582297000363724,0.10951281114551034,0.41802808082393417
301,301,0.006602437000367445,0.10942943094240735,0.4178907626861138
302,302,0.006622462000393625,0.10934630492515145,0.4177539312654473
303,303,0.006642447000388074,0.10926343134473723,0.41761758224820283
304,304,0.006662724000420894,0.10918080847518849,0.4174817113742316
305,305,0.0066829960003929045,0.10909843461310578,0.4173463144361193
306,306,0.006768311000371341,0.10901630807722436,0.4172113872783541
307,307,0.006792381000366277,0.1089344272079829,0.41707692579650996
308,308,0.006814113000359612,0.10885279036710187,0.4169429259364469
309,309,0.00683484100034093,0.1087713959371718,0.4168093836935252
310,310,0.006856321000327625,0.10869024232125134,0.41667629511183624
311,311,0.006877236000320863,0.10860932794247424,0.41654365628344614
312,312,0.006906659000321724,0.10852865124366581,0.41641146334765555
313,313,0.0069361310003159815,0.10844821068696785,0.4162797124902722
314,314,0.006958172000338436,0.10836800475347254,0.4161483999428975
315,315,0.006979520000299999,0.10828803194286436,0.41601752198222686
316,316,0.007000503000313074,0.10820829077307062,0.4158870749293626
317,317,0.007020979000344596,0.1081287797799196,0.4157570551491402
318,318,0.007041770000341785,0.10804949751680656,0.4156274590494662
319,319,0.0070621530003336375,0.1079704425543675,0.4154982830806698
320,320,0.007082812000305694,0.1078916134801601,0.41536952373486435
321,321,0.007103206000294904,0.10781300889835203,0.41524117754532314
322,322,0.007123501000307897,0.10773462742941628,0.4151132410858642
323,323,0.007143658000302366,0.10765646770983296,0.41498571097024767
324,324,0.007164248000322004,0.10757852839179853,0.414858583851584
325,325,0.0071850650002716066,0.10750080814294084,0.41473185642175264
326,326,0.007205969000267487,0.10742330564604084,0.4146055254108311
327,327,0.007226025000250047,0.10734601959876047,0.41447958758653497
328,328,0.0072463960002551175,0.10726894871337661,0.41435403975366686
329,329,0.0072662690002403,0.10719209171652092,0.4142288787535766
330,330,0.007286432000285004,0.10711544734892518,0.4141041014636296
331,331,0.007306574000324417,0.10703901436517281,0.41397970479668583
332,332,0.00732712900031629,0.10696279153345524,0.4138556857005873
333,333,0.007369358000289594,0.10688677763533398,0.41373204115765516
334,334,0.007391845000313424,0.1068109714655079,0.41360876818419495
335,335,0.007418707000340419,0.10673537183158545,0.41348586383001124
336,336,0.007440023000299334,0.10665997755386185,0.41336332517793
337,337,0.007460447000312342,0.10658478746510124,0.4132411493433303
338,338,0.007481306000272525,0.10650980041032362,0.4131193334736828
339,339,0.007501500000273609,0.10643501524659589,0.4129978747480978
340,340,0.007522011000276052,0.10636043084282835,0.4128767703768794
341,341,0.0075420780002559695,0.10628604607957434,0.412756017601089
342,342,0.007562457000290124,0.10621185984883545,0.41263561369211466
343,343,0.007582628000307068,0.10613787105386999,0.4125155559512493
344,344,0.0076029580002909825,0.1060640786090058,0.4123958417092749
345,345,0.0076231470002881,0.1059904814394573,0.4122764683260546
346,346,0.00764354100027731,0.10591707848114619,0.41215743319013115
347,347,0.007663759000251957,0.10584386868052595,0.41203873371833233
348,348,0.007684097000264956,0.10577085099441001,0.41192036735538334
349,349,0.007704038000269975,0.1056980243898039,0.4118023315735249
350,350,0.007724443000256542,0.10562538784374038,0.4116846238721383
351,351,0.0077448160002973054,0.10555294034311859,0.411567241777377
352,352,0.007764953000275909,0.10548068088454586,0.41145018284180335
353,353,0.0077848040002663765,0.10540860847418386,0.41133344464403243
354,354,0.00780586900026492,0.10533672212759675,0.41121702478838085
355,355,0.007844723000289378,0.10526502086960345,0.41110092090452194
356,356,0.007867219000331716,0.10519350373413253,0.41098513064714637
357,357,0.007894000000362666,0.10512216976408006,0.41086965169562834
358,358,0.007915235000325538,0.10505101801117055,0.4107544817536971
359,359,0.00793567000027906,0.10498004753582078,0.41063961854911407
360,360,0.007956084000284136,0.10490925740700617,0.4105250598333548
361,361,0.007976028000257429,0.10483864670213021,0.41041080338129676
362,362,0.007996172000275692,0.10476821450689618,0.41029684699091123
363,363,0.008022379000294677,0.10469795991518187,0.4101831884829609
364,364,0.008043889000305171,0.1046278820289166,0.4100698257007018
365,365,0.008064629000330115,0.1045579799579607,0.40995675650959057
366,366,0.0080850220003299,0.10448825281998753,0.40984397879699574
367,367,0.008105042000352114,0.10441869974036785,0.40973149047191393
368,368,0.008125256000369063,0.10434931985205649,0.4096192894646906
369,369,0.008145284000363517,0.10428011229548134,0.4095073737267452
370,370,0.00816525600038176,0.1042110762184344,0.40939574123030026
371,371,0.008185295000373571,0.10414221077596507,0.4092843899681152
372,372,0.008205789000328423,0.10407351513027571,0.40917331795322426
373,373,0.008225507000304333,0.10400498845061902,0.409062523218678
374,374,0.008245625000256496,0.10393662991319759,0.4089520038172894
375,375,0.008265596000285313,0.1038684387010654,0.408841757821384
376,376,0.008285965000311535,0.10380041400403114,0.40873178332255317
377,377,0.008310772000299949,0.10373255501856375,0.4086220784314118
378,378,0.008332219000351415,0.10366486094769917,0.4085126412773593
379,379,0.008354021000343437,0.10359733100094959,0.40840347000834515
380,380,0.008376117000352679,0.10352996439421405,0.4082945627906363
381,381,0.008396338000352443,0.10346276034969092,0.40818591780859037
382,382,0.008416806000354882,0.10339571809579183,0.40807753326443014
383,383,0.00843695100036257,0.10332883686705768,0.40796940737802306
384,384,0.008457254000404646,0.10326211590407582,0.407861538386663
385,385,0.00847702200042022,0.10319555445339891,0.4077539245448563
386,386,0.00849719800044113,0.10312915176746576,0.40764656412411
387,387,0.008517237000432942,0.10306290710452277,0.4075394554127239
388,388,0.008537371000443272,0.10299681972854796,0.4074325967155854
389,389,0.008557569000458898,0.10293088890917536,0.4073259863539682
390,390,0.008577751000416356,0.10286511392162156,0.4072196226653323
391,391,0.008597698000414766,0.10279949404661332,0.40711350400312885
392,392,0.0086178790003828,0.10273402857031663,0.40700762873660673
393,393,0.00863761200037061,0.10266871678426692,0.4069019952506222
394,394,0.00865815700035455,0.10260355798530085,0.4067966019454517
395,395,0.008678159000339747,0.10253855147548906,0.40669144723660683
396,396,0.00869830100037916,0.10247369656207017,0.40658652955465246
397,397,0.008718246000398722,0.10240899255738647,0.40648184734502746
398,398,0.008738645000391898,0.10234443877882005,0.40637739906786785
399,399,0.008765244000414896,0.1022800345487306,0.4062731831978325
400,400,0.008787586000437386,0.10221577919439408,0.4061691982239318
401,401,0.008809672000438695,0.10215167204794277,0.4060654426493579
402,402,0.00883107100048619,0.10208771244630607,0.40596191499131834
403,403,0.008851607000451622,0.10202389973115267,0.4058586137808716
404,404,0.008872090000409116,0.10196023324883335,0.4057555375627651
405,405,0.00889199000039298,0.10189671235032532,0.4056526848952751
406,406,0.008912071000395372,0.1018333363911771,0.40555005435005004
407,407,0.00893197000038981,0.10177010473145456,0.4054476445119544
408,408,0.008952055000406745,0.10170701673568794,0.40534545397891636
409,409,0.0089720940004554,0.10164407177281966,0.4052434813617764
410,410,0.008992152000473652,0.10158126921615329,0.4051417252841392
411,411,0.00901201400051832,0.101518608443303,0.40504018438222644
412,412,0.009032093000541863,0.10145608883614432,0.4049388573047323
413,413,0.009051805000524382,0.10139370978076549,0.404837742712681
414,414,0.009071332000530674,0.10133147066741988,0.40473683927928633
415,415,0.009091227000510571,0.10126937089047845,0.4046361456898126
416,416,0.009110932000510275,0.10120740984838446,0.40453566064143814
417,417,0.009130740000500737,0.10114558694360755,0.4044353828431204
418,418,0.009150512000530853,0.10108390158259929,0.4043353110154632
419,419,0.00917041500048299,0.10102235317574945,0.4042354438905854
420,420,0.009190200000489313,0.10096094113734277,0.40413578021199126
421,421,0.00923076800046374,0.10089966488551658,0.40403631873444334
422,422,0.009253764000447973,0.10083852384221927,0.40393705822383624
423,423,0.009282131000418303,0.10077751743316905,0.40383799745707283
424,424,0.009303052000404932,0.10071664508781389,0.4037391352219414
425,425,0.009323282000423205,0.10065590623929176,0.4036404703169951
426,426,0.009344079000470629,0.10059530032439157,0.40354200155143294
427,427,0.009364268000467746,0.1005348267835149,0.4034437277449816
428,428,0.009384698000474145,0.10047448506063819,0.4033456477277802
429,429,0.00940464800044083,0.1004142746032756,0.4032477603402653
430,430,0.009424457000420716,0.10035419486244256,0.40315006443305823
431,431,0.00944467200042709,0.10029424529261965,0.40305255886685365
432,432,0.00946475400047575,0.10023442535171742,0.40295524251230946
433,433,0.009484899000483438,0.10017473450104135,0.40285811424993884
434,434,0.009504646000493722,0.1001151722052577,0.40276117297000247
435,435,0.009524464000492117,0.10005573793235971,0.40266441757240357
436,436,0.009544330000494483,0.09999643115363456,0.4025678469665831
437,437,0.009565098000507533,0.09993725134363045,0.4024714600714176
438,438,0.009585126000501987,0.09987819798012458,0.40237525581511663
439,439,0.009604944000500382,0.09981927054409122,0.40227923313512387
440,440,0.00962503000050674,0.09976046851967092,0.40218339097801703
441,441,0.009644866000542152,0.09970179139413941,0.4020877282994109
442,442,0.009664537000560358,0.09964323865787743,0.4019922440638609
443,443,0.009698397000533987,0.0995848098043412,0.401896937244768
444,444,0.009723735000534361,0.09952650433003254,0.4018018068242846
445,445,0.009745407000536943,0.09946832173447057,0.40170685179322224
446,446,0.009766695000564596,0.09941026152016269,0.40161207115095976
447,447,0.009787079000602716,0.09935232319257689,0.40151746390535326
448,448,0.00980743100063819,0.09929450626011399,0.40142302907264693
449,449,0.009827329000643203,0.0992368102340803,0.40132876567738485
450,450,0.009847327000670703,0.09917923462866103,0.40123467275232405
451,451,0.009874268000658049,0.09912177896089365,0.40114074933834926
452,452,0.009896071000639495,0.09906444275064175,0.4010469944843873
453,453,0.009917274000656562,0.09900722552056966,0.4009534072473245
454,454,0.009937665000677498,0.09895012679611696,0.40085998669192285
455,455,0.009957791000715588,0.09889314610547338,0.4007667318907397
456,456,0.009977906000699477,0.09883628297955449,0.40067364192404636
457,457,0.00999775600070052,0.09877953695197732,0.40058071587974897
458,458,0.01001901900070834,0.09872290755903637,0.4004879528533098
459,459,0.010039876000689674,0.09866639433968012,0.40039535194766973
460,460,0.010060948000671033,0.09860999683548786,0.4003029122731718
461,461,0.01008123300061925,0.09855371459064667,0.40021063294748505
462,462,0.010101719000601861,0.09849754715192875,0.40011851309553065
463,463,0.01012253300058319,0.09844149406866924,0.4000265518494073
464,464,0.010162757000557576,0.09838555489274435,0.39993474834831866
465,465,0.01018527000053382,0.09832972917854928,0.3998431017385015
466,466,0.010213916000566314,0.09827401648297716,0.3997516111731544
467,467,0.010234924000542378,0.09821841636539805,0.3996602758123674
468,468,0.010255830000517108,0.09816292838763757,0.39956909482305286
469,469,0.010276526000495778,0.09810755211395687,0.39947806737887664
470,470,0.010296733000529912,0.09805228711103216,0.39938719266019074
471,471,0.01031740700057071,0.09799713294793463,0.399296469853966
472,472,0.010337906000586372,0.09794208919611107,0.39920589815372604
473,473,0.010358005000568937,0.09788715542936366,0.39911547675948233
474,474,0.010377993000588503,0.09783233122383153,0.39902520487766957
475,475,0.01039839200058168,0.09777761615797123,0.3989350817210814
476,476,0.010418640000580126,0.09772300981253827,0.3988451065088079
477,477,0.010439211000573323,0.09766851177056846,0.39875527846617365
478,478,0.010459592000586326,0.09761412161735976,0.39866559682467545
479,479,0.010479648000568886,0.09755983894045407,0.3985760608219222
480,480,0.010499864000564685,0.0975056633296197,0.3984866697015745
481,481,0.010520313000540682,0.09745159437683353,0.3983974227132855
482,482,0.010540303000539097,0.0973976316762637,0.3983083191126422
483,483,0.010560664000536235,0.0973437748242525,0.39821935816110754
484,484,0.010581346000549274,0.09729002341929957,0.398130539125963
485,485,0.010601360000521254,0.09723637706204473,0.3980418612802524
486,486,0.010633203000509184,0.09718283535525199,0.3979533239027252
487,487,0.010659648000512334,0.09712939790379282,0.3978649262777821
488,488,0.010681693000492487,0.09707606431463024,0.3977766676954197
489,489,0.010703962000491174,0.0970228341968028,0.3976885474511772
490,490,0.01072504500046989,0.09696970716140879,0.39760056484608214
491,491,0.010745656000437975,0.0969166828215907,0.39751271918659836
492,492,0.010766153000417944,0.09686376079252002,0.39742500978457357
493,493,0.0107868270004019,0.09681094069138176,0.3973374359571878
494,494,0.010806907000414867,0.09675822213735963,0.39724999702690234
495,495,0.010827111000423884,0.09670560475162106,0.3971626923214096
496,496,0.010847650000471276,0.09665308815730267,0.3970755211735832
497,497,0.010867715000472344,0.09660067197949572,0.39698848292142874
498,498,0.010887825000452267,0.09654835584523169,0.39690157690803485
499,499,0.010908132000452042,0.09649613938346822,0.39681480248152573
500,500,0.010928232000424032,0.09644402222507498,0.3967281589950127
501,501,0.010949144000392153,0.09639200400281994,0.39664164580654787
502,502,0.010969467000393252,0.09634008435135558,0.3965552622790774
503,503,0.010989622000408872,0.09628826290720541,0.3964690077803955
504,504,0.011009912000417899,0.09623653930875051,0.39638288168309876
505,505,0.011030197000366115,0.09618491319621625,0.3962968833645417
506,506,0.01105033000038702,0.09613338421165941,0.3962110122067918
507,507,0.01107110800035116,0.09608195199895485,0.3961252675965856
508,508,0.011091353000381332,0.09603061620378306,0.3960396489252858
509,509,0.011115694000352505,0.09597937647361719,0.3959541555888375
510,510,0.011136796000357663,0.0959282324577108,0.3958687869877261
511,511,0.01115875800030608,0.09587718380708508,0.3957835425269353
512,512,0.011179283000330997,0.09582623017451684,0.3956984216159054
513,513,0.011199839000312295,0.09577537121452646,0.395613423668492
514,514,0.011220256000285644,0.09572460658336546,0.395528548102926
515,515,0.011240169000302558,0.09567393593900497,0.3954437943417724
516,516,0.01126042200030497,0.0956233589411238,0.3953591618118914
517,517,0.011280921000263788,0.09557287525109683,0.3952746499443987
518,518,0.011301291000279434,0.09552248453198361,0.3951902581746263
519,519,0.011321632000260706,0.09547218644851667,0.3951059859420848
520,520,0.011341830000276332,0.0954219806670904,0.39502183269042435
521,521,0.011361978000252293,0.09537186685574987,0.39493779786739774
522,522,0.011383105000277283,0.09532184468417984,0.39485388092482293
523,523,0.011403470000288962,0.0952719138236935,0.39477008131854613
524,524,0.011424272000283509,0.09522207394722207,0.39468639850840526
525,525,0.011444963000315056,0.09517232472930368,0.3946028319581941
526,526,0.01146528500032673,0.09512266584607293,0.3945193811356267
527,527,0.011485863000302743,0.09507309697525038,0.39443604551230166
528,528,0.01150702200033038,0.09502361779613203,0.39435282456366766
529,529,0.0115275020003196,0.09497422798957893,0.3942697177689887
530,530,0.011547920000339218,0.09492492723800733,0.3941867246113101
531,531,0.011573195000323722,0.09487571522537806,0.3941038445774245
532,532,0.01159453200034477,0.09482659163718692,0.39402107715783835
533,533,0.011616100000367169,0.09477755616045444,0.3939384218467391
534,534,0.011637005000409317,0.09472860848371625,0.3938558781419624
535,535,0.01166510100040341,0.09467974829701331,0.39377344554495963
536,536,0.011693588000412092,0.0946309752918822,0.39369112356076547
537,537,0.011727290000408175,0.0945822891613456,0.393608911697967
538,538,0.011755608000441953,0.0945336895999028,0.39352680946867163
539,539,0.011783606000449254,0.09448517630352034,0.3934448163884762
540,540,0.01181026600045243,0.09443674896962262,0.39336293197643646
541,541,0.011837195000452994,0.09438840729708298,0.3932811557550365
542,542,0.01186466900043115,0.09434015098621422,0.3931994872501587
543,543,0.011892127000464825,0.09429197973875972,0.3931179259910536
544,544,0.011919081000428378,0.09424389325788454,0.3930364715103112
545,545,0.011946171000431605,0.09419589124816655,0.39295512334383087
546,546,0.012011222000410271,0.09414797341558738,0.3928738810307934
547,547,0.012055978000432788,0.09410013946752394,0.39279274411363163
548,548,0.012088074000416782,0.0940523891127399,0.3927117121380025
549,549,0.012116411000420158,0.09400472206137668,0.3926307846527593
550,550,0.01214592400043557,0.0939571380249455,0.39254996120992364
551,551,0.01217496600048662,0.09390963671631847,0.3924692413646581
552,552,0.012203412000474145,0.09386221784972071,0.3923886246752391
553,553,0.012224471000479298,0.09381488114072156,0.3923081107030303
554,554,0.012245291000454017,0.09376762630622694,0.3922276990124554
555,555,0.012267739000492384,0.09372045306447081,0.39214738917097264
556,556,0.012287711000510626,0.09367336113500742,0.39206718074904806
557,557,0.01230755200049316,0.0936263502387029,0.39198707332013
558,558,0.012327628000491586,0.09357942009772793,0.3919070664606237
559,559,0.012347717000523062,0.09353257043554933,0.39182715974986587
560,560,0.01236761800049635,0.09348580097692268,0.3917473527700994
561,561,0.01238760100051195,0.09343911144788423,0.39166764510644947
562,562,0.012407740000526246,0.09339250157574383,0.39158803634689787
563,563,0.01242778100055375,0.09334597108907651,0.3915085260822597
564,564,0.012456770000540018,0.09329951971771575,0.391429113906159
565,565,0.012488618000531915,0.0932531471927455,0.3913497994150047
566,566,0.012509828000531797,0.09320685324649298,0.39127058220796757
567,567,0.012530446000539541,0.09316063761252136,0.39119146188695647
568,568,0.01255090100050893,0.09311450002562241,0.3911124380565955
569,569,0.012571617000503466,0.09306844022180921,0.39103351032420125
570,570,0.012592115000529702,0.09302245793830916,0.39095467829975983
571,571,0.012612297000544004,0.09297655291355682,0.3908759415959047
572,572,0.012632509000582104,0.09293072488718662,0.39079729982789474
573,573,0.012652546000595066,0.09288497360002632,0.3907187526135914
574,574,0.01267250100062256,0.09283929879408961,0.39064029957343827
575,575,0.012692819000619693,0.09279370021256955,0.3905619403304382
576,576,0.012713667000639362,0.09274817759983169,0.39048367451013294
577,577,0.012733873000627227,0.09270273070140699,0.3904055017405817
578,578,0.01275389700060714,0.09265735926398565,0.3903274216523401
579,579,0.012773924000612169,0.09261206303540992,0.39024943387843947
580,580,0.012794074000623823,0.09256684176466788,0.39017153805436694
581,581,0.012814201000651337,0.09252169520188643,0.3900937338180443
582,582,0.012834168000665613,0.09247662309832545,0.39001602080980813
583,583,0.0128546530006588,0.09243162520637044,0.38993839867239033
584,584,0.01287500300065858,0.09238670127952704,0.38986086705089795
585,585,0.012917889000618743,0.09234185107241394,0.3897834255927938
586,586,0.012940102000641218,0.09229707434075693,0.38970607394787704
587,587,0.012968399000612862,0.0922523708413826,0.3896288117682642
588,588,0.012993988000630452,0.092207740332212,0.3895516387083699
589,589,0.013014502000601169,0.09216318257225456,0.38947455442488854
590,590,0.013035038000623445,0.0921186973216019,0.38939755857677505
591,591,0.01305505700059939,0.09207428434142186,0.38932065082522704
592,592,0.013075548000585968,0.09202994339395232,0.3892438308336663
593,593,0.01309570700061613,0.09198567424249525,0.3891670982677205
594,594,0.013117477000662348,0.09194147665141092,0.38909045279520577
595,595,0.013138467000658238,0.09189735038611167,0.38901389408610837
596,596,0.013159366000650152,0.09185329521305648,0.38893742181256785
597,597,0.013179878000698864,0.09180931089974466,0.3888610356488589
598,598,0.013200759000710605,0.09176539721471061,0.3887847352713744
599,599,0.013221146000716999,0.09172155392751763,0.3887085203586086
600,600,0.013241462000678439,0.09167778080875247,0.38863239059113974
601,601,0.01326213500067297,0.09163407763001954,0.3885563456516136
602,602,0.013282649000643687,0.09159044416393557,0.38848038522472694
603,603,0.013302792000615682,0.09154688018412374,0.3884045089972107
604,604,0.013323332000595656,0.09150338546520825,0.38832871665781404
605,605,0.013343336000616546,0.09145995978280896,0.388253007897288
606,606,0.01336344400061762,0.0914166029135357,0.3881773824083697
607,607,0.013405895000630608,0.09137331463498315,0.3881018398857663
608,608,0.01342910700060429,0.09133009472572512,0.38802638002613943
609,609,0.013457274000586494,0.09128694296530958,0.3879510025280897
610,610,0.013478696000618129,0.09124385913425312,0.38787570709214086
611,611,0.013518800000611009,0.0912008430140358,0.38780049342072526
612,612,0.013539843000614837,0.09115789438709578,0.3877253612181681
613,613,0.013560724000626578,0.09111501303682441,0.3876503101906727
614,614,0.013587260000633705,0.09107219874756074,0.38757534004630584
615,615,0.013609260000635004,0.09102945130458677,0.38750045049498255
616,616,0.013630638000677209,0.09098677049412197,0.387425641248452
617,617,0.013651448000700839,0.09094415610331866,0.38735091202028293
618,618,0.01367195500068874,0.09090160792025656,0.3872762625258492
619,619,0.013692808000655532,0.09085912573393827,0.3872016924823158
620,620,0.013713251000638138,0.09081670933428392,0.38712720160862457
621,621,0.013733629000626024,0.09077435851212655,0.3870527896254806
622,622,0.013762074000624125,0.09073207305920718,0.38697845625533833
623,623,0.013789154000619419,0.09068985276816971,0.3869042012223876
624,624,0.013810260000639119,0.09064769743255652,0.38683002425254054
625,625,0.013830993000681246,0.0906056068468034,0.3867559250734176
626,626,0.013867562000655198,0.09056358080623503,0.386681903414335
627,627,0.013890402000640734,0.0905216191070599,0.38660795900629086
628,628,0.013912287000607648,0.09047972154636616,0.3865340915819526
629,629,0.013933175000602205,0.09043788792211646,0.3864603008756436
630,630,0.013953847000607311,0.0903961180331437,0.38638658662333075
631,631,0.013974490000578044,0.09035441167914617,0.38631294856261145
632,632,0.013994891000606913,0.09031276866068327,0.38623938643270134
633,633,0.014015152000638409,0.0902711887791707,0.38616589997442147
634,634,0.014036025000621066,0.0902296718368762,0.38609248893018605
635,635,0.01405674200066187,0.09018821763691491,0.38601915304399015
636,636,0.014077182000676203,0.09014682598324508,0.38594589206139773
637,637,0.014098193000677384,0.0901054966806635,0.3858727057295296
638,638,0.014118551000649404,0.09006422953480128,0.3857995937970509
639,639,0.014138773000695437,0.09002302435211938,0.3857265560141602
640,640,0.014159254000674082,0.08998188093990432,0.38565359213257705
641,641,0.014179538000632874,0.08994079910626396,0.38558070190553073
642,642,0.014199746000656432,0.08989977866012315,0.38550788508774825
643,643,0.014220153000678692,0.08985881941121943,0.3854351414354438
644,644,0.014240482000673182,0.08981792117009903,0.3853624707063064
645,645,0.01426072900062536,0.08977708374811241,0.3852898726594897
646,646,0.01428103100062117,0.08973630695741032,0.38521734705559996
647,647,0.014301538000609071,0.08969559061093964,0.3851448936566855
648,648,0.014326701000584308,0.08965493452243911,0.385072512226226
649,649,0.014348815000573723,0.08961433850643544,0.38500020252912087
650,650,0.014370587000541946,0.08957380237823921,0.3849279643316793
651,651,0.014391092000550998,0.08953332595394073,0.38485579740160947
652,652,0.014412111000524419,0.08949290905040617,0.3847837015080075
653,653,0.014433041000529556,0.08945255148527352,0.3847116764213476
654,654,0.014453525000533318,0.08941225307694861,0.3846397219134715
655,655,0.014473877000511948,0.08937201364460144,0.3845678377575779
656,656,0.014494074000538149,0.0893318330081617,0.38449602372821284
657,657,0.014514268000539232,0.0892917109883156,0.38442427960125886
658,658,0.014542616000539965,0.08925164740650147,0.38435260515392583
659,659,0.014570319000540621,0.0892116420849062,0.3842810001647404
660,660,0.014593063000518214,0.08917169484646131,0.38420946441353643
661,661,0.014621240000565194,0.0891318055148393,0.38413799768144513
662,662,0.014647870000544572,0.08909197391444981,0.38406659975088536
663,663,0.01466859600054704,0.0890521998704358,0.38399527040555426
664,664,0.014689303000579912,0.08901248320866993,0.38392400943041766
665,665,0.014709505000553236,0.08897282375575102,0.38385281661170023
666,666,0.014729628000566208,0.0889332213390001,0.38378169173687704
667,667,0.014750130000550143,0.08889367578645685,0.38371063459466337
668,668,0.014776915000538793,0.08885418692687615,0.383639644975006
669,669,0.014806881000538397,0.08881475458972425,0.3835687226690742
670,670,0.014828905000570103,0.08877537860517536,0.38349786746925046
671,671,0.014849818000527648,0.08873605880410797,0.3834270791691213
672,672,0.014870483000549939,0.08869679501810145,0.38335635756346914
673,673,0.014891619000536593,0.08865758707943232,0.3832857024482628
674,674,0.014912794000508711,0.08861843482107105,0.38321511362064936
675,675,0.014933412000516455,0.08857933807667837,0.3831445908789447
676,676,0.014953978000505685,0.08854029668060184,0.3830741340226259
677,677,0.01497426600047902,0.08850131046787255,0.38300374285232186
678,678,0.014994545000490689,0.08846237927420157,0.38293341716980556
679,679,0.015014546000486462,0.08842350293597669,0.3828631567779852
680,680,0.015035229000488926,0.08838468129025878,0.3827929614808962
681,681,0.015055173000519062,0.08834591417477897,0.38272283108369287
682,682,0.015078435000532409,0.08830720142793476,0.3826527653926402
683,683,0.01509889200053749,0.08826854288878698,0.38258276421510595
684,684,0.01511946400052011,0.08822993839705653,0.3825128273595524
685,685,0.015139756000507987,0.08819138779312104,0.3824429546355286
686,686,0.015160140000489264,0.08815289091801166,0.38237314585366244
687,687,0.015180220000502231,0.08811444761340965,0.38230340082565284
688,688,0.01520077200052583,0.08807605772164359,0.38223371936426176
689,689,0.015243125000495183,0.08803772108568567,0.38216410128330686
690,690,0.015265317000512368,0.08799943754914889,0.38209454639765383
691,691,0.015293454000470774,0.08796120695628382,0.38202505452320845
692,692,0.015315192000514344,0.08792302915197535,0.3819556254769096
693,693,0.015335816000515479,0.08788490398173966,0.3818862590767217
694,694,0.015356457000507362,0.08784683129172116,0.3818169551416267
695,695,0.015376812000511109,0.08780881092868933,0.38174771349161796
696,696,0.015427543000498645,0.08777084274003569,0.38167853394769186
697,697,0.015450291000490779,0.08773292657377085,0.38160941633184126
698,698,0.015471436000439098,0.08769506227852124,0.38154036046704826
699,699,0.01549216700038869,0.08765724970352629,0.3814713661772768
700,700,0.015512924000347539,0.08761948869863542,0.38140243328746615
701,701,0.015533111000365807,0.08758177911430508,0.38133356162352355
702,702,0.015553389000388051,0.08754412080159575,0.38126475101231755
703,703,0.015573677000361386,0.08750651361216889,0.3811960012816708
704,704,0.015594048000366456,0.08746895739828435,0.3811273122603539
705,705,0.015620995000347193,0.08743145201279695,0.381058683778078
706,706,0.015648412000359713,0.08739399730915415,0.3809901156654887
707,707,0.0156688670003291,0.08735659314139281,0.38092160775415873
708,708,0.015689118000352664,0.0873192393641364,0.38085315987658197
709,709,0.015741005000393216,0.08728193583259225,0.38078477186616705
710,710,0.015763574000402514,0.08724468240254864,0.3807164435572299
711,711,0.015785938000362876,0.08720747893037209,0.3806481747849887
712,712,0.01580677000038122,0.08717032527300439,0.38057996538555644
713,713,0.015827648000367844,0.08713322128796,0.38051181519593513
714,714,0.01584788400037951,0.08709616683332329,0.38044372405400934
715,715,0.01586821700038854,0.0870591617677456,0.38037569179854025
716,716,0.01588836800038962,0.08702220595044274,0.38030771826915893
717,717,0.0159083930004158,0.08698529924119221,0.38023980330636115
718,718,0.01592873500044334,0.0869484415003303,0.3801719467515004
719,719,0.015949204000435202,0.08691163258874979,0.38010414844678225
720,720,0.015969647000417808,0.08687487236789698,0.3800364082352587
721,721,0.015989854000451942,0.0868381606997691,0.3799687259608216
722,722,0.01601224300048898,0.08680149744691182,0.37990110146819756
723,723,0.016032304000475506,0.08676488247241632,0.3798335346029414
724,724,0.016052761000423743,0.0867283156399171,0.3797660252114308
725,725,0.016072746000418192,0.08669179681358895,0.3796985731408606
726,726,0.01609323700040477,0.08665532585814473,0.3796311782392368
727,727,0.016113672000358292,0.0866189026388326,0.3795638403553712
728,728,0.016133640000361993,0.08658252702143363,0.3794965593388757
729,729,0.016160882000406218,0.0865461988722589,0.3794293350401569
730,730,0.01620942500039746,0.08650991805814759,0.37936216731041034
731,731,0.016231871000400133,0.0864736844464639,0.37929505600161545
732,732,0.016259963000379685,0.08643749790509479,0.3792280009665292
733,733,0.016280610000421802,0.08640135830244762,0.3791610020586822
734,734,0.01630104500043217,0.08636526550744741,0.3790940591323722
735,735,0.01632124300039095,0.08632921938953471,0.37902717204265896
736,736,0.01634159900038412,0.08629321981866282,0.37896034064535966
737,737,0.01636168900034818,0.08625726666529561,0.37889356479704306
738,738,0.01638196500033473,0.08622135980040505,0.37882684435502423
739,739,0.016401884000345035,0.0861854990954687,0.3787601791773602
740,740,0.01642206700034876,0.08614968442246769,0.3786935691228441
741,741,0.01644199400038815,0.08611391565388368,0.3786270140510004
742,742,0.016462436000438174,0.08607819266269719,0.3785605138220802
743,743,0.01648285400040095,0.08604251532238488,0.37849406829705584
744,744,0.016503384000429833,0.08600688350691728,0.3784276773376159
745,745,0.016523513000436196,0.08597129709075656,0.3783613408061609
746,746,0.016543930000409546,0.08593575594885405,0.3782950585657979
747,747,0.01656371100045817,0.08590025995664821,0.3782288304803359
748,748,0.016584118000423587,0.085864808990062,0.3781626564142811
749,749,0.01660424700042995,0.08582940292550102,0.37809653623283207
750,750,0.016624654000395367,0.08579404163985077,0.37803046980187516
751,751,0.016644973000381924,0.08575872501047492,0.3779644569879796
752,752,0.01669816000037372,0.08572345291521269,0.3778984976583934
753,753,0.01672134300036987,0.08568822523237679,0.377832591681038
754,754,0.01674398900036067,0.08565304184075123,0.3777667389245046
755,755,0.016765706000342107,0.08561790261958906,0.37770093925804843
756,756,0.0167867690003618,0.08558280744861015,0.37763519255158595
757,757,0.016807556000344448,0.0855477562079991,0.3775694986756888
758,758,0.016827907000333653,0.08551274877840326,0.3775038575015801
759,759,0.016847919000326783,0.08547778504093008,0.3774382689011304
760,760,0.016868121000300107,0.08544286487714543,0.3773727327468525
761,761,0.016888331000302514,0.08540798816907122,0.3773072489118978
762,762,0.016908931000273242,0.08537315479918359,0.37724181727005196
763,763,0.016929467000295517,0.08533836465041034,0.37717643769573
764,764,0.016950239000266265,0.08530361760612924,0.3771111100639731
765,765,0.016972522000287427,0.08526891355016576,0.37704583425044363
766,766,0.016993385000318995,0.08523425236679116,0.37698061013142137
767,767,0.017013796000298953,0.08519963394072014,0.3769154375837992
768,768,0.01703409400028022,0.08516505815710906,0.37685031648507944
769,769,0.017054655000265484,0.08513052490155389,0.37678524671336877
770,770,0.017074797000248054,0.08509603406008796,0.37672022814737566
771,771,0.017094924000218725,0.08506158551918032,0.37665526066640515
772,772,0.017115040000248882,0.08502717916573323,0.3765903441503556
773,773,0.017135246000236748,0.0849928148870807,0.37652547847971424
774,774,0.01716173200020421,0.08495849257098613,0.37646066353555374
775,775,0.017184002000192322,0.08492421210564052,0.37639589919952815
776,776,0.017205397000225275,0.08488997337966044,0.37633118535386895
777,777,0.017226026000230377,0.08485577628208613,0.3762665218813814
778,778,0.017246240000247326,0.08482162070237945,0.37620190866544045
779,779,0.017266408000239153,0.08478750653042214,0.3761373455899876
780,780,0.017286772000204564,0.08475343365651367,0.3760728325395266
781,781,0.017341182000222943,0.08471940197136965,0.3760083693991199
782,782,0.017363722000197868,0.08468541136611948,0.375943956054385
783,783,0.01738498900022023,0.0846514617323048,0.3758795923914909
784,784,0.017406170000242582,0.08461755296187763,0.37581527829715433
785,785,0.017426545000262195,0.08458368494719841,0.37575101365863633
786,786,0.017447399000275254,0.08454985758103371,0.37568679836373864
787,787,0.01746769300024198,0.08451607075655546,0.3756226323007998
788,788,0.017488203000254998,0.08448232436733788,0.37555851535869234
789,789,0.017514250000260745,0.08444861830735657,0.37549444742681876
790,790,0.01754128000027322,0.08441495247098622,0.3754304283951081
791,791,0.01756240200029424,0.08438132675299874,0.37536645815401287
792,792,0.017582643000309872,0.08434774104856194,0.3753025365945053
793,793,0.017602713000314907,0.08431419525323716,0.3752386636080741
794,794,0.017628898000282334,0.08428068926297799,0.37517483908672106
795,795,0.017657393000263255,0.08424722297412812,0.3751110629229577
796,796,0.017695169000262467,0.08421379628341974,0.3750473350098021
797,797,0.017716114000279504,0.08418040908797177,0.3749836552407754
798,798,0.017736703000309717,0.08414706128528815,0.37492002350989906
799,799,0.017756892000306834,0.08411375277325604,0.37485643971169064
800,800,0.01777717800030132,0.08408048345014411,0.3747929037411617
801,801,0.017797186000279908,0.08404725321460085,0.3747294154938137
802,802,0.017817280000258506,0.0840140619656528,0.37466597486563574
803,803,0.017837374000237105,0.08398090960270294,0.3746025817531005
804,804,0.017857832000288454,0.08394779602552893,0.37453923605316186
805,805,0.017878056000256493,0.08391472113428144,0.37447593766325143
806,806,0.017900475000260485,0.0838816848294825,0.3744126864812754
807,807,0.01792056600027081,0.08384868701202376,0.374349482405612
808,808,0.017940647000273202,0.08381572758316497,0.37428632533510786
809,809,0.01796070600028088,0.08378280644453218,0.37422321516907553
810,810,0.01798109800029124,0.0837499234981162,0.37416015180729006
811,811,0.018001438000283088,0.08371707864627101,0.3740971351499864
812,812,0.018022474000247257,0.0836842717917119,0.3740341650978563
813,813,0.018042823000257613,0.0836515028375142,0.37397124155204536
814,814,0.018063082000253416,0.08361877168711138,0.37390836441415015
815,815,0.01808892600024592,0.08358607824429369,0.37384553358621586
816,816,0.018110799000226052,0.08355342241320632,0.3737827489707323
817,817,0.01813383000023805,0.08352080409834799,0.37372001047063225
818,818,0.018154803000186348,0.08348822320456929,0.37365731798928803
819,819,0.01817528300017557,0.0834556796370714,0.3735946714305087
820,820,0.018196027000215054,0.08342317330140397,0.3735320706985376
821,821,0.01821620400022539,0.08339070410346405,0.3734695156980497
822,822,0.018236494000234416,0.08335827194949448,0.3734070063341481
823,823,0.018257021000238183,0.08332587674608216,0.3733445425123621
824,824,0.0182768550002379,0.08329351840015656,0.3732821241386444
825,825,0.018296929000257478,0.0832611968189884,0.3732197511193683
826,826,0.01831729200029031,0.08322891191018804,0.3731574233613247
827,827,0.018337428000279488,0.08319666358170387,0.37309514077172035
828,828,0.01835786100025416,0.08316445174182097,0.3730329032581743
829,829,0.01837805600024467,0.08313227629915948,0.3729707107287158
830,830,0.018421034000255077,0.08310013716267328,0.37290856309178194
831,831,0.018442887000276187,0.08306803424164837,0.3728464602562146
832,832,0.018463915000268116,0.08303596744570152,0.3727844021312582
833,833,0.01848419500026921,0.08300393668477872,0.3727223886265571
834,834,0.01850471100027562,0.0829719418691538,0.3726604196521532
835,835,0.018525050000278043,0.08293998290942695,0.37259849511848314
836,836,0.01855054500026654,0.0829080597165233,0.3725366149363765
837,837,0.01857234100026517,0.0828761722016915,0.37247477901705284
838,838,0.018594318000225485,0.08284432027650232,0.37241298727211913
839,839,0.01861479700022528,0.08281250385284715,0.3723512396135678
840,840,0.018635424000251533,0.08278072284293668,0.3722895359537743
841,841,0.01865575100021033,0.08274897715929946,0.3722278762054941
842,842,0.018675791000191566,0.08271726671478051,0.3721662602818614
843,843,0.018695998000168856,0.0826855914225401,0.37210468809638586
844,844,0.018716359000165994,0.08265395119605196,0.3720431595629507
845,845,0.018736547000173687,0.08262234594910232,0.37198167459581033
846,846,0.018756879000193294,0.0825907755957884,0.37192023310958794
847,847,0.018777170000191745,0.08255924005051699,0.3718588350192735
848,848,0.018797380000194153,0.08252773922800326,0.3717974802402215
849,849,0.01881735500018067,0.08249627304326919,0.37173616868814807
850,850,0.01883782800013023,0.08246484141164243,0.3716749002791297
851,851,0.018858124000132648,0.08243344424875493,0.3716136749296002
852,852,0.018878229000108604,0.08240208147054151,0.37155249255634926
853,853,0.01889841900015199,0.08237075299323868,0.37149135307651965
854,854,0.01891874400018878,0.08233945873338319,0.3714302564076054
855,855,0.0189390400001912,0.08230819860781095,0.37136920246744953
856,856,0.018959285000164527,0.08227697253365543,0.37130819117424196
857,857,0.018979386000125942,0.08224578042834664,0.37124722244651737
858,858,0.019006207000074937,0.0822146222096097,0.371186296203153
859,859,0.019027842000070905,0.08218349779546362,0.37112541236336716
860,860,0.01905698300009817,0.08215240710421991,0.371064570846716
861,861,0.01907764200012707,0.08212135005448158,0.3710037715730927
862,862,0.019098711000140156,0.08209032656514159,0.3709430144627246
863,863,0.01911956600014264,0.08205933655538176,0.37088229943617146
864,864,0.0191399770001226,0.08202837994467144,0.3708216264143234
865,865,0.019190295000100832,0.08199745665276648,0.3707609953183992
866,866,0.019214200000078563,0.08196656659970762,0.37070040606994364
867,867,0.019235903000094368,0.08193570970581962,0.3706398585908263
868,868,0.01925709600004666,0.08190488589170986,0.37057935280323895
869,869,0.01927768300004118,0.08187409507826703,0.3705188886296942
870,870,0.019298368000079336,0.08184333718666029,0.3704584659930229
871,871,0.019319248000101652,0.08181261213833771,0.3703980848163731
872,872,0.019339526000067053,0.08178191985502513,0.3703377450232072
873,873,0.01935981400009723,0.08175126025872513,0.3702774465373008
874,874,0.019380399000112902,0.08172063327171568,0.37021718928274033
875,875,0.019400834000066425,0.08169003881654903,0.3701569731839216
876,876,0.01942116800006488,0.08165947681605056,0.3700967981655475
877,877,0.019441860000085853,0.08162894719331756,0.37003666415262676
878,878,0.019462428000053933,0.08159844987171812,0.3699765710704715
879,879,0.019488726000076895,0.08156798477488991,0.36991651884469573
880,880,0.01951075200008745,0.08153755182673905,0.3698565074012136
881,881,0.019533028000125796,0.08150715095143901,0.3697965366662377
882,882,0.019554127000105836,0.08147678207342945,0.36973660656627677
883,883,0.019575252000095134,0.081446445117415,0.36967671702813465
884,884,0.019595537000100194,0.08141614000836435,0.369616867978908
885,885,0.019615895000129058,0.08138586667150878,0.36955705934598476
886,886,0.019636546000128874,0.08135562503234149,0.36949729105704243
887,887,0.019656688000111444,0.08132541501661597,0.36943756304004643
888,888,0.019677192000131072,0.0812952365503454,0.36937787522324833
889,889,0.01969756500011499,0.08126508955980118,0.3693182275351839
890,890,0.019717706000108137,0.08123497397151203,0.36925861990467207
891,891,0.019738071000119817,0.08120488971226285,0.36919905226081257
892,892,0.01975845400011167,0.08117483670909359,0.3691395245329848
893,893,0.019778784000095584,0.08114481488929819,0.3690800366508458
894,894,0.019799232000139,0.08111482418042364,0.36902058854432895
895,895,0.019819864000112375,0.08108486451026861,0.3689611801436422
896,896,0.019848068000158037,0.08105493580688267,0.3689018113792663
897,897,0.019875935000186473,0.08102503799856521,0.36884248218195376
898,898,0.019904355000221585,0.08099517101386415,0.36878319248272634
899,899,0.019924930000229324,0.08096533478157517,0.36872394221287447
900,900,0.019952502000251116,0.0809355292307404,0.36866473130395516
901,901,0.019982467000261295,0.08090575429064778,0.3686055596877901
902,902,0.02000440000023218,0.08087600989082946,0.36854642729646514
903,903,0.020025801000201682,0.0808462959610613,0.3684873340623278
904,904,0.02004678300016849,0.0808166124313617,0.36842827991798627
905,905,0.020067495000148483,0.0807869592319902,0.3683692647963076
906,906,0.020088147000137724,0.08075733629344707,0.36831028863041654
907,907,0.0201091300001508,0.08072774354647191,0.3682513513536936
908,908,0.020129555000153232,0.08069818092204276,0.3681924528997741
909,909,0.020150264000164952,0.08066864835137508,0.36813359320254607
910,910,0.02017071300014095,0.08063914576592077,0.3680747721961497
911,911,0.02019096200012882,0.08060967309736711,0.36801598981497474
912,912,0.020211221000124624,0.08058023027763606,0.36795724599366003
913,913,0.02023205300014297,0.08055081723888277,0.3678985406670916
914,914,0.020253128000149445,0.08052143391349513,0.36783987377040145
915,915,0.020273822000149266,0.08049208023409246,0.3677812452389658
916,916,0.020294740000110778,0.08046275613352469,0.3677226550084043
917,917,0.020315367000080187,0.08043346154487133,0.36766410301457797
918,918,0.020335720000105084,0.08040419640144056,0.36760558919358827
919,919,0.020356225000114136,0.08037496063676833,0.36754711348177554
920,920,0.020376424000119187,0.08034575418461722,0.3674886758157177
921,921,0.020404045000134374,0.08031657697897575,0.36743027613222895
922,922,0.020426313000086793,0.08028742895405722,0.36737191436835825
923,923,0.02044866000011325,0.08025831004429893,0.3673135904613882
924,924,0.02046973900013427,0.08022922018436117,0.36725530434883347
925,925,0.020490379000136727,0.08020015930912634,0.3671970559684397
926,926,0.020511107000118045,0.08017112735369802,0.36713884525818236
927,927,0.020536779000110528,0.08014212425339999,0.36708067215626466
928,928,0.020558112000117035,0.08011314994377551,0.3670225366011174
929,929,0.020578826000075878,0.08008420436058601,0.36696443853139665
930,930,0.02059914200009416,0.08005528743981075,0.3669063778859833
931,931,0.020619629000066197,0.08002639911764542,0.36684835460398113
932,932,0.020639877000064644,0.07999753933050154,0.36679036862471603
933,933,0.02066028200005121,0.07996870801500551,0.3667324198877345
934,934,0.020680759000015314,0.0799399051079976,0.36667450833280246
935,935,0.020701069000040206,0.07991113054653125,0.366616633899904
936,936,0.020721590000050583,0.07988238426787203,0.3665587965292406
937,937,0.020742183000038494,0.07985366620949697,0.36650099616122894
938,938,0.020769624000024578,0.07982497630909335,0.3664432327365007
939,939,0.02079028200000721,0.0797963145045583,0.36638550619590077
940,940,0.02081089900002553,0.07976768073399752,0.36632781648048623
941,941,0.02083127200000945,0.07973907493572463,0.36627016353152525
942,942,0.02085738100004164,0.07971049704826032,0.3662125472904959
943,943,0.02087909600004423,0.0796819470103314,0.3661549676990846
944,944,0.020901480000020456,0.07965342476087008,0.3660974246991858
945,945,0.02092254300004015,0.07962493023901304,0.36603991823289994
946,946,0.020943566000028113,0.07959646338410063,0.3659824482425328
947,947,0.02096396500002129,0.07956802413567597,0.365925014670594
948,948,0.02098456900000656,0.07953961243348424,0.36586761745979685
949,949,0.02103596900002458,0.07951122821747182,0.36581025655305566
950,950,0.021058662000029926,0.07948287142778539,0.36575293189348607
951,951,0.021079869000061535,0.07945454200477117,0.365695643424403
952,952,0.02110101100004158,0.07942623988897411,0.3656383910893201
953,953,0.021121476000075745,0.07939796502113707,0.3655811748319485
954,954,0.02114317000007304,0.07936971734220002,0.36552399459619556
955,955,0.021163796000053026,0.07934149679329928,0.365466850326164
956,956,0.021184140000059415,0.07931330331576664,0.3654097419661508
957,957,0.02120866600006366,0.07928513685112856,0.365352669460646
958,958,0.021235951000051045,0.07925699734110547,0.3652956327543318
959,959,0.021257537000053617,0.07922888472761098,0.36523863179208144
960,960,0.02127817600006665,0.07920079895275102,0.3651816665189584
961,961,0.021298981000086314,0.079172739958823,0.3651247368802149
962,962,0.021327857000130734,0.07914470768831533,0.3650678428212911
963,963,0.021358567000106632,0.07911670208390623,0.3650109842878144
964,964,0.021381364000092162,0.07908872308846338,0.3649541612255978
965,965,0.02140217800007349,0.07906077064504273,0.36489737358063956
966,966,0.02142275300008123,0.07903284469688811,0.36484062129912154
967,967,0.021443324000074426,0.07900494518743041,0.3647839043274087
968,968,0.021463366000091355,0.07897707206028655,0.3647272226120481
969,969,0.021483787000079246,0.07894922525925897,0.36467057609976744
970,970,0.021504501000094933,0.07892140472833489,0.3646139647374747
971,971,0.021524561000092035,0.07889361041168544,0.3645573884722568
972,972,0.021544778000077258,0.07886584225366512,0.3645008472513789
973,973,0.021565234000092914,0.07883810019881077,0.36444434102228285
974,974,0.021586271000103352,0.07881038419184103,0.364387869732587
975,975,0.02160695500009524,0.07878269417765564,0.3643314333300851
976,976,0.021627375000093707,0.07875503010133462,0.3642750317627448
977,977,0.021647681000104058,0.07872739190813755,0.36421866497870736
978,978,0.021667811000099846,0.07869977954350292,0.3641623329262864
979,979,0.021688287000074524,0.07867219295304738,0.36410603555396726
980,980,0.02170835700007956,0.07864463208256489,0.3640497728104055
981,981,0.021728727000095205,0.07861709687802636,0.36399354464442674
982,982,0.02174883900011082,0.07858958728557847,0.3639373510050255
983,983,0.02178963200015005,0.07856210325154345,0.36388119184136375
984,984,0.021811685000159287,0.07853464472241799,0.36382506710277096
985,985,0.021838647000151923,0.07850721164487276,0.3637689767387426
986,986,0.021859643000141205,0.07847980396575155,0.36371292069893935
987,987,0.021880133000138358,0.0784524216320709,0.3636568989331864
988,988,0.02190013000011959,0.07842506459101899,0.3636009113914723
989,989,0.02192018600010215,0.07839773278995534,0.36354495802394865
990,990,0.021940249000124368,0.07837042617640978,0.36348903878092853
991,991,0.021960253000088414,0.07834314469808203,0.36343315361288625
992,992,0.021980697000060445,0.07831588830284093,0.363377302470456
993,993,0.02200079600004301,0.07828865693872379,0.36332148530443165
994,994,0.02202047200000834,0.07826145055393574,0.36326570206576514
995,995,0.022040645000004133,0.07823426909684895,0.3632099527055664
996,996,0.02206087199999729,0.07820711251600207,0.36315423717510203
997,997,0.022080707999975857,0.07817998076009963,0.36309855542579456
998,998,0.02210093399997959,0.07815287377801115,0.36304290740922207
999,999,0.022121288999983335,0.07812579151877086,0.3629872930771166
1000,1000,0.022141137999994953,0.07809873393157662,0.36293171238136407
1001,1001,0.022161273999984132,0.07807170096578964,0.3628761652740031
1002,1002,0.022181609000028857,0.07804469257093354,0.3628206517072246
1003,1003,0.022201519000020653,0.07801770869669399,0.36276517163337035
1004,1004,0.02222146900004418,0.07799074929291779,0.36270972500493265
1005,1005,0.02224150400002145,0.07796381430961248,0.3626543117745537
1006,1006,0.022267816000066887,0.07793690369694556,0.36259893189502457
1007,1007,0.0222900560000312,0.0779100174052439,0.3625435853192841
1008,1008,0.02231236400001535,0.07788315538499307,0.36248827200041916
1009,1009,0.022333505000062814,0.07785631758683684,0.3624329918916627
1010,1010,0.022354329000052076,0.07782950396157642,0.3623777449463939
1011,1011,0.022374832000025435,0.07780271446016988,0.36232253111813695
1012,1012,0.022394960000042374,0.07777594903373165,0.36226735036056046
1013,1013,0.022415005000027577,0.07774920763353174,0.3622122026274767
1014,1014,0.022435792000067067,0.07772249021099513,0.36215708787284095
1015,1015,0.0224566750001145,0.07769579671770137,0.36210200605075066
1016,1016,0.022477331000118284,0.07766912710538373,0.36204695711544477
1017,1017,0.02249792400016304,0.07764248132592887,0.361991941021303
1018,1018,0.02251781000018127,0.07761585933137577,0.361936957722845
1019,1019,0.022537968000165165,0.07758926107391571,0.3618820071747301
1020,1020,0.022558602000174233,0.07756268650589132,0.36182708933175606
1021,1021,0.022578612000188514,0.0775361355797961,0.3617722041488586
1022,1022,0.022599094000213427,0.07750960824827373,0.3617173515811108
1023,1023,0.02261951100024362,0.0774831044641176,0.3616625315837223
1024,1024,0.022639612000261877,0.07745662418027024,0.36160774411203844
1025,1025,0.02266009200030794,0.07743016734982261,0.36155298912154016
1026,1026,0.022680240000283902,0.07740373392601363,0.36149826656784245
1027,1027,0.0227004710002916,0.07737732386222954,0.3614435764066946
1028,1028,0.022725128000274708,0.07735093711200347,0.3613889185939789
1029,1029,0.022746631000245543,0.07732457362901463,0.36133429308571013
1030,1030,0.022768364000285146,0.07729823336708792,0.3612796998380349
1031,1031,0.022789153000303486,0.0772719162801933,0.3612251388072314
1032,1032,0.022810484000331144,0.07724562232244532,0.36117060994970784
1033,1033,0.022830745000305797,0.07721935144810238,0.3611161132220027
1034,1034,0.02285130000029767,0.07719310361156638,0.36106164858078377
1035,1035,0.022900834000267878,0.07716687876738194,0.3610072159828472
1036,1036,0.02292334500026527,0.07714067687023606,0.36095281538511753
1037,1037,0.022944909000273128,0.07711449787495753,0.3608984467446463
1038,1038,0.02296566000029543,0.07708834173651619,0.3608441100186119
1039,1039,0.022986198000296554,0.07706220841002255,0.36078980516431897
1040,1040,0.02300658400025668,0.07703609785072738,0.3607355321391976
1041,1041,0.02302677900024719,0.07701001001402082,0.3606812909008028
1042,1042,0.023046698000257493,0.0769839448554322,0.3606270814068137
1043,1043,0.023067293000281097,0.07695790233062917,0.3605729036150333
1044,1044,0.02308753200031788,0.07693188239541748,0.3605187574833874
1045,1045,0.023107713000342756,0.07690588500574028,0.3604646429699247
1046,1046,0.023127989000329308,0.07687991011767756,0.3604105600328152
1047,1047,0.02314847500031192,0.07685395768744568,0.3603565086303508
1048,1048,0.023168465000310334,0.07682802767139697,0.3603024887209435
1049,1049,0.023193986000308087,0.07680212002601895,0.36024850026312605
1050,1050,0.023216549000323994,0.07677623470793404,0.36019454321555006
1051,1051,0.02323846400037155,0.07675037167389884,0.3601406175369864
1052,1052,0.023259208000354192,0.07672453088080393,0.3600867231863245
1053,1053,0.023279818000332853,0.0766987122856729,0.3600328601225712
1054,1054,0.02330015000035246,0.07667291584566231,0.359979028304851
1055,1055,0.02332054400034167,0.07664714151806082,0.3599252276924047
1056,1056,0.023341392000304495,0.07662138926028894,0.3598714582445893
1057,1057,0.023361567000279138,0.07659565902989832,0.3598177199208776
1058,1058,0.02338200000025381,0.07656995078457147,0.3597640126808571
1059,1059,0.023402679000241733,0.07654426448212102,0.35971033648422995
1060,1060,0.02342284700023356,0.07651860008048944,0.35965669129081207
1061,1061,0.023443164000241268,0.07649295753774837,0.3596030770605329
1062,1062,0.023463299000241022,0.07646733681209826,0.3595494937534346
1063,1063,0.02348359900020114,0.07644173786186781,0.3594959413296717
1064,1064,0.02350388300015993,0.0764161606455135,0.35944241974951024
1065,1065,0.023524205000171605,0.07639060512161912,0.35938892897332797
1066,1066,0.023544599000160815,0.0763650712488952,0.35933546896161284
1067,1067,0.023571357000150783,0.0763395589861787,0.35928203967496325
1068,1068,0.023593121000146766,0.07631406829243238,0.3592286410740872
1069,1069,0.02361391300013338,0.07628859912674435,0.35917527311980196
1070,1070,0.023641596000175014,0.0762631514483277,0.35912193577303325
1071,1071,0.023664855000163243,0.07623772521651986,0.35906862899481495
1072,1072,0.02368687000017644,0.07621232039078217,0.3590153527462886
1073,1073,0.023707782000201405,0.07618693693069967,0.35896210698870284
1074,1074,0.023729257000184134,0.07616157479598015,0.3589088916834129
1075,1075,0.023749587000224892,0.07613623394645418,0.35885570679188
1076,1076,0.02377015600023924,0.0761109143420742,0.3588025522756714
1077,1077,0.023790453000231082,0.07608561594291453,0.35874942809645916
1078,1078,0.023810816000263912,0.07606033870917045,0.3586963342160198
1079,1079,0.02383157800028357,0.07603508260115811,0.3586432705962343
1080,1080,0.023851917000285994,0.0760098475793138,0.35859023719908745
1081,1081,0.02387215000027254,0.07598463360419364,0.3585372339866667
1082,1082,0.0238924540002472,0.0759594406364732,0.35848426092116265
1083,1083,0.023912801000278705,0.07593426863694687,0.3584313179648679
1084,1084,0.023932715000285043,0.07590911756652749,0.35837840508017704
1085,1085,0.023953138000308627,0.07588398738624602,0.3583255222295857
1086,1086,0.023973553000303127,0.07585887805725085,0.3582726693756907
1087,1087,0.023993637000330637,0.07583378954080766,0.3582198464811889
1088,1088,0.024014698000314638,0.07580872179829867,0.3581670535088771
1089,1089,0.02403538300029595,0.07578367479122251,0.35811429042165194
1090,1090,0.024055466000334036,0.07575864848119344,0.3580615571825084
1091,1091,0.024075650000327187,0.07573364282994133,0.35800885375454067
1092,1092,0.02410143300033951,0.07570865779931081,0.35795618010094066
1093,1093,0.024122949000343397,0.0756836933512612,0.35790353618499793
1094,1094,0.024144936000311645,0.0756587494478658,0.35785092197009954
1095,1095,0.024165831000289018,0.07563382605131169,0.35779833741972894
1096,1096,0.024186093000253095,0.075608923123899,0.3577457824974663
1097,1097,0.024206914000274082,0.07558404062804099,0.35769325716698736
1098,1098,0.02422749100026067,0.07555917852626305,0.3576407613920636
1099,1099,0.024247704000288195,0.07553433678120271,0.3575882951365613
1100,1100,0.024268635000282757,0.07550951535560907,0.3575358583644415
1101,1101,0.024289069000303698,0.07548471421234226,0.35748345103975937
1102,1102,0.02431028700027582,0.07545993331437331,0.3574310731266639
1103,1103,0.024331207000273025,0.07543517262478353,0.3573787245893973
1104,1104,0.0243519460002517,0.0754104321067641,0.3573264053922948
1105,1105,0.024372343000266028,0.07538571172361577,0.3572741154997842
1106,1106,0.024393201000236786,0.07536101143874839,0.3572218548763852
1107,1107,0.024413402000220685,0.0753363312156805,0.3571696234867095
1108,1108,0.02443370500020592,0.0753116710180389,0.35711742129545976
1109,1109,0.024454117000232145,0.07528703080955848,0.35706524826742964
1110,1110,0.024475254000208224,0.07526241055408132,0.3570131043675034
1111,1111,0.024495526000180234,0.07523781021555688,0.3569609895606551
1112,1112,0.024516123000182688,0.07521322975804119,0.3569089038119488
1113,1113,0.024536175000150706,0.07518866914569669,0.35685684708653764
1114,1114,0.024562704000118174,0.07516412834279164,0.35680481934966357
1115,1115,0.02458454100013796,0.07513960731369984,0.35675282056665736
1116,1116,0.024607022000111556,0.07511510602290031,0.3567008507029375
1117,1117,0.024628371000119387,0.07509062443497676,0.35664890972401053
1118,1118,0.02465000500012593,0.07506616251461733,0.3565969975954702
1119,1119,0.02467072000013104,0.07504172022661404,0.3565451142829971
1120,1120,0.02469117300012158,0.07501729753586264,0.35649325975235857
1121,1121,0.02471638000014309,0.07499289440736202,0.356441433969408
1122,1122,0.024738561000106074,0.07496851080621397,0.3563896369000849
1123,1123,0.024759215000074164,0.07494414669762266,0.35633786851041394
1124,1124,0.024779969000121582,0.07491980204689441,0.35628612876650484
1125,1125,0.02480036000014252,0.07489547681943726,0.3562344176345523
1126,1126,0.02482111800009079,0.07487117098076058,0.35618273508083526
1127,1127,0.024841338000101132,0.07484688449647472,0.3561310810717166
1128,1128,0.02486181200009696,0.07482261733229058,0.35607945557364284
1129,1129,0.02488214500004915,0.07479836945401941,0.35602785855314384
1130,1130,0.02490241900000001,0.0747741408275722,0.3559762899768321
1131,1131,0.02492247300000372,0.07474993141895951,0.35592474981140315
1132,1132,0.02494313400001147,0.07472574119429103,0.3558732380236342
1133,1133,0.02496333100003767,0.07470157011977521,0.35582175458038473
1134,1134,0.025002660000041033,0.07467741816171895,0.3557702994485955
1135,1135,0.02502527500001861,0.0746532852865272,0.35571887259528845
1136,1136,0.02505261400000336,0.07462917146070257,0.35566747398756643
1137,1137,0.025073968000015157,0.07460507665084504,0.3556161035926126
1138,1138,0.025094695999996475,0.07458100082365164,0.3555647613776903
1139,1139,0.02511491699999624,0.07455694394591598,0.35551344731014267
1140,1140,0.025135136000017155,0.0745329059845279,0.3554621613573923
1141,1141,0.025154944999997042,0.07450888690647328,0.35541090348694093
1142,1142,0.02517509000000473,0.07448488667883357,0.3553596736663689
1143,1143,0.02519541899999922,0.07446090526878543,0.3553084718633355
1144,1144,0.025215986000034718,0.07443694264360044,0.3552572980455773
1145,1145,0.0252361990000054,0.07441299877064471,0.3552061521809095
1146,1146,0.025256742999999915,0.07438907361737858,0.35515503423722417
1147,1147,0.025276840999993055,0.07436516715135627,0.35510394418249086
1148,1148,0.025297028000011323,0.07434127934022548,0.3550528819847558
1149,1149,0.02531712900002958,0.07431741015172719,0.35500184761214176
1150,1150,0.02533763700006375,0.07429355955369514,0.3549508410328477
1151,1151,0.025357499000051575,0.07426972751405563,0.35489986221514846
1152,1152,0.025377948000084416,0.07424591400082724,0.35484891112739425
1153,1153,0.025397994000059043,0.07422211898212018,0.35479798773801086
1154,1154,0.02541810300004954,0.07419834242613643,0.35474709201549876
1155,1155,0.02543845300004932,0.07417458430116897,0.35469622392843303
1156,1156,0.025458616000037182,0.07415084457560178,0.3546453834454632
1157,1157,0.025483845000053407,0.07412712321790929,0.3545945705353126
1158,1158,0.025506236000069293,0.07410342019665618,0.3545437851667786
1159,1159,0.025527943000042796,0.07407973548049705,0.35449302730873167
1160,1160,0.025549024000042664,0.07405606903817595,0.3544422969301155
1161,1161,0.025569393000068885,0.07403242083852629,0.3543915939999465
1162,1162,0.02558991700010438,0.0740087908504704,0.3543409184873137
1163,1163,0.02561007200012,0.07398517904301916,0.3542902703613782
1164,1164,0.025630630000080146,0.07396158538527169,0.3542396495913733
1165,1165,0.025650919000042904,0.07393800984641519,0.35418905614660345
1166,1166,0.025671387000045343,0.07391445239572453,0.354138489996445
1167,1167,0.025691480000034517,0.07389091300256173,0.35408795111034475
1168,1168,0.02571189799999729,0.0738673916363761,0.35403743945782085
1169,1169,0.025732008999966638,0.07384388826670345,0.35398695500846133
1170,1170,0.025752829999987625,0.07382040286316616,0.3539364977319251
1171,1171,0.025772902999960934,0.07379693539547257,0.35388606759794033
1172,1172,0.025793196999984502,0.07377348583341692,0.3538356645763051
1173,1173,0.02581349299998692,0.07375005414687891,0.3537852886368869
1174,1174,0.02583425399996031,0.0737266403058234,0.35373493974962217
1175,1175,0.02585438999994949,0.07370324428030009,0.35368461788451616
1176,1176,0.025874746999932086,0.07367986604044342,0.3536343230116427
1177,1177,0.025894783999945048,0.07365650555647191,0.353584055101144
1178,1178,0.02591518799994219,0.07363316279868816,0.3535338141232297
1179,1179,0.025942782999948122,0.07360983773747842,0.35348360004817797
1180,1180,0.025965322999923046,0.0735865303433124,0.3534334128463336
1181,1181,0.02598753599994552,0.07356324058674275,0.35338325248810926
1182,1182,0.02600862999997844,0.07353996843840499,0.35333311894398406
1183,1183,0.026029391999998097,0.07351671386901718,0.3532830121845039
1184,1184,0.026050214999997934,0.07349347684937953,0.35323293218028107
1185,1185,0.026070324999977856,0.07347025735037417,0.35318287890199407
1186,1186,0.026090954999972382,0.07344705534296482,0.35313285232038705
1187,1187,0.02611135000000786,0.07342387079819664,0.35308285240626985
1188,1188,0.02613235100000111,0.07340070368719573,0.35303287913051795
1189,1189,0.026152480999996897,0.07337755398116899,0.35298293246407136
1190,1190,0.026172710000025745,0.07335442165140382,0.3529330123779355
1191,1191,0.026192956999977923,0.07333130666926779,0.35288311884318
1192,1192,0.026213509999990947,0.07330820900620835,0.352833251830939
1193,1193,0.02623377499998014,0.07328512863375267,0.35278341131241053
1194,1194,0.026254426999969382,0.07326206552350714,0.35273359725885695
1195,1195,0.026274546999957238,0.07323901964715732,0.3526838096416035
1196,1196,0.02629496599996628,0.07321599097646754,0.3526340484320393
1197,1197,0.026315092999993794,0.07319297948328057,0.3525843136016165
1198,1198,0.026335469999992256,0.07316998513951756,0.35253460512185003
1199,1199,0.026355588999990687,0.07314700791717743,0.3524849229643173
1200,1200,0.026376456999969378,0.07312404778833699,0.3524352671006584
1201,1201,0.026402996999991046,0.07310110472515033,0.3523856375025753
1202,1202,0.02642510099997253,0.07307817869984869,0.3523360341418322
1203,1203,0.026448597999944923,0.0730552696847403,0.35228645699025446
1204,1204,0.02646995999992896,0.07303237765220986,0.3522369060197294
1205,1205,0.026490466999916862,0.07300950257471843,0.3521873812022053
1206,1206,0.026511048999907416,0.07298664442480325,0.35213788250969125
1207,1207,0.026531384999941565,0.07296380317507721,0.35208840991425766
1208,1208,0.02657496399996262,0.07294097879822883,0.35203896338803464
1209,1209,0.026598447999958807,0.07291817126702192,0.35198954290321327
1210,1210,0.026619969999956083,0.07289538055429523,0.3519401484320443
1211,1211,0.026640516999918873,0.07287260663296231,0.35189077994683843
1212,1212,0.026660972999877686,0.07284984947601122,0.35184143741996604
1213,1213,0.02668132199988804,0.07282710905650416,0.35179212082385686
1214,1214,0.026702078999903733,0.0728043853475774,0.3517428301309995
1215,1215,0.026722074999952383,0.07278167832244085,0.3516935653139421
1216,1216,0.02674258099995086,0.07275898795437793,0.3516443263452907
1217,1217,0.0267628009999612,0.07273631421674526,0.35159511319771075
1218,1218,0.02678404499994258,0.07271365708297238,0.35154592584392536
1219,1219,0.026804167999955553,0.07269101652656154,0.3514967642567159
1220,1220,0.026824676999922303,0.07266839252108738,0.3514476284089215
1221,1221,0.026844998999933978,0.07264578504019681,0.3513985182734392
1222,1222,0.02687466299994412,0.07262319405760868,0.3513494338232232
1223,1223,0.026897624999946856,0.07260061954711347,0.3513003750312849
1224,1224,0.02692019299996673,0.07257806148257313,0.35125134187069296
1225,1225,0.02694281799995224,0.07255551983792083,0.3512023343145726
1226,1226,0.02696405799997592,0.07253299458716064,0.3511533523361057
1227,1227,0.02698441599994794,0.07251048570436737,0.35110439590853043
1228,1228,0.027004903999909402,0.0724879931636863,0.35105546500514145
1229,1229,0.027024982999932945,0.07246551693933292,0.35100655959928906
1230,1230,0.027045529999952578,0.07244305700559263,0.35095767966437935
1231,1231,0.027066230999992058,0.07242061333682068,0.35090882517387423
1232,1232,0.027086512999972,0.07239818590744168,0.35085999610129076
1233,1233,0.027106549999984964,0.07237577469194961,0.35081119242020103
1234,1234,0.02712675399999398,0.07235337966490739,0.35076241410423253
1235,1235,0.027146545999983118,0.07233100080094676,0.35071366112706703
1236,1236,0.027166680999982873,0.07230863807476794,0.3506649334624412
1237,1237,0.027186375999974643,0.07228629146113959,0.3506162310841459
1238,1238,0.02720697599994537,0.07226396093489827,0.35056755396602635
1239,1239,0.027226842999937162,0.07224164647094847,0.3505189020819815
1240,1240,0.027247141999964697,0.07221934804426226,0.3504702754059644
1241,1241,0.027267149000010704,0.07219706562987908,0.3504216739119813
1242,1242,0.027287669000031656,0.07217479920290557,0.3503730975740922
1243,1243,0.02730798400000367,0.07215254873851515,0.3503245463664101
1244,1244,0.02733358899996574,0.07213031421194806,0.35027602026310123
1245,1245,0.02735578799996574,0.0721080955985109,0.3502275192383844
1246,1246,0.02737849099997902,0.07208589287357657,0.3501790432665315
1247,1247,0.027399214999945798,0.07206370601258388,0.3501305923218661
1248,1248,0.027419756999961464,0.07204153499103746,0.350082166378765
1249,1249,0.02744064699993487,0.07201937978450755,0.35003376541165643
1250,1250,0.02746144999991884,0.0719972403686296,0.34998538939502066
1251,1251,0.027481878999878973,0.07197511671910424,0.34993703830339
1252,1252,0.027502242999901227,0.07195300881169697,0.3498887121113479
1253,1253,0.027522836999935407,0.0719309166222379,0.3498404107935294
1254,1254,0.027543511999908787,0.07190884012662162,0.3497921343246207
1255,1255,0.02756367899991119,0.07188677930080702,0.349743882679359
1256,1256,0.02758371199990961,0.07186473412081681,0.3496956558325322
1257,1257,0.02760442499987903,0.07184270456273763,0.34964745375897915
1258,1258,0.02762486699987221,0.07182069060271962,0.34959927643358885
1259,1259,0.02764533199984953,0.07179869221697631,0.3495511238313008
1260,1260,0.027665147999812234,0.07177670938178436,0.3495029959271048
1261,1261,0.027684943999815914,0.0717547420734833,0.3494548926960401
1262,1262,0.02770514199983154,0.07173279026847544,0.3494068141131961
1263,1263,0.027725566999833973,0.07171085394322552,0.3493587601537119
1264,1264,0.027745901999821854,0.07168893307426064,0.34931073079277575
1265,1265,0.027765778999821578,0.07166702763816991,0.3492627260056253
1266,1266,0.02779240799981153,0.07164513761160435,0.3492147457675474
1267,1267,0.027814093999836587,0.07162326297127658,0.3491667900538778
1268,1268,0.027836040999829947,0.07160140369396073,0.3491188588400009
1269,1269,0.02785709199986286,0.0715795597564921,0.34907095210134975
1270,1270,0.027877517999854717,0.0715577311357671,0.3490230698134059
1271,1271,0.027897643999835964,0.07153591780874288,0.3489752119516992
1272,1272,0.027917898999817226,0.07151411975243728,0.3489273784918075
1273,1273,0.02793808499984607,0.07149233694392851,0.34887956940935677
1274,1274,0.02795858999985512,0.07147056936035505,0.34883178468002046
1275,1275,0.027978645999894525,0.07144881697891532,0.34878402427951993
1276,1276,0.027998639999907482,0.0714270797768676,0.348736288183624
1277,1277,0.02801898399991387,0.0714053577315298,0.34868857636814865
1278,1278,0.028039788999933535,0.07138365082027913,0.34864088880895705
1279,1279,0.028059811999924023,0.07136195902055209,0.3485932254819594
1280,1280,0.028079671999932998,0.0713402823098442,0.3485455863631127
1281,1281,0.028099714999882508,0.07131862066570975,0.34849797142842065
1282,1282,0.028120029999854523,0.07129697406576166,0.34845038065393336
1283,1283,0.028140358999849013,0.0712753424876713,0.34840281401574763
1284,1284,0.028160636999814415,0.07125372590916815,0.348355271490006
1285,1285,0.02818073799977583,0.07123212430803982,0.3483077530528976
1286,1286,0.02820061099976101,0.07121053766213178,0.3482602586806569
1287,1287,0.028220707999764727,0.07118896594934705,0.34821278834956454
1288,1288,0.02824748599977056,0.07116740914764613,0.3481653420359466
1289,1289,0.028269339999781096,0.07114586723504675,0.3481179197161747
1290,1290,0.028296586999772444,0.07112434018962377,0.3480705213666657
1291,1291,0.028317393999770957,0.07110282798950886,0.3480231469638815
1292,1292,0.02833785699976943,0.07108133061289038,0.3479757964843293
1293,1293,0.028358264999781113,0.07105984803801321,0.34792846990456094
1294,1294,0.02837859199973991,0.07103838024317852,0.34788116720117307
1295,1295,0.028398777999768754,0.07101692720674363,0.3478338883508068
1296,1296,0.02842373799978759,0.07099548890712173,0.34778663333014775
1297,1297,0.028445933999762474,0.07097406532278182,0.34773940211592586
1298,1298,0.028467229999762367,0.07095265643224835,0.3476921946849152
1299,1299,0.028504806999762877,0.07093126221410136,0.3476450110139335
1300,1300,0.028525452999758727,0.07090988264697583,0.347597851079843
1301,1301,0.028545804999737356,0.07088851770956194,0.34755071485954914
1302,1302,0.028566320999743766,0.07086716738060454,0.347503602330001
1303,1303,0.02859780199969464,0.07084583163890329,0.3474565134681912
1304,1304,0.028618547999712973,0.07082451046331216,0.34740944825115555
1305,1305,0.028638648999674388,0.07080320383273955,0.3473624066559732
1306,1306,0.028658892999658292,0.0707819117261478,0.34731538865976613
1307,1307,0.028682409999646552,0.07076063412255329,0.34726839423969924
1308,1308,0.028707703999657497,0.07073937100102617,0.3472214233729801
1309,1309,0.02872920699962833,0.07071812234069001,0.3471744760368591
1310,1310,0.028750752999599172,0.07069688812072193,0.3471275522086288
1311,1311,0.02877125899959765,0.07067566832035219,0.34708065186562437
1312,1312,0.028791821999618605,0.07065446291886404,0.3470337749852231
1313,1313,0.028812232999655407,0.07063327189559378,0.3469869215448443
1314,1314,0.028832692999685605,0.07061209522993013,0.346940091521949
1315,1315,0.028852744999710467,0.07059093290131456,0.34689328489404053
1316,1316,0.028872823999677166,0.07056978488924076,0.34684650163866354
1317,1317,0.02889295299968353,0.07054865117325464,0.3467997417334043
1318,1318,0.028913160999707088,0.07052753173295409,0.34675300515589025
1319,1319,0.02893578099968863,0.07050642654798889,0.34670629188379076
1320,1320,0.028956084999720133,0.07048533559806032,0.3466596018948156
1321,1321,0.028987525999696118,0.07046425886292133,0.3466129351667161
1322,1322,0.029015839999715354,0.0704431963223761,0.3465662916772841
1323,1323,0.029037307999715267,0.07042214795627996,0.3465196714043525
1324,1324,0.02905812799974683,0.07040111374453924,0.34647307432579466
1325,1325,0.029078222999714853,0.07038009366711111,0.34642650041952466
1326,1326,0.029098140999735733,0.07035908770400331,0.3463799496634967
1327,1327,0.0291180069997381,0.07033809583527423,0.34633342203570544
1328,1328,0.029138078999778827,0.07031711804103236,0.34628691751418555
1329,1329,0.029164620999779345,0.07029615430143654,0.3462404360770119
1330,1330,0.029186771999775374,0.07027520459669549,0.346193977702299
1331,1331,0.029208384999776627,0.07025426890706776,0.34614754236820133
1332,1332,0.029229379999776484,0.07023334721286166,0.34610113005291304
1333,1333,0.02925176399975271,0.0702124394944349,0.34605474073466763
1334,1334,0.029272161999756463,0.07019154573219455,0.34600837439173826
1335,1335,0.02929212899977074,0.07017066590659689,0.3459620310024371
1336,1336,0.02931442799973638,0.07014979999814723,0.34591571054511566
1337,1337,0.02934670399974948,0.07012894798739974,0.3458694129981644
1338,1338,0.029367709999746694,0.07010810985495725,0.3458231383400129
1339,1339,0.029388317999746505,0.07008728558147118,0.3457768865491293
1340,1340,0.029408405999788556,0.07006647514764124,0.3457306576040207
1341,1341,0.029428550999796244,0.07004567853421555,0.34568445148323257
1342,1342,0.029448749999801294,0.07002489572199015,0.3456382681653489
1343,1343,0.029469351999807714,0.07000412669180903,0.345592107628992
1344,1344,0.029489622999847143,0.06998337142456398,0.34554596985282265
1345,1345,0.029511714999841843,0.06996262990119441,0.34549985481553935
1346,1346,0.029532028999824433,0.06994190210268705,0.34545376249587895
1347,1347,0.029554416999815203,0.0699211880100761,0.345407692872616
1348,1348,0.02959760299984282,0.0699004876044428,0.3453616459245629
1349,1349,0.029620537999846874,0.0698798008669154,0.3453156216305698
1350,1350,0.02964960899981861,0.06985912777866908,0.3452696199695241
1351,1351,0.029670374999795968,0.06983846832092551,0.345223640920351
1352,1352,0.029690888999766685,0.0698178224749531,0.3451776844620128
1353,1353,0.029711292999763828,0.06979719022206657,0.34513175057350926
1354,1354,0.029733772999747998,0.06977657154362683,0.3450858392338769
1355,1355,0.029754065999782142,0.06975596642104095,0.3450399504221895
1356,1356,0.029774445999748878,0.06973537483576195,0.3449940841175578
1357,1357,0.02979677899975286,0.06971479676928856,0.3449482402991289
1358,1358,0.02982121799976767,0.06969423220316527,0.34490241894608714
1359,1359,0.02984180299978334,0.06967368111898195,0.34485662003765316
1360,1360,0.029862099999832026,0.06965314349837388,0.34481084355308383
1361,1361,0.029882091999866134,0.06963261932302159,0.3447650894716729
1362,1362,0.029902565999861963,0.06961210857465061,0.3447193577727498
1363,1363,0.029922854999824722,0.0695916112350314,0.34467364843568066
1364,1364,0.029943953999804762,0.06957112728597917,0.3446279614398672
1365,1365,0.029967669999791724,0.06955065670935381,0.3445822967647473
1366,1366,0.029988101999776973,0.06953019948705969,0.3445366543897946
1367,1367,0.03000869999976885,0.06950975560104548,0.3444910342945185
1368,1368,0.030050429999789685,0.06948932503330411,0.34444543645846415
1369,1369,0.030085672999803137,0.06946890776587246,0.3443998608612118
1370,1370,0.030108577999783392,0.06944850378083152,0.3443543074823777
1371,1371,0.030140431999825523,0.06942811306030586,0.344308776301613
1372,1372,0.030177088999835178,0.06940773558646376,0.3442632672986041
1373,1373,0.03024346999984573,0.06938737134151708,0.34421778045307283
1374,1374,0.0302680849998751,0.06936702030772095,0.34417231574477564
1375,1375,0.030289910999840686,0.06934668246737369,0.3441268731535042
1376,1376,0.030311243999847193,0.06932635780281685,0.3440814526590848
1377,1377,0.030332029999840415,0.06930604629643475,0.34403605424137845
1378,1378,0.030356507999840687,0.06928574793065466,0.34399067788028104
1379,1379,0.030377568999881532,0.06926546268794645,0.34394532355572255
1380,1380,0.030409388999885323,0.06924519055082251,0.34389999124766785
1381,1381,0.030440952999867932,0.06922493150183774,0.34385468093611565
1382,1382,0.03046452699987867,0.06920468552358919,0.34380939260109944
1383,1383,0.030485163999856013,0.0691844525987161,0.34376412622268626
1384,1384,0.03053776299987021,0.0691642327098997,0.34371888178097776
1385,1385,0.030561494999858496,0.06914402583986311,0.343673659256109
1386,1386,0.030593535999855703,0.0691238319713711,0.34362845862824926
1387,1387,0.030615408999835836,0.06910365108723013,0.34358327987760146
1388,1388,0.03063635199981718,0.06908348317028816,0.34353812298440206
1389,1389,0.030656916999816985,0.06906332820343433,0.34349298792892136
1390,1390,0.030680761999860806,0.06904318616959912,0.34344787469146276
1391,1391,0.030704102999891347,0.06902305705175406,0.3434027832523633
1392,1392,0.030724347999864676,0.06900294083291161,0.3433577135919933
1393,1393,0.030744605999814212,0.06898283749612504,0.343312665690756
1394,1394,0.030764983999802098,0.06896274702448836,0.34326763952908823
1395,1395,0.03078520999980583,0.06894266940113605,0.34322263508745926
1396,1396,0.03080534299976989,0.06892260460924314,0.3431776523463719
1397,1397,0.030836375999797383,0.06890255263202484,0.3431326912863611
1398,1398,0.030862706999755574,0.06888251345273663,0.34308775188799506
1399,1399,0.030910810999728255,0.06886248705467397,0.3430428341318744
1400,1400,0.03093395799976406,0.06884247342117228,0.3429979379986325
1401,1401,0.030955061999748068,0.06882247253560682,0.3429530634689349
1402,1402,0.030975823999767726,0.06880248438139246,0.3429082105234797
1403,1403,0.031003283999723408,0.06878250894198361,0.34286337914299725
1404,1404,0.031038032999731513,0.0687625462008742,0.3428185693082502
1405,1405,0.031061240999747497,0.06874259614159735,0.34277378100003325
1406,1406,0.031082837999747426,0.06872265874772537,0.34272901419917307
1407,1407,0.031124041999703422,0.06870273400286969,0.3426842688865282
1408,1408,0.03114905599971962,0.06868282189068066,0.3426395450429894
1409,1409,0.03118593699974781,0.06866292239484738,0.34259484264947876
1410,1410,0.031221141999765223,0.06864303549909768,0.3425501616869502
1411,1411,0.03124418699974285,0.06862316118719798,0.3425055021363894
1412,1412,0.03126763499977869,0.06860329944295306,0.34246086397881337
1413,1413,0.03131474699978298,0.06858345025020612,0.3424162471952706
1414,1414,0.03133591199980401,0.06856361359283854,0.342371651766841
1415,1415,0.031356832999847484,0.06854378945476973,0.3423270776746355
1416,1416,0.03137740899984465,0.06852397781995714,0.3422825248997965
1417,1417,0.03139811699986694,0.06850417867239604,0.3422379934234973
1418,1418,0.031419068999866795,0.06848439199611944,0.3421934832269424
1419,1419,0.03143969699988247,0.06846461777519791,0.3421489942913668
1420,1420,0.031466524999871126,0.0684448559937396,0.3421045265980369
1421,1421,0.031488648999868474,0.06842510663588999,0.3420600801282495
1422,1422,0.031510286999832715,0.0684053696858318,0.3420156548633322
1423,1423,0.03153138799984845,0.068385645127785,0.34197125078464313
1424,1424,0.031552747999853636,0.06836593294600643,0.341926867873571
1425,1425,0.03157312899986664,0.06834623312478996,0.3418825061115351
1426,1426,0.03159423699986519,0.0683265456484663,0.3418381654799847
1427,1427,0.031614841999896726,0.06830687050140268,0.3417938459603995
1428,1428,0.03163556899994546,0.06828720766800309,0.3417495475342898
1429,1429,0.03165583199995581,0.06826755713270782,0.34170527018319546
1430,1430,0.03167629499995428,0.06824791887999362,0.34166101388868664
1431,1431,0.031696336999914365,0.06822829289437342,0.34161677863236334
1432,1432,0.031716900999924746,0.06820867916039633,0.34157256439585565
1433,1433,0.03173736499991264,0.06818907766264734,0.3415283711608233
1434,1434,0.03175804699986884,0.06816948838574745,0.3414841989089558
1435,1435,0.03177831899984085,0.06814991131435344,0.3414400476219723
1436,1436,0.0317990529998724,0.06813034643315777,0.3413959172816215
1437,1437,0.031819452999855,0.06811079372688837,0.34135180786968156
1438,1438,0.03184003199982044,0.06809125318030873,0.3413077193679601
1439,1439,0.03186055199984139,0.06807172477821763,0.3412636517582944
1440,1440,0.0318809609998425,0.06805220850544917,0.3412196050225504
1441,1441,0.0319204799998829,0.0680327043468724,0.34117557914262353
1442,1442,0.03194293499990408,0.06801321228739163,0.34113157410043854
1443,1443,0.03196904099991116,0.06799373231194591,0.3410875898779489
1444,1444,0.031990072999860786,0.06797426440550912,0.3410436264571372
1445,1445,0.03201078999990159,0.06795480855308994,0.34099968382001494
1446,1446,0.032031810999910704,0.06793536473973147,0.34095576194862237
1447,1447,0.03205208099996071,0.06791593295051143,0.34091186082502856
1448,1448,0.03207280199995921,0.06789651317054188,0.34086798043133115
1449,1449,0.032099923999965085,0.06787710538496917,0.34082412074965646
1450,1450,0.03212186399997563,0.06785770957897376,0.34078028176215935
1451,1451,0.03214311099998213,0.06783832573777024,0.3407364634510231
1452,1452,0.032163926000009724,0.06781895384660712,0.3406926657984593
1453,1453,0.032185021000032066,0.06779959389076674,0.340648888786708
1454,1454,0.03220579600002793,0.06778024585556529,0.3406051323980375
1455,1455,0.03222627300004888,0.06776090972635249,0.34056139661474394
1456,1456,0.03224668300003941,0.0677415854885117,0.340517681419152
1457,1457,0.03226726799999824,0.06772227312745961,0.34047398679361407
1458,1458,0.03228794099999277,0.06770297262864637,0.3404303127205108
1459,1459,0.03230813200002558,0.0676836839775553,0.3403866591822502
1460,1460,0.032328741000014816,0.06766440715970289,0.3403430261612687
1461,1461,0.032348839000007956,0.06764514216063859,0.3402994136400302
1462,1462,0.032391554000014366,0.06762588896594487,0.34025582160102624
1463,1463,0.0324152370000661,0.06760664756123705,0.34021225002677585
1464,1464,0.032443610000086665,0.06758741793216307,0.340168698899826
1465,1465,0.03246507500006146,0.06756820006440355,0.3401251682027507
1466,1466,0.03248596200000975,0.06754899394367174,0.34008165791815154
1467,1467,0.03250648400000955,0.06752979955571319,0.34003816802865766
1468,1468,0.032527415000060955,0.06751061688630586,0.3399946985169251
1469,1469,0.03254805800008853,0.06749144592125994,0.3399512493656372
1470,1470,0.03256834900008698,0.06747228664641775,0.3399078205575046
1471,1471,0.03258881900006827,0.06745313904765363,0.3398644120752649
1472,1472,0.03260926500007599,0.06743400311087391,0.33982102390168256
1473,1473,0.032629470000074434,0.06741487882201672,0.3397776560195491
1474,1474,0.03264985900011652,0.06739576616705206,0.339734308411683
1475,1475,0.03267206100014164,0.06737666513198137,0.3396909810609293
1476,1476,0.032692278000183705,0.06735757570283786,0.33964767395016016
1477,1477,0.03271277700014252,0.06733849786568606,0.3396043870622739
1478,1478,0.03273345200017275,0.06731943160662197,0.33956112038019576
1479,1479,0.03275361900017515,0.06730037691177278,0.33951787388687754
1480,1480,0.03277405900018948,0.06728133376729695,0.3394746475652973
1481,1481,0.03279435700017075,0.0672623021593839,0.3394314413984597
1482,1482,0.03281498200021815,0.06724328207425415,0.3393882553693957
1483,1483,0.03283537300023909,0.06722427349815907,0.3393450894611625
1484,1484,0.03286397500022531,0.0672052764173809,0.33930194365684335
1485,1485,0.03288702400021748,0.06718629081823246,0.3392588179395481
1486,1486,0.03290978900020036,0.06716731668705726,0.33921571229241226
1487,1487,0.03293113700021877,0.0671483540102294,0.33917262669859766
1488,1488,0.032952272000216,0.0671294027741533,0.33912956114129184
1489,1489,0.03297331700025552,0.0671104629652638,0.33908651560370834
1490,1490,0.03299404000023287,0.06709153457002597,0.3390434900690867
1491,1491,0.03301468600022872,0.06707261757493499,0.3390004845206918
1492,1492,0.03303489800020998,0.06705371196651619,0.33895749894181487
1493,1493,0.03305596900020191,0.06703481773132489,0.33891453331577226
1494,1494,0.03307622600016202,0.06701593485594613,0.3388715876259062
1495,1495,0.03309663400017371,0.06699706332699498,0.33882866185558425
1496,1496,0.03311731600018675,0.0669782031311161,0.33878575598819954
1497,1497,0.033139079000193306,0.06695935425498371,0.3387428700071706
1498,1498,0.03315935100022216,0.06694051668530168,0.33870000389594135
1499,1499,0.03318014900025901,0.06692169040880333,0.33865715763798093
1500,1500,0.033200342000270666,0.06690287541225118,0.33861433121678386
1501,1501,0.033220432000291567,0.06688407168243718,0.3385715246158696
1502,1502,0.03324084800027549,0.06686527920618238,0.33852873781878284
1503,1503,0.03326137500027926,0.06684649797033695,0.33848597080909326
1504,1504,0.03328164500027242,0.06682772796178008,0.3384432235703955
1505,1505,0.03330193400029202,0.0668089691674198,0.3384004960863094
1506,1506,0.03332946500029266,0.06679022157419306,0.3383577883404794
1507,1507,0.033352332000276874,0.06677148516906553,0.3383151003165748
1508,1508,0.03337476500030334,0.06675275993903154,0.33827243199828955
1509,1509,0.03339571900028204,0.06673404587111395,0.3382297833693426
1510,1510,0.03341662100024223,0.06671534295236421,0.3381871544134774
1511,1511,0.03343716200026847,0.06669665116986206,0.3381445451144618
1512,1512,0.033457759000270926,0.06667797051071564,0.33810195545608834
1513,1513,0.033478176000244275,0.06665930096206132,0.33805938542217406
1514,1514,0.03349870200025862,0.06664064251106361,0.3380168349965604
1515,1515,0.03351901000030466,0.06662199514491503,0.33797430416311286
1516,1516,0.0335394780003071,0.0666033588508362,0.33793179290572173
1517,1517,0.033560152000291055,0.06658473361607554,0.33788930120830135
1518,1518,0.03358048900031463,0.06656611942790934,0.3378468290547899
1519,1519,0.03360278000030803,0.06654751627364164,0.3378043764291503
1520,1520,0.033623167000314425,0.06652892414060409,0.33776194331536885
1521,1521,0.033643267000286414,0.06651034301615592,0.3377195296974565
1522,1522,0.033663539000258424,0.06649177288768392,0.3376771355594477
1523,1523,0.03368402600023046,0.06647321374260218,0.3376347608854012
1524,1524,0.033704289000240806,0.0664546655683522,0.3375924056593992
1525,1525,0.033724465000261716,0.06643612835240269,0.337550069865548
1526,1526,0.03374456000022974,0.06641760208224953,0.3375077534879774
1527,1527,0.03376484700021365,0.06639908674541573,0.3374654565108412
1528,1528,0.03379056000022729,0.06638058232945122,0.33742317891831664
1529,1529,0.033812602000182324,0.06636208882193297,0.3373809206946043
1530,1530,0.03383430700017698,0.06634360621046469,0.33733868182392873
1531,1531,0.03385530500020195,0.06632513448267698,0.33729646229053767
1532,1532,0.03387611300024673,0.06630667362622689,0.3372542620787023
1533,1533,0.033896580000259746,0.0662882236287984,0.3372120811727173
1534,1534,0.03391676800026744,0.06626978447810182,0.3371699195569006
1535,1535,0.03396465200023613,0.06625135616187394,0.3371277772155932
1536,1536,0.03398705200027052,0.06623293866787795,0.3370856541331596
1537,1537,0.03400813300027039,0.0662145319839034,0.33704355029398725
1538,1538,0.03402931400029274,0.06619613609776588,0.3370014656824869
1539,1539,0.034049806000268745,0.06617775099730734,0.336959400283092
1540,1540,0.03407059900030163,0.06615937667039569,0.3369173540802594
1541,1541,0.03409187700032135,0.06614101310492479,0.33687532705846845
1542,1542,0.034112863000302696,0.0661226602888145,0.33683331920222187
1543,1543,0.03413327500032892,0.06610431821001049,0.3367913304960449
1544,1544,0.03415384200030758,0.06608598685648417,0.3367493609244857
1545,1545,0.034174445000360265,0.06606766621623271,0.33670741047211505
1546,1546,0.03419469000039044,0.06604935627727879,0.33666547912352646
1547,1547,0.03421521200039024,0.06603105702767063,0.3366235668633362
1548,1548,0.034250406000410294,0.06601276845548205,0.336581673676183
1549,1549,0.034275763000380266,0.06599449054881212,0.33653979954672814
1550,1550,0.03430429600041407,0.06597622329578534,0.3364979444596555
1551,1551,0.034326213000440475,0.06595796668455126,0.3364561083996711
1552,1552,0.034346859000436325,0.0659397207032848,0.33641429135150364
1553,1553,0.03436796100044148,0.06592148534018591,0.336372493299904
1554,1554,0.03438842600047565,0.0659032605834795,0.3363307142296455
1555,1555,0.03440889600051378,0.06588504642141547,0.33628895412552345
1556,1556,0.03442927700052678,0.06586684284226864,0.33624721297235555
1557,1557,0.034449454000537116,0.06584864983433852,0.33620549075498163
1558,1558,0.03446969600054217,0.06583046738594947,0.3361637874582634
1559,1559,0.034490381000523485,0.06581229548545045,0.3361221030670849
1560,1560,0.034510758000521946,0.06579413412121497,0.336080437566352
1561,1561,0.03453114200050322,0.06577598328164112,0.33603879094099237
1562,1562,0.034552130000520265,0.06575784295515141,0.335997163175956
1563,1563,0.034572570000477754,0.06573971313019272,0.3359555542562143
1564,1564,0.034592920000477534,0.06572159379523626,0.3359139641667605
1565,1565,0.034613326000453526,0.06570348493877741,0.33587239289260995
1566,1566,0.03463363400049957,0.06568538654933573,0.3358308404187993
1567,1567,0.03465421800046897,0.06566729861545494,0.33578930673038726
1568,1568,0.034674639000456864,0.06564922112570266,0.3357477918124537
1569,1569,0.0346948780004368,0.0656311540686706,0.33570629565010013
1570,1570,0.03472674400040887,0.06561309743297421,0.33566481822845007
1571,1571,0.03475243900044234,0.06559505120725287,0.3356233595326478
1572,1572,0.03477464500042515,0.06557701538016965,0.33558191954785965
1573,1573,0.034797341000398774,0.0655589899404113,0.33554049825927273
1574,1574,0.034818537000433025,0.06554097487668822,0.33549909565209607
1575,1575,0.034839080000438116,0.06552297017773424,0.3354577117115594
1576,1576,0.034859619000428665,0.0655049758323068,0.3354163464229142
1577,1577,0.034880200000429795,0.06548699182918656,0.3353749997714327
1578,1578,0.03490108700043493,0.06546901815717782,0.33533367174240875
1579,1579,0.03492172600044796,0.0654510548051078,0.3352923623211568
1580,1580,0.03494222700044247,0.06543310176182716,0.3352510714930126
1581,1581,0.03496284600043964,0.06541515901620958,0.33520979924333294
1582,1582,0.034983237000460576,0.06539722655715191,0.33516854555749553
1583,1583,0.03500393900043264,0.06537930437357385,0.33512731042089905
1584,1584,0.03502405500040595,0.06536139245441819,0.3350860938189628
1585,1585,0.03504438400040044,0.06534349078865052,0.3350448957371271
1586,1586,0.03506628600041495,0.0653255993652592,0.3350037161608532
1587,1587,0.03508665500044117,0.0653077181732554,0.33496255507562284
1588,1588,0.035107499000446296,0.06528984720167291,0.33492141246693846
1589,1589,0.035128399000427635,0.0652719864395682,0.3348802883203234
1590,1590,0.035148879000416855,0.06525413587602019,0.33483918262132123
1591,1591,0.03516982600041274,0.06523629550013038,0.3347980953554963
1592,1592,0.03522158300040701,0.06521846530102253,0.33475702650843364
1593,1593,0.03524431500039782,0.06520064526784292,0.33471597606573833
1594,1594,0.03528604300038296,0.06518283538976007,0.33467494401303627
1595,1595,0.03531100200041237,0.06516503565596465,0.3346339303359736
1596,1596,0.03533331900041503,0.06514724605566954,0.3345929350202167
1597,1597,0.03535468400036734,0.06512946657810977,0.3345519580514524
1598,1598,0.035375369000348655,0.06511169721254233,0.3345109994153877
1599,1599,0.035395728000366944,0.06509393794824617,0.33447005909774985
1600,1600,0.03541659600040248,0.06507618877452223,0.33442913708428623
1601,1601,0.035436967000350705,0.06505844968069319,0.33438823336076445
1602,1602,0.03545716500030949,0.06504072065610361,0.3343473479129721
1603,1603,0.03547769700031722,0.06502300169011971,0.3343064807267169
1604,1604,0.035498086000302465,0.06500529277212935,0.33426563178782653
1605,1605,0.03551820200027578,0.06498759389154211,0.3342248010821485
1606,1606,0.03553868600027954,0.06496990503778896,0.33418398859555043
1607,1607,0.035559130000308414,0.06495222620032244,0.33414319431391987
1608,1608,0.035579161000327986,0.06493455736861646,0.3341024182231638
1609,1609,0.03559973000034233,0.06491689853216628,0.33406166030920953
1610,1610,0.03561991300034606,0.06489924968048852,0.33402092055800375
1611,1611,0.035639809000372225,0.0648816108031209,0.33398019895551306
1612,1612,0.03566023000041696,0.06486398188962243,0.33393949548772345
1613,1613,0.0357004520004125,0.06484636292957323,0.333898810140641
1614,1614,0.03572419100044044,0.06482875391257435,0.3338581429002909
1615,1615,0.03575233900045305,0.06481115482824801,0.33381749375271824
1616,1616,0.035773580000466154,0.06479356566623719,0.33377686268398743
1617,1617,0.03579404700047917,0.06477598641620588,0.33373624968018223
1618,1618,0.03581495100047505,0.0647584170678388,0.3336956547274062
1619,1619,0.03583576500051322,0.06474085761084147,0.3336550778117819
1620,1620,0.035856087000524894,0.0647233080349401,0.33361451891945154
1621,1621,0.0358818050005425,0.06470576832988154,0.3335739780365764
1622,1622,0.03590393900054778,0.06468823848543316,0.3335334551493372
1623,1623,0.03592522800056486,0.06467071849138294,0.3334929502439337
1624,1624,0.035945847000562026,0.0646532083375393,0.33345246330658507
1625,1625,0.03596645200059356,0.06463570801373107,0.33341199432352936
1626,1626,0.03598673800058805,0.06461821750980735,0.33337154328102403
1627,1627,0.03600750700059052,0.06460073681563766,0.3333311101653454
1628,1628,0.03602788400058898,0.06458326592111169,0.3332906949627888
1629,1629,0.03604777700059003,0.0645658048161393,0.3332502976596687
1630,1630,0.036068162000617576,0.06454835349065047,0.3332099182423183
1631,1631,0.036088470000606776,0.0645309119345953,0.33316955669709003
1632,1632,0.03610825700059195,0.0645134801379438,0.3331292130103549
1633,1633,0.03612889800058383,0.06449605809068602,0.33308888716850293
1634,1634,0.03616934500058733,0.0644786457828319,0.3330485791579428
1635,1635,0.036199969000563215,0.06446124320441118,0.3330082889651021
1636,1636,0.036244010000530125,0.06444385034547342,0.33296801657642694
1637,1637,0.03627217900054802,0.06442646719608784,0.33292776197838236
1638,1638,0.03629987300053017,0.06440909374634342,0.3328875251574518
1639,1639,0.03632709100054399,0.06439172998634875,0.33284730610013746
1640,1640,0.036355820000551375,0.06437437590623192,0.33280710479296
1641,1641,0.03638430000057724,0.0643570314961406,0.3327669212224588
1642,1642,0.03641230700060305,0.06433969674624186,0.3327267553751916
1643,1643,0.0364408570006276,0.06432237164672223,0.3326866072377344
1644,1644,0.03646504500068204,0.06430505618778756,0.3326464767966821
1645,1645,0.03648632700065946,0.06428775035966296,0.33260636403864746
1646,1646,0.03650686200069231,0.06427045415259279,0.3325662689502619
1647,1647,0.036527269000657725,0.06425316755684062,0.33252619151817514
1648,1648,0.036547638000683946,0.06423589056268918,0.332486131729055
1649,1649,0.03656827300068244,0.06421862316044018,0.3324460895695876
1650,1650,0.036588765000715284,0.06420136534041448,0.3324060650264774
1651,1651,0.03664655300076447,0.06418411709295181,0.33236605808644676
1652,1652,0.036671064000756814,0.06416687840841086,0.33232606873623644
1653,1653,0.036694134000754275,0.06414964927716918,0.332286096962605
1654,1654,0.0367153670007383,0.06413242968962318,0.33224614275232933
1655,1655,0.03673607100074605,0.06411521963618795,0.33220620609220414
1656,1656,0.03675682900075117,0.06409801910729737,0.3321662869690422
1657,1657,0.03677769100079331,0.06408082809340386,0.33212638536967415
1658,1658,0.036798309000801055,0.06406364658497862,0.33208650128094863
1659,1659,0.0368333870007973,0.0640464745725113,0.33204663468973217
1660,1660,0.03685502600080781,0.06402931204651001,0.332006785582909
1661,1661,0.036875547000761344,0.06401215899750141,0.3319669539473813
1662,1662,0.03690681400075846,0.0639950154160305,0.3319271397700687
1663,1663,0.03692796400076759,0.06397788129266065,0.3318873430379091
1664,1664,0.036948720000793855,0.06396075661797358,0.33184756373785756
1665,1665,0.03697071000078722,0.06394364138256914,0.3318078018568872
1666,1666,0.036991399000783076,0.06392653557706547,0.33176805738198845
1667,1667,0.03701349400080289,0.06390943919209885,0.3317283303001695
1668,1668,0.03703392400080929,0.06389235221832364,0.33168862059845605
1669,1669,0.037054794000823676,0.06387527464641221,0.33164892826389136
1670,1670,0.03707521500081157,0.06385820646705505,0.33160925328353624
1671,1671,0.037102277000769845,0.06384114767096041,0.3315695956444687
1672,1672,0.03712450900076192,0.06382409824885464,0.33152995533378427
1673,1673,0.03714704200075403,0.06380705819148184,0.331490332338596
1674,1674,0.03716819200070631,0.0637900274896039,0.33145072664603425
1675,1675,0.037189135000687656,0.06377300613400044,0.3314111382432465
1676,1676,0.03720965700068746,0.06375599411546888,0.3313715671173977
1677,1677,0.03723008800068328,0.06373899142482423,0.33133201325566997
1678,1678,0.03725047300065398,0.0637219980528991,0.3312924766452628
1679,1679,0.03727111300065644,0.06370501399054367,0.3312529572733925
1680,1680,0.037291288000631084,0.06368803922862565,0.3312134551272929
1681,1681,0.03731170800062955,0.06367107375803017,0.33117397019421463
1682,1682,0.037331904000609484,0.06365411756965984,0.33113450246142556
1683,1683,0.03735214800059339,0.06363717065443454,0.3310950519162107
1684,1684,0.03737286500057735,0.06362023300329155,0.3310556185458719
1685,1685,0.03739345200057187,0.0636033046071854,0.33101620233772794
1686,1686,0.03741354300052535,0.06358638545708781,0.3309768032791148
1687,1687,0.03743390600055818,0.06356947554398773,0.3309374213573852
1688,1688,0.037454684000579164,0.06355257485889118,0.3308980565599086
1689,1689,0.03747458800057757,0.06353568339282134,0.3308587088740715
1690,1690,0.0374949660006223,0.0635188011368183,0.3308193782872773
1691,1691,0.03751545200060491,0.06350192808193933,0.3307800647869459
1692,1692,0.03753548300062448,0.06348506421925845,0.3307407683605141
1693,1693,0.03756229300063296,0.06346820953986668,0.33070148899543544
1694,1694,0.03758402900064084,0.0634513640348719,0.3306622266791801
1695,1695,0.037607337000622465,0.06343452769539872,0.3306229813992349
1696,1696,0.037628316000621,0.06341770051258859,0.33058375314310323
1697,1697,0.03764870600065251,0.06340088247759962,0.3305445418983053
1698,1698,0.03766909800066287,0.06338407358160658,0.3305053476523775
1699,1699,0.03768971700066004,0.063367273815801,0.33046617039287307
1700,1700,0.037742677000665026,0.06335048317139073,0.33042701010736153
1701,1701,0.03776640000069165,0.06333370163960039,0.33038786678342896
1702,1702,0.03778861600073924,0.06331692921167098,0.33034874040867784
1703,1703,0.03780970000070738,0.06330016587885996,0.330309630970727
1704,1704,0.03783007500072699,0.06328341163244121,0.33027053845721177
1705,1705,0.037851090000742715,0.0632666664637049,0.33023146285578364
1706,1706,0.03787209400076108,0.06324993036395754,0.3301924041541105
1707,1707,0.03789220300075158,0.06323320332452197,0.33015336233987636
1708,1708,0.037912772000765926,0.06321648533673718,0.33011433740078183
1709,1709,0.03794048000077055,0.06319977639195834,0.3300753293245433
1710,1710,0.03796809300075665,0.0631830764815568,0.33003633809889354
1711,1711,0.03798918400076445,0.06316638559691991,0.3299973637115815
1712,1712,0.038009897000790716,0.06314970372945121,0.32995840615037225
1713,1713,0.038043698000763015,0.06313303087057008,0.32991946540304673
1714,1714,0.038073652000718994,0.063116367011712,0.32988054145740214
1715,1715,0.03809541600071498,0.06309971214432825,0.3298416343012517
1716,1716,0.038116079000701575,0.06308306625988609,0.3298027439224244
1717,1717,0.038136968000685556,0.0630664293498685,0.3297638703087655
1718,1718,0.038157604000730316,0.06304980140577439,0.32972501344813604
1719,1719,0.0381776610007023,0.06303318241911826,0.329686173328413
1720,1720,0.03819790600073247,0.06301657238143045,0.329647349937489
1721,1721,0.03821839300076135,0.06299997128425684,0.3296085432632728
1722,1722,0.03823821100075975,0.06298337911915902,0.32956975329368904
1723,1723,0.038258671000789946,0.06296679587771413,0.32953098001667774
1724,1724,0.0382792570007382,0.0629502215515148,0.32949222342019485
1725,1725,0.03829919700075379,0.06293365613216927,0.32945348349221226
1726,1726,0.03831959400076812,0.06291709961130106,0.3294147602207172
1727,1727,0.03833971700078109,0.0629005519805493,0.32937605359371286
1728,1728,0.03835983700076895,0.06288401323156831,0.3293373635992178
1729,1729,0.03838528900075744,0.06286748335602786,0.3292986902252665
1730,1730,0.03841239000075802,0.06285096234561291,0.3292600334599086
1731,1731,0.03843573600079253,0.06283445019202377,0.3292213932912097
1732,1732,0.038495270000794335,0.06281794688697588,0.3291827697072506
1733,1733,0.03852737100083914,0.06280145242219984,0.3291441626961278
1734,1734,0.038550864000853835,0.06278496678944143,0.329105572245953
1735,1735,0.03857422000083943,0.06276848998046146,0.3290669983448536
1736,1736,0.03860605100084058,0.06275202198703583,0.3290284409809723
1737,1737,0.03863795500086553,0.06273556280095544,0.328989900142467
1738,1738,0.038675548000867366,0.06271911241402611,0.32895137581751127
1739,1739,0.0387116480008558,0.06270267081806856,0.3289128679942937
1740,1740,0.03874899600083381,0.06268623800491852,0.32887437666101826
1741,1741,0.038780161000829594,0.0626698139664264,0.3288359018059043
1742,1742,0.038800983000840006,0.06265339869445756,0.32879744341718614
1743,1743,0.03882128900079351,0.06263699218089201,0.32875900148311343
1744,1744,0.03884182800078406,0.0626205944176246,0.3287205759919511
1745,1745,0.03887686000075519,0.06260420539656474,0.32868216693197905
1746,1746,0.03890832000075761,0.06258782510963656,0.3286437742914924
1747,1747,0.03892892000072834,0.06257145354877884,0.3286053980588012
1748,1748,0.03897998600075425,0.06255509070594484,0.32856703822223077
1749,1749,0.03900582900075733,0.06253873657310235,0.3285286947701213
1750,1750,0.039030390000732496,0.06252239114223375,0.32849036769082807
1751,1751,0.039053823000699595,0.06250605440533576,0.3284520569727211
1752,1752,0.039074790000711346,0.062489726354419614,0.3284137626041858
1753,1753,0.03910699500073633,0.06247340698151085,0.3283754845736221
1754,1754,0.0391280910007481,0.06245709627864939,0.32833722286944506
1755,1755,0.039166251000779084,0.062440794237889424,0.32829897748008435
1756,1756,0.0391875330007565,0.062424500851299414,0.3282607483939847
1757,1757,0.0392119050007409,0.06240821611096209,0.32822253559960557
1758,1758,0.03923258400072882,0.062391940008974314,0.32818433908542116
1759,1759,0.03926228900076012,0.06237567253744708,0.3281461588399205
1760,1760,0.03929421400079036,0.06235941368850562,0.3281079948516072
1761,1761,0.03931483100080868,0.06234316345428906,0.3280698471089998
1762,1762,0.039337781000824634,0.062326921826950724,0.3280317156006314
1763,1763,0.03936963300077423,0.06231068879865785,0.3279936003150496
1764,1764,0.03939088600077412,0.06229446436159168,0.32795550124081674
1765,1765,0.03943548700073052,0.06227824850794735,0.32791741836650967
1766,1766,0.039468026000747614,0.062262041229933895,0.3278793516807201
1767,1767,0.039499399000760604,0.06224584251977422,0.3278413011720539
1768,1768,0.03953662000077429,0.0622296523697051,0.3278032668291316
1769,1769,0.039569199000766275,0.062213470771976975,0.32776524864058815
1770,1770,0.03959356700073613,0.0621972977188541,0.32772724659507313
1771,1771,0.03962245700074618,0.06218113320261445,0.32768926068125054
1772,1772,0.03964424800079769,0.06216497721554963,0.32765129088779843
1773,1773,0.039665073000776374,0.0621488297499649,0.32761333720340957
1774,1774,0.03968568000072992,0.06213269079817919,0.32757539961679105
1775,1775,0.039710421000734186,0.06211656035252485,0.32753747811666406
1776,1776,0.03974738200071215,0.06210043840534789,0.32749957269176433
1777,1777,0.03977118400069912,0.06208432494900782,0.3274616833308418
1778,1778,0.03979214900067518,0.06206821997587748,0.3274238100226606
1779,1779,0.03981212400071854,0.06205212347834322,0.3273859527559991
1780,1780,0.03983242200075665,0.06203603544880483,0.32734811151964993
1781,1781,0.039852444000757714,0.062019955879675376,0.3273102863024197
1782,1782,0.03989626000077351,0.06200388476338123,0.3272724770931293
1783,1783,0.03991906000078416,0.06198782209236212,0.3272346838806139
1784,1784,0.039953951000768484,0.06197176785907103,0.3271969066537224
1785,1785,0.03997817500078327,0.061955722055974057,0.327159145401318
1786,1786,0.04000260800074784,0.061939684675550576,0.327121400112278
1787,1787,0.040025354000761126,0.06192365571029302,0.3270836707754935
1788,1788,0.04004766100075585,0.06190763515270708,0.32704595737986963
1789,1789,0.04006856800077685,0.061891622995311375,0.32700825991432564
1790,1790,0.04008965700074896,0.06187561923063766,0.3269705783677946
1791,1791,0.040125920000718907,0.06185962385123063,0.3269329127292235
1792,1792,0.04015054300072052,0.06184363684964805,0.3268952629875732
1793,1793,0.04017510900069965,0.06182765821846052,0.32685762913181843
1794,1794,0.04019904600068003,0.06181168795025162,0.3268200111509479
1795,1795,0.04021953400064149,0.061795726037617786,0.326782409033964
1796,1796,0.04025604300068153,0.06177977247316832,0.3267448227698828
1797,1797,0.04027659100069059,0.06176382724952529,0.32670725234773423
1798,1798,0.040307155000732564,0.06174789035932359,0.3266696977565621
1799,1799,0.040329814000756414,0.06173196179521079,0.3266321589854238
1800,1800,0.040365549000796364,0.06171604154984727,0.3265946360233904
1801,1801,0.04040295500078628,0.06170012961590593,0.3265571288595466
1802,1802,0.04042419100079542,0.06168422598607248,0.3265196374829908
1803,1803,0.04044742800078893,0.06166833065304515,0.32648216188283496
1804,1804,0.04046827300078348,0.061652443609534806,0.3264447020482048
1805,1805,0.04050084800081777,0.06163656484826477,0.32640725796823944
1806,1806,0.04052123900078186,0.061620694361970915,0.32636982963209143
1807,1807,0.040543651000746195,0.06160483214340168,0.3263324170289273
1808,1808,0.04056419100078301,0.06158897818531785,0.3262950201479264
1809,1809,0.04058449800078279,0.061573132480492655,0.32625763897828214
1810,1810,0.04060437300080366,0.061557295021711735,0.3262202735092011
1811,1811,0.040627937000749625,0.06154146580177304,0.3261829237299032
1812,1812,0.04066333300073666,0.06152564481348691,0.32614558962962203
1813,1813,0.04068535500073267,0.06150983204967588,0.3261082711976044
1814,1814,0.04070610500076555,0.06149402750317481,0.3260709684231104
1815,1815,0.040737115000752055,0.061478231166830814,0.32603368129541344
1816,1816,0.04076012200079049,0.06146244303350313,0.32599640980380046
1817,1817,0.04078274800076542,0.06144666309606314,0.3259591539375714
1818,1818,0.040813630000798184,0.06143089134739448,0.3259219136860397
1819,1819,0.04084544600084428,0.061415127780392806,0.32588468903853174
1820,1820,0.04087182300082759,0.0613993723879658,0.3258474799843874
1821,1821,0.040899123000826876,0.06138362516303328,0.32581028651295957
1822,1822,0.04092638000082616,0.06136788609852702,0.3257731086136144
1823,1823,0.0409755840008188,0.06135215518739079,0.32573594627573094
1824,1824,0.041003969000826146,0.061336432422580266,0.3256987994887018
1825,1825,0.0410542410008361,0.061320717797063114,0.3256616682419322
1826,1826,0.04109665100082793,0.06130501130381879,0.3256245525248407
1827,1827,0.04112537100081681,0.06128931293583873,0.3255874523268589
1828,1828,0.04116205600081457,0.06127362268612609,0.32555036763743117
1829,1829,0.041193082000802406,0.06125794054769586,0.32551329844601534
1830,1830,0.041225357000769236,0.06124226651357477,0.32547624474208176
1831,1831,0.041246948000775774,0.06122660057680134,0.325439206515114
1832,1832,0.041334156000800704,0.06121094273042578,0.3254021837546084
1833,1833,0.04135705800075584,0.06119529296750994,0.3253651764500743
1834,1834,0.04138109000075474,0.0611796512811273,0.32532818459103385
1835,1835,0.0414044850007258,0.061164017664363024,0.3252912081670223
1836,1836,0.041425497000716405,0.06114839211031384,0.3252542471675872
1837,1837,0.04146069700072985,0.061132774612088006,0.3252173015822897
1838,1838,0.04150745200070105,0.06111716516280532,0.3251803714007029
1839,1839,0.04154643100071098,0.06110156375559709,0.3251434566124133
1840,1840,0.041617557000733996,0.06108597038360609,0.32510655720701986
1841,1841,0.0416523060007421,0.061070385039986484,0.3250696731741343
1842,1842,0.04167694400075561,0.06105480771790396,0.325032804503381
1843,1843,0.041714222000734935,0.06103923841053549,0.3249959511843972
1844,1844,0.041735827000707104,0.06102367711106943,0.3249591132068327
1845,1845,0.04175893700067945,0.06100812381270545,0.3249222905603498
1846,1846,0.04179082900071762,0.060992578508654555,0.3248854832346237
1847,1847,0.041813614000773214,0.06097704119213893,0.32484869121934173
1848,1848,0.041834035000761105,0.06096151185639212,0.3248119145042043
1849,1849,0.041865123000775384,0.060945990494658805,0.32477515307892413
1850,1850,0.04190219700075204,0.06093047710019482,0.3247384069332265
1851,1851,0.041923964000716296,0.06091497166626726,0.324701676056849
1852,1852,0.041958697000666234,0.06089947418615421,0.3246649604395422
1853,1853,0.041979414000650195,0.060883984653144936,0.3246282600710684
1854,1854,0.0420135940006503,0.060868503060539786,0.32459157494120305
1855,1855,0.04206965700063847,0.06085302940165011,0.32455490503973355
1856,1856,0.042109618000665705,0.06083756366979827,0.3245182503564599
1857,1857,0.04213720500064255,0.06082210585831761,0.32448161088119437
1858,1858,0.04217026200063856,0.060806655960552514,0.32444498660376186
1859,1859,0.04219321600061221,0.06079121396985817,0.32440837751399904
1860,1860,0.04221363100060671,0.06077577987960076,0.3243717836017554
1861,1861,0.042233875000590615,0.060760353683157325,0.3243352048568926
1862,1862,0.04225442700055737,0.060744935373915704,0.3242986412692844
1863,1863,0.04228524500058484,0.06072952494527463,0.32426209282881685
1864,1864,0.04231278500060398,0.06071412239064358,0.32422555952538845
1865,1865,0.042335793000574995,0.0606987277034428,0.3241890413489096
1866,1866,0.042360876000600456,0.06068334087710332,0.32415253828930307
1867,1867,0.04239827300057186,0.060667961905066854,0.3241160503365037
1868,1868,0.042418937000547885,0.0606525907807858,0.32407957748045857
1869,1869,0.04245630700052061,0.06063722749772321,0.32404311971112665
1870,1870,0.04247669900053097,0.060621872049352744,0.3240066770184794
1871,1871,0.042512241000508766,0.060606524429158766,0.32397024939249985
1872,1872,0.042540105000512085,0.06059118463063609,0.3239338368231836
1873,1873,0.04257065200050647,0.06057585264729019,0.32389743930053777
1874,1874,0.04259309900049857,0.06056052847263702,0.3238610568145819
1875,1875,0.04261361700048383,0.060545212100203055,0.3238246893553475
1876,1876,0.042640600000481754,0.06052990352352518,0.3237883369128777
1877,1877,0.04266278000051216,0.060514602736150794,0.3237519994772278
1878,1878,0.04268317600053706,0.06049930973163773,0.3237156770384653
1879,1879,0.04271507600054747,0.06048402450355417,0.3236793695866691
1880,1880,0.04273590400055127,0.060468747045478694,0.3236430771119304
1881,1881,0.042772916000558325,0.06045347735100022,0.3236067996043519
1882,1882,0.042793873000562144,0.060438215413717966,0.3235705370540486
1883,1883,0.04282460800055787,0.06042296122724149,0.3235342894511469
1884,1884,0.042846930000507655,0.060407714785190525,0.32349805678578525
1885,1885,0.04288248800054362,0.060392476081195204,0.3234618390481137
1886,1886,0.04291975300048989,0.0603772451088957,0.32342563622829446
1887,1887,0.04295588100052328,0.06036202186194252,0.3233894483165009
1888,1888,0.04298967500051276,0.06034680633399622,0.3233532753029186
1889,1889,0.043019750000496515,0.06033159851872764,0.3233171171777446
1890,1890,0.04304866600051582,0.06031639840981754,0.32328097393118777
1891,1891,0.04307908100054192,0.06030120600095698,0.3232448455534685
1892,1892,0.0431040770005211,0.060286021285846945,0.323208732034819
1893,1893,0.043125153000517,0.0602708442581985,0.32317263336548296
1894,1894,0.04320762200052286,0.060255674911732726,0.32313654953571563
1895,1895,0.04323323400052459,0.06024051324018068,0.323100480535784
1896,1896,0.043259061000526344,0.06022535923728346,0.32306442635596666
1897,1897,0.04329112200053942,0.06021021289679203,0.32302838698655345
1898,1898,0.04331485900058851,0.060195074212467246,0.3229923624178461
1899,1899,0.043335196000612086,0.06017994317807999,0.3229563526401576
1900,1900,0.04335545100059335,0.06016481978741087,0.3229203576438126
1901,1901,0.04337553000061689,0.06014970403425037,0.32288437741914705
1902,1902,0.04339556300061531,0.060134595912398864,0.32284841195650826
1903,1903,0.043415764000656054,0.06011949541566646,0.32281246124625546
1904,1904,0.04343602200066243,0.06010440253787306,0.32277652527875883
1905,1905,0.04347902700067152,0.06008931727284832,0.3227406040443999
1906,1906,0.0435013020006636,0.06007423961443156,0.32270469753357195
1907,1907,0.04352970900066566,0.060059169556471906,0.32266880573667933
1908,1908,0.04355032600068398,0.06004410709282811,0.32263292864413784
1909,1909,0.04357089100068379,0.06002905221736849,0.3225970662463744
1910,1910,0.04359178400068231,0.06001400492397113,0.32256121853382747
1911,1911,0.043611774000680725,0.0599989652065237,0.3225253854969468
1912,1912,0.04363191500067387,0.05998393305892331,0.322489567126193
1913,1913,0.043652482000652526,0.059968908475076854,0.32245376341203824
1914,1914,0.04367263000062849,0.059953891448900516,0.3224179743449661
1915,1915,0.043692891000659984,0.059938881974320186,0.3223821999154709
1916,1916,0.0437130180006875,0.05992388004527114,0.32234644011405844
1917,1917,0.043733136000696504,0.0599088856556982,0.3223106949312455
1918,1918,0.04375538500073617,0.059893898799555534,0.3222749643575602
1919,1919,0.043775778000735954,0.05987891947080675,0.32223924838354157
1920,1920,0.04379579300069736,0.05986394766342495,0.3222035469997399
1921,1921,0.04381568700068783,0.059848983371392495,0.3221678601967165
1922,1922,0.04383608600073785,0.059834026588701114,0.32213218796504384
1923,1923,0.04385608800077989,0.05981907730935194,0.32209653029530516
1924,1924,0.043876219000765104,0.059804135527355314,0.32206088717809506
1925,1925,0.04389623400072651,0.05978920123673088,0.32202525860401887
1926,1926,0.04391617900074607,0.059774274431507644,0.3219896445636933
1927,1927,0.043957180000745666,0.059759355105723715,0.3219540450477455
1928,1928,0.043979440000725845,0.05974444325342646,0.321918460046814
1929,1929,0.044006974000694754,0.059729538868672466,0.32188288955154803
1930,1930,0.04402796300070122,0.059714641945527475,0.321847333552608
1931,1931,0.04404853000073672,0.05969975247806638,0.32181179204066485
1932,1932,0.044068765000702115,0.05968487046037316,0.32177626500640066
1933,1933,0.04408895400069923,0.05966999588654095,0.3217407524405083
1934,1934,0.04410923600073602,0.05965512875067198,0.3217052543336915
1935,1935,0.04412922800071328,0.05964026904687742,0.3216697706766648
1936,1936,0.0441489660007619,0.05962541676927766,0.3216343014601534
1937,1937,0.044169126000724646,0.05961057191200194,0.3215988466748938
1938,1938,0.04418908800067811,0.05959573446918857,0.3215634063116327
1939,1939,0.04420943000064881,0.05958090443498488,0.3215279803611275
1940,1940,0.04422940800066044,0.059566081803547034,0.32149256881414706
1941,1941,0.04424922800069453,0.05955126656904022,0.32145717166147014
1942,1942,0.04426927600070485,0.05953645872563846,0.32142178889388673
1943,1943,0.044289423000691386,0.059521658267524744,0.32138642050219723
1944,1944,0.044309313000667316,0.05950686518889085,0.3213510664772128
1945,1945,0.0443296910006552,0.05949207948393747,0.32131572680975534
1946,1946,0.044349978000695955,0.05947730114687402,0.3212804014906571
1947,1947,0.044382321000739466,0.05946253017191881,0.3212450905107613
1948,1948,0.04440299500072342,0.059447766553298906,0.32120979386092147
1949,1949,0.04443039700072404,0.059433010285250096,0.3211745115320017
1950,1950,0.04445890800070629,0.05941826136201694,0.3211392435148769
1951,1951,0.04448164200067595,0.05940351977785269,0.3211039898004322
1952,1952,0.04450223500066386,0.05938878552701931,0.3210687503795637
1953,1953,0.04452699300065888,0.059374058603787465,0.3210335252431774
1954,1954,0.04454806700067593,0.05935933900243643,0.3209983143821903
1955,1955,0.04457552100069506,0.059344626717254094,0.32096311778752956
1956,1956,0.04459901300066349,0.059329921742537046,0.320927935450133
1957,1957,0.04461972600068975,0.05931522407259033,0.3208927673609487
1958,1958,0.044639897000706696,0.059300533701727734,0.3208576135109352
1959,1959,0.04466009300068663,0.059285850624271434,0.32082247389106144
1960,1960,0.044698028000709655,0.05927117483455224,0.32078734849230695
1961,1961,0.04472082000074806,0.05925650632690946,0.32075223730566127
1962,1962,0.04474130900075579,0.05924184509569084,0.32071714032212456
1963,1963,0.04476177700075823,0.05922719113525259,0.3206820575327072
1964,1964,0.04478226500077653,0.05921254443995946,0.32064698892842974
1965,1965,0.044802268000751155,0.05919790500418457,0.3206119345003234
1966,1966,0.04482218100076807,0.05918327282230941,0.3205768942394293
1967,1967,0.04484230300079162,0.05916864788872393,0.320541868136799
1968,1968,0.044867468000802546,0.05915403019782639,0.3205068561834944
1969,1969,0.04488973600081181,0.05913941974402348,0.3204718583705873
1970,1970,0.04491149900076152,0.059124816521730086,0.32043687468916
1971,1971,0.04493197400074678,0.059110220525369586,0.3204019051303051
1972,1972,0.04495238200075846,0.05909563174937345,0.3203669496851248
1973,1973,0.044973195000750366,0.059081050188181564,0.32033200834473224
1974,1974,0.04499315400073556,0.05906647583624198,0.32029708110025
1975,1975,0.04501965800074004,0.05905190868801106,0.3202621679428112
1976,1976,0.045041560000754544,0.059037348737953285,0.32022726886355907
1977,1977,0.04506242500076496,0.05902279598054137,0.32019238385364673
1978,1978,0.0450830920007661,0.059008250410256244,0.32015751290423744
1979,1979,0.045103537000727556,0.05899371202158689,0.32012265600650464
1980,1980,0.045123919000729984,0.05897918080903054,0.3200878131516317
1981,1981,0.045144500000731114,0.05896465676709248,0.3200529843308119
1982,1982,0.04516530800071905,0.058950139890286045,0.3200181695352489
1983,1983,0.045185517000732034,0.058935630173132754,0.31998336875615596
1984,1984,0.04520549200071855,0.05892112761016212,0.31994858198475645
1985,1985,0.04522588900073288,0.05890663219591162,0.3199138092122839
1986,1986,0.045246537000707576,0.05889214392492691,0.31987905042998144
1987,1987,0.04526692900071794,0.058877662791761556,0.31984430562910243
1988,1988,0.045302481000703665,0.05886318879097708,0.3198095748009099
1989,1989,0.04532711200073436,0.058848721917143035,0.31977485793667676
1990,1990,0.04535261000069113,0.05883426216483688,0.31974015502768627
1991,1991,0.045390087000726,0.05881980952864399,0.319705466065231
1992,1992,0.04541131100069151,0.05880536400315766,0.31967079104061347
1993,1993,0.04543204900068076,0.058790925582979076,0.3196361299451463
1994,1994,0.0454531970006542,0.05877649426271726,0.31960148277015166
1995,1995,0.0454735160006976,0.058762070036989196,0.3195668495069617
1996,1996,0.04549377400070398,0.058747652900419514,0.31953223014691806
1997,1997,0.04551420600074607,0.05873324284764086,0.31949762468137266
1998,1998,0.04553407500071671,0.0587188398732935,0.3194630331016865
1999,1999,0.04555460200072048,0.058704443972025615,0.319428455399231
2000,2000,0.04557504100074539,0.058690055138493014,0.3193938915653868
