epoch,updates,time,train_loss,val_rmse
1,1,0.00012603899995156098,0.41296918750310035,0.7495280836534459
2,2,0.00016711599994323478,0.3711516914613928,0.7129948013995052
3,3,0.00020006499994451588,0.3411733401984982,0.6845869888075405
4,4,0.00023738199990930298,0.31743371957771926,0.6688474356258617
5,5,0.0002933759998882124,0.29727559303683143,0.6490376121682457
6,6,0.00033780299992258733,0.2799631563052952,0.6375640054244357
7,7,0.0003688729998998497,0.26483938486415803,0.6188738872824155
8,8,0.0003987009998809299,0.25157384915730074,0.6107157152303968
9,9,0.00042892599986998903,0.23985081768196795,0.5938855755648078
10,10,0.00045915499987359,0.2294681654776065,0.5880777956814709
11,11,0.000489537999840195,0.2202306579711728,0.572974080853583
12,12,0.0005188089998000578,0.2119988158945434,0.5689459855347997
13,13,0.0005792619998032933,0.20463668004274904,0.5554246227882291
14,14,0.000611915999854773,0.1980430942569412,0.552755316920216
15,15,0.0006443339998440933,0.19211833697327355,0.5406378678482404
16,16,0.0006749879998437791,0.1867873670530219,0.5390084562866017
17,17,0.0007049559998222321,0.1819751873779038,0.5281185722174795
18,18,0.000735237999833771,0.17762544000628194,0.527283678217961
19,19,0.000764896999839948,0.17368089281363505,0.5174592834397593
20,20,0.0007943149998368426,0.17009888231286435,0.5172292636759966
21,21,0.0008241499998575819,0.16683529365376243,0.5083262814241553
22,22,0.0008543639998492836,0.16385764285735555,0.508554725008417
23,23,0.0008848659998079711,0.1611316652694416,0.5004472775562151
24,24,0.0009143449998418873,0.15863251267457493,0.5010215357559041
25,25,0.0009441299998798058,0.15633340482621297,0.4936006818389565
26,26,0.000973381999870071,0.15421525745490078,0.4944344953679012
27,27,0.0010031449999132747,0.15225702762702564,0.4876064998750061
28,28,0.0010327219999339832,0.15044400223922882,0.48863416727643516
29,29,0.0010620219999282199,0.14875956710921237,0.48231868625964236
30,30,0.0010910699999158169,0.14719233601501258,0.4834904350024407
31,31,0.0011524489999601428,0.145729132909773,0.4776187813385322
32,32,0.0011851989999627222,0.14436111129795454,0.4788971012859426
33,33,0.001229559999956109,0.14307777709368816,0.4734106552769531
34,34,0.0012608459999228216,0.14187222796748863,0.47476741094888564
35,35,0.0012910449999594675,0.14073607074262887,0.46961619741932653
36,36,0.0013206789999458124,0.13966389542350058,0.4710303706341243
37,37,0.0013509849999877588,0.13864896083684816,0.46617180387694224
38,38,0.001383426000018062,0.13768700579530047,0.4676277438714166
39,39,0.0014130480000176249,0.1367725927495475,0.46302553224118953
40,40,0.0014423620000343362,0.13590234764926148,0.4645116108235727
41,41,0.0014719260000219947,0.13507186516473862,0.46013480834782694
42,42,0.0015174580000234528,0.13427845869284247,0.46164239506124194
43,43,0.001551299000027484,0.13351854297870802,0.4574645857052597
44,44,0.0015809189999913542,0.13278996617175057,0.4589872731330134
45,45,0.001610464000009415,0.1320897967713385,0.4549858730574999
46,46,0.0016427570000132619,0.1314163006552011,0.45651889557351755
47,47,0.001679161000026852,0.1307670693215939,0.4526745591986954
48,48,0.0017183910000539981,0.13014069645553641,0.4542143597816356
49,49,0.001748986000052355,0.12953519348623335,0.4505104763470401
50,50,0.001781204000053549,0.12894941260391973,0.45205438563459627
51,51,0.0018113100000505256,0.12838170371067253,0.4484766540186433
52,52,0.0018983520000688259,0.1278311239096999,0.45002265370204503
53,53,0.0019332460000782703,0.12729629702160464,0.44655872442680733
54,54,0.0019647170000780534,0.12677644346237107,0.44810527353012486
55,55,0.0019951620000711046,0.12627040966569603,0.4447444480588187
56,56,0.002024354000070616,0.12577754693509785,0.4462903557938788
57,57,0.0020538260000648734,0.1252968834161037,0.443023334389019
58,58,0.0020855350000488215,0.12482787591301242,0.44456766731616687
59,59,0.0021308910000357173,0.12436970156799595,0.4413863378355229
60,60,0.002175049000072704,0.12392190271553831,0.44292835218195564
61,61,0.0022349190000454655,0.12348377923344654,0.4398256132259279
62,62,0.0022884650000492,0.12305494319796521,0.4413647055921482
63,63,0.002332482000042546,0.12263479606176819,0.4383343183653542
64,64,0.002363263000063398,0.12222300709604576,0.4398699898412665
65,65,0.002393622000056439,0.12181906220810244,0.4369064539445213
66,66,0.002436145000046963,0.12142267784018373,0.4384382839912292
67,67,0.0024664470000743677,0.12103341044404775,0.4355367331147152
68,68,0.002513138000097115,0.1206510155813122,0.4370643605539805
69,69,0.00256035000012389,0.1202751088963021,0.43422047469982805
70,70,0.002592574000118475,0.1199054785671808,0.43574358387649803
71,71,0.0026225030001114646,0.11954179012485026,0.4329535153042666
72,72,0.0026519080001321527,0.11918385908346653,0.4344718260148854
73,73,0.0026815580001198214,0.11883139319678183,0.431732136583943
74,74,0.002711082000132592,0.11848423100377226,0.43324539674860557
75,75,0.0027402350001466402,0.118142116140871,0.4305530047358639
76,76,0.002799135000145725,0.1178049066334582,0.4320609850688256
77,77,0.002831662000119195,0.11747237673169987,0.4294131198779304
78,78,0.0028743740001573315,0.11714440102819047,0.4309156100142995
79,79,0.002916335000179515,0.11682077998870426,0.4283097734723036
80,80,0.0029583810002122846,0.1165014023526618,0.4298065791544718
81,81,0.0029923990002203027,0.11618609111444844,0.4272405123228211
82,82,0.0030260070002441353,0.11587474714382615,0.4287314533565354
83,83,0.0030595940002626776,0.11556721286018501,0.4262031079726876
84,84,0.003089890000296691,0.11526339957590281,0.42768801674000195
85,85,0.0031449620003058953,0.11496316651257261,0.4251955305610766
86,86,0.003189488000316487,0.11466643400642393,0.4266742509339045
87,87,0.0035924080003155723,0.11437307585651878,0.42421592638042854
88,88,0.0036465530002942614,0.11408302022531096,0.4256883129198123
89,89,0.0037813470003129623,0.11379615359563684,0.42326259852097514
90,90,0.003853393000269989,0.11351241094124073,0.42472851587766036
91,91,0.003891079000254649,0.11323168981152872,0.422333990103811
92,92,0.0039226470002518,0.11295393112823625,0.42379331255823
93,93,0.0041697060002547914,0.11267904212202129,0.4214286696951954
94,94,0.004207851000217033,0.11240696892572621,0.4228812807916623
95,95,0.004266523000239886,0.1121376272611903,0.4205453185677697
96,96,0.0043051590002392,0.11187096784131269,0.42199111081011265
97,97,0.00433749300020736,0.11160691385405255,0.4196827195329476
98,98,0.004369010000232265,0.11134542005027309,0.42112159411806227
99,99,0.004400059000261081,0.11108641619893218,0.4188397471159323
100,100,0.004430592000289835,0.11082986062181793,0.42027161368864624
101,101,0.0045240560003207975,0.11057568890283051,0.418015358883016
102,102,0.004593281000325078,0.11032386253118913,0.41944013530079677
103,103,0.004646836000290477,0.11007432224128887,0.4172085877618757
104,104,0.00469380200024716,0.10982703234026496,0.4186261998617371
105,105,0.004745462000244061,0.10958193813551263,0.41641853522094924
106,106,0.0047760050002807475,0.10933900644856197,0.4178289165837299
107,107,0.004806336000228839,0.10909818665691377,0.41564436519480114
108,108,0.004847551000182193,0.10885944783227407,0.41704745690405076
109,109,0.004881860000182314,0.10862274298350796,0.4148852986595465
110,110,0.004912451000166129,0.10838804320195196,0.41628104905374713
111,111,0.004942751000157841,0.10815530474438262,0.41414060877662623
112,112,0.004984387000149582,0.10792450052014405,0.41552897319452686
113,113,0.005017015000134961,0.10769558969821412,0.4134096165350565
114,114,0.005056044000184556,0.10746854682922237,0.41479055705462303
115,115,0.005095968000148332,0.1072433336999396,0.412691686832163
116,116,0.005126994000193008,0.10701992634704247,0.4140651720041231
117,117,0.005169019000220487,0.10679828891647704,0.4119862249411144
118,118,0.005202171000235012,0.10657839879430321,0.4133522295183642
119,119,0.0052319860002398855,0.10636022225808817,0.411292673320566
120,120,0.005262035000271226,0.10614373792270108,0.41265117798485884
121,121,0.005292005000228528,0.10592891399677574,0.41061050872765
122,122,0.005321914000205652,0.10571573021738039,0.41196149981504054
123,123,0.0053513070001827145,0.10550415654716157,0.40993923960058354
124,124,0.005381197000190241,0.10529417375091568,0.4112827088270779
125,125,0.005410511000150109,0.10508575338872954,0.4092784036814574
126,126,0.005453279000164457,0.1048788771692286,0.4106143478702532
127,127,0.0054992770001263125,0.10467351811123968,0.40862756585344706
128,128,0.005532029000164584,0.10446965879254025,0.40995598666504357
129,129,0.005582059000175832,0.10426727356761122,0.4079863161698449
130,130,0.005640292000180125,0.1040663458167617,0.40930721983618057
131,131,0.005680135000147857,0.10386685112069909,0.40735426805503144
132,132,0.005712419000133195,0.10366877360269472,0.4086676651186742
133,133,0.005774925000139319,0.10347208997221526,0.40673105665985876
134,134,0.0058059930001377325,0.10327678504210458,0.40803696171913567
135,135,0.005835991000139984,0.10308283656360749,0.40611633735595454
136,136,0.0058661440001515075,0.10289022999117556,0.40741476881677446
137,137,0.005895467000129884,0.10269894404005482,0.40550978435523216
138,138,0.0059268990001442035,0.10250896476310982,0.4068007641902227
139,139,0.005956214000150339,0.10232027176989887,0.40491108944243126
140,140,0.005985504000136643,0.10213285167270535,0.40619464295789043
141,141,0.006014213000128166,0.10194668491282685,0.4043199608098695
142,142,0.0060436090001303455,0.10176175862667722,0.4055961164209174
143,143,0.006084830000133934,0.10157805403098814,0.4037361219847615
144,144,0.0061155650001296635,0.10139555875428966,0.4050049109989764
145,145,0.006170271000144112,0.10121425473797077,0.4031593108405043
146,146,0.006217103000096813,0.10103413007356112,0.4044207672502301
147,147,0.006258646000105728,0.10085516738121202,0.40258927868423633
148,148,0.006292487000052915,0.1006773551889055,0.4038434389676699
149,149,0.006346294000024955,0.10050067675397704,0.40202578941378353
150,150,0.006382006000023921,0.10032512101659578,0.4032726923448754
151,151,0.006413548000011815,0.10015067183352562,0.4014686187378168
152,152,0.00645556699998906,0.09997731853488812,0.40270830520495354
153,153,0.006489447000035398,0.09980504554250942,0.40091755345367036
154,154,0.006520833000024595,0.09963384255603946,0.4021500662870571
155,155,0.006551414999989902,0.09946369453101023,0.4003723907778299
156,156,0.006582209999976385,0.09929459151779292,0.40159777458543977
157,157,0.006612357999983942,0.09912651897694646,0.3998329377245924
158,158,0.006649387999971168,0.09895946729220362,0.40105123873651644
159,159,0.006688499000006232,0.09879342240285625,0.3992990105288398
160,160,0.006732677000002241,0.0986283750099371,0.4005102764498339
161,161,0.0067642640000258325,0.09846431150730545,0.39877043410925733
162,162,0.006798703000015394,0.09830122289839885,0.3999747139792612
163,163,0.006828820000009728,0.0981390960093809,0.3982470415686806
164,164,0.006864454999970349,0.09797792213224969,0.39944438563106216
165,165,0.006895195999959469,0.09781768850491385,0.3977286737285641
166,166,0.0069416439999372415,0.09765838669503588,0.39891913330582623
167,167,0.0069908269999814365,0.09750000433323859,0.3972151786948436
168,168,0.007022094999967976,0.09734253325081087,0.39839880607152073
169,169,0.007052769999972952,0.09718596145343275,0.3967064114527156
170,170,0.007087502999979733,0.0970302810247592,0.3978832597651802
171,171,0.007117321000009724,0.0968754803291081,0.3962022334880801
172,172,0.007182506999981797,0.096721551691947,0.39737235662097325
173,173,0.007224485999984154,0.09656848382092888,0.39570251243359544
174,174,0.007257333999973525,0.09641626927342398,0.39686596492259646
175,175,0.00729947499996797,0.09626489708612797,0.3952071217374736
176,176,0.007332305999966593,0.09611436003899124,0.39636395867812274
177,177,0.007368517999964297,0.09596464748437483,0.39471594035331053
178,178,0.0074040549999381255,0.09581575241602464,0.39586621731560256
179,179,0.0074345499999139975,0.09566766448942114,0.39422885244938916
180,180,0.007465098999944075,0.09552037690381372,0.3953726253978597
181,181,0.007497850999925504,0.09537387960601304,0.39374574713602867
182,182,0.007528167999964808,0.09522816599293321,0.39488307235506126
183,183,0.0075698269999406875,0.09508322629161615,0.3932665182096737
184,184,0.007603751999909036,0.09493905408921897,0.39439745223376116
185,185,0.007652842999902987,0.09479563988254688,0.39279106391252383
186,186,0.007702132999895639,0.09465297744196371,0.393915663461227
187,187,0.00774611999992203,0.09451105752414843,0.39231928670660426
188,188,0.007788655999945604,0.09436987407599148,0.39343760862395766
189,189,0.007822168999950918,0.0942294181046868,0.39185109306126686
190,190,0.007852567999918847,0.09408968372730188,0.3929631942593914
191,191,0.007895436999888261,0.09395066219267588,0.3913863932531934
192,192,0.007925845999864123,0.09381234778201049,0.3924923306598828
193,193,0.007955761999880906,0.09367473197737106,0.39092510117804424
194,194,0.007998707999888666,0.09353780921833645,0.39202493168810393
195,195,0.008029501999942568,0.09340157121219599,0.39046713417296547
196,196,0.008358900999951402,0.0932660125514152,0.39156091460309056
197,197,0.00841529199993829,0.09313112516089096,0.390012412849228
198,198,0.008468102999927396,0.09299690378073404,0.3911001998962155
199,199,0.00852581099991312,0.09286334054619118,0.38956086093432574
200,200,0.008575201999917681,0.09273043034000994,0.3906427111364284
201,201,0.008650109999905453,0.0925981655008625,0.3891124051229161
202,202,0.00870967499992048,0.09246654104934367,0.3901883748241503
203,203,0.008803485999919758,0.09233554952093737,0.3886669749360266
204,204,0.008848220999936984,0.09220518606950116,0.38973712025326085
205,205,0.008883623999963675,0.09207544342100767,0.3882245025879993
206,206,0.008929391999970449,0.0919463168581862,0.38928887938065276
207,207,0.008961227999975563,0.09181779929144619,0.3877849228606795
208,208,0.008993846999999278,0.09168988612817985,0.38884358670287505
209,209,0.009023877000004177,0.09156257045743649,0.3873481729843963
210,210,0.009053643000015654,0.09143584780723417,0.38840117913941397
211,211,0.009087824000062028,0.09130971143970433,0.3869141925253082
212,212,0.009130086000027404,0.09118415699961605,0.38796159592219975
213,213,0.009163531000069725,0.09105917791685013,0.3864829232787245
214,214,0.009193371000037587,0.09093476994920595,0.38752477849095224
215,215,0.009223625000004176,0.09081092668919286,0.3860543091680371
216,216,0.009261057999992772,0.09068764400406511,0.38709067039400996
217,217,0.009319504999950823,0.09056491564404001,0.3856282961489218
218,218,0.009353764999957548,0.09044273758238967,0.3866592171943085
219,219,0.00938558899997588,0.09032110372230771,0.38520483211849565
220,220,0.009416049999970255,0.09020001013977824,0.38623036638020153
221,221,0.009446636999996372,0.09007945088641889,0.38478386682913485
222,222,0.009476718999962941,0.08995942213774438,0.38580406728083444
223,223,0.009520239999972091,0.08983991808941366,0.3843653518066799
224,224,0.009559501999945041,0.0897209350134096,0.38538027098580535
225,225,0.009606673999940085,0.08960246724521084,0.3839492402727723
226,226,0.009637797999971554,0.0894845111503191,0.3849589302688618
227,227,0.00966768600000023,0.08936706119996383,0.38353548707108387
228,228,0.009696915000006356,0.0892501138503242,0.38453999951540074
229,229,0.009726337000017793,0.08913366370445755,0.38312404859721666
230,230,0.00975579900006096,0.08901770730648154,0.3841234346535546
231,231,0.009785568000040712,0.08890223938749726,0.38271488273206444
232,232,0.009815349000064089,0.08878725657692028,0.3837091930886605
233,233,0.009871133000103782,0.08867275373024339,0.38230794877844226
234,234,0.009906025000077534,0.08855872755963352,0.38329723364092183
235,235,0.00993802900012497,0.08844517304144905,0.3819032074008
236,236,0.009982570000147462,0.08833208696815159,0.38288751648608477
237,237,0.010015724000140835,0.08821946443355975,0.38150062056785217
238,238,0.010046505000104844,0.08810730230805879,0.3824800030989642
239,239,0.010076451000088582,0.08799559579963744,0.3811001514979605
240,240,0.010106852000092204,0.08788434185431603,0.38207465619966235
241,241,0.010136017000093034,0.08777353579107341,0.3807017646071235
242,242,0.010174637000091025,0.08766317462935516,0.38167143970233436
243,243,0.010218039000108092,0.08755325379605597,0.38030542545942925
244,244,0.01024928700013561,0.0874437703819125,0.3812703186663633
245,245,0.01032908000019006,0.08733471991876206,0.37991110071984124
246,246,0.010368608000192125,0.08722609956657058,0.3808712592498179
247,247,0.010401475000207938,0.08711790495924182,0.3795187581091924
248,248,0.010440195000228414,0.08701013332397885,0.3804742286650699
249,249,0.010485582000228533,0.08690278039396895,0.37912836636127234
250,250,0.010520793000239337,0.0867958434617268,0.38007919513645905
251,251,0.010567852000235689,0.08668931835702944,0.37873989518189705
252,252,0.01065092900023501,0.08658320243584194,0.37968612785989897
253,253,0.010690194000233078,0.08647749162192335,0.3783533152098584
254,254,0.010726336000232095,0.08637218333288946,0.37929499696432356
255,255,0.010762716000215278,0.08626727358395621,0.3779685979796568
256,256,0.010801307000235738,0.08616275985264958,0.37890577347487914
257,257,0.010861033000253428,0.08605863824319628,0.37758571588592676
258,258,0.010938488000249436,0.08595490629134937,0.37851842927777396
259,259,0.010976711000239447,0.0858515601879769,0.37720464214946675
260,260,0.011012625000262233,0.08574859752543024,0.3781329370867015
261,261,0.011043540000230223,0.08564601457892274,0.3768253507847956
262,262,0.011078068000244912,0.08554380899582811,0.3777492704107572
263,263,0.01110876100023006,0.08544197713348005,0.37644781656915716
264,264,0.011146253000219986,0.08534051669274946,0.3773674035237768
265,265,0.011188440000239552,0.08523942411093337,0.37607201501290055
266,266,0.01121957400022211,0.0851386971409235,0.3769873114350234
267,267,0.011249294000265309,0.0850383322978891,0.37569792233117044
268,268,0.011290313000301921,0.0849383273853136,0.3766089698611583
269,269,0.011323441000286039,0.08483867899421058,0.37532551541684067
270,270,0.011353764000318733,0.08473938497727126,0.37623235519943266
271,271,0.011393265000322117,0.08464044199938686,0.37495477181463177
272,272,0.011455271000329503,0.08454184796111645,0.3758574445020414
273,273,0.011500616000319042,0.08444359959932114,0.37458566969635443
274,274,0.0115450250003164,0.08434569486112954,0.37548421545158156
275,275,0.01157571400034385,0.0842481305535221,0.3742181878372254
276,276,0.011632495000299059,0.08415090466893964,0.3751126463375651
277,277,0.011667909000323107,0.08405401408268594,0.37385230559320354
278,278,0.011701224000319144,0.08395745683129592,0.37474271603393294
279,279,0.011731451000343895,0.08386122985665392,0.37348800287929856
280,280,0.011761569000327654,0.08376533123820833,0.37437440397752486
281,281,0.011795690000326431,0.08366975798273273,0.3731252601488046
282,282,0.011846519000357603,0.0835745082114449,0.3740076901474601
283,283,0.011902079000378762,0.08347957899436556,0.3727640583734178
284,284,0.011936598000374943,0.08338496849337314,0.3736425550453853
285,285,0.01199293100040677,0.08329067384014135,0.37240437902419393
286,286,0.012027632000410904,0.08319669323613436,0.3732789796765498
287,287,0.01205941700038693,0.08310302387313087,0.3720462040533084
288,288,0.012111138000364008,0.08300966399113865,0.3729169455316714
289,289,0.012158784000348533,0.0829166108405384,0.3716895158765813
290,290,0.012214694000306281,0.08282386269887093,0.37255643456955295
291,291,0.012245750000261069,0.08273141687365876,0.3713342973567316
292,292,0.012295251000239205,0.08263927167899589,0.37219742920041987
293,293,0.012326017000248157,0.08254742447812871,0.37098053178732887
294,294,0.01235618700025043,0.08245587362075388,0.37183991226994206
295,295,0.012399439000262191,0.08236461652446388,0.37062820287740744
296,296,0.012455580000278133,0.08227365157363613,0.3714838670439112
297,297,0.012487040000280558,0.08218297623887082,0.3702772947367172
298,298,0.012539989000288188,0.08209258893833157,0.3711292771935431
299,299,0.012595142000293436,0.08200248719432558,0.36992779186157854
300,300,0.012637487000290548,0.08191266945793499,0.37077612678137817
301,301,0.012670997000327588,0.08182313330191017,0.3695796791213167
302,302,0.0127211730003296,0.08173387720940947,0.3704244002477519
303,303,0.012790464000318025,0.08164489880239786,0.369232941745248
304,304,0.012824198000316755,0.081556196595293,0.370074082397811
305,305,0.012866082000300594,0.0814677682580803,0.36888756531019556
306,306,0.01289989000025571,0.08137961233564334,0.36972515838905073
307,307,0.012930275000258007,0.08129172654482714,0.368543535728508
308,308,0.012969970000256126,0.08120410946021142,0.36937761371935146
309,309,0.013003264000246872,0.08111675884437218,0.36820083923656155
310,310,0.013053704000242305,0.08102967330083774,0.36903143421549073
311,311,0.013133275000257072,0.0809428506368177,0.3678594623837235
312,312,0.013180504000274595,0.08085628948406323,0.36868660602211184
313,313,0.013218340000264561,0.08076998769335042,0.3675193920217559
314,314,0.013263025000242123,0.08068394392394856,0.3683431155911281
315,315,0.013298425000243697,0.0805981560691625,0.3671806152946421
316,316,0.013329442000213021,0.08051262281509515,0.36800094967154456
317,317,0.013360128000215354,0.0804273420965705,0.3668431196288158
318,318,0.013390777000211074,0.08034231262586074,0.36766009529967913
319,319,0.013421448000201508,0.08025753237832697,0.366506892723777
320,320,0.013451494000207731,0.0801730000917648,0.3673205397897654
321,321,0.013481966000199463,0.08008871378111743,0.36617192254307696
322,322,0.01351143200020033,0.08000467220907656,0.36698227072492146
323,323,0.0135542050001618,0.07992087342923815,0.3658381973056572
324,324,0.013585132000173417,0.07983731622858056,0.36664527594846896
325,325,0.01362535100020068,0.07975399869844818,0.365505705477526
326,326,0.01366513200019881,0.07967091964951402,0.36630954355558815
327,327,0.01369724800019867,0.07958807720999074,0.36517443576376024
328,328,0.01372850600023412,0.07950547021367066,0.3659750618852927
329,329,0.013770061000229816,0.07942309682477826,0.3648443771008169
330,330,0.013802693000229738,0.07934095589966599,0.365641819512714
331,331,0.013839234000215583,0.07925904563773664,0.36451551864914195
332,332,0.013884675000269908,0.07917736491735912,0.36530980524167883
333,333,0.01393349900024532,0.07909591197230317,0.3641878497860631
334,334,0.01398130600028935,0.07901468570242573,0.36497900809757067
335,335,0.01401311200032751,0.07893368437507382,0.3638613600989572
336,336,0.01406269400030169,0.07885290691107873,0.3646494173204607
337,337,0.014109319000283449,0.07877235161059547,0.3635360393786764
338,338,0.014141092000272693,0.07869201741493041,0.3643210223584991
339,339,0.01421091800028762,0.0786119026562979,0.3632118776132273
340,340,0.014246133000256123,0.07853200629599374,0.3639938128615546
341,341,0.014277375000233405,0.07845232669756246,0.3628888649816877
342,342,0.01430871500019748,0.0783728628418169,0.3636677786750929
343,343,0.01435952700018106,0.07829361312292196,0.36256699184835506
344,344,0.014408549000165749,0.07821457654074823,0.3633429098342837
345,345,0.014443617000154063,0.07813575151938935,0.36224624875711475
346,346,0.014487477000159288,0.07805713707732681,0.36301919655832626
347,347,0.014518756000143185,0.07797873166790965,0.3619266264260197
348,348,0.014548761000128252,0.0779005343277956,0.36269662924498686
349,349,0.01459146600012673,0.07782254353893292,0.36160811574207297
350,350,0.014627382000128364,0.07774475835573294,0.3623751984653366
351,351,0.014658124000106909,0.07766717728810388,0.36129070775620475
352,352,0.01470843200007721,0.0775897994077992,0.36205489495868354
353,353,0.014750278000121853,0.07751262325206451,0.3609743936784357
354,354,0.014795847000129925,0.0774356479095951,0.36173570962769014
355,355,0.014827162000131011,0.07735887194436722,0.3606591648732188
356,356,0.014863096000112819,0.07728229446162838,0.36141763353366974
357,357,0.014910114000088015,0.07720591405149427,0.36034501285495385
358,358,0.014960259000133647,0.07712972983538552,0.36110065789205287
359,359,0.015008777000105056,0.07705374042898096,0.3600319292836656
360,360,0.015057634000129383,0.07697794496950547,0.3607847740680189
361,361,0.01509377000013501,0.07690234209763952,0.35971990596084014
362,362,0.015139506000139136,0.0768269309660528,0.3604699735722844
363,363,0.015184514000168292,0.07675171023988021,0.3594089348254128
364,364,0.015239271000154986,0.07667667908688658,0.3601562480570436
365,365,0.0152887370001622,0.07660183619612759,0.3590990079499023
366,366,0.015330969000160621,0.07652718075012284,0.3598435893120536
367,367,0.015376684000159457,0.07645271146132859,0.3587901175366835
368,368,0.015424258000166446,0.07637842752668768,0.3595319892608592
369,369,0.015472913000166955,0.0763043276815499,0.358482255914395
370,370,0.015521611000167468,0.0762304111369584,0.359221439957152
371,371,0.015568308000126763,0.07615667665066225,0.3581754155344748
372,372,0.015616467000086232,0.07608312344749026,0.3589119335812574
373,373,0.01566222300004938,0.07600975030710876,0.35786958896782084
374,374,0.015710520000084216,0.07593655646782604,0.35860346243674657
375,375,0.01574564500009501,0.07586354073075535,0.35756476890156846
376,376,0.015858765000075437,0.07579070234738625,0.3582960189471658
377,377,0.0159015250000607,0.07571804013982047,0.35726094813598347
378,378,0.01595245200002182,0.07564555337243822,0.35798959565288047
379,379,0.016002063000030375,0.07557324088788228,0.3569581195814636
380,380,0.01603985899998861,0.0755011019631404,0.357684185208029
381,381,0.016074441999990086,0.07542913546096046,0.35665627625564605
382,382,0.016118515000016487,0.07535734067066163,0.3573797803775819
383,383,0.016168451999988065,0.07528571647467133,0.35635541128061515
384,384,0.01622389099998145,0.07521426217437154,0.35707637403450154
385,385,0.01627439899999672,0.07514297667145384,0.3560555178802077
386,386,0.016309534000015447,0.07507185927910097,0.35677395915700033
387,387,0.016358326000045054,0.07500090891786385,0.355756589377412
388,388,0.016407118000017817,0.07493012491247061,0.3564725288258915
389,389,0.016438419999985854,0.07485950620193611,0.355458619191855
390,390,0.016471890999980587,0.07478905212228502,0.35617207622202995
391,391,0.016502549999927396,0.07471876163061063,0.35516160083737763
392,392,0.01653554699993265,0.0746486340739914,0.35587259462384013
393,393,0.01657035099992754,0.07457866842722267,0.3548655279196913
394,394,0.01661611399993035,0.07450886404820022,0.35557407740492686
395,395,0.01668217199994615,0.07443921992905402,0.35457039413411473
396,396,0.01672349099993653,0.07436973543826661,0.35527651803176546
397,397,0.016756216999965545,0.07430040958494406,0.3542761932633871
398,398,0.016787523999937548,0.0742312417479308,0.3549799100614696
399,399,0.01681792099998347,0.07416223095295904,0.35398291917555536
400,400,0.01684881799997129,0.07409337658901578,0.35468424713963287
401,401,0.016888653999956205,0.07402467769811766,0.35369056582193104
402,402,0.016926184999931593,0.07395613367918052,0.3543895229982412
403,403,0.01695812299993804,0.07388774359017185,0.35339912723511646
404,404,0.01698992199993654,0.07381950683972774,0.35409573145365414
405,405,0.0170202989999666,0.07375142250144083,0.3531085975270951
406,406,0.017063780999933442,0.07368348999346398,0.3538028664046518
407,407,0.017104912999968747,0.07361570840469708,0.35281897088738673
408,408,0.017158478999988347,0.07354807716261129,0.35351092183054506
409,409,0.017207807999966462,0.07348059537110316,0.3525302415812602
410,410,0.017250031999992643,0.07341326246676859,0.35321989178934726
411,411,0.017280937000009544,0.0733460775681975,0.35224240394800727
412,412,0.01731632600001376,0.07327904012092161,0.35292977041600365
413,413,0.017347282000002906,0.0732121492579281,0.3519554523992714
414,414,0.017379352000034487,0.0731454044335001,0.35264055192067845
415,415,0.01740980300002093,0.07307880479473279,0.3516693814174294
416,416,0.01743947800002843,0.07301234980448097,0.3523522305870955
417,417,0.017469773000016176,0.072946038623665,0.35138418555402734
418,418,0.017499573999998574,0.07287987072353591,0.35206480077093155
419,419,0.017529410999998163,0.07281384527856333,0.35109985942826355
420,420,0.01755922699999246,0.07274796176822301,0.3517782568982599
421,421,0.017589232999966953,0.07268221938026416,0.35081639772552203
422,422,0.017619592000016837,0.07261661760222016,0.35149259346404294
423,423,0.017678354999986823,0.07255115563485627,0.350533795195951
424,424,0.01776126499999009,0.07248583297360017,0.35120780503067023
425,425,0.01779456899998877,0.0724206488319757,0.35025204665308574
426,426,0.017829892999998265,0.07235560271314569,0.3509238862265436
427,427,0.017861076999963643,0.07229069384314071,0.34997114697251536
428,428,0.017891872999996394,0.07222592173270317,0.35064083174470384
429,429,0.017927359999987402,0.07216128562012479,0.34969109109058977
430,430,0.017958095999972556,0.0720967850235754,0.35035863634150016
431,431,0.017988255999966896,0.07203241919336749,0.3494118740031668
432,432,0.01803043299997853,0.0719681876549502,0.3500772948352992
433,433,0.018070674999989933,0.07190408967042185,0.3491334907643981
434,434,0.018119481999974596,0.07184012477236593,0.34979680210523345
435,435,0.01815938999999389,0.07177629223443713,0.34885593648555085
436,436,0.01821463899995024,0.07171259159621189,0.34951715308998693
437,437,0.01827092699994637,0.0716490221426767,0.3485792063338663
438,438,0.018316112999912093,0.0715855834202627,0.34923834278661664
439,439,0.018361914999900364,0.07152227472506893,0.3483032955314511
440,440,0.01840814199988472,0.07145909561024633,0.34896036624940857
441,441,0.018464184999857025,0.07139604538279186,0.34802819935420326
442,442,0.0185099489999061,0.07133312360244441,0.3486832185887682
443,443,0.018566246999910163,0.07127032958688916,0.34775391313076776
444,444,0.018616365999946538,0.07120766290232419,0.3484068949701416
445,445,0.01865529599990623,0.07114512287691782,0.34748043224152536
446,446,0.01871393899995155,0.07108270908320141,0.34813139061296955
447,447,0.018802723999954196,0.07102042085962594,0.34720775211760846
448,448,0.01883738899994114,0.070958257784933,0.34785670078966974
449,449,0.0188687329999766,0.07089621920766016,0.34693586823994726
450,450,0.018907145999946806,0.07083430471263913,0.34758282082464975
451,451,0.018944934999922225,0.07077251365830223,0.3466647761383424
452,452,0.018984536999937518,0.07071084563545388,0.3473097460933465
453,453,0.019028874999889922,0.0706493000122335,0.3463944713905639
454,454,0.019078054999909,0.07058787638530348,0.34703747202129337
455,455,0.019126191999873754,0.07052657413232681,0.3461249496214767
456,456,0.01918303299987656,0.07046539285571177,0.3467659940832131
457,457,0.019242906999920706,0.07040433194246536,0.34585620650218946
458,458,0.019324893999908,0.07034339100063199,0.346495307802136
459,459,0.019361486999855515,0.07028256942638723,0.345588237749228
460,460,0.019393377999847417,0.07022186683330438,0.3462254087485414
461,461,0.01944466399987732,0.07016128262655574,0.34532103912373135
462,462,0.0194762909998758,0.07010081642513874,0.34595629253952437
463,463,0.01951225599987083,0.0700404676430543,0.34505460643066993
464,464,0.01954544699987082,0.06998023590462162,0.34568795483798265
465,465,0.01959624199986365,0.06992012063250559,0.34478893551808454
466,466,0.01963609499989616,0.06986012145624705,0.34542039135182706
467,467,0.01968544199991129,0.06980023780701411,0.3445240222763471
468,468,0.01972821999993357,0.06974046931947107,0.3451535978332125
469,469,0.01976117599991767,0.06968081543313172,0.34425986263743985
470,470,0.019801172999905248,0.06962127578768824,0.34488757007778853
471,471,0.01984320899987324,0.06956184983084587,0.3439964525742549
472,472,0.019875892999891676,0.06950253720723087,0.3446223039239706
473,473,0.0199113869998655,0.06944333737258919,0.34373378809991106
474,474,0.01996154199986222,0.0693842499763895,0.3443577952522294
475,475,0.0200100119998865,0.06932527448227076,0.3434718652670902
476,476,0.02004333299987593,0.06926641054445451,0.3440940399843992
477,477,0.02007636799987722,0.06920765763432811,0.34321068016738887
478,478,0.02012567599990689,0.06914901541077827,0.34383103408300303
479,479,0.020175871999924766,0.06909048335279926,0.3429502289306883
480,480,0.02020749799993382,0.06903206112385726,0.3435687735505956
481,481,0.02025741799991465,0.06897374821041494,0.3426905077245394
482,482,0.02028903299992635,0.06891554428043394,0.34330725442912263
483,483,0.020328180999911183,0.06885744882770965,0.34243151275356415
484,484,0.020396338999887575,0.06879946152461727,0.3430464727992957
485,485,0.020428796999908627,0.06874158187215207,0.34217324025887097
486,486,0.020470452999916233,0.06868380954702233,0.3427864247799832
487,487,0.020501538999951663,0.06862614405729328,0.34191568651748566
488,488,0.020532310999954007,0.06856858508392771,0.3425271065276158
489,489,0.020562747999974818,0.06851113214193345,0.3416588478417958
490,490,0.020592691999979706,0.06845378491645089,0.34226851423560606
491,491,0.020635714999968968,0.06839654292930573,0.3414027205790089
492,492,0.02066645599995809,0.06833940586974072,0.34201064413378257
493,493,0.020701928999983465,0.06828237326627731,0.3411473011106235
494,494,0.02073226799996064,0.0682254448121869,0.34175349248783765
495,495,0.020762311999988015,0.06816862004256713,0.34089258585191334
496,496,0.020792330000006132,0.06811189865464592,0.3414970555987869
497,497,0.02083410500000582,0.06805528018997994,0.3406385712514233
498,498,0.02086536699999897,0.0679987643496831,0.34124132980244354
499,499,0.020940290999988065,0.06794235068165631,0.34038525379047746
500,500,0.02097397799997225,0.06788603889083027,0.3409863114689028
501,501,0.021019197999976313,0.06782982853133787,0.3401326299826987
502,502,0.02105071500000122,0.067773719311859,0.3407319970020394
503,503,0.021094298999969396,0.06771771079264816,0.33988069637353985
504,504,0.021182566999982555,0.0676618026860683,0.34047838283901627
505,505,0.02122817299999724,0.06760599455838791,0.3396294495398242
506,506,0.021270816999958697,0.0675502861255879,0.3402254654498041
507,507,0.0213058289999708,0.06749467695984497,0.33937888608929806
508,508,0.0213408749999644,0.06743916678069466,0.33997324133671236
509,509,0.021374612999920828,0.0673837551661183,0.3391290026601924
510,510,0.02140591399989944,0.06732844183914381,0.33972170703392945
511,511,0.021463435999862668,0.06727322638345572,0.3388797959207947
512,512,0.02149818399988135,0.06721810852551346,0.33947085910707475
513,513,0.02153016999989177,0.06716308785460524,0.3386312625690298
514,514,0.021561438999867732,0.06710816410056242,0.339220694152758
515,515,0.021592425999870102,0.06705333685817946,0.33838339933205064
516,516,0.021622882999849935,0.06699860586060113,0.33897120879815135
517,517,0.021653592999825833,0.06694397070803276,0.338136202965837
518,518,0.021684047999826817,0.06688943113687536,0.33872239970056744
519,519,0.021714272999815876,0.06683498675265137,0.3378896702548039
520,520,0.02174403699979166,0.06678063729496196,0.33847426354704846
521,521,0.021774178999748983,0.06672638237455518,0.3376437980114167
522,522,0.02180549199977122,0.06667222173417738,0.338226797053963
523,523,0.02183521099976815,0.06661815498971212,0.33739858307581666
524,524,0.021864838999761105,0.0665641818869973,0.33797999696661174
525,525,0.02189507299971183,0.06651030204696387,0.33715402231545183
526,526,0.021924645999717995,0.0664565152184885,0.3377338600588405
527,527,0.021955060999687248,0.06640282102746314,0.3369101126247173
528,528,0.0219889369996622,0.0663492192257516,0.3374883831326625
529,529,0.022029931999668406,0.06629570944412218,0.3366668509246023
530,530,0.022081617999674563,0.06624229143737516,0.33724356301788666
531,531,0.02211430799968639,0.06618896484107223,0.33642423416234357
532,532,0.022163166999689565,0.06613572941290052,0.33699939657175476
533,533,0.022209412999700362,0.0660825847931336,0.3361822593110877
534,534,0.022259037999674547,0.06602953074229699,0.33675588067858486
535,535,0.02229029899967827,0.0659765669052963,0.3359409233695579
536,536,0.022341227999675084,0.06592369304544775,0.3365130122494224
537,537,0.0223735839996948,0.06587090881221076,0.33570022336172906
538,538,0.022423935999711375,0.0658182139716456,0.33627078822169737
539,539,0.022455390999709834,0.0657656081776887,0.3354601563365083
540,540,0.022494869999718503,0.06571309119909872,0.33602920555888893
541,541,0.02253626599974723,0.06566066269421376,0.3352207193674216
542,542,0.022580062999736583,0.06560832243444602,0.335788261250196
543,543,0.022614783999756582,0.06555607008246145,0.33498190955230717
544,544,0.02266506599977447,0.06550390541228189,0.3355479523102139
545,545,0.022700106999764103,0.06545182809082879,0.3347437240130139
546,546,0.022744193999756135,0.06539983789469046,0.3353082757786176
547,547,0.022793563999755406,0.06534793449497288,0.33450615989510557
548,548,0.02283619799970893,0.06529611767078852,0.3350692287198503
549,549,0.022884650999742462,0.06524438709735834,0.3342692143675711
550,550,0.022920220999765206,0.06519274255627759,0.33483080822281847
551,551,0.022959213999797612,0.06514118372681378,0.33403288462253955
552,552,0.023000727999828996,0.06508971039300436,0.3345930114005914
553,553,0.02304871299986644,0.0650383222380965,0.3337971678750005
554,554,0.023104306999869095,0.06498701904853,0.3343558353901076
555,555,0.02315152899984696,0.06493580051146584,0.33356206136252964
556,556,0.023186376999831282,0.0648846664157072,0.3341192773518852
557,557,0.023217687999817826,0.0648336164522644,0.33332756234501887
558,558,0.023296155999787516,0.06478265041226572,0.3338833344697377
559,559,0.0233416889997784,0.06473176799050759,0.33309366810441166
560,560,0.023378267999817126,0.0646809689804058,0.33364800395049604
561,561,0.023411689999818464,0.06463025308048076,0.33286037594444295
562,562,0.023442490999798338,0.06457962008639904,0.3334132830237336
563,563,0.023473127999807275,0.06452906970034422,0.33262768319038344
564,564,0.023503706999804308,0.06447860172019736,0.33317916894149724
565,565,0.023545439999793416,0.06442821585174545,0.332395587188788
566,566,0.02359746699983134,0.06437791189504874,0.3329456589780426
567,567,0.023637114999871756,0.06432768955943899,0.3321640853072492
568,568,0.023673968999901263,0.06427754864712087,0.332712750429574
569,569,0.023706593999861525,0.06422748887091337,0.3319331749341542
570,570,0.023758418999818787,0.06417751003513145,0.33248044061398846
571,571,0.023792006999826754,0.06412761185602489,0.33170285347844636
572,572,0.023823491999792168,0.06407779413998559,0.3322487268706244
573,573,0.023872093999784738,0.06402805660663861,0.33147311836939003
574,574,0.0239181009997651,0.06397839906442004,0.33201760656001406
575,575,0.023960898999746405,0.06392882123627591,0.33124396705634035
576,576,0.02399131599975135,0.0638793229326542,0.3317870770636404
577,577,0.02402213299973255,0.06382990387976854,0.33101539700851534
578,578,0.02405359999971779,0.06378056389004723,0.3315571357836977
579,579,0.024084166999671197,0.06373130269291921,0.33078740571477344
580,580,0.024136795999709193,0.0636821201027622,0.3313277801428563
581,581,0.02417952599967066,0.06363301585216878,0.33055999068339303
582,582,0.024213061999660113,0.06358398975743569,0.33109900758403055
583,583,0.024244631999692956,0.06353504155426899,0.33033314944185616
584,584,0.024276141999678202,0.06348617106085443,0.3308708155701514
585,585,0.024306507999710902,0.06343737801596187,0.3301068795366362
586,586,0.024349589999758336,0.06338866223963703,0.3306432015839415
587,587,0.02438296599973455,0.06334002347366485,0.32988117853298743
588,588,0.02443229699974836,0.06329146153992227,0.3304161631276948
589,589,0.024472446999766362,0.06324297618316158,0.3296560440147394
590,590,0.024506184999779634,0.06319456722706268,0.3301896977230584
591,591,0.024556033999829197,0.06314623441929845,0.32943147358409364
592,592,0.02458723199981705,0.06309797758532405,0.3299638029108194
593,593,0.024630849999823567,0.0630497964756869,0.3292074648614235
594,594,0.024703198999816323,0.0630016909175903,0.32973847625069336
595,595,0.024740008999799556,0.06295366066441101,0.3289840154850772
596,596,0.02477660099981449,0.06290570554507378,0.32951371532111706
597,597,0.024818681999818182,0.06285782531574033,0.3287611231111837
598,598,0.02485205199985785,0.06281001980703074,0.32928951771904397
599,599,0.02488307899989195,0.06276228877784822,0.32853878541346193
600,600,0.024913734999870485,0.06271463206048238,0.3290658810597422
601,601,0.024943888999871433,0.06266704941653505,0.3283170000830319
602,602,0.024986763999891082,0.06261954067994029,0.3288428029765974
603,603,0.02501773399984586,0.06257210561495663,0.32809576482822966
604,604,0.02504731399983484,0.06252474405713768,0.3286202811209156
605,605,0.02507751399980407,0.06247745577335735,0.32787507737442406
606,606,0.02511899599977596,0.06243024060076463,0.32839831316173196
607,607,0.025152786999797172,0.06238309830880837,0.3276549354638367
608,608,0.02519102999980305,0.06233602873620896,0.3281768967856197
609,609,0.025249580999798127,0.06228903165495031,0.3274353368553645
610,610,0.025298174999818457,0.06224210690530091,0.32795602969650395
611,611,0.025332671999819922,0.062195254261740766,0.3272162793244042
612,612,0.025364038999839522,0.06214847356606328,0.32773570961547654
613,613,0.025414674999865383,0.06210176459520611,0.3269977606626802
614,614,0.02546658299985438,0.06205512719246516,0.32751593428061465
615,615,0.02550018299984913,0.06200856113719805,0.32677977867807373
616,616,0.025531610999848908,0.06196206627418091,0.3272967014468012
617,617,0.025562394999838034,0.0619156423851543,0.32656233119445577
618,618,0.025592153999809852,0.06186928931635279,0.32707800888554805
619,619,0.02562217199982797,0.061823006851863586,0.32634541605152084
620,620,0.02565165299978389,0.0617767948393582,0.32685985438482196
621,621,0.025681729999746494,0.06173065306523478,0.3261290311046245
622,622,0.02572360799973694,0.06168458137858085,0.3266422357488727
623,623,0.025783822999756012,0.061638579568070256,0.3259131742246216
624,624,0.025843070999712836,0.06159264748418608,0.3264251507980628
625,625,0.025905315999693812,0.06154678491784334,0.325697843297708
626,626,0.025938706999681926,0.06150099172090022,0.3262085973687012
627,627,0.025969555999665772,0.0614552676864792,0.32548303622526387
628,628,0.02599959599962176,0.061409612667793614,0.325992573312878
629,629,0.02602917499962132,0.061364026460140185,0.32526875092369856
630,630,0.02605890599960503,0.061318508918067845,0.32577707649830123
631,631,0.02608847599958608,0.06127305983901471,0.3250549853242987
632,632,0.02611833399959096,0.061227679078846166,0.32556210480813697
633,633,0.026148404999617014,0.06118236643710973,0.32484173737307753
634,634,0.026178446999608695,0.06113712177096823,0.3253476561408506
635,635,0.026207987999612214,0.06109194488204704,0.3246290050306262
636,636,0.026237477999643488,0.061046835628787925,0.3251337284100502
637,637,0.02627568699966787,0.061001793814863085,0.32441678627196713
638,638,0.02631395899970812,0.06095681929997496,0.3249203195443329
639,639,0.026346551999665735,0.06091191188981212,0.32420507908640983
640,640,0.02637737599962975,0.060867071445319845,0.32470742748713205
641,641,0.026407337999671654,0.06082229777417307,0.3239938814774072
642,642,0.026449417999629077,0.06077759073854234,0.3244950501965672
643,643,0.02649825199961242,0.06073295014805952,0.3237831914624155
644,644,0.026529237999625366,0.06068837586610311,0.3242831856452958
645,645,0.026578992999645834,0.060643867704233065,0.32357300707275444
646,646,0.026609733999634955,0.06059942552701883,0.3240718318203663
647,647,0.026639475999672868,0.06055504914791996,0.32336332635347004
648,648,0.0266690839997068,0.060510738432680206,0.32386098672307456
649,649,0.026717734999692766,0.060466493196630826,0.32315414736319886
650,650,0.02674993199968867,0.060422313306673456,0.32365064836882
651,651,0.026784302999658394,0.06037819857998357,0.322945468174034
652,652,0.026834724999673654,0.06033414888460459,0.32344081478696557
653,653,0.026874102999670413,0.0602901640395293,0.32273728687139297
654,654,0.026906361999692763,0.06024624391392692,0.3232314840206982
655,655,0.026954937999676076,0.06020238832858111,0.32252960155388666
656,656,0.026987071999712953,0.060158597153771476,0.3230226541268912
657,657,0.027020481999727508,0.060114870212046215,0.3223224103331906
658,658,0.027054581999720995,0.06007120737478005,0.32281432317596925
659,659,0.027085136999744464,0.06002760846626031,0.32211571133391703
660,660,0.027114936999737438,0.05998407335894167,0.3226064892517737
661,661,0.027144756999746278,0.059940601878825404,0.3219095026934897
662,662,0.027187597999727586,0.059897193899431336,0.32239915045143075
663,663,0.02722697499973492,0.05985384924844994,0.3217037825620188
664,664,0.027267924999762272,0.05981056780045173,0.3221923048852204
665,665,0.027300402999742346,0.059767349384791904,0.3214985491021782
666,666,0.027347513999700368,0.05972419387707746,0.3219859506764474
667,667,0.02740384299966081,0.059681101108304525,0.32129380048908435
668,668,0.027437352999641007,0.059638070955102325,0.32178008596131386
669,669,0.027468383999632806,0.05959510325008445,0.3210895349101761
670,670,0.027498967999633805,0.05955219787088868,0.3215747088887932
671,671,0.027529177999610965,0.059509354651722836,0.3208857505650961
672,672,0.02759544699961225,0.059466573471219655,0.3213698176205053
673,673,0.02763008099958597,0.05942385416515855,0.32068244566557413
674,674,0.027661897999564644,0.05938119661315376,0.32116541033059437
675,675,0.027692831999559075,0.05933860065253399,0.32047961843531064
676,676,0.02772333499956403,0.05929606616388196,0.3209614852056063
677,677,0.027753115999587408,0.059253592986053566,0.32027726710986304
678,678,0.02778287899963061,0.05921118100058708,0.32075804044436973
679,679,0.02781282899962889,0.059168830047844116,0.3200753899365324
680,680,0.02784279599961792,0.05912654001030583,0.3205550742578769
681,681,0.027872506999585767,0.05908431072981811,0.3198739851742519
682,682,0.02790476499956185,0.059042142089792624,0.320352584869166
683,683,0.027942968999582263,0.05900003393353876,0.31967305109347616
684,684,0.02797611399955713,0.058957986145386304,0.32015057051320606
685,685,0.028007245999560837,0.05891599857008758,0.3194725859760725
686,686,0.028037714999584296,0.05887407109287853,0.3199490294367821
687,687,0.02806737899959444,0.05883220355993418,0.3192725881152127
688,688,0.02809716899957948,0.05879039585738473,0.31974795989838223
689,689,0.028126562999545968,0.05874864783280807,0.3190730558152667
690,690,0.028156070999557414,0.05870695937321695,0.3195473601680852
691,691,0.028185371999541076,0.058665330327572714,0.31887398739169714
692,692,0.028215672999522212,0.058623760583759156,0.3193472285274508
693,693,0.028245013999537605,0.05858224999210172,0.31867538117095506
694,694,0.02827508499956366,0.058540798441344,0.3191475632694098
695,695,0.028304339999579042,0.05849940578315679,0.3184772354903768
696,696,0.0283335639995812,0.05845807190713231,0.3189483626981564
697,697,0.028362919999608494,0.058416796666268055,0.3182795486980829
698,698,0.028392223999617272,0.058375579950994065,0.3187496251290412
699,699,0.02842888599957405,0.05833442161561618,0.31808231915287616
700,700,0.028482548999591017,0.05829332155139152,0.3185513488884659
701,701,0.02851625999960561,0.05825227961391639,0.3178855452241435
702,702,0.0285477289995697,0.058211295695264294,0.318353532313779
703,703,0.028580370999577553,0.058170369652304335,0.31768922529175603
704,704,0.028611079999564026,0.0581295013779162,0.31815617375317257
705,705,0.02864076299960061,0.058088690730224275,0.31749335774597326
706,706,0.028670864999583046,0.058047937602904096,0.31795927156558007
707,707,0.028700738999589248,0.05800724185531835,0.3172979409873459
708,708,0.028730829999574325,0.05796660338192835,0.3177628241205758
709,709,0.028760453999552738,0.057926022043318266,0.31710297342662097
710,710,0.028791381999553778,0.05788549773472533,0.31756682979827555
711,711,0.028821015999540123,0.05784503031793855,0.3169084534846475
712,712,0.028851042999519905,0.05780461968896133,0.31737128698923706
713,713,0.028880687999503607,0.05776426571077135,0.31671437959228393
714,714,0.02891017999951373,0.057723968280128615,0.31717619409436365
715,715,0.028939298999489438,0.05768372726118332,0.3165207501903055
716,716,0.02898970299946768,0.05764354255144274,0.31698154952480717
717,717,0.029062324999472366,0.05760341401621386,0.31632756372931364
718,718,0.029096029999493567,0.05756334155374186,0.31678735170187317
719,719,0.029127489999495992,0.0575233250304751,0.31613481866964577
720,720,0.029158253999469252,0.057483364345387505,0.3165935990569261
721,721,0.02919222199949445,0.057443459366053516,0.31594251348128644
722,722,0.0292388489995119,0.057403609992166905,0.31640029003129666
723,723,0.029281114999548663,0.05736381609241317,0.31575064664377883
724,724,0.02931183199956422,0.05732407756719704,0.31620742307618943
725,725,0.0293415789996061,0.05728439428630037,0.3155592166461381
726,726,0.029371970999591213,0.05724476615083016,0.316014996652592
727,727,0.02940169499959211,0.057205193031650045,0.3153682219867651
728,728,0.02943195399961951,0.057165674830560745,0.31582300923118395
729,729,0.029461625999601893,0.05712621141949343,0.315177661173361
730,730,0.029504971999585905,0.057086802700934046,0.3156314592922493
731,731,0.029561398999589983,0.05704744854786732,0.3149875327228432
732,732,0.029599367999594506,0.057008148863456176,0.3154403453255864
733,733,0.029631678999578526,0.05696890352172483,0.3147978351612614
734,734,0.02966321199954791,0.05692971242650531,0.31524966583042274
735,735,0.029693435999547546,0.0568905754528476,0.31460856702371615
736,736,0.029723763999527364,0.05685149250524459,0.31505941931532716
737,737,0.02975343799954544,0.05681246345975901,0.31441972685427605
738,738,0.029789536999544453,0.05677348822153653,0.3148696042981249
739,739,0.029825572999527594,0.056734566667639326,0.31423131320589776
740,740,0.029856328999528614,0.05669569870385826,0.3146802193058138
741,741,0.029890992999526134,0.05665688420824189,0.3140433246403457
742,742,0.02992135699952314,0.05661812308721859,0.31449126287448026
743,743,0.029951038999513457,0.056579415219810636,0.3138557597281135
744,744,0.02998138099951575,0.05654076051307635,0.31430273354921684
745,745,0.03001104099951135,0.056502158846999044,0.3136686170483455
746,746,0.030040681999480512,0.056463610129259614,0.31411462988404043
747,747,0.030096987999456815,0.056425114240790136,0.31348189518875913
748,748,0.030137632999469588,0.05638667108988672,0.313926950441812
749,749,0.030185542999447534,0.05634828055841797,0.31329559274556895
750,750,0.030217249999452633,0.05630994255528811,0.31373969379415595
751,751,0.030275411999468815,0.056271656963290305,0.31310970832341034
752,752,0.03034240299945168,0.05623342369192977,0.31355285852138115
753,753,0.030395081999472495,0.05619524262491238,0.31292424053526535
754,754,0.03042873699945403,0.05615711367233746,0.31336644321240337
755,755,0.030472296999448645,0.056119036718811945,0.31273918800238765
756,756,0.030520621999414743,0.05608101167502237,0.313180446464667
757,757,0.030551359999378747,0.05604303842646555,0.3125545493542297
758,758,0.03060063299938065,0.05600511688440819,0.31299486688406924
759,759,0.03071711699936941,0.05596724693522573,0.31237032322837
760,760,0.030752984999367072,0.055929428490758645,0.3128097030848838
761,761,0.030805651999344263,0.055891661438249696,0.31218650827044164
762,762,0.03085063799932186,0.05585394569010669,0.31262495368968624
763,763,0.030902022999327983,0.05581628113442889,0.31200310313406043
764,764,0.030937945999312433,0.055778667684184775,0.31244061732927964
765,765,0.03096894399931216,0.05574110522831951,0.3118201064807554
766,766,0.031013187999349157,0.055703593680355906,0.3122566926426214
767,767,0.031056373999376774,0.055666132930074406,0.3116375169798985
768,768,0.0310874939993937,0.055628722891546044,0.3120731782767504
769,769,0.031130717999417357,0.055591363455375964,0.3114553333086365
770,770,0.03117355599943039,0.05555405453617733,0.31189007288671555
771,771,0.03124937499939051,0.05551679602536981,0.3112735541518219
772,772,0.03128272999941828,0.0554795878381025,0.3117073751355044
773,773,0.031329166999398694,0.05544242986659971,0.31109217820194623
774,774,0.03136024499940504,0.0554053220265404,0.31152508369397275
775,775,0.031389994999415194,0.05536826421094352,0.3109112041590729
776,776,0.03142001399936589,0.05533125633601209,0.3113431972407754
777,777,0.03145006699935493,0.05529429829554991,0.31073063073077145
778,778,0.03147920199933196,0.05525739000627833,0.3111617144622971
779,779,0.031509163999317025,0.05522053136277636,0.3105504566320518
780,780,0.03153884299933907,0.0551837222822779,0.3109806340525843
781,781,0.03156795299935311,0.05514696266012775,0.3103706805852996
782,782,0.03159768099936855,0.05511025241406674,0.31079995471327804
783,783,0.03162748399938664,0.055073591440196155,0.31019130132021244
784,784,0.03168111399935469,0.05503697965675819,0.31061967515354655
785,785,0.03172025099934217,0.05500041696060145,0.31001231757373643
786,786,0.031761673999312734,0.054963903270464076,0.3104397940900202
787,787,0.03180438799932972,0.05492743848393282,0.30983372809000315
788,788,0.03183760799930724,0.05489102252023649,0.31026031024672535
789,789,0.03186797099931482,0.05485465527769121,0.3096555316202678
790,790,0.031898007999302536,0.05481833667601103,0.31008122235502034
791,791,0.03192815199929555,0.05478206661423257,0.3094777269228479
792,792,0.03195853799928727,0.054745845012550004,0.30990252915353056
793,793,0.03201431499928731,0.05470967177071194,0.3093003127630619
794,794,0.032052766999242976,0.054673546809387435,0.30972422938808625
795,795,0.03208388899923875,0.05463747002902856,0.3091232879131698
796,796,0.032114136999268794,0.05460144135077422,0.3095463218116587
797,797,0.03215725999928054,0.05456546067577157,0.30894665115231273
798,798,0.03219611999929839,0.054529527925624384,0.30936880518429943
799,799,0.032237279999264956,0.05449364300216666,0.3087704012664546
800,800,0.032281198999214666,0.054457805827462125,0.3091916782730777
801,801,0.032324549999202645,0.05442201630402349,0.3085945370483233
802,802,0.03236033199925714,0.05438627435436965,0.30901493985202044
803,803,0.032391714999278065,0.05435057988168397,0.30841905729735314
804,804,0.03243515699927002,0.05431493280893572,0.3088385887020518
805,805,0.03247688599924459,0.05427933303997112,0.3082439608196274
806,806,0.03251042499925916,0.05424378049820508,0.30866262361093366
807,807,0.032540771999265417,0.054208275088138906,0.3080692464278222
808,808,0.03257079299925181,0.05417281673362851,0.30848704337320704
809,809,0.03260021199923813,0.054137405339822704,0.3078949129411499
810,810,0.03262970899919537,0.054102040831013734,0.3083118467901332
811,811,0.03265932799916982,0.05406672311299043,0.30772095918530384
812,812,0.03269024899918804,0.05403145211047704,0.30813703266963666
813,813,0.03272070899919299,0.05399622772989476,0.30754738399240356
814,814,0.03275017099917932,0.053961049896395455,0.30796259982624746
815,815,0.03278299099918058,0.053925918517025516,0.30737418620094015
816,816,0.03282266099915887,0.053890833517359904,0.30778854708104514
817,817,0.032854966999138924,0.05385579480506309,0.3072013646557227
818,818,0.03288600999917435,0.05382080230612888,0.3076148732616023
819,819,0.03291653099915948,0.05378585592883262,0.3070289182078247
820,820,0.032946344999174926,0.05375095559958275,0.3074415772019296
821,821,0.032976214999166586,0.05371610122725855,0.30685684571453153
822,822,0.03300918399918373,0.05368129273867889,0.30726865774242085
823,823,0.033042447999207525,0.053646530043320165,0.3066851460392883
824,824,0.03307274499917412,0.05361181306840741,0.3070961137297985
825,825,0.03310292799920944,0.05357714172400746,0.30651381805164807
826,826,0.03313235799924996,0.05354251593774753,0.3069239440170604
827,827,0.03316213399921253,0.05350793562027802,0.3063428606272206
828,828,0.0331920859992465,0.05347340069962446,0.3067521474634262
829,829,0.03322130799926981,0.05343891108701426,0.3061722726476216
830,830,0.033250776999295795,0.05340446671086715,0.3065807229342849
831,831,0.03328109299928883,0.05337006748298121,0.30600205300042294
832,832,0.03331252099928861,0.05333571333216655,0.30640966930114283
833,833,0.03334781199930603,0.05330140417078537,0.3058322005791028
834,834,0.033379337999349445,0.05326713992803436,0.306238985441572
835,835,0.033409610999342476,0.053232920516833634,0.3056627142829964
836,836,0.033439531999363226,0.05319874586676258,0.3060686702391589
837,837,0.03346991799935495,0.05316461589129305,0.3054935930172473
838,838,0.033499397999321445,0.05313053052038347,0.3058987225834545
839,839,0.03352878499930512,0.05309648966805132,0.3053248356927598
840,840,0.033562926999309184,0.05306249326463028,0.30572914136992346
841,841,0.03359223599932193,0.05302854122467748,0.3051564412261503
842,842,0.03362215399931756,0.05299463347889828,0.3055599254998953
843,843,0.033651659999293315,0.05296076994238348,0.30498840853970094
844,844,0.03368084899932455,0.05292695054620658,0.305391073880515
845,845,0.033710399999336005,0.05289317520598621,0.30482073656131214
846,846,0.03374037999930124,0.052859443853160486,0.3052225854246943
847,847,0.033769329999302045,0.052825756403870036,0.3046534242244568
848,848,0.033813398999313904,0.05279211278991412,0.30505445905106454
849,849,0.03385161099930656,0.05275851292794986,0.30448647046813454
850,850,0.033916768999290525,0.05272495675013409,0.3048866936839279
851,851,0.033961752999289274,0.0526914441736348,0.3043198742368255
852,852,0.03399831099932271,0.05265797513096307,0.3047192882532113
853,853,0.03403272899930698,0.052624549539792224,0.3041536344804467
854,854,0.034111397999311066,0.0525911673329844,0.3045522416944191
855,855,0.03416191599933427,0.052557828428712663,0.30398775015430607
856,856,0.03421107199932294,0.05252453276018691,0.3043855529485875
857,857,0.03424489699932565,0.052491280246074655,0.3038222202190599
858,858,0.03427633599932278,0.05245807081993029,0.3042192209622386
859,859,0.03430608699932236,0.052424904400910605,0.30365704364066787
860,860,0.034340361999340985,0.0523917809229111,0.30405324468733513
861,861,0.03437057299936441,0.05235870030557275,0.30349221939035087
862,862,0.034463719999394016,0.052325662483129025,0.3038876230812356
863,863,0.034515329999408095,0.05229266737569988,0.3033277464445481
864,864,0.034549922999417504,0.05225971491785377,0.30372235510665047
865,865,0.03458858099941153,0.05222680503018449,0.3031636237848738
866,866,0.03461951999940993,0.0521939376475924,0.30355743973159743
867,867,0.034662565999440176,0.05216111269114015,0.3029998503980766
868,868,0.03470955399944842,0.052128330096057024,0.30339287592935893
869,869,0.03473994999944807,0.05209558978386963,0.30283642527599713
870,870,0.034769625999445,0.052062891690133124,0.30322866267843823
871,871,0.034818971999470705,0.05203023573683324,0.3026733474155276
872,872,0.03485747299947661,0.0519976218598481,0.3030647989625174
873,873,0.034887462999506624,0.05196504998161788,0.30251061581857036
874,874,0.03494286399950397,0.0519325200383406,0.3029012837704149
875,875,0.034996050999495765,0.05190003195290618,0.3023482294919981
876,876,0.035027705999539194,0.05186758566182978,0.3027381160960443
877,877,0.03506991299951778,0.051835181088446355,0.3021861874476139
878,878,0.03511975099956999,0.05180281816958541,0.302575294938372
879,879,0.03515105999957768,0.05177049682902235,0.3020244887021114
880,880,0.03518087999958652,0.0517382170038982,0.30241281930137703
881,881,0.03521087699959935,0.05170597861842438,0.3018631322770365
882,882,0.0352404279996108,0.05167378161005065,0.3022506881940103
883,883,0.035270185999593195,0.05164162590341999,0.3017021171987473
884,884,0.03529950699959272,0.051609511436288204,0.3020889006301548
885,885,0.0353417989995819,0.05157743813372537,0.3015414424983769
886,886,0.03537192699957359,0.05154540593379075,0.30192745562858525
887,887,0.0354015469995943,0.0515134147619772,0.3013811072117948
888,888,0.03543104099964012,0.051481464556644686,0.30176635221292913
889,889,0.03547156599961454,0.05144955524370471,0.3012211103795695
890,890,0.035528545999625294,0.05141768676181533,0.301605589411628
891,891,0.03557301499967025,0.05138585903730238,0.3010614510469314
892,892,0.03562176799965755,0.05135407200911943,0.30144516625789824
893,893,0.03567087799967794,0.05132232560400269,0.3009021282637351
894,894,0.035713293999663165,0.0512906197611986,0.3012850817896936
895,895,0.03574456499961798,0.05125895440784954,0.30074314108442424
896,896,0.03577468099962289,0.05122732948349247,0.30112533504966665
897,897,0.035804425999629075,0.05119574491567189,0.30058448856799386
898,898,0.03583411499960221,0.05116420064421272,0.3009659250851321
899,899,0.03586408599960578,0.051132696597057686,0.3004261697779557
900,900,0.03589366799963045,0.051101232714317206,0.30080685094802895
901,901,0.03592360199962741,0.05106980892432825,0.30026818378230197
902,902,0.03595367299959662,0.05103842516748448,0.30064811169488453
903,903,0.035983304999604115,0.05100708137251316,0.3001105296534707
904,904,0.036017233999587006,0.050975777480088705,0.3004897063867777
905,905,0.036055430999624605,0.050944513419325016,0.29995320646831086
906,906,0.036094138999601455,0.05091328913117488,0.30033163408930275
907,907,0.036126759999547176,0.050882104545135066,0.29979621330804745
908,908,0.03615721799957328,0.050850959602434354,0.30017389387253407
909,909,0.036187148999545116,0.05081985423294873,0.2996395492582479
910,910,0.03622928899949329,0.05078878837818073,0.30001648481099086
911,911,0.03630758799948808,0.05075776196838176,0.29948321340878803
912,912,0.03634219499951996,0.05072677494532597,0.2998594059836017
913,913,0.03637418699952377,0.05069582723963664,0.29932720485381886
914,914,0.036404935999541976,0.05066491879335717,0.2997026564736707
915,915,0.036455416999558565,0.050634049537479145,0.2991715226917328
916,916,0.03650473699951817,0.05060321941431307,0.2995462353688424
917,917,0.03653523499951916,0.050572428355215374,0.29901616602513165
918,918,0.036564988999487014,0.0505416763027614,0.29939014176106854
919,919,0.03661048999947525,0.05051096318866902,0.2988611339607934
920,920,0.03666940699946508,0.05048028895577631,0.29923437474657394
921,921,0.03670267299946772,0.05044965353615905,0.2987064256096405
922,922,0.03673354899945025,0.05041905687291598,0.29907893342582337
923,923,0.03676519499941833,0.05038849889847745,0.2985520400867076
924,924,0.03679597299941406,0.050357979556200756,0.29892381690348885
925,925,0.03682573299943215,0.05032749877886755,0.2983979765111104
926,926,0.036874289999445864,0.05029705651009149,0.2987690242884165
927,927,0.03690512699944293,0.05026665268300234,0.29824423400601374
928,928,0.036934974999439873,0.050236287241468086,0.29861455469359466
929,929,0.03696472099949233,0.050205960118963285,0.29809081169860124
930,930,0.036994589999494565,0.050175671259608375,0.2984604072361217
931,931,0.037024048999512615,0.05014542059721942,0.2979377087200444
932,932,0.03705353999947647,0.05011520807616733,0.2983065810371742
933,933,0.03708297499946411,0.050085033630606554,0.29778492420547187
934,934,0.03711215599946627,0.05005489720515644,0.29815307522197576
935,935,0.0371415969994473,0.05002479873430681,0.29763245729393994
936,936,0.03717891999940548,0.04999473816292351,0.29799988891976564
937,937,0.03721988899940243,0.049964715425828574,0.2974803071284021
938,938,0.03726425599944605,0.049934730468132446,0.2978470212637685
939,939,0.037296420999439306,0.04990478322498647,0.2973284728556802
940,940,0.03734581799943726,0.049874873641743686,0.297694471391163
941,941,0.03737615599942501,0.04984500165388175,0.2971769536264345
942,942,0.0374172399993995,0.0498151672069945,0.29754223844305244
943,943,0.03745870599937007,0.04978537023688293,0.2970257485951352
944,944,0.03749068099932629,0.0497556106893798,0.2973903215644346
945,945,0.037539832999300415,0.04972588850060656,0.29687485692003346
946,946,0.03757978499930914,0.04969620361663311,0.29723871990417194
947,947,0.03761208099928126,0.04966655597389845,0.29672427776313337
948,948,0.037646025999265476,0.04963694551870783,0.2970874326149621
949,949,0.0376855009992596,0.049607372187814906,0.296574010290163
950,950,0.03771827799926086,0.04957783592775849,0.2969364588533094
951,951,0.0377531439992822,0.04954833667560426,0.29642405367054747
952,952,0.03778456099922778,0.04951887437812272,0.2967857977794956
953,953,0.037815352999189145,0.04948944897268879,0.2962744070773807
954,954,0.037845336999225765,0.04946006040630299,0.2966354485575516
955,955,0.03788874299920053,0.04943070861664671,0.2961250696873984
956,956,0.03792090599921494,0.04940139355094882,0.29648541035522896
957,957,0.037970656999220864,0.04937211514719444,0.2959760406809503
958,958,0.03800115499922185,0.04934287335283911,0.29633568234397234
959,959,0.038042225999220136,0.049313668106169106,0.29582731924197464
960,960,0.03808446799922649,0.04928449935486487,0.2961862636988915
961,961,0.03811749899921324,0.04925536703751122,0.29567890455797
962,962,0.038147330999265705,0.049226271102011845,0.2960371535987337
963,963,0.038189680999266784,0.04919721148724758,0.2955307958199704
964,964,0.038220074999230746,0.049168188141343765,0.29588835122585694
965,965,0.038286187999233334,0.04913920100347456,0.2953829922225177
966,966,0.03833943999921985,0.049110250021985415,0.29573985576620304
967,967,0.038382637999177405,0.04908133513634134,0.2952354929636374
968,968,0.03841567999916151,0.04905245629510612,0.29559166640927054
969,969,0.03845793599919034,0.049023613438033325,0.29508829724481167
970,970,0.03850871099922415,0.04899480651390355,0.2954437823480885
971,971,0.038541629999258475,0.04896603546275627,0.29494140427095483
972,972,0.03857261199925688,0.04893730023358739,0.2952962027791905
973,973,0.03860284999927899,0.0489086007667199,0.2947948132503879
974,974,0.03863346099927867,0.048879937011363464,0.29514892690258887
975,975,0.038663377999284876,0.048851308908122275,0.2946485233948137
976,976,0.038693868999246206,0.04882271640641811,0.2950019539217484
977,977,0.038723484999195534,0.048794159447134,0.2945025339192923
978,978,0.038755812999227146,0.048765637979902465,0.2948552830435613
979,979,0.038786849999212336,0.04873715194588296,0.2943568440422166
980,980,0.038825501999212975,0.04870870129491718,0.29470891347832245
981,981,0.038858813999183894,0.048680285968438784,0.29421145298528795
982,982,0.03889035999918633,0.04865190591649724,0.294562844439704
983,983,0.0389206369991939,0.0486235610807981,0.29406635997349256
984,984,0.038951150999196216,0.048595251411597026,0.2944170751447303
985,985,0.03899062299922207,0.0485669768508693,0.29392156423507726
986,986,0.03903187099922434,0.048538737349075434,0.2942716048137538
987,987,0.03906415399922025,0.04851053284845816,0.2937770650015266
988,988,0.0390948619992173,0.04848236329968136,0.2941264326704315
989,989,0.039124363999235356,0.048454228645253006,0.2936328615075391
990,990,0.03915441899926009,0.04842612883603903,0.2939815579416999
991,991,0.03918382099925566,0.04839806381481053,0.293488952991004
992,992,0.03922929599929148,0.048370033532634,0.2938369798577512
993,993,0.0392604649993018,0.048342037932541604,0.2933453386929792
994,994,0.03929899699926409,0.04831407696579898,0.293692697652011
995,995,0.03936896999925921,0.04828615057569714,0.29320201785766753
996,996,0.039403751999259384,0.048258258713699695,0.29354871056111326
997,997,0.03944190199922559,0.04823040132335438,0.29305898973239525
998,998,0.039485417999230776,0.04820257835632136,0.29340501782487866
999,999,0.039522678999276195,0.048174789756403144,0.29291625356758927
1000,1000,0.03955365299930236,0.04814703547545502,0.29326161868629075
1001,1001,0.03958328099929531,0.04811931545753228,0.29277380861675534
1002,1002,0.03961320699932003,0.048091629654684005,0.2931185123914734
1003,1003,0.03964909799935867,0.04806397801121635,0.29263165413645625
1004,1004,0.03968878599931713,0.048036360479370876,0.29297569818966906
1005,1005,0.0397306519993208,0.048008777003702444,0.29248978938629006
1006,1006,0.039780028999302885,0.047981227536643974,0.29283317533321523
1007,1007,0.039809919999299836,0.0479537120229971,0.29234821362886854
1008,1008,0.03985717499932662,0.04792623041538474,0.29269094307752347
1009,1009,0.03991177299934634,0.047898782658853375,0.29220692612979654
1010,1010,0.03994690799936507,0.04787136870621469,0.2925490006810571
1011,1011,0.03998267099939312,0.04784398850275818,0.2920659261576505
1012,1012,0.040014127999427274,0.047816642001482966,0.2924073474053098
1013,1013,0.04005326099940021,0.047789329147919585,0.2919252129839575
1014,1014,0.040085360999398745,0.04776204989525354,0.29226598251478353
1015,1015,0.04012744799939583,0.047734804189254534,0.291784785883175
1016,1016,0.04016121499938663,0.047707591983293114,0.29212490527696816
1017,1017,0.040190974999404716,0.047680413223376385,0.2916446441326704
1018,1018,0.040221522999388526,0.04765326786305872,0.2919841149623196
1019,1019,0.040251228999352406,0.04762615584858276,0.29150478701270016
1020,1020,0.0402812459993811,0.04759907713368561,0.2918436108442398
1021,1021,0.04032316299935701,0.04757203166484366,0.29136521380639047
1022,1022,0.040354016999401665,0.04754501939597545,0.2917033921990551
1023,1023,0.04038531699939085,0.047518040273789426,0.2912259237997172
1024,1024,0.04042213799942829,0.04749109425238441,0.2915634583059967
1025,1025,0.040454331999399074,0.04746418127869907,0.2910869162814858
1026,1026,0.04048494399938818,0.04743730130701143,0.29142380844717986
1027,1027,0.04051458599940361,0.04741045428448866,0.29094819054331195
1028,1028,0.04054503199938608,0.04738364016558685,0.2912844419075835
1029,1029,0.040575043999353966,0.04735685889769992,0.29080974587960284
1030,1030,0.040621219999366076,0.047330110435460794,0.29114535797503127
1031,1031,0.04066359799935526,0.04730339472648862,0.29067158158753686
1032,1032,0.04069736999935003,0.047276711725592044,0.291006555940171
1033,1033,0.040727773999321926,0.04725006138061367,0.29053369696704556
1034,1034,0.0407584529992846,0.04722344364653681,0.29086803509645526
1035,1035,0.04079690499929711,0.047196858471425844,0.2903960913207943
1036,1036,0.04083785399933504,0.047170305810437706,0.29072979474012267
1037,1037,0.040868759999341364,0.047143785611856864,0.290258763954164
1038,1038,0.04090049699937026,0.04711729783101279,0.2905918341701773
1039,1039,0.04093836899937742,0.04709084241640855,0.2901217141752323
1040,1040,0.040971456999386646,0.04706441932354494,0.29045415268837144
1041,1041,0.04100262199938243,0.047038028501142075,0.28998494129475527
1042,1042,0.041033489999392714,0.04701166990487109,0.2903167495991853
1043,1043,0.04106327299939494,0.046985343483667404,0.28984844462614984
1044,1044,0.04109322599941834,0.046959049193371516,0.2901796242098094
1045,1045,0.04112223299938478,0.04693278698313273,0.2897122234854748
1046,1046,0.041151841999408134,0.0469065568089598,0.2900427758301251
1047,1047,0.041181170999436745,0.046880358620214294,0.2895762771914143
1048,1048,0.04121105099943634,0.046854192373072166,0.2899062037726873
1049,1049,0.041255140999396644,0.04682805801710578,0.2894406050652586
1050,1050,0.041303595999409026,0.04680195550865739,0.2897699073527053
1051,1051,0.04133845799941582,0.04677588479750858,0.2893052064308881
1052,1052,0.04136902099941153,0.04674984584016681,0.2896338858880257
1053,1053,0.041402735999440665,0.046723838586621456,0.28917008061475513
1054,1054,0.0414722199994344,0.04669786299354421,0.28949813869911395
1055,1055,0.04152221199944961,0.046671919011130755,0.28903522694586714
1056,1056,0.041566602999466795,0.046646006596216004,0.2893626651090369
1057,1057,0.04159806299946922,0.04662012569920056,0.2889006447557692
1058,1058,0.0416288729994676,0.046594276277081556,0.2892274644434458
1059,1059,0.04167974399945251,0.04656845828046301,0.2887663333785279
1060,1060,0.041723161999470904,0.046542671666503374,0.2890925360305577
1061,1061,0.04175611899950127,0.04651691638600863,0.28863229215071384
1062,1062,0.04180509899953222,0.046491192396297676,0.2889578792011395
1063,1063,0.04185145599956286,0.046465499648376984,0.2884985204113858
1064,1064,0.04189210899954787,0.04643983809972486,0.2888234932884905
1065,1065,0.04194066999957613,0.04641420770154705,0.2883650175020736
1066,1066,0.04198698499959619,0.04638860841148028,0.2886893776284254
1067,1067,0.0420431629995619,0.046363040180928176,0.2882317827667623
1068,1068,0.042089683999563476,0.04633750296768489,0.2885555315592575
1069,1069,0.04212352599955693,0.046311996723350596,0.28809881555187616
1070,1070,0.04217380999955367,0.046286521405876094,0.28842195442178276
1071,1071,0.042222601999583276,0.046261076967056634,0.2879661152062623
1072,1072,0.04226605899958713,0.046235663364998784,0.2882886455592626
1073,1073,0.0423143059995823,0.04621028055169152,0.2878336810811753
1074,1074,0.04235167599955503,0.04618492848539623,0.28815560431740816
1075,1075,0.042384236999509994,0.04615960711829452,0.2877015125302608
1076,1076,0.042418186999498175,0.04613431640880153,0.2880228300443639
1077,1077,0.04245882699945014,0.04610905630929011,0.2875696089095407
1078,1078,0.042492314999492464,0.04608382677832848,0.28789032209069154
1079,1079,0.04253043599948114,0.04605862776847929,0.2874379695773975
1080,1080,0.0425699699994766,0.04603345923846301,0.2877580798093549
1081,1081,0.04261292999950683,0.046008321141030935,0.28730659389455876
1082,1082,0.04264623799946321,0.04598321343505478,0.2876261025557031
1083,1083,0.04272757999945043,0.04595813607347324,0.2871754812240825
1084,1084,0.042777722999460366,0.04593308901530851,0.2874943896874563
1085,1085,0.042810165999412675,0.04590807221368535,0.2870446309313415
1086,1086,0.04284173799942437,0.04588308562777556,0.28736294056468903
1087,1087,0.04287888499942483,0.045858129210888846,0.2869140423840092
1088,1088,0.042922508999424736,0.04583320292234573,0.2872317545498158
1089,1089,0.042971958999430626,0.04580830671563964,0.28678371495204413
1090,1090,0.04301125399939565,0.04578344055023897,0.2871008310075756
1091,1091,0.043078269999398344,0.04575860437981968,0.28665364800767634
1092,1092,0.043112219999386525,0.045733798163997155,0.2869701693050171
1093,1093,0.04314319699938096,0.0457090218566288,0.2865238409253918
1094,1094,0.0431741889993873,0.04568427541747616,0.28683976881148343
1095,1095,0.04320440999941866,0.04565955880057682,0.28639429308191877
1096,1096,0.043234836999431536,0.04563487196583778,0.2867096288985981
1097,1097,0.04326429299942447,0.04561021486747555,0.2862650038562134
1098,1098,0.043294716999469074,0.04558558746554183,0.28657974894024923
1099,1099,0.043324605999487176,0.045560989714430906,0.28613597262944573
1100,1100,0.04335942899950851,0.045536421574338355,0.2864501283125767
1101,1101,0.04338950199951341,0.045511882999835135,0.28600719878498565
1102,1102,0.043420494999509174,0.0454873739512599,0.28632076639395637
1103,1103,0.043450538999479704,0.045462894383359126,0.2858786817083887
1104,1104,0.04348069399947008,0.04543844425661378,0.2861916625649867
1105,1105,0.043511124999440653,0.04541402352594477,0.28575042078738294
1106,1106,0.04354094399946007,0.04538963215197454,0.28606281620847424
1107,1107,0.04357995399942638,0.045365270089797405,0.28562241541185507
1108,1108,0.04361851399943362,0.04534093730017649,0.28593422670941976
1109,1109,0.0436514629994349,0.04531663373837832,0.2854946649738369
1110,1110,0.04368267999944919,0.04529235936530611,0.28580589345500473
1111,1111,0.043712784999456744,0.045268114136397475,0.2853671688674921
1112,1112,0.04374360299942737,0.04524389801269487,0.28567781583457735
1113,1113,0.043773670999428305,0.045219710949805994,0.2852399264891026
1114,1114,0.043803832999458336,0.04519555290891181,0.28554999323963876
1115,1115,0.043833310999445985,0.04517142384578903,0.2851129372370562
1116,1116,0.043863795999413924,0.045147323721756366,0.2854224250638297
1117,1117,0.04389443899941625,0.04512325249275852,0.28498620051183277
1118,1118,0.043924534999405296,0.0450992101202512,0.2852951107029173
1119,1119,0.043954537999411514,0.045075196560346094,0.2848597157159918
1120,1120,0.043984773999454774,0.045051211774635176,0.2851680495547821
1121,1121,0.04401438499945698,0.04502725571939608,0.28473348225415945
1122,1122,0.04404459499943414,0.045003328356356294,0.28504124101940387
1123,1123,0.04407476999944038,0.0449794296419584,0.28460749953301584
1124,1124,0.04411135499941565,0.04495555953806477,0.28491468449885005
1125,1125,0.04416491499938502,0.04493171800128182,0.2844817669612826
1126,1126,0.044197159999384894,0.04490790499360607,0.2847883793972615
1127,1127,0.044227483999407013,0.044884120471806906,0.2843562839497105
1128,1128,0.0442574579994357,0.0448603643980143,0.2846623251208407
1129,1129,0.04428776699944592,0.0448366367291595,0.28423104991106685
1130,1130,0.0443176399994627,0.044812937427505264,0.2845365210778387
1131,1131,0.04434766199949536,0.0447892664501438,0.2841060642601231
1132,1132,0.044377629999530654,0.044765623759469894,0.28441096667854254
1133,1133,0.0444073259994866,0.04474200931273578,0.28398132641364326
1134,1134,0.044437386999504724,0.04471842307246762,0.28428566133526273
1135,1135,0.044467609999514934,0.04469486499607664,0.28385683579037163
1136,1136,0.044497291999562094,0.04467133504621975,0.2841606044623211
1137,1137,0.044526951999557696,0.044647833180466216,0.2837325918110206
1138,1138,0.04455703599955996,0.04462435936160306,0.2840357954760385
1139,1139,0.04458611899957532,0.044600913547356624,0.2836085938982591
1140,1140,0.044616082999596074,0.044577495700643295,0.28391123379472283
1141,1141,0.04464606899961154,0.0445541057793457,0.2834848414767008
1142,1142,0.044684111999629295,0.044530743746508894,0.2837869188386565
1143,1143,0.0447380009995868,0.04450740956017081,0.28336133397289254
1144,1144,0.04477095299955636,0.04448410318350454,0.2836628500300852
1145,1145,0.044801681999558696,0.04446082457470244,0.28323807081530283
1146,1146,0.04483327899959022,0.04443757369706505,0.2835390267932055
1147,1147,0.04486743899957446,0.04441435050893817,0.28311505143431015
1148,1148,0.044897122999543626,0.04439115497374911,0.2834154485541536
1149,1149,0.04493429799953219,0.044367987049996255,0.2829922752621921
1150,1150,0.044965732999514785,0.04434484670123305,0.28329211474099353
1151,1151,0.04499578599950382,0.04432173388610966,0.2828697417331138
1152,1152,0.045039060999499725,0.044298648568304996,0.2831690247837054
1153,1153,0.04507199999949307,0.044275590706620065,0.2827474502831169
1154,1154,0.0451019859994517,0.044252560264858624,0.28304617811417443
1155,1155,0.04515082499943901,0.044229557201971685,0.2826254003501083
1156,1156,0.04520773399940481,0.04420658148188725,0.2829235741661794
1157,1157,0.04526388699940753,0.044183633063705416,0.28250359137384967
1158,1158,0.045315369999400446,0.04416071191147798,0.28280121237538147
1159,1159,0.045365117999381255,0.04413781798445315,0.28238202279594643
1160,1160,0.04540889499935474,0.0441149512468058,0.282679092179313
1161,1161,0.045439517999341206,0.044092111657931574,0.2822606940598366
1162,1162,0.045488965999311404,0.044069299182127715,0.2825572130173666
1163,1163,0.045528311999305515,0.044046513778936536,0.28213960461078047
1164,1164,0.045576609999329776,0.044023755412777116,0.2824355743307839
1165,1165,0.04562451299932491,0.04400102404333751,0.28201875389585057
1166,1166,0.04565857199929724,0.043978319635157984,0.28231417556264604
1167,1167,0.045700218999286335,0.04395564214807158,0.28189814136391983
1168,1168,0.04575271799927805,0.0439329915467392,0.2821930161578605
1169,1169,0.045795185999281784,0.04391036779113805,0.28177776646565267
1170,1170,0.04584252999927685,0.043887770846049085,0.2820720955631528
1171,1171,0.0458769749992598,0.043865200671592795,0.2816576286534934
1172,1172,0.045908422999275444,0.043842657232669675,0.28195141322705464
1173,1173,0.04595222799929388,0.04382014048954271,0.2815377273816572
1174,1174,0.0459854779992952,0.0437976504072313,0.28183096859989387
1175,1175,0.04601854399930971,0.04377518694614022,0.28141806210611886
1176,1176,0.046069661999297296,0.04375275007140719,0.28171076113378396
1177,1177,0.04611687799928177,0.04373033974357795,0.28129863228460356
1178,1178,0.046149632999288315,0.04370795592790793,0.28159079028261375
1179,1179,0.04618034399931048,0.043685598585083134,0.28117943737657664
1180,1180,0.04621516599934239,0.0436632676804762,0.2814710555020374
1181,1181,0.046245821999320924,0.04364096317491251,0.28106047684323343
1182,1182,0.046300957999335424,0.043618685033881374,0.2813515562494639
1183,1183,0.04633567099932634,0.04359643321834685,0.28094175014748984
1184,1184,0.04636742899936053,0.04357420769391435,0.28123229198404753
1185,1185,0.04639765799936413,0.04355200842168586,0.2808232567539727
1186,1186,0.04642816299934793,0.04352983536738228,0.2811132621666774
1187,1187,0.04645845199934229,0.04350768849224278,0.2807049961290097
1188,1188,0.04648866399935514,0.0434855677621033,0.2809944662599682
1189,1189,0.04651896699937197,0.04346347313833942,0.28058696774062014
1190,1190,0.046548908999341165,0.04344140458690156,0.28087590372824967
1191,1191,0.04659267299933845,0.043419362069300985,0.2804691710585056
1192,1192,0.04662344899935533,0.04339734555160199,0.2807575740375574
1193,1193,0.04666577399933658,0.043375354995450886,0.28035160555403993
1194,1194,0.04669683799932045,0.04335339036702538,0.2806394766556234
1195,1195,0.04672784399929242,0.04333145162810595,0.2802342707002608
1196,1196,0.04675749199930124,0.04330953874498324,0.2805216110518658
1197,1197,0.046787500999300846,0.04328765167957125,0.2801171659718597
1198,1198,0.046826037999323944,0.04326579039827294,0.2804039766973802
1199,1199,0.046865192999291594,0.043243954863135155,0.28000029084517325
1200,1200,0.04689705099929142,0.04322214504067266,0.28028657306492977
1201,1201,0.04692826799930572,0.04320036089306452,0.27988364479817385
1202,1202,0.04695868999931463,0.043178602386936764,0.28016939962893644
1203,1203,0.04698943599936456,0.04315686948459982,0.279767227310461
1204,1204,0.047020337999413186,0.04313516215279059,0.2800524558654709
1205,1205,0.047082496999450996,0.04311348035395028,0.2796510378632518
1206,1206,0.04711491799946543,0.04309182405492598,0.27993574125224435
1207,1207,0.04714627999948107,0.04307019321828909,0.27953507593937266
1208,1208,0.047176779999460905,0.043048587810996415,0.27981925526859874
1209,1209,0.047206641999480325,0.043027007795748695,0.27941934102325044
1210,1210,0.04723734899948795,0.0430054531396121,0.27970299739549837
1211,1211,0.04726710699947034,0.04298392380541607,0.2793038326009032
1212,1212,0.04729743199948189,0.042962419760335616,0.27958696711552017
1213,1213,0.047327637999444505,0.042940940967328194,0.2791885501599322
1214,1214,0.04735789999949702,0.042919487393677055,0.27947116391284604
1215,1215,0.04738942599948359,0.042898059002467105,0.2790734931895129
1216,1216,0.047428592999438024,0.04287665576108935,0.2793555872732526
1217,1217,0.047461820999444626,0.04285527763275556,0.278958661180387
1218,1218,0.04749622799948838,0.04283392458496402,0.2792402366841037
1219,1219,0.04752741699951457,0.04281259658105254,0.2788440536248531
1220,1220,0.04755780199951687,0.042791293588626295,0.2791251116343415
1221,1221,0.047587892999501946,0.042770015571148505,0.2787296700167591
1222,1222,0.04761905199944749,0.04274876249633071,0.2790102116144775
1223,1223,0.04764952699946434,0.042727534327761066,0.2786155098514938
1224,1224,0.04767943999951285,0.04270633103325688,0.27889553611658435
1225,1225,0.04770995499956143,0.04268515257653052,0.2785015726259786
1226,1226,0.04773991999957161,0.0426639989255047,0.27878108463428747
1227,1227,0.04777063299951578,0.04264287004401542,0.2783878578386588
1228,1228,0.04780090299954054,0.04262176590009026,0.27866685666275687
1229,1229,0.04783071299954145,0.04260068645768817,0.2782743649894966
1230,1230,0.04786079999951198,0.0425796316849413,0.27855285169869826
1231,1231,0.047891309999499754,0.042558601545930844,0.27816109357996205
1232,1232,0.047953047999499177,0.04253759600889298,0.2784390692403456
1233,1233,0.04798617499949387,0.04251661503803064,0.2780480431130256
1234,1234,0.04801798899950427,0.04249565860168352,0.2783255087874525
1235,1235,0.04804851399950394,0.042474726664175774,0.2779352130931505
1236,1236,0.04807977599949709,0.042453819193950124,0.27821216984128394
1237,1237,0.048110622999502084,0.042432936155451226,0.2778226030262838
1238,1238,0.04814093899949512,0.04241207751722449,0.27809905190460904
1239,1239,0.04817112799946699,0.042391243243834524,0.27771021241985
1240,1240,0.04822031299943319,0.042370433303928846,0.2779861544816921
1241,1241,0.04826383599942119,0.04234964766219148,0.27759804078274236
1242,1242,0.04830586199943809,0.042328886287371664,0.27787347707828586
1243,1243,0.04834784499939815,0.042308149144272195,0.2774860876253158
1244,1244,0.048379469999360936,0.0422874362017436,0.2777610192016225
1245,1245,0.04840997199931962,0.04226674742470687,0.27737435245937897
1246,1246,0.04845404899930372,0.04224608278211337,0.27764878036040674
1247,1247,0.048535022999317334,0.04222544223900171,0.2772628347981868
1248,1248,0.04857063299931497,0.042204825764423734,0.277536760064808
1249,1249,0.04861344999932271,0.042184233323534985,0.27715153415643323
1250,1250,0.04865129499927434,0.04216366488548732,0.2774249578264524
1251,1251,0.04870334499923956,0.042143120415552855,0.27704045005024375
1252,1252,0.04874733199926595,0.04212259988298289,0.2773133731584154
1253,1253,0.048789674999284216,0.04210210325316548,0.2769295819971676
1254,1254,0.048840388999281004,0.04208163049545111,0.27720200557521457
1255,1255,0.04888961099925382,0.04206118157534313,0.2768189295161714
1256,1256,0.04892353399924332,0.042040756462290746,0.27709085459280164
1257,1257,0.048959753999270106,0.04202035512191211,0.2767084921276308
1258,1258,0.04900441099925956,0.04199997752375471,0.2769799197285556
1259,1259,0.049059615999283324,0.041979623633550935,0.2765982693533244
1260,1260,0.04909576499926516,0.04195929342094618,0.27686920050127495
1261,1261,0.04913210299923776,0.04193898685178653,0.2764882607164258
1262,1262,0.049163902999225684,0.04191870389581477,0.2767586964311709
1263,1263,0.049216645999251796,0.041898444518990205,0.27637846574149716
1264,1264,0.04925892599925419,0.04187820869115272,0.2766484070398594
1265,1265,0.049292181999248896,0.04185799637837415,0.2762688839544816
1266,1266,0.04932965099925468,0.041837807550590994,0.2765383318503551
1267,1267,0.04938028699928054,0.04181764217398729,0.2761595148826968
1268,1268,0.0494289139992361,0.04179750021859566,0.2764284703870631
1269,1269,0.04946215299924006,0.04177738165071174,0.2760503580548277
1270,1270,0.0495206659992391,0.04175728644046401,0.2763188221757727
1271,1271,0.04957262399921092,0.04173721455425911,0.2759414130009201
1272,1272,0.04960668799924406,0.04171716596232098,0.2762093867436501
1273,1273,0.04963810299926763,0.04169714063116671,0.27583267925237337
1274,1274,0.049681154999291266,0.04167713853111531,0.2761001636192314
1275,1275,0.049723246999292314,0.041657159628793884,0.275724156341934
1276,1276,0.04976629799926968,0.04163720389461604,0.27599115233241617
1277,1277,0.04980725099926531,0.04161727129531841,0.2756158438036891
1278,1278,0.04984942199928355,0.04159736180140879,0.27588235241446
1279,1279,0.04989485699928764,0.04157747537973283,0.27550774117305943
1280,1280,0.04993779399927689,0.04155761200089213,0.2757737633979683
1281,1281,0.04998176799927023,0.041537771631840886,0.27539984798679285
1282,1282,0.05010411399922532,0.041517954243274084,0.27566538481688907
1283,1283,0.050158026999213234,0.04149815980225392,0.27529216378295807
1284,1284,0.05019371899925318,0.041478388279568464,0.2755572162065066
1285,1285,0.05022655299927692,0.04145863964238738,0.2751846881009381
1286,1286,0.05025892199927284,0.04143891386159142,0.2754492571034348
1287,1287,0.05029005299928713,0.04141921090445728,0.2750774204814237
1288,1288,0.05032043499932115,0.04139953074195794,0.2753415070456108
1289,1289,0.05035063399930095,0.04137987334147662,0.2749703604664068
1290,1290,0.0503813909992914,0.04136023867407824,0.2752339655722879
1291,1291,0.05041133899931083,0.04134062670725209,0.27486350759917494
1292,1292,0.05044084999934739,0.04132103741215453,0.27512663222402967
1293,1293,0.05047109299937347,0.04130147075638042,0.2747568614243041
1294,1294,0.05050107399938497,0.04128192671117735,0.2750195065427034
1295,1295,0.05053097399940043,0.04126240524424516,0.2746504214876532
1296,1296,0.0506114669993849,0.04124290632692225,0.27491258807147356
1297,1297,0.050648711999372154,0.041223429927013125,0.27454418733635716
1298,1298,0.05068146499939985,0.041203976015946504,0.2748058763547958
1299,1299,0.050712636999378446,0.04118454456163108,0.27443815851882186
1300,1300,0.05074384499937423,0.04116513553558568,0.27469937093841046
1301,1301,0.05077344099942138,0.04114574890582245,0.27433233458471695
1302,1302,0.05080351099940117,0.04112638464395,0.27459307136933614
1303,1303,0.0508333709993849,0.04110704271808379,0.27422671508497043
1304,1304,0.05086324199936598,0.04108772309992165,0.2744869771958644
1305,1305,0.05089393399936171,0.04106842575768176,0.2741212995717625
1306,1306,0.05092334199935067,0.041049150663150964,0.27438108796755284
1307,1307,0.050952744999335664,0.04102989778464967,0.27401608759851964
1308,1308,0.05098290599931943,0.041010667094053294,0.274275403235219
1309,1309,0.05101294799931111,0.04099145855978413,0.2739110787199089
1310,1310,0.051042505999305376,0.040972272153805826,0.2741699225509351
1311,1311,0.05107620899934773,0.04095310784464207,0.2738062724918316
1312,1312,0.05113177199933716,0.040933965604344334,0.27406464546802106
1313,1313,0.05116583399933461,0.040914845401537274,0.27370166847141797
1314,1314,0.05119769199933444,0.0408957472083599,0.2739595715410397
1315,1315,0.051228085999355244,0.040876670993537395,0.27359726621702113
1316,1316,0.051257940999335005,0.04085761672929584,0.27385470032578996
1317,1317,0.05128876399936644,0.04083858438446053,0.27349306528821143
1318,1318,0.05138045199936414,0.040819573931344395,0.2737500313793013
1319,1319,0.05142438199936805,0.040800585338872306,0.27338906524577106
1320,1320,0.05145669199936265,0.04078161857944372,0.27364556425982833
1321,1321,0.05148791799939545,0.04076267362208263,0.27328526565168776
1322,1322,0.05153138299942839,0.040743750439274674,0.273541298526844
1323,1323,0.051591215999394535,0.040724849000142574,0.27318166606914984
1324,1324,0.05165042399937647,0.04070596927725781,0.27343723374103557
1325,1325,0.05174970599938433,0.04068711123984136,0.27307826606254043
1326,1326,0.05179641599943352,0.04066827486055018,0.27333336946429726
1327,1327,0.05184737099943959,0.04064946010870315,0.27297506519743203
1328,1328,0.0518928709994384,0.04063066695704233,0.2732297052597258
1329,1329,0.05192424399945139,0.04061189537498414,0.2728720630405808
1330,1330,0.05197320299947705,0.04059314533535534,0.27312624069161423
1331,1331,0.052022992999525286,0.0405744168076694,0.27276925915992145
1332,1332,0.05206730399947901,0.040555709764837605,0.27302297532544656
1333,1333,0.05209821199946418,0.040537024176469996,0.2726666531245617
1334,1334,0.05212829699945587,0.04051836001556199,0.27291990872789246
1335,1335,0.05215898599942648,0.040499717251819875,0.27256424450477695
1336,1336,0.052202408999448835,0.040481095858322845,0.2728170404668014
1337,1337,0.052256064999426144,0.04046249580487299,0.27246203287200504
1338,1338,0.05231403799945156,0.04044391706463291,0.27271437011119765
1339,1339,0.052361865999444035,0.04042535960750017,0.27236001779884067
1340,1340,0.05239405599945712,0.040406823406720555,0.27261189723127477
1341,1341,0.05244393899943134,0.04038830843228653,0.272258198859031
1342,1342,0.052475010999444294,0.04036981465752668,0.2725096213983902
1343,1343,0.052505369999437335,0.0403513420525281,0.27215657562746953
1344,1344,0.0525403179993873,0.04033289059070191,0.27240754218505986
1345,1345,0.05257135699935134,0.0403144602422293,0.2720551476801913
1346,1346,0.05260164699933512,0.040296050980603626,0.2723056591649536
1347,1347,0.052632205999316284,0.0402776627760999,0.2719539145943679
1348,1348,0.05266262699933577,0.04025929560229324,0.27220397191288875
1349,1349,0.052692642999318196,0.040240949429552086,0.27185287594830265
1350,1350,0.05272301599933371,0.04022262423153317,0.2721024800048263
1351,1351,0.05275278999931743,0.040204319978697854,0.27175203132142445
1352,1352,0.05278219299935927,0.04018603664478408,0.2720011830178647
1353,1353,0.052837003999343324,0.040167774200345896,0.2716513802942843
1354,1354,0.0528716339993025,0.04014953261920213,0.2719000805302355
1355,1355,0.052903803999299726,0.04013131187199898,0.27155092244854945
1356,1356,0.05293711899929576,0.040113111932635975,0.2717991721212978
1357,1357,0.05296817099929285,0.040094932771851145,0.27145065736699836
1358,1358,0.0530121389992928,0.04007677436362424,0.27169845737153336
1359,1359,0.05306223799925647,0.04005863667878482,0.2713505846335163
1360,1360,0.05311258199924396,0.040040519691392586,0.27159793586254233
1361,1361,0.05314324399927273,0.04002242337236815,0.2712507038330903
1362,1362,0.05317408699926318,0.04000434769585092,0.2714976071770367
1363,1363,0.0532043079992377,0.03998629263285221,0.27115101455180446
1364,1364,0.05323799599926815,0.03996825815759084,0.271397470898837
1365,1365,0.053271002999281336,0.03995024424116844,0.2710515163768344
1366,1366,0.05330160299928366,0.03993225085788279,0.2712975266128666
1367,1367,0.053339900999276324,0.03991427797892554,0.270952208896444
1368,1368,0.053399603999309875,0.03989632557867334,0.27119777390514693
1369,1369,0.05343376799930866,0.039878393628407345,0.2708530916999793
1370,1370,0.05346547399932433,0.039860482102582626,0.27109821236279324
1371,1371,0.05349690599933865,0.03984259097256959,0.2707541643778645
1372,1372,0.053527570999335694,0.03982472021290155,0.2709988415740089
1373,1373,0.0535578279993274,0.03980686979503771,0.27065542652159724
1374,1374,0.05359822899936262,0.03978903969358921,0.27089966112808134
1375,1375,0.05363060199931624,0.03977122988010383,0.2705568777237435
1376,1376,0.053661388999330484,0.039753440329270265,0.27080067061537727
1377,1377,0.05369182099934733,0.039735671012724384,0.27045851757793427
1378,1378,0.05372239999934436,0.039717921905232226,0.2707018696273379
1379,1379,0.05375198899929501,0.039700192978517373,0.2703603456788593
1380,1380,0.05378208599933032,0.03968248420742296,0.2706032577564743
1381,1381,0.05381257799933792,0.0396647955637599,0.27026236162226397
1382,1382,0.053842324999322955,0.03964712702244804,0.2705048345963628
1383,1383,0.05388219999935018,0.03962947855538541,0.27016456500494446
1384,1384,0.053920045999348076,0.039611850137568225,0.2704065997416405
1385,1385,0.05395285999935595,0.03959424174098125,0.27006695542474246
1386,1386,0.05398430699938217,0.03957665334069684,0.27030855278800064
1387,1387,0.05401512499935279,0.03955908490878609,0.2699695324805422
1388,1388,0.05404518899933919,0.03954153642039722,0.27021069333218845
1389,1389,0.05407542899934015,0.03952400784768736,0.26987229577226474
1390,1390,0.05410532599933049,0.039506499165880275,0.270113020971996
1391,1391,0.054135368999311595,0.039489010347218766,0.2697752449008645
1392,1392,0.05416573599933372,0.039471541367001914,0.27001553530625855
1393,1393,0.05421067899931131,0.03945409219755779,0.2696783794683246
1394,1394,0.05424076199932415,0.03943666281426051,0.2699182359348493
1395,1395,0.05427058499935811,0.03941925318952313,0.26958169907765256
1396,1396,0.0543003129993167,0.03940186329879448,0.26982112245867607
1397,1397,0.054330110999273984,0.03938449311457227,0.269485203332876
1398,1398,0.05435977499928413,0.03936714261237979,0.2697241944796759
1399,1399,0.054389166999271765,0.03934981176479903,0.2693888918390386
1400,1400,0.05442739899922344,0.03933250054742748,0.2696274516008115
1401,1401,0.05448737499921208,0.03931520893293111,0.26929276420219556
1402,1402,0.0545212259991672,0.03929793689698127,0.2695308934260664
1403,1403,0.05455246099916167,0.03928068441232761,0.26919682002940976
1404,1404,0.054583651999166705,0.03926345145471511,0.26943451956044134
1405,1405,0.05461424799921133,0.03924623799697664,0.2691010589287478
1406,1406,0.05465953599917839,0.03922904401493064,0.26933832960994936
1407,1407,0.054693475999158636,0.03921186948149297,0.269005480509275
1408,1408,0.05472449499916365,0.03919471437255507,0.26924232318161245
1409,1409,0.05475526599917657,0.0391775786611155,0.26891008438105235
1410,1410,0.05478746599914075,0.03916046232313851,0.2691464998834562
1411,1411,0.05481822399912062,0.03914336533170498,0.2688148701551317
1412,1412,0.054848535999155956,0.03912628766285177,0.26905085932450684
1413,1413,0.05489137699919411,0.03910922928974167,0.26871983744355254
1414,1414,0.05494076399918413,0.03909219018848385,0.2689554011147867
1415,1415,0.05498855199920172,0.039075170332322856,0.26862498585933675
1416,1416,0.055034774999228375,0.03905816969743984,0.2688601248653098
1417,1417,0.05508509199927403,0.03904118825716066,0.268530315016486
1418,1418,0.055118427999275355,0.03902422598773827,0.2687650301880783
1419,1419,0.05515382799927693,0.03900728286257956,0.268435824529977
1420,1420,0.05519441599926722,0.038990358858009,0.26867011669607826
1421,1421,0.055230081999241065,0.038973453947514225,0.2683415140157574
1422,1422,0.05528072799927486,0.038956568107490874,0.2685753840032757
1423,1423,0.05531255399927204,0.03893970131150708,0.2682473830907427
1424,1424,0.05534804099926305,0.03892285353602942,0.26848083172461257
1425,1425,0.055391897999243156,0.03890602475470611,0.2681534313728118
1426,1426,0.055423791999260175,0.03888921494407446,0.26838645947600287
1427,1427,0.05548968799928389,0.03887242407786253,0.2680596584808031
1428,1428,0.05553919999925938,0.03885565213267807,0.2682922668743287
1429,1429,0.0555892929992865,0.03883889908232855,0.26796606403451123
1430,1430,0.055632579999326026,0.038822164903492024,0.2681982535374366
1431,1431,0.055704894999337284,0.03880544957005511,0.2678726476546826
1432,1432,0.055741269999373344,0.03878875305876582,0.2681044190841334
1433,1433,0.05579025899936596,0.03877207534358963,0.2677794089630123
1434,1434,0.055822012999385606,0.038755416401344285,0.26801076313418243
1435,1435,0.05585289499941837,0.03873877620607381,0.2676863475821396
1436,1436,0.055900034999410764,0.03872215473466535,0.2679172853083
1437,1437,0.05594429799941736,0.03870555196124129,0.2675934631356449
1438,1438,0.055977209999412025,0.038688967862757995,0.2678239852281512
1439,1439,0.056025243999442864,0.03867240241341574,0.26750075524804584
1440,1440,0.0560593159993914,0.038655855590239874,0.2677308625163466
1441,1441,0.056090471999368674,0.0386393273675083,0.26740822354479354
1442,1442,0.05612135699936971,0.03862281772231514,0.26763791679643817
1443,1443,0.056151630999352165,0.038606326629015655,0.2673158676522691
1444,1444,0.056182239999372996,0.03858985406477245,0.26754514769291565
1445,1445,0.056213154999340986,0.03857340000401781,0.26722368719777984
1446,1446,0.05624330599937366,0.03855696442398255,0.2674525548312033
1447,1447,0.056273296999393096,0.0385405472991758,0.2671316818095555
1448,1448,0.056317279999404946,0.03852414860689634,0.26736013783765555
1449,1449,0.05635135299939975,0.03850776832172977,0.2670398511167457
1450,1450,0.05639123899942433,0.03849140642104258,0.26726789633955367
1451,1451,0.05642109499939352,0.03847506287949665,0.26694819474941517
1452,1452,0.05646249799940506,0.03845873767452591,0.26717582996510253
1453,1453,0.05651587899939159,0.038442430780868106,0.2668567123385406
1454,1454,0.056576604999406754,0.0384261421760245,0.26708393834342664
1455,1455,0.05662228099942013,0.03840987183480844,0.26676540351600747
1456,1456,0.056658959999424496,0.038393619734788186,0.2669922211045666
1457,1457,0.056689976999450664,0.03837738585085246,0.2666742679146068
1458,1458,0.056733187999498114,0.038361170160636275,0.2669006778794756
1459,1459,0.05676464599952169,0.03834497263910342,0.26658330516803047
1460,1460,0.05679541699953461,0.038328793263955406,0.26680930830001587
1461,1461,0.056825163999519646,0.03831263201023085,0.26649251491086934
1462,1462,0.056855079999479585,0.03829648885569759,0.26671811199895584
1463,1463,0.0568851319994792,0.038280363775468666,0.2664018967786088
1464,1464,0.056914496999468156,0.03826425674737803,0.2666270886099657
1465,1465,0.05694430799945849,0.03824816774661293,0.2663114504076257
1466,1466,0.05697410399943692,0.03823209675107311,0.26653623776761426
1467,1467,0.05700380399940741,0.038216043736019834,0.2662211754351852
1468,1468,0.05704248099942788,0.03820000867941842,0.2664455591073661
1469,1469,0.057102274999408564,0.03818399155660378,0.2661310714994372
1470,1470,0.05713468799939392,0.038167992345606604,0.26635505226557765
1471,1471,0.05716637299934746,0.03815201102183524,0.26604113823941294
1472,1472,0.05719771999935119,0.03813604756338547,0.2662647168794939
1473,1473,0.057227977999332325,0.03812010194573877,0.265951375295022
1474,1474,0.05725815299933856,0.03810417414705585,0.2661745525872447
1475,1475,0.05728836399936199,0.038088264142891,0.26586178230704877
1476,1476,0.057318442999360286,0.03807237191146966,0.26608455902784267
1477,1477,0.05734896799935996,0.03805649742841866,0.26577235891714945
1478,1478,0.05737934999933714,0.038040640672027934,0.26599473584117833
1479,1479,0.057408878999353874,0.03802480161799661,0.2656831047678486
1480,1480,0.057438990999401085,0.03800898024467882,0.2659050826680178
1481,1481,0.05746867899938479,0.03799317652784574,0.26559401950253597
1482,1482,0.057498378999412125,0.03797739044591555,0.26581559914999964
1483,1483,0.05752843899944082,0.03796162197473118,0.26550510276546346
1484,1484,0.05756329499945423,0.037945871092774565,0.2657262849296305
1485,1485,0.0576008679994402,0.03793013777596022,0.26541635420174187
1486,1486,0.05765760999940994,0.03791442200283358,0.2656371396502834
1487,1487,0.05768970799942963,0.037898723749380386,0.26532777345733766
1488,1488,0.05772086199942805,0.037883042994209484,0.26554816295619355
1489,1489,0.05775124399940523,0.03786737971337756,0.2652393601790698
1490,1490,0.057781994999402286,0.03785173388555662,0.26545935449245506
1491,1491,0.0578118329993913,0.03783610548687403,0.26515111401460706
1492,1492,0.0578799119993505,0.037820494496064665,0.26537071390501904
1493,1493,0.057911939999314654,0.03780490088932643,0.26506303461246455
1494,1494,0.05794302799932893,0.037789324645456875,0.26528224084068863
1495,1495,0.0579733689993418,0.0377737657407241,0.2649751216220006
1496,1496,0.058003739999321624,0.03775822415398814,0.2651939349471174
1497,1497,0.058033364999346304,0.037742699861586994,0.26488737469341395
1498,1498,0.05806373099932216,0.03772719284244297,0.2651057958728054
1499,1499,0.05809368299935613,0.03771170307296378,0.2647997934777406
1500,1500,0.058123397999395365,0.037696230532133786,0.26501782326709683
1501,1501,0.058153095999387006,0.03768077519643014,0.2647123776268507
1502,1502,0.058186080999405476,0.03766533704489894,0.26493001678017597
1503,1503,0.058225267999375774,0.03764991605408663,0.2646251267934463
1504,1504,0.05825838099934799,0.037634512203100885,0.26484237606306515
1505,1505,0.058306807999315424,0.03761912546855706,0.26453804063105685
1506,1506,0.05833784599929004,0.037603755829624275,0.264754900767621
1507,1507,0.058368690999316186,0.03758840326298654,0.26445111879403793
1508,1508,0.05839881499935018,0.03757306774787417,0.26466759054653194
1509,1509,0.058428763999359035,0.037557749261039636,0.2643643609375672
1510,1510,0.05845974399937859,0.03754244778177419,0.26458044505331496
1511,1511,0.05848977999937688,0.03752716328689851,0.2642777667176417
1512,1512,0.0585194429993976,0.03751189575576465,0.2644934639423125
1513,1513,0.05854903999937733,0.03749664516526118,0.26419133579107557
1514,1514,0.05857853999935969,0.037481411494800713,0.2644066468686901
1515,1515,0.05860794099936584,0.037466194721339566,0.2641050678154963
1516,1516,0.05863775899939583,0.03745099482435068,0.2643199934884328
1517,1517,0.058667748999368996,0.03743581178085787,0.2640189624493425
1518,1518,0.05869721599935929,0.03742064557039414,0.26423350345834273
1519,1519,0.0587364209993666,0.03740549617005057,0.2639330193518607
1520,1520,0.05879288899933499,0.0373903635594201,0.2641471764360359
1521,1521,0.05882576599935874,0.037375247715660774,0.26384723818310263
1522,1522,0.058857157999341325,0.03736014861842529,0.26406101207993943
1523,1523,0.058887817999391245,0.03734506624493843,0.26376161860392255
1524,1524,0.05891805199939881,0.03733000057491235,0.2639750100492889
1525,1525,0.05894805299942618,0.037314951585638405,0.26367616027597435
1526,1526,0.0589780259994086,0.03729991925688804,0.2638891700041251
1527,1527,0.059007661999373795,0.03728490356601893,0.2635908628617084
1528,1528,0.05903784799937739,0.037269904492861584,0.2638034916052917
1529,1529,0.05906775799940078,0.03725492201483967,0.2635057260243698
1530,1530,0.059097322999377866,0.0372399561118427,0.26371797451443196
1531,1531,0.059126976999380076,0.037225006761360105,0.2634207494279943
1532,1532,0.059156475999373015,0.03721007394334009,0.26363261839398644
1533,1533,0.05918606999938447,0.03719515763533765,0.26333593273740696
1534,1534,0.05921676999940928,0.03718025781735952,0.2635474229071899
1535,1535,0.0592464369993877,0.037165374467026065,0.2632512756182183
1536,1536,0.059276067999348925,0.037150507564402295,0.26346238771806857
1537,1537,0.05930979699934369,0.037135657087173646,0.2631667777368221
1538,1538,0.05934945899929289,0.03712082301546325,0.2633775124914377
1539,1539,0.05938232099930474,0.03710600532702146,0.2630824387603929
1540,1540,0.059413532999315066,0.03709120400202936,0.2632927968928985
1541,1541,0.05944486099929236,0.03707641901830183,0.262998258356883
1542,1542,0.05947526199929598,0.03706165035607774,0.26320824058883546
1543,1543,0.059505817999308874,0.037046897993236426,0.26291423619501997
1544,1544,0.05953632099931383,0.03703216191007419,0.2631238432464141
1545,1545,0.05956608999929358,0.037017442084534585,0.26283037194430414
1546,1546,0.05959586599925615,0.037002738496971325,0.26303960453357783
1547,1547,0.05962568699925441,0.036988051125391865,0.26274666527500556
1548,1548,0.05965595199921836,0.03697337995020703,0.2629555241190453
1549,1549,0.059686068999212694,0.036958724949488056,0.26266311585816204
1550,1550,0.05971599699921626,0.03694408610370268,0.26287160167230844
1551,1551,0.059745498999234314,0.036929463390985656,0.262579723365576
1552,1552,0.05977778099918396,0.036914856791861524,0.2627878368636289
1553,1553,0.05980778399919018,0.03690026628452829,0.26249648746981225
1554,1554,0.05984526399919332,0.03688569184956704,0.2627042293640361
1555,1555,0.0598837399991794,0.036871133465238855,0.2624134078441952
1556,1556,0.05991629999914494,0.03685659111218125,0.2626207788453242
1557,1557,0.05994731299909972,0.036842064768718104,0.2623304841628067
1558,1558,0.05997805399908884,0.036827554415543105,0.26253748498005014
1559,1559,0.06000786399908975,0.03681306003104278,0.2622477161004831
1560,1560,0.06003748899911443,0.036798581595966835,0.26245434744153034
1561,1561,0.0600994619990729,0.03678411908876418,0.26216510333281284
1562,1562,0.06013196499907281,0.036769672490240275,0.2623713659038389
1563,1563,0.06016252699907909,0.03675524177890631,0.2620826455361343
1564,1564,0.060192887999107825,0.036740826935623395,0.2622885400418046
1565,1565,0.06022296899908497,0.03672642793896457,0.26200034238753284
1566,1566,0.06025265899910437,0.03671204476984646,0.26220586953100816
1567,1567,0.06028276999910531,0.0366976774069039,0.26191819356483864
1568,1568,0.06031261799910226,0.03668332583110864,0.2621233540477805
1569,1569,0.06034219599911239,0.036668990021157165,0.2618361987466243
1570,1570,0.06037241699914375,0.03665466995807632,0.2620409932691998
1571,1571,0.06040397499918981,0.03664036562062379,0.2617543576122021
1572,1572,0.0604399849991637,0.036626076989881386,0.2619587868730887
1573,1573,0.0604726589991742,0.03661180404466792,0.26167266984162185
1574,1574,0.06050345299917126,0.036597546766119864,0.26187673453801263
1575,1575,0.06053367899914974,0.036583305133116986,0.26159113511566834
1576,1576,0.06056412899914676,0.03656907912685028,0.26179483594327685
1577,1577,0.060594228999150346,0.03655486872626011,0.2615097531158592
1578,1578,0.060623820999182954,0.03654067391259188,0.2617130907689242
1579,1579,0.06065360399918518,0.03652649466484651,0.261428523524442
1580,1580,0.06068332099920326,0.0365123309643234,0.26163149869573243
1581,1581,0.060712847999184305,0.03649818279008384,0.26134744602439275
1582,1582,0.06074247799921295,0.03648405012348123,0.26155005940521214
1583,1583,0.060772617999191425,0.03646993294363692,0.26126652029941244
1584,1584,0.06080229799914605,0.036455831231958065,0.2614687725796043
1585,1585,0.06083232099916813,0.03644174496762587,0.26118574603392586
1586,1586,0.06086281899916912,0.0364276741321012,0.261387637901878
1587,1587,0.06089309899920181,0.036413618704624826,0.2611051229130782
1588,1588,0.06092979099918239,0.03639957866671107,0.26130665505572764
1589,1589,0.060983590999228454,0.0363855539976602,0.2610246506227335
1590,1590,0.0610182709992273,0.036371544679039775,0.261225823725571
1591,1591,0.061049505999221765,0.03635755069020932,0.260944328849472
1592,1592,0.06108193499920844,0.03634357201278946,0.2611451435965469
1593,1593,0.06111256599922399,0.036329608626198745,0.26086415728058826
1594,1594,0.06114247799922623,0.036315660512110784,0.26106461435451267
1595,1595,0.06117265299923247,0.036301727650002974,0.2607841356040881
1596,1596,0.06120220799925846,0.036287810021601585,0.2609842356860421
1597,1597,0.06123209999924484,0.03627390760644269,0.2607042635086872
1598,1598,0.06126162099923249,0.036260020386305145,0.26090400727842294
1599,1599,0.061291284999242635,0.03624614834078347,0.2606245406838083
1600,1600,0.06132101299925807,0.03623229145170888,0.26082392881965477
1601,1601,0.0613506249992497,0.03621844969873414,0.2605449668195792
1602,1602,0.06137970599922937,0.03620462306374269,0.26074399999844655
1603,1603,0.061409010999227576,0.0361908115264454,0.26046554160683066
1604,1604,0.06143882999924699,0.036177015068777706,0.2606642205042148
1605,1605,0.06146866399922146,0.03616323367050825,0.2603862647370937
1606,1606,0.061505702999227196,0.03614946731362446,0.26058459002708056
1607,1607,0.061559350999232265,0.03613571597795263,0.26030713590259796
1608,1608,0.06159286599921643,0.03612197964553181,0.26050510825786827
1609,1609,0.06162448599923209,0.03610825829624576,0.2602281547962692
1610,1610,0.06165492599922118,0.03609455191218515,0.26042577488810253
1611,1611,0.06168484499926308,0.036080860473290975,0.26014932111172717
1612,1612,0.06171436599925073,0.0360671839617052,0.2603465896100062
1613,1613,0.06174444899926357,0.03605352235742591,0.2600706345432836
1614,1614,0.06177375499930804,0.036039875642646324,0.260267552116499
1615,1615,0.061803531999316874,0.0360262437974214,0.2599920947859399
1616,1616,0.06183272499930581,0.03601262680399532,0.26018866210119396
1617,1617,0.06186231599929215,0.03599902464247978,0.25991370153538484
1618,1618,0.061892140999304956,0.0359854372951698,0.26010991925839644
1619,1619,0.06192161599932433,0.03597186474223357,0.2598354544879931
1620,1620,0.0619509749993199,0.03595830696601681,0.2600313232831012
1621,1621,0.061980948999348584,0.03594476394674402,0.25975735334082245
1622,1622,0.06201073999932305,0.035931235666811424,0.25995287387099075
1623,1623,0.06204091599931871,0.03591772210649966,0.2596793977916119
1624,1624,0.062077957999349564,0.03590422324825533,0.2598745707184329
1625,1625,0.06211792699934904,0.03589073907241498,0.25960158753877954
1626,1626,0.062150206999319835,0.035877269561475376,0.259796413522479
1627,1627,0.06218097499930764,0.03586381469582885,0.25952392228142074
1628,1628,0.06221135499930597,0.03585037445802221,0.2597184019808615
1629,1629,0.062242062999303016,0.03583694882850325,0.25944640171930566
1630,1630,0.062273326999275014,0.035823537789868784,0.2596405357919918
1631,1631,0.06231308799931412,0.035810141322621884,0.25936902555287783
1632,1632,0.06234558899933518,0.035796759409409074,0.2595628146549586
1633,1633,0.06237740299934558,0.03578339203078865,0.259291793483251
1634,1634,0.06240784299933466,0.03577003916945664,0.2594852382695255
1635,1635,0.062438016999351476,0.03575670080602633,0.2592147052122085
1636,1636,0.062467931999378834,0.035743376923243156,0.25940780633612887
1637,1637,0.062497400999347974,0.03573006750177526,0.25913776044220005
1638,1638,0.06252695699930655,0.03571677252441721,0.2593305185558763
1639,1639,0.06255652399926248,0.03570349197189184,0.25906095887634034
1640,1640,0.06258591399927127,0.03569022582704281,0.2592533746305437
1641,1641,0.06263254199927815,0.03567697407064731,0.25898430021840696
1642,1642,0.0626841679992367,0.035663736685597955,0.2591763742625741
1643,1643,0.06271875099923818,0.0356505136527262,0.2589077841728384
1644,1644,0.06275047299925518,0.03563730495497343,0.2590995171550753
1645,1645,0.0627815199992483,0.035624110573225155,0.25883141044473157
1646,1646,0.06281249899927843,0.035610930490471336,0.2590228030118178
1647,1647,0.06284258399932696,0.03559776468765144,0.25875517873984105
1648,1648,0.06287284599932264,0.035584613147803805,0.2589462315372331
1649,1649,0.06290308999933814,0.035571475851921615,0.25867908876457557
1650,1650,0.06293342299932192,0.035558352783091565,0.2588698024364109
1651,1651,0.06296327599932283,0.035545243922360296,0.2586031402259972
1652,1652,0.06299327899932905,0.03553214925286273,0.25879351541509843
1653,1653,0.06302319699932468,0.035519068755698775,0.25852733283181917
1654,1654,0.06305325499931769,0.03550600241405129,0.25871737017969726
1655,1655,0.06308265399934498,0.035492950209073504,0.2584516662904035
1656,1656,0.06311274999933403,0.035479912123996,0.25864136643726243
1657,1657,0.0631424729993455,0.03546688814002507,0.2583761403107598
1658,1658,0.06317443299934666,0.0354538782404389,0.2585655038954991
1659,1659,0.06321173999936036,0.03544088240649666,0.2583007546025424
1660,1660,0.06324409799935893,0.035427900621524004,0.2584897822627624
1661,1661,0.06327467399933084,0.03541493286683278,0.25822550887604956
1662,1662,0.06330513699936091,0.03540197912579604,0.25841420124805387
1663,1663,0.06333540199932486,0.03538903937977806,0.25815040284222085
1664,1664,0.06336530399931917,0.035376113612199125,0.2583387605610207
1665,1665,0.06339506899934122,0.035363201804475795,0.2580754362126351
1666,1666,0.06342443399933018,0.035350303940075475,0.25826345991195293
1667,1667,0.06345417899933636,0.03533742000046681,0.2580006086995095
1668,1668,0.06348394999929496,0.03532454996916404,0.25818829901178236
1669,1669,0.06351381399929323,0.0353116938276879,0.25792592001569664
1670,1670,0.06354322599929674,0.03529885155959937,0.2581132775720801
1671,1671,0.06357226699930152,0.0352860231464709,0.25785136987468327
1672,1672,0.06360202099926937,0.035273208571910054,0.25803839530505523
1673,1673,0.06363172099923986,0.03526040781754105,0.2577769579905883
1674,1674,0.06366156599926853,0.035247620867017826,0.2579636519235522
1675,1675,0.06369154599929061,0.03523484770201602,0.25770268407816105
1676,1676,0.0637437359992532,0.03522208830623593,0.25788904714104943
1677,1677,0.0637781699992388,0.03520934266140442,0.25762854785277933
1678,1678,0.06381037799923206,0.03519661075126799,0.25781458067165774
1679,1679,0.06384213399923055,0.03518389255760464,0.25755454903044767
1680,1680,0.0638726579992408,0.03517118806420682,0.2577402522301179
1681,1681,0.06390354499927753,0.03515849725290349,0.25748068732779533
1682,1682,0.06393411399932347,0.03514582010753299,0.2576660615317992
1683,1683,0.0639640079992887,0.0351331566099751,0.2574069624620748
1684,1684,0.06399366299928033,0.0351205067441138,0.25759200829269746
1685,1685,0.06402325199928782,0.035107870491879474,0.2573333741511603
1686,1686,0.06405317199931915,0.03509524783720177,0.25751809222943345
1687,1687,0.06408269399935307,0.03508263876206147,0.25725992211354465
1688,1688,0.06411231099934867,0.03507004325043362,0.25744431305925075
1689,1689,0.06414240599934828,0.035057461284349334,0.25718660606833926
1690,1690,0.06417194199934784,0.035044892847828885,0.2573706705000142
1691,1691,0.06420152799933021,0.03503233792295352,0.25711342573527113
1692,1692,0.0642310439993139,0.035019796493788724,0.2572971642702082
1693,1693,0.06426952699928279,0.03500726854246564,0.2570403808346819
1694,1694,0.06430786499930718,0.034994754053094705,0.2572237940889345
1695,1695,0.06433988299926341,0.03498225300785695,0.25696747108752505
1696,1696,0.06437060499928293,0.03496976539090761,0.257150559675911
1697,1697,0.06440066899932617,0.034957291184477345,0.2568946962153654
1698,1698,0.0644302379993178,0.03494483037276611,0.25707746075146964
1699,1699,0.06446022499926585,0.03493238293805401,0.2568220559403768
1700,1700,0.06452130099927444,0.03491994886458559,0.2570044970365548
1701,1701,0.06455348699927299,0.034907528134690315,0.25674954998534
1702,1702,0.06458463999928199,0.034895120732657076,0.2569316682527213
1703,1703,0.06461510199932263,0.03488272664086449,0.25667717807364177
1704,1704,0.06464558699929057,0.0348703458436458,0.2568589741221332
1705,1705,0.06467553099929546,0.03485797832342857,0.2566049399292727
1706,1706,0.0647048499992593,0.03484562406459014,0.25678641436756144
1707,1707,0.06473435599923505,0.034833283049607006,0.2565328352768253
1708,1708,0.06476481099923603,0.03482095526290042,0.2567139887123827
1709,1709,0.06479509199925815,0.0348086406869956,0.256460863841493
1710,1710,0.06482728199927124,0.03479633930635767,0.2566416968805772
1711,1711,0.06486493299928497,0.034784051103560316,0.2563890253490681
1712,1712,0.06489760899927433,0.03477177606311245,0.2565695385967275
1713,1713,0.06492994699925703,0.03475951416763608,0.25631731952593967
1714,1714,0.0649616999992304,0.03474726540168371,0.2564975135860163
1715,1715,0.06499216199927105,0.03473502974792551,0.2562457460990927
1716,1716,0.06502241499924821,0.0347228071909575,0.2564256215742252
1717,1717,0.06505312299924526,0.034710597713497895,0.2561743047961058
1718,1718,0.0650827929992488,0.03469840130018597,0.2563538622877329
1719,1719,0.06511252399923251,0.034686217933787886,0.2561029953451499
1720,1720,0.06514344299927188,0.034674047598986076,0.2562822354535131
1721,1721,0.06517345199927149,0.03466189027859442,0.25603181747498654
1722,1722,0.06520300799928691,0.034649745957338406,0.2562107407991338
1723,1723,0.06523318399928257,0.03463761461807951,0.25596077091496644
1724,1724,0.06526285099931783,0.03462549624558609,0.25613937805275455
1725,1725,0.06529306299933069,0.03461339082276709,0.2558898553950271
1726,1726,0.06532295499931706,0.03460129833443365,0.2560681469431259
1727,1727,0.06536060199931626,0.034589218763541964,0.2558190706456921
1728,1728,0.0654158489993506,0.034577152094945746,0.2559970471995865
1729,1729,0.0654495539993718,0.03456509831164839,0.25574841639806917
1730,1730,0.06548114399936367,0.03455305739854612,0.25592607855206284
1731,1731,0.06551140799939503,0.034541029338689286,0.2556778923838483
1732,1732,0.06554192499936562,0.03452901411701646,0.25585524073106664
1733,1733,0.06557198099937978,0.034517011716624864,0.2556074983353008
1734,1734,0.06560251499934111,0.034505022122495226,0.25578453346769364
1735,1735,0.06563245299935261,0.034493045317771455,0.25553723398527683
1736,1736,0.06566260999932183,0.03448108128747648,0.25571395649362205
1737,1737,0.06569303899931356,0.03446913001480063,0.25546709906720444
1738,1738,0.06572253499933822,0.0344571914848088,0.2556435095411106
1739,1739,0.06575258399931272,0.0344452656807378,0.2553970933150885
1740,1740,0.06578204999931359,0.03443335258769427,0.25557319234299747
1741,1741,0.06581191399931186,0.03442145218896127,0.2553272164635073
1742,1742,0.0658414069993114,0.03440956446968712,0.25550300463269815
1743,1743,0.0658707949992845,0.03439768941320097,0.2552574682476133
1744,1744,0.06590059599932374,0.0343858270046928,0.2554329461442046
1745,1745,0.06593896599935078,0.03437397722753759,0.2551878484031298
1746,1746,0.06597934099937675,0.03436214006696677,0.2553630166120828
1747,1747,0.06601198599935287,0.03435031550640115,0.2551183566663504
1748,1748,0.06604279799938695,0.034338503531113465,0.25529321577147196
1749,1749,0.06607345799938003,0.03432670412457017,0.25504899277413723
1750,1750,0.06610397499940746,0.034314917272085146,0.2552235433580824
1751,1751,0.06613324999938186,0.034303142957170366,0.2549797564639189
1752,1752,0.06616265599939197,0.03429138116518079,0.2551539991081944
1753,1753,0.06619220399943515,0.03427963187967373,0.2549106474736897
1754,1754,0.06622197699942944,0.03426789508604504,0.2550845827586564
1755,1755,0.06625147999943692,0.03425617076789726,0.25484166554200777
1756,1756,0.06628105499947878,0.034244458910667054,0.2550152940468839
1757,1757,0.06631074099948364,0.034232759498002065,0.2547728104079936
1758,1758,0.0663406279995229,0.03422107251537952,0.2549461327108572
1759,1759,0.0663706539995701,0.03420939794649206,0.2547040818113286
1760,1760,0.06640044299956571,0.0341977357768575,0.2548770984891205
1761,1761,0.06643034699953887,0.03418608599021314,0.25463547949225357
1762,1762,0.06646013499954506,0.034174448572117266,0.2548081911207804
1763,1763,0.06649934999956031,0.034162823506351844,0.254567003191567
1764,1764,0.06654988199954914,0.03415121077851542,0.254739410345504
1765,1765,0.06659064499950773,0.03413961037243446,0.254498652650624
1766,1766,0.06662578299949473,0.0341280222737477,0.25467075590351745
1767,1767,0.06665695299949448,0.03411644646632593,0.25443042761133466
1768,1768,0.0667036189994974,0.034104882935847916,0.2546022275356052
1769,1769,0.0667403119994674,0.03409333166622873,0.2543623278161622
1770,1770,0.06677419999942913,0.03408179264318699,0.2545338249831071
1771,1771,0.06680561399940643,0.03407026585068185,0.25429435300812225
1772,1772,0.06685636199938472,0.03405875127447171,0.25446554798791865
1773,1773,0.06690018099936879,0.034047248898559666,0.25422650293078075
1774,1774,0.06694863299935605,0.03403575870874383,0.254397396292488
1775,1775,0.06702292699935697,0.03402428068907107,0.2541587773282528
1776,1776,0.06707430399939085,0.03401281482537901,0.2543293696398155
1777,1777,0.06712492599933739,0.03400136110175824,0.25409117594520125
1778,1778,0.06716378699934467,0.03398991950408573,0.25426146777345154
1779,1779,0.0672067509993326,0.03397849001649564,0.25402369852683476
1780,1780,0.06723785199932308,0.03396707262490422,0.25419369043749585
1781,1781,0.06727955899935978,0.03395566731348902,0.25395634481890766
1782,1782,0.06732674799934557,0.03394427406820548,0.2541260373765955
1783,1783,0.06735968299938122,0.03393289287327437,0.2538891145677169
1784,1784,0.06740117499936105,0.03392152371469018,0.25405850833594334
1785,1785,0.06743362099939532,0.033910166576716826,0.2538220075201015
1786,1786,0.06746387099940421,0.03389882144538774,0.25399110306127715
1787,1787,0.06749389099940117,0.0338874883050098,0.2537550234234412
1788,1788,0.06752561899941156,0.03387616714165524,0.2539238212988782
1789,1789,0.06756476799938582,0.03386485793967374,0.2536881620256549
1790,1790,0.06760149799941928,0.03385356068517629,0.2538566627955687
1791,1791,0.067635451999422,0.03384227536255526,0.2536214230751991
1792,1792,0.0676795459994537,0.03383100195796022,0.2537896272987119
1793,1793,0.06772898599945165,0.03381974045582609,0.25355480632106675
1794,1794,0.06777285499947538,0.033808490842340895,0.25372271455621
1795,1795,0.06782271599945489,0.033797253101982054,0.2534883115127857
1796,1796,0.06787370999950326,0.033786027220975845,0.2536559243165025
1797,1797,0.06791831999953502,0.033774813183842026,0.25342193840041755
1798,1798,0.0679677999995647,0.03376361097684508,0.2535892563285651
1799,1799,0.06802022199957491,0.033752420584546965,0.2533556867345559
1800,1800,0.06809240199959277,0.033741241993250286,0.25352271034190865
1801,1801,0.06813801699962596,0.033730075187558994,0.2532895562663253
1802,1802,0.06818862399961745,0.03371892015381364,0.2534562861065769
1803,1803,0.06823244099962267,0.03370777687666015,0.2532235467473797
1804,1804,0.06827534999962381,0.03369664534247695,0.25338998337314594
1805,1805,0.06832544299965093,0.033685525535951694,0.2531576579299013
1806,1806,0.06837663699968743,0.033674417443500596,0.25332380189272263
1807,1807,0.06841841699969109,0.03366332104985292,0.25309188956659906
1808,1808,0.0684659599997417,0.03365223634146253,0.2532577414169426
1809,1809,0.06850895899970055,0.033641163303100255,0.2530262414107071
1810,1810,0.06855087799971216,0.03363010192125742,0.25319180169797034
1811,1811,0.06862610899969468,0.03361905218074623,0.2529607132159841
1812,1812,0.0686779369997339,0.033608014068095445,0.2531259824884959
1813,1813,0.06872724799973184,0.0335969875681585,0.2528953047367111
1814,1814,0.06876319499968986,0.03358597266750145,0.2530602835417353
1815,1815,0.0688318899996716,0.03357496935101892,0.25283001572769065
1816,1816,0.06886449699965169,0.03356397760531407,0.2529947046114282
1817,1817,0.06889565399961839,0.03355299741532253,0.2527648459442453
1818,1818,0.06892611599960219,0.033542028767684515,0.2529292454518367
1819,1819,0.0689570189995834,0.033531071647376565,0.2526997951422167
1820,1820,0.0689916119995928,0.033520126041075814,0.2528639058177446
1821,1821,0.06902214699960041,0.03350919193379955,0.25263486307796384
1822,1822,0.06908535699960794,0.03349826931226176,0.25279868546445505
1823,1823,0.06912489399962851,0.03348735816152033,0.25257004950836137
1824,1824,0.06916514899961612,0.033476458468325955,0.2527335841477901
1825,1825,0.06920009899960178,0.033465570217777026,0.2525053541907997
1826,1826,0.06923249199957127,0.03345469339666085,0.2526686016240891
1827,1827,0.06926315299955377,0.03344382799011614,0.25244077688318217
1828,1828,0.06931278099955307,0.03343297398496677,0.25260373765020727
1829,1829,0.06934632699955046,0.0334221313663917,0.2523763173439243
1830,1830,0.0693944339996051,0.03341130012125112,0.2525389919835146
1831,1831,0.06942712599959577,0.03340048023476413,0.252311975331953
1832,1832,0.06947301099961578,0.033389671693827165,0.2524743643818944
1833,1833,0.06952207499961105,0.0333788744836994,0.2522477506067046
1834,1834,0.06955375299963862,0.03336808859131336,0.25240985460374205
1835,1835,0.06958364199965672,0.033357314001968105,0.252183642928124
1836,1836,0.06963140899966902,0.0333465507026322,0.25234546240796374
1837,1837,0.06968788699964534,0.033335798678644474,0.2521196520566632
1838,1838,0.069725681999671,0.033325057917009425,0.2522811875539752
1839,1839,0.06977430599965828,0.03331432840310549,0.25205577775328003
1840,1840,0.06980876499966371,0.033303610123973024,0.25221702980170024
1841,1841,0.06984199099963462,0.03329290306502992,0.2519920197794371
1842,1842,0.0698741719996292,0.03328220721335226,0.25215298891157
1843,1843,0.06990452799965396,0.03327152255439737,0.2519283778971001
1844,1844,0.06995467199965333,0.03326084907527689,0.25208906464452113
1845,1845,0.0699863969996386,0.03325018676148743,0.25186485186873725
1846,1846,0.07003018499966629,0.03323953560017611,0.2520252567619944
1847,1847,0.0700728419996608,0.033228895576878664,0.25180144145731714
1848,1848,0.07012020999962942,0.033218266678777655,0.2519615650259345
1849,1849,0.07019234999961554,0.03320764889144779,0.2517381464263085
1850,1850,0.07022601699958386,0.03319704220210693,0.25189798919878703
1851,1851,0.07025703399961003,0.03318644659636867,0.251674966539678
1852,1852,0.07030627299963044,0.03317586206148607,0.25183452904349946
1853,1853,0.07035535999966669,0.0331652885831115,0.25161190156188984
1854,1854,0.0703868559996863,0.03315472614853305,0.2517711843235178
1855,1855,0.07041720899968595,0.03314417474344177,0.2515489512579039
1856,1856,0.07044674599967493,0.033133634355160715,0.2517079548027867
1857,1857,0.07047649999964278,0.0331231049694195,0.2514861153931749
1858,1858,0.07050608399964631,0.03311258657357601,0.25164484024574746
1859,1859,0.0705491469996673,0.03310207915339826,0.25142339373365113
1860,1860,0.07057975199967359,0.033091582696278876,0.25158184041733767
1861,1861,0.07060950399966259,0.03308109718802425,0.2513607860457728
1862,1862,0.0706397909996781,0.0330706226160616,0.251518955082989
1863,1863,0.07067945299968414,0.03306015896623548,0.25129829209647175
1864,1864,0.07071426999971209,0.0330497062260077,0.25145618400862657
1865,1865,0.07075039499972036,0.03303926438126085,0.25123591165316933
1866,1866,0.07078247099974533,0.03302883341949117,0.2513935269606675
1867,1867,0.07081395999972528,0.03301841332661923,0.2511736444837757
1868,1868,0.07084434299974873,0.03300800409017555,0.25133098370602025
1869,1869,0.07087481199977219,0.03299760569611855,0.2511114903566884
1870,1870,0.0709059629997455,0.03298721813201303,0.25126855401208226
1871,1871,0.07094270199974062,0.03297684138385507,0.25104944904079124
1872,1872,0.07097516299972995,0.032966475439243595,0.25120623764674005
1873,1873,0.07100627599976406,0.03295612028421234,0.25098752030545335
1874,1874,0.07103680299979942,0.03294577590639417,0.25114403437836735
1875,1875,0.07108118699977695,0.03293544229186035,0.25092570392052765
1876,1876,0.07111197099982292,0.03292511942827767,0.25108194397582345
1877,1877,0.07114646599978869,0.03291480730175471,0.2508639996563498
1878,1878,0.07119670799977484,0.03290450589999214,0.25101996620845357
1879,1879,0.07122879899981172,0.0328942152091358,0.250802407283737
1880,1880,0.0712773949998109,0.03288393521692001,0.2509581008460858
1881,1881,0.0713104479998492,0.032873665909527824,0.2507409265739871
1882,1882,0.07134212199986223,0.03286340727472712,0.2508963476590313
1883,1883,0.07137387199986733,0.03285315929873796,0.250679557298877
1884,1884,0.0714048909998155,0.032842921969361796,0.2508347064180822
1885,1885,0.07143568499981257,0.03283269527285558,0.2506182992306617
1886,1886,0.07147820299985597,0.03282247919705414,0.25077317689451145
1887,1887,0.07150968099983857,0.03281227372825127,0.25055715214207325
1888,1888,0.07153959599986592,0.0328020788543151,0.25071175886007063
1889,1889,0.07156969599986951,0.03279189456157612,0.2504961158063194
1890,1890,0.0716135269998972,0.032781720837935645,0.25065045208698944
1891,1891,0.07165592599994852,0.03277155766976072,0.25043518999708275
1892,1892,0.07168939799993268,0.032761405044985814,0.2505892563479741
1893,1893,0.07172009699991122,0.03275126295001446,0.25037437448851896
1894,1894,0.07178884899991544,0.03274113137281406,0.25052817141620687
1895,1895,0.07184080999991238,0.032731010299824524,0.25031366905525676
1896,1896,0.07189085299995668,0.03272089971904618,0.25046719706534404
1897,1897,0.07193306099992469,0.032710799616955236,0.2502530734723953
1898,1898,0.07196541999996953,0.032700709981584725,0.2504063330695155
1899,1899,0.07199635599994281,0.03269063079944703,0.25019258751550455
1900,1900,0.0720395729999268,0.0326805620586079,0.2503455792033233
1901,1901,0.07209102699988534,0.032670503745615746,0.25013221096062316
1902,1902,0.07212938399987934,0.03266045584856894,0.2502849352418403
1903,1903,0.07217927899989718,0.03265041835405175,0.2500719435842576
1904,1904,0.07221472299988818,0.03264039125019512,0.2502244009606099
1905,1905,0.07226310099986222,0.032630374523619124,0.2500117851633812
1906,1906,0.07233405899984291,0.03262036816248711,0.2501639761356437
1907,1907,0.07238528699986091,0.032610372153454824,0.24995173547543287
1908,1908,0.0724308179998161,0.0326003864847179,0.25010366054342115
1909,1909,0.0724801059998299,0.032590411142967776,0.24989179429831612
1910,1910,0.07252953099981596,0.03258044611643225,0.2500434539608886
1911,1911,0.0725756889998479,0.032570491391838256,0.24983196141039793
1912,1912,0.07262534199981019,0.0325605469574457,0.2499833561654573
1913,1913,0.07266857099983781,0.03255061280001683,0.24977223659050757
1914,1914,0.07271523199983676,0.0325406889078437,0.24992336693500342
1915,1915,0.07276487999985193,0.03253077526772376,0.24971261961793542
1916,1916,0.07282806099988193,0.03252087186798098,0.24986348604786598
1917,1917,0.07289651899986893,0.03251097869544803,0.24965311027243223
1918,1918,0.07294802399985656,0.032501095738480625,0.2498037132828466
1919,1919,0.07299809299985327,0.03249122298394658,0.24959370833420758
1920,1920,0.07304121899983329,0.032481360420233266,0.24974404841920728
1921,1921,0.07311230099981003,0.03247150803424351,0.24953441358392925
1922,1922,0.07314981399986209,0.0324616658143963,0.24968449123667058
1923,1923,0.07319468599985157,0.032451833747629305,0.2494752258027216
1924,1924,0.07322653299985404,0.03244201182239311,0.2496250415154178
1925,1925,0.07325796999981549,0.03243220002566006,0.24941614477216528
1926,1926,0.0732888479998337,0.03242239834591218,0.24956569903608794
1927,1927,0.07333211699983622,0.03241260677015647,0.24935717027429527
1928,1928,0.07337824199981924,0.032402825286906335,0.2495064635797768
1929,1929,0.07346489799977007,0.032393053883203314,0.24929830209160042
1930,1930,0.07350194399975862,0.032383292547592056,0.24944733492803578
1931,1931,0.0735339559997783,0.03237354126714851,0.24923954000702217
1932,1932,0.0735651279997569,0.03236380003044849,0.24938831286287094
1933,1933,0.07359573499974204,0.03235406882460233,0.24918088380395334
1934,1934,0.07364419799972666,0.03234434763821686,0.24932939716674163
1935,1935,0.07367621799971857,0.03233463645843663,0.24912233326623767
1936,1936,0.07370613799969306,0.032324935273899486,0.24927058762255985
1937,1937,0.07373667999968347,0.032315244071784086,0.2490638881781678
1938,1938,0.07377259099968114,0.032305562840759194,0.24921188401368888
1939,1939,0.07380295799964642,0.032295891568037416,0.24900554832448507
1940,1940,0.07383293199967511,0.03228623024231835,0.24915328612394252
1941,1941,0.07387415999966152,0.03227657885084854,0.24894731349037827
1942,1942,0.0739087709996511,0.03226693738235823,0.2490947937375834
1943,1943,0.07394082199965624,0.03225730582412781,0.24888918346148223
1944,1944,0.07399445399965998,0.03224768416491813,0.249036406639323
1945,1945,0.07402658299969289,0.03223807239204332,0.2488311580238771
1946,1946,0.07407208899968509,0.032228470494294746,0.24897812461431926
1947,1947,0.07410303999972712,0.032218878459020106,0.24877323696408743
1948,1948,0.07415228399969465,0.03220929627504119,0.2489199474481769
1949,1949,0.07418368399970632,0.03219972392973924,0.24871542006908087
1950,1950,0.07422487099972841,0.03219016141196639,0.24886187492694514
1951,1951,0.07425733199971774,0.03218060870913728,0.24865770712626714
1952,1952,0.07428669399973842,0.0321710658101343,0.24880390683711776
1953,1953,0.07431636899974592,0.032161532702405356,0.24860009792349727
1954,1954,0.07435696699974415,0.03215200937486302,0.24874604296563138
1955,1955,0.07439132699977336,0.03214249581498843,0.24854259224906214
1956,1956,0.07442152599975316,0.03213299201172422,0.24868828309986463
1957,1957,0.07445172699976865,0.03212349795258465,0.24848518989169197
1958,1958,0.0745022339997945,0.03211401362654229,0.24863062702763697
1959,1959,0.0745405419997951,0.03210453902114442,0.24842789064055518
1960,1960,0.07457288299980291,0.03209507412539348,0.24857307453720795
1961,1961,0.07460584299980155,0.0320856189268697,0.24837069428525707
1962,1962,0.0746403029997964,0.03207617341460533,0.2485156254172762
1963,1963,0.07468319599979623,0.032066737576213394,0.2483136006158388
1964,1964,0.07471418699981314,0.03205731140075585,0.24845827945697793
1965,1965,0.07474428399984845,0.03204789487587846,0.24825660942277708
1966,1966,0.07477472399983753,0.03203848799067272,0.24840103644588651
1967,1967,0.07480418199986616,0.03202909073281708,0.2481997204969823
1968,1968,0.07483340399983263,0.03201970309143263,0.24834389617401112
1969,1969,0.07486320899982957,0.03201032505423024,0.24814293362979806
1970,1970,0.07489288699980534,0.03200095661036048,0.248286858431796
1971,1971,0.07493599099979065,0.031991597747566644,0.24808624861300027
1972,1972,0.0749701409998238,0.03198224845502865,0.24822992301011895
1973,1973,0.07501619599986498,0.03197290872052213,0.24802966523879547
1974,1974,0.07505522899981543,0.0319635785332563,0.24817308970029114
1975,1975,0.07508958799979837,0.031954257881038964,0.2479731832998204
1976,1976,0.07512082099975714,0.03194494675310857,0.2481163582940551
1977,1977,0.0751543229997651,0.03193564513730506,0.2479168025891413
1978,1978,0.07518490999973437,0.03192635302289591,0.2480597285835849
1979,1979,0.07522301899973627,0.03191707039775318,0.247860522900252
1980,1980,0.07526947599973255,0.03190779725117334,0.248003200361484
1981,1981,0.07530344799971544,0.03189853357106038,0.2478043440270741
1982,1982,0.07533476299971653,0.0318892793467397,0.247946773420785
1983,1983,0.0753653799997096,0.03188003456614714,0.24774826576395478
1984,1984,0.07539503799972636,0.03187079921863695,0.24789044755494866
1985,1985,0.07542631899974594,0.031861573292176676,0.24769228790566655
1986,1986,0.07546869299977743,0.03185235677614937,0.24783422255786247
1987,1987,0.07552322199973105,0.03184314965855425,0.24763641024740665
1988,1988,0.07555919899971286,0.03183395192880298,0.24777809822384006
1989,1989,0.07559138999971537,0.0318247635749264,0.24758063258479487
1990,1990,0.07562272099971779,0.03181558458636473,0.24772207434762014
1991,1991,0.07565325699971481,0.0318064149511803,0.24752495471387392
1992,1992,0.07569458299968801,0.031797254658841784,0.24766615072436546
1993,1993,0.07573685799968644,0.031788103697442935,0.2474693764311074
1994,1994,0.07576699799966491,0.03177896205648084,0.24761032714966158
1995,1995,0.07579717799967511,0.03176982972408051,0.24741389753337956
1996,1996,0.07583002799970018,0.03176070668976743,0.2475546034195169
1997,1997,0.07588026099972467,0.0317515929416977,0.2473585178179941
1998,1998,0.0759221749997323,0.0317424884694251,0.2474989793303604
1999,1999,0.0759529169997677,0.03173339326113689,0.24730323708267332
2000,2000,0.07598524999974643,0.03172430730641495,0.24744345467904144
