epoch,updates,time,train_loss,val_rmse
1,1,0.00021676799997294438,0.43962368384792405,0.7481832604807345
2,2,0.00027421499999036314,0.39883346805690745,0.7227076396269881
3,3,0.00032242999998288724,0.3672736817961483,0.7029281162552451
4,4,0.00042404099997384037,0.3418842755198963,0.6860222934325119
5,5,0.0004767389999642546,0.3205777168412185,0.6675544869495696
6,6,0.0005279399999267298,0.3023497944781244,0.6556159443725329
7,7,0.0005934219999517154,0.2864342078505589,0.6384887644332362
8,8,0.0006415899999296926,0.27241258824306075,0.6296570088110173
9,9,0.0006872959999668637,0.25994155264400753,0.6138364434463444
10,10,0.0007193069999971158,0.2488010509833116,0.6072341404883619
11,11,0.0007639219999759916,0.23879977270174882,0.5927260299455744
12,12,0.0007959120000009534,0.2297984175066122,0.5878341442533092
13,13,0.0008265490000098907,0.2216714428656928,0.5745949248700905
14,14,0.0008567390000280284,0.21432056552925807,0.571049136423463
15,15,0.0008972770000355013,0.2076553930531804,0.558993064540694
16,16,0.000982009000040307,0.2016026867130826,0.5565153412073253
17,17,0.001016459000084069,0.19609423584647534,0.5455363939625895
18,18,0.0010477440001182003,0.1910739498198269,0.5439072511714065
19,19,0.001078123000127107,0.18648908880328857,0.5338948482346761
20,20,0.001108430000158478,0.18229604707969282,0.5329388849236674
21,21,0.0011385140001607397,0.1784534702781429,0.5237864900118193
22,22,0.001168552000137879,0.17492714219215025,0.5233630635976856
23,23,0.0011981060001176047,0.17168433591738538,0.5149721553433221
24,24,0.0012273920001462102,0.1686980280678609,0.5149685560007904
25,25,0.0012570330001153707,0.1659421440116154,0.507250052050584
26,26,0.0012868230001004122,0.16339523455320124,0.5075761782115993
27,27,0.001316742000085469,0.1610364136748,0.5004505734718596
28,28,0.0013573070000916232,0.15884858649745517,0.5010346494241522
29,29,0.0013906830001246817,0.15681494769946583,0.4944315486191294
30,30,0.001420828000163965,0.15492182375077967,0.4952166301097696
31,31,0.0014507140001569496,0.15315563915362662,0.48907402270884975
32,32,0.001510465000194472,0.15150542082727053,0.49001512861991
33,33,0.0015454860001682391,0.14996016270605012,0.48427857952237197
34,34,0.0015776040002037917,0.1485110309388853,0.4853403353538867
35,35,0.0016220870002143783,0.14714907220479756,0.4799621760955441
36,36,0.0016549020002116777,0.14586715251680668,0.48111688232256694
37,37,0.0016853050001941483,0.14465796448748844,0.4760554430610608
38,38,0.00172481500021604,0.14351572854591035,0.47728149852232776
39,39,0.001757817000225259,0.14243446130931892,0.47250039859304455
40,40,0.0017897930002277462,0.141409465101793,0.4737810207505279
41,41,0.0018207100002314291,0.140435824722918,0.469248524114396
42,42,0.0018516640001848828,0.1395097088164954,0.4705707167661902
43,43,0.0018847610001557769,0.13862706635889457,0.46625915276833635
44,44,0.0019263310001065292,0.13778476139277693,0.46761287887524283
45,45,0.0019657750001442764,0.13697944389353064,0.4634981257236818
46,46,0.002045776000159094,0.1362085375100337,0.4648756490619737
47,47,0.0020817140001554435,0.13546926234569537,0.46093667596726073
48,48,0.002113749000102416,0.13475949356552944,0.46233204065293104
49,49,0.0021440920000941333,0.13407691618502923,0.45855050393729063
50,50,0.002190569000049436,0.13341977068493874,0.45995912561903896
51,51,0.0022239350000177183,0.1327861222110253,0.45631901392589325
52,52,0.002265263000026607,0.13217450768446318,0.45773736067462556
53,53,0.00229766200004633,0.13158330391716674,0.45422468447700576
54,54,0.002327798000067105,0.1310112891280164,0.4556500291360223
55,55,0.002357683000070665,0.1304570963908006,0.45225254993967323
56,56,0.002399725000032049,0.12991970097963088,0.45368277896090875
57,57,0.0024319320000358857,0.1293979472993127,0.4503897738624708
58,58,0.002462261000005128,0.12889097210099956,0.4518232404616767
59,59,0.0024923410000496915,0.12839779460421888,0.4486252980208705
60,60,0.0025220490000492646,0.12791768435613213,0.4500607098667654
61,61,0.002580566000062845,0.1274498056467096,0.44694955356613464
62,62,0.0026162060000842757,0.12699353763723478,0.4483858872105885
63,63,0.0026482200000828016,0.126548165402957,0.4453542230967273
64,64,0.0026783500000533422,0.12611315892946626,0.4467906589955834
65,65,0.00270895100004509,0.125687904200126,0.44383204441489893
66,66,0.0027395450000540222,0.1252719467494874,0.44526791772548774
67,67,0.0027690820000429994,0.12486475715713574,0.44237664837988516
68,68,0.002798815000005561,0.12446594404923847,0.4438114117953467
69,69,0.0028284759999905873,0.12407504917846168,0.4409824246440105
70,70,0.0028578989999914484,0.12369173406983203,0.44241562037806537
71,71,0.0028876499999910266,0.12331560057095182,0.43964441019669553
72,72,0.002916714999969372,0.1229463547371906,0.4410756489039318
73,73,0.0029461739999874226,0.12258364934037087,0.43835819657915187
74,74,0.0029753929999856155,0.12222722807100633,0.43978714151935533
75,75,0.0030044380000049387,0.12187678700930289,0.43711985240125145
76,76,0.003034098999989965,0.12153210177890253,0.4385462075612158
77,77,0.0030633719999855202,0.12119290542301404,0.43592585841978604
78,78,0.003104160999953365,0.12085900076553079,0.43734935961713844
79,79,0.0031436969999845132,0.12053015250795361,0.4347730529484122
80,80,0.0031753229999935684,0.12020618673113886,0.4361934611796618
81,81,0.003205957999966813,0.11988689534490198,0.4336585857847679
82,82,0.0032373299999903793,0.11957212438915021,0.4350756822605026
83,83,0.0032672819999675085,0.11926168923605714,0.4325798791769942
84,84,0.0032972119999499228,0.11895545311594044,0.4339934616240719
85,85,0.003327217999981258,0.11865325169899989,0.4315345946247687
86,86,0.0033567670000138605,0.11835496307288121,0.432944474538781
87,87,0.003386214000045129,0.11806044052349511,0.43052060453096036
88,88,0.0034157700000605473,0.11776957502244359,0.4319266051402442
89,89,0.0034453440000561386,0.1174822351898037,0.42953596789901477
90,90,0.0034748440000385017,0.11719832320590909,0.43093792266023506
91,91,0.003504115999987789,0.11691772107779212,0.4285789094162228
92,92,0.003533650999997917,0.11664034076732209,0.4299766609057862
93,93,0.003562897999984216,0.11636607600113938,0.4276478013806513
94,94,0.003593462000026193,0.11609484730254832,0.4290412004795317
95,95,0.003623109999978169,0.11582655868552896,0.42674114802501
96,96,0.0036546359999647393,0.11556113818827636,0.42813005331969045
97,97,0.0036932639999918138,0.11529849887798607,0.42585757186837614
98,98,0.003725281000015457,0.11503857540718185,0.427241849209585
99,99,0.003755938999972841,0.11478128882974116,0.42499580178993906
100,100,0.0037861729999804083,0.1145265796351873,0.42637532396521005
101,101,0.003815706000011687,0.11427437593977643,0.424154662570539
102,102,0.00384547100003374,0.11402462339710084,0.4255293090575054
103,103,0.0038826430000540313,0.11377725638260451,0.423333065689982
104,104,0.003915105000032781,0.11353222512976542,0.42470272246558555
105,105,0.00394546500007209,0.11328946957349058,0.42253000120272205
106,106,0.003975939000099515,0.11304894401865721,0.4238945605898086
107,107,0.004005475000099068,0.11281059334857878,0.4217445305429467
108,108,0.004035293000129059,0.11257437549581868,0.4231038910805245
109,109,0.004079335000142237,0.1123402397572584,0.42097578013354686
110,110,0.004120677000116757,0.11210814730503259,0.42232984646064653
111,111,0.004151485000079447,0.11187805138045809,0.4202229356928341
112,112,0.004208281000046554,0.11164991605498974,0.4215716184387105
113,113,0.004242434000047979,0.1114236981020461,0.41948523714893504
114,114,0.004273686000090038,0.11119936419347314,0.42082845282448955
115,115,0.004303852000077768,0.11097687427168557,0.4187619740851605
116,116,0.004333873000064159,0.11075619734576012,0.42009964497208657
117,117,0.004362994000018716,0.11053729620677331,0.41805248165079495
118,118,0.004391875000010259,0.11032014196891253,0.41938453568618816
119,119,0.004421031999982006,0.11010469998882903,0.41735613688109024
120,120,0.004450073999976212,0.10989094328070102,0.41868250753619096
121,121,0.004479338999999527,0.10967883951617428,0.4166723553780872
122,122,0.004508707000013601,0.10946836342783736,0.41799298153052117
123,123,0.004551693000053092,0.10925948478017763,0.41600058831049685
124,124,0.004593393000050128,0.10905217986317726,0.41731541410988876
125,125,0.0046231400000920075,0.1088464203369198,0.4153403196964629
126,126,0.004652535000104763,0.108642183905765,0.4166492944236683
127,127,0.00469266300012805,0.1084394439500075,0.4146910639377676
128,128,0.00473691200011217,0.10823817946115472,0.4159941418582256
129,129,0.004795959000148287,0.10803836538354683,0.41405236357807973
130,130,0.004841882000164333,0.10783998188247577,0.41534950378996494
131,131,0.004890805000172804,0.1076430053270843,0.41342378726129336
132,132,0.004923327000142308,0.10744741695528763,0.41471495353925025
133,133,0.004954146000159199,0.1072531944367103,0.41280492786895884
134,134,0.0049847250001562315,0.10706031999148197,0.41409008850426143
135,135,0.005014646000176981,0.1068687724785638,0.4121954008183515
136,136,0.005056866000131777,0.10667853501938063,0.4134745284563489
137,137,0.0050993620001236195,0.10648958756273347,0.41159484250490896
138,138,0.005129206000162867,0.10630191405880875,0.4128679139806102
139,139,0.005159133000120164,0.10611549545706125,0.4110029088746721
140,140,0.005188488000101188,0.10593031647132618,0.41226990504729155
141,141,0.005217627000092762,0.10574635897166283,0.4104192741139978
142,142,0.005246700000100191,0.10556360837701632,0.4116801797012421
143,143,0.005276169000069331,0.10538204740610672,0.40984362944525465
144,144,0.0053132700000446675,0.10520166213028212,0.4110984328580735
145,145,0.005351141000062398,0.10502243605217723,0.4092756820184507
146,146,0.005395347000046513,0.10484435584801503,0.41052437519691787
147,147,0.005429893000041375,0.10466740574599732,0.4087151538898409
148,148,0.005460348000042359,0.10449157298429795,0.40995773214076486
149,149,0.005490039000051183,0.10431684246403145,0.4081617810795163
150,150,0.005531510000025719,0.10414320194649636,0.40939824291631877
151,151,0.005580667000003814,0.10397063695813637,0.40761531270082
152,152,0.0056104469999809226,0.10379913574819967,0.40884565968615366
153,153,0.005660535000004074,0.1036286844253955,0.40707551015517696
154,154,0.0056909489999839025,0.10345927169500325,0.4082997467466932
155,155,0.005720960999951785,0.1032908842089677,0.40654214638657793
156,156,0.005750307999960569,0.10312351109958862,0.4077602797861964
157,157,0.005779190999987804,0.10295713952661836,0.40601500519053974
158,158,0.0058081209999727434,0.10279175902296533,0.40722704519751385
159,159,0.005837154999937866,0.10262735722398178,0.4054938805728758
160,160,0.0058700519999206335,0.10246392403909826,0.40669983944089866
161,161,0.005910313999891059,0.10230144754994076,0.4049785761540698
162,162,0.005941761999906703,0.10213991802045821,0.40617846845261346
163,163,0.005986090999897442,0.10197932395180456,0.4044689046154489
164,164,0.006016833999865412,0.1018196559423116,0.4056627470954889
165,165,0.006046487999867622,0.10166090288822872,0.4039646871837172
166,166,0.006121213999847441,0.10150305570381145,0.4051524986479521
167,167,0.0061655769998196774,0.10134610365804804,0.40346575315073374
168,168,0.006207670999856418,0.10119003796416562,0.4046475543283737
169,169,0.006240087999856314,0.10103484824339928,0.40297193942570725
170,170,0.0062700959998664985,0.10088052599235132,0.404147752851873
171,171,0.006300217999864799,0.10072706116568822,0.4024830901172399
172,172,0.006329398999866953,0.1005744455290123,0.40365294001698654
173,173,0.006358527999850594,0.10042266935311503,0.4019990561428858
174,174,0.006390129999829242,0.10027172465932521,0.40316296831983744
175,175,0.006447087999788437,0.1001216020186126,0.40151969486409805
176,176,0.006482502999801909,0.09997229369575346,0.4026776965936598
177,177,0.006514777999768739,0.0998237905471758,0.4010448697446248
178,178,0.006545989999779067,0.09967608506972375,0.40219698967171896
179,179,0.0065765799997734575,0.09952916839167145,0.4005744500305878
180,180,0.006607479999729549,0.09938303323136538,0.4017207180718435
181,181,0.006637661999718603,0.09923767097631515,0.4001083104506265
182,182,0.006667767999715579,0.09909307455654255,0.4012487577009396
183,183,0.0066975319997482075,0.0989492356070888,0.39964633093462953
184,184,0.006727609999757078,0.09880614726049393,0.4007809895779976
185,185,0.006757263999759289,0.09866380138844899,0.39918839634970094
186,186,0.00678708999976152,0.09852219131746438,0.40031729957422824
187,187,0.00681745599979422,0.09838130914574544,0.3987343962521216
188,188,0.006847038999808319,0.0982411483857795,0.39985757816908096
189,189,0.006876418999809175,0.09810170135282875,0.39828422465416635
190,190,0.00690622699977439,0.09796296173787009,0.399401720221001
191,191,0.006935906999785857,0.09782492206438188,0.39783777980473445
192,192,0.00697441699975343,0.09768757619480525,0.39894962475187457
193,193,0.00702948599979436,0.09755091685255683,0.3973949639828304
194,194,0.007063311999843336,0.09741493806493856,0.3985011947441996
195,195,0.007094815999835191,0.09727963274754069,0.39695568330301345
196,196,0.007125539999833563,0.09714499508631019,0.39805633695009573
197,197,0.007155807999822628,0.09701101818171559,0.39651984753200054
198,198,0.007185979999860592,0.09687769637248751,0.39761496171133853
199,199,0.007228689999863036,0.09674502293710727,0.3960873699156728
200,200,0.007270119999873259,0.09661299236155428,0.39717698278966734
201,201,0.007303019999881144,0.09648159809585102,0.39565816701579387
202,202,0.007349449999878743,0.09635083476799133,0.3967423172066758
203,203,0.007396495999898889,0.09622069599342882,0.39523215855580024
204,204,0.007436650999920857,0.09609117653721443,0.3963108850926449
205,205,0.007469617999902312,0.09596227017445579,0.39480926727507243
206,206,0.007511545999932423,0.0958339718025591,0.39588260954373244
207,207,0.007579396999915389,0.0957062753508157,0.3943894187911413
208,208,0.007625774999951318,0.0955791758445222,0.395457416486972
209,209,0.007676063999952021,0.09545266736196602,0.3939725414693234
210,210,0.00771901199993863,0.09532674505208831,0.39503523455257894
211,211,0.007752728999946612,0.09520140313724693,0.39355856629931524
212,212,0.0077872199999546865,0.09507663688598542,0.39461599495309707
213,213,0.007821638999985225,0.09495244066004824,0.39314742677831366
214,214,0.007851807999998073,0.09482880984372859,0.39419963136895525
215,215,0.007881909999980508,0.09470573893369849,0.39273905880025695
216,216,0.007912019999992026,0.09458322342632416,0.3937860798400325
217,217,0.007942510000020775,0.09446125794895485,0.3923334005508134
218,218,0.007971897000004446,0.09433983810651773,0.39337527866286087
219,219,0.008002219999980298,0.09421895865298303,0.39193039240776745
220,220,0.008031350999999631,0.09409861529848045,0.39296716829312156
221,221,0.008069444000000203,0.09397880291972602,0.39152997684648155
222,222,0.008109289999993052,0.09385951732883743,0.39256169125311285
223,223,0.008149315999958162,0.09374075352157021,0.3911320983501291
224,224,0.008188142999983938,0.09362250740895019,0.3921587920438938
225,225,0.008221513999956187,0.09350477410222428,0.39073670332442095
226,226,0.008251971999982288,0.09338754960837317,0.39175841706182446
227,227,0.008318448000011358,0.09327082915073504,0.39034374001656114
228,228,0.008351530999959778,0.09315460882941091,0.39136051451924514
229,229,0.008387432999938937,0.093038883976569,0.38995315843818745
230,230,0.008419686999957321,0.09292365078270869,0.3909650343690546
231,231,0.0084504349999861,0.09280890468569686,0.3895649102920711
232,232,0.008480627999972512,0.09269464196381477,0.39057192823296216
233,233,0.008510955000019749,0.09258085815762007,0.3891789489023594
234,234,0.008541535000006206,0.09246754963065876,0.390181149333204
235,235,0.008571114000005764,0.09235471202328667,0.3887952291481653
236,236,0.008603736999987177,0.09224234178189213,0.3897926524275281
237,237,0.00864328399995884,0.09213043464384571,0.3884137074003147
238,238,0.008676717999946959,0.09201898713604496,0.38940639374726577
239,239,0.008731360999945537,0.09190799509019476,0.38803434146107985
240,240,0.008764692999932322,0.09179745511145322,0.389022330938318
241,241,0.008798820999913914,0.09168736312327704,0.3876570905067332
242,242,0.008832655999924555,0.09157771580691672,0.3886404230048963
243,243,0.008862556999929438,0.09146850917509018,0.3872819150327715
244,244,0.008898407999936353,0.09135973998304865,0.388260630255869
245,245,0.008940813999970487,0.09125140433036892,0.3869087768016632
246,246,0.008990973999971175,0.09114349904428337,0.38788291425357185
247,247,0.009021742999948401,0.09103602030890853,0.3865376387929886
248,248,0.009059543999967445,0.09092896502150812,0.3875072377649522
249,249,0.009090613999944708,0.09082232944849822,0.38616846515584285
250,250,0.00916395399991643,0.09071611055528965,0.3871335647149224
251,251,0.009214130999907866,0.09061030468843363,0.38580122116338617
252,252,0.00924721199993428,0.09050490887966701,0.38676186014180625
253,253,0.009291016999952717,0.09039991955358324,0.3854358731694269
254,254,0.00933408799994595,0.09029533380648412,0.38639209015477133
255,255,0.009366558999943209,0.09019114813898135,0.38507238856693576
256,256,0.009396849999916412,0.09008735971023805,0.38602422189314195
257,257,0.009428118999892376,0.08998396509492565,0.38471073574838954
258,258,0.00945865399989998,0.0898809615134197,0.3856582234874998
259,259,0.00948871099990356,0.0897783456125555,0.384350884067854
260,260,0.009519206999868857,0.08967611467232518,0.385294064022479
261,261,0.009549045999847294,0.08957426540989168,0.383992803804717
262,262,0.009578943999883904,0.08947279516331826,0.38493171350117206
263,263,0.009621869999875798,0.08937170071831668,0.3836364661289898
264,264,0.009666705999904934,0.08927097946952421,0.3845711428110652
265,265,0.009734931999901164,0.089170628269478,0.38328184306809965
266,266,0.009767792999866742,0.08907064456793824,0.3842123236914285
267,267,0.009803549999844563,0.08897102528259666,0.3829289074750993
268,268,0.009851806999847668,0.0888717679169304,0.38385522870208866
269,269,0.009884924999823852,0.08877286945216527,0.3825776329982247
270,270,0.009916966999810484,0.08867432744413224,0.3834998311935174
271,271,0.009947310999791625,0.08857613893601948,0.3822279940517369
272,272,0.00998955899979137,0.08847830153468968,0.3831461052781719
273,273,0.010020601999826795,0.08838081234376848,0.3818799657879837
274,274,0.010050780999847575,0.08828366901986788,0.38279402580302724
275,275,0.010080329999823334,0.08818686872557124,0.38153352407062613
276,276,0.010110236999821609,0.0880904091659955,0.3824435683232447
277,277,0.010139647999835688,0.0879942875612449,0.38118864544897174
278,278,0.010169062999864309,0.08789850166373425,0.3820947090769209
279,279,0.010198516999878393,0.08780304874969348,0.3808453071333653
280,280,0.010245906999841736,0.08770792661766313,0.381747424960869
281,281,0.010285504999842487,0.08761313259864421,0.38050348697158526
282,282,0.010329846999866277,0.08751866453616511,0.38140169350738207
283,283,0.010360663999904318,0.08742451981468168,0.38016316342620016
284,284,0.010391342999923836,0.08733069632160527,0.381057492861935
285,285,0.010421218999908888,0.08723719149356805,0.37982431555284246
286,286,0.01046207399991772,0.08714400326079096,0.380714801761781
287,287,0.010494172999926832,0.0870511291108396,0.3794869229793545
288,288,0.010525178999898799,0.08695856701570259,0.38037359951540145
289,289,0.01055526299990106,0.08686631451267073,0.37915096588577024
290,290,0.010585329999912574,0.08677436961448731,0.3800338659827721
291,291,0.010614972999917427,0.08668272990699429,0.37881642498509344
292,292,0.010644876999947428,0.08659139344270547,0.3796955815564075
293,293,0.010674234999953569,0.08650035785487185,0.3784832815048363
294,294,0.010703830999943875,0.08640962123482142,0.37935872714314955
295,295,0.010733234999918295,0.0863191812621038,0.37815151716928586
296,296,0.010786522999922,0.08622903606593134,0.37902328414666736
297,297,0.01082073799994987,0.08613918337107197,0.3778211141824653
298,298,0.01085196999991922,0.0860496213437186,0.3786892344506368
299,299,0.01088194299990164,0.08596034775280682,0.37749205521175955
300,300,0.010912002999873494,0.08587136080063114,0.37835656040256993
301,301,0.010954169999877195,0.08578265829927215,0.3771643233721763
302,302,0.010986277999847971,0.08569423848627163,0.37802524479826666
303,303,0.011018639999804236,0.0856060992158602,0.3768379022112148
304,304,0.011048557999799868,0.0855182387599954,0.37769527086686133
305,305,0.011077885999782211,0.0854306550140898,0.37651277569431635
306,306,0.011119072999804303,0.08534334628370813,0.3773666222564384
307,307,0.011151930999801607,0.08525631050450216,0.37618892819087135
308,308,0.011182111999801236,0.08516954601485746,0.3770392830201936
309,309,0.011223252999798206,0.08508305078974722,0.3758663444607594
310,310,0.011257761999786453,0.08499682319961255,0.3767132376031174
311,311,0.011305636999793478,0.08491086125785481,0.3755450096413991
312,312,0.01134656499976927,0.0848251633662257,0.37638847082917787
313,313,0.011391220999769303,0.08473972757568476,0.3752249092352873
314,314,0.011424137999767936,0.08465455231856983,0.37606496788898314
315,315,0.011454963999767642,0.0845696356825513,0.37490602909800624
316,316,0.011485299999776544,0.08448497612984732,0.3757427143279029
317,317,0.011515602999793373,0.08440057178401413,0.3745883554266792
318,318,0.011545704999775808,0.08431642113646397,0.37542169603462994
319,319,0.011575231999756852,0.08423252234583464,0.374271874748857
320,320,0.01160533599977498,0.08414887393206402,0.375101899230164
321,321,0.011635474999764028,0.08406547408808863,0.3739565739118155
322,322,0.011665336999783449,0.08398232136172075,0.37478331045719965
323,323,0.011708990999807156,0.0838994139794328,0.37364244007225056
324,324,0.011744647999819335,0.08381675051627796,0.37446591656990275
325,325,0.011774862999857305,0.08373432923152087,0.3733294606863497
326,326,0.0118049419998556,0.08365214872683834,0.3741497047240598
327,327,0.0118637569998441,0.0835702072935628,0.37301762350023
328,328,0.011896886999807066,0.08348850355939384,0.3738346623675837
329,329,0.011928083999805494,0.08340703584702536,0.37270691654072335
330,330,0.011958482999773423,0.08332580280959406,0.3735207772313634
331,331,0.011988235999808694,0.08324480280046741,0.3723973281064983
332,332,0.012031126999829667,0.08316403449764889,0.37320803732044283
333,333,0.012065128999836361,0.0830834962845085,0.3720888467595018
334,334,0.012095465999834687,0.08300318686336086,0.3728964309055156
335,335,0.012125433999869983,0.08292310464692444,0.37178146131671175
336,336,0.012155369999845789,0.08284324836128387,0.37258594651472393
337,337,0.01218458499982944,0.08276361644786823,0.37147516084218457
338,338,0.012214593999829049,0.08268420765600468,0.3722765729257491
339,339,0.012243881999836503,0.08260502045521131,0.3711699346393883
340,340,0.01227301799980296,0.08252605361754357,0.3719682991581831
341,341,0.012302750999822365,0.08244730564000236,0.3708657722438093
342,342,0.01233252099979154,0.08236877531687053,0.37166111446616784
343,343,0.01237918799978388,0.08229046117204022,0.37056266341582195
344,344,0.012417495999784478,0.0822123620215336,0.3713550083312956
345,345,0.012449510999772428,0.08213447641555739,0.3702605981338109
346,346,0.012479662999794527,0.0820568031913971,0.37104997045575655
347,347,0.012510104999819305,0.08197934092501155,0.3699595665875364
348,348,0.012539581999817528,0.08190208847448557,0.370745990755727
349,349,0.01261501699980272,0.08182504444098126,0.36965955917173293
350,350,0.012653390999844305,0.08174820770293062,0.3704430593549868
351,351,0.012685151999846767,0.08167157688616374,0.3693605664799321
352,352,0.012715701999866269,0.08159515088901859,0.3701411665787586
353,353,0.012745587999859254,0.08151892836147104,0.3690625792985021
354,354,0.012776285999905213,0.08144290822133524,0.36984030294776044
355,355,0.012805975999924613,0.081367089142223,0.3687655886008947
356,356,0.012836229999948046,0.08129147006100533,0.36954045917246203
357,357,0.012866061999943668,0.0812160496744329,0.3684695855420912
358,358,0.012895783999965715,0.08114082693802445,0.3692416261475402
359,359,0.012933473999964917,0.08106580057118422,0.3681745614532411
360,360,0.012973294999937934,0.08099096954768004,0.3689437949465215
361,361,0.013005448999990676,0.08091633260909602,0.3678805078364862
362,362,0.01303658199998381,0.08084188874706003,0.36864695681660997
363,363,0.013066475999949034,0.0807676367248738,0.3675874163599615
364,364,0.013096227999938037,0.08069357555164576,0.368351103173689
365,365,0.013126037999938944,0.08061970401194413,0.3672952788529686
366,366,0.013156435999974292,0.08054602113198772,0.36805622559749346
367,367,0.01318568499993944,0.08047252571717065,0.36700408730131284
368,368,0.01322029699997529,0.08039921681046103,0.3677623158269441
369,369,0.013261730999943211,0.08032609323764889,0.36671383384279993
370,370,0.013292441999965376,0.0802531540580992,0.36746936575563977
371,371,0.013339518999941902,0.08018039811757825,0.3664245107628855
372,372,0.013387015999967389,0.080107824491504,0.3671773674275
373,373,0.013418553999940741,0.08003543204520891,0.3661361104904711
374,374,0.013459178999937649,0.07996321986982842,0.36688631303255426
375,375,0.013517557999932706,0.07989118684986116,0.3658486255938427
376,376,0.01356513899992251,0.07981933209183248,0.3665961949028705
377,377,0.013597293999964677,0.07974765449901618,0.36556204877674525
378,378,0.013628018999952474,0.07967615319300798,0.3663070055086196
379,379,0.013658041999917714,0.07960482709547537,0.3652763728745894
380,380,0.013699223999878996,0.07953367534277238,0.36601873745427005
381,381,0.013741189999848302,0.07946269687458722,0.3649915908507842
382,382,0.013775958999872273,0.07939189084172792,0.3657313834749083
383,383,0.01380602299985867,0.07932125620153921,0.3647076957931923
384,384,0.013847966999833261,0.07925079211898593,0.3654449364326797
385,385,0.013878644999863354,0.07918049756871363,0.3644246809107031
386,386,0.013913473999878079,0.0791103717295537,0.3651593893133471
387,387,0.013943002999894816,0.07904041359310518,0.36414253952991915
388,388,0.013981589999900734,0.07897062235178257,0.36487473522296093
389,389,0.01402138199989622,0.07890099701379906,0.3638612650919513
390,390,0.014059708999866416,0.07883153678487553,0.3645909673846384
391,391,0.014091073999850323,0.07876224068950768,0.3635808511493205
392,392,0.014123294999876634,0.07869310794645269,0.36430807913544755
393,393,0.014153278999856411,0.07862413759616473,0.36330129136295974
394,394,0.01418331699983355,0.07855532887017345,0.3640260639233912
395,395,0.01421296699982122,0.07848668082457483,0.3630225794993153
396,396,0.014242292999824713,0.07841819270341338,0.3637449153044899
397,397,0.014271730999837473,0.07834986357811755,0.3627447094275419
398,398,0.01430159299980005,0.07828169270499503,0.36346462693995685
399,399,0.014334332999794697,0.07821367917050438,0.36246767511678873
400,400,0.014363969999806159,0.07814582224297051,0.36318519259346477
401,401,0.014393349999807015,0.07807812102358676,0.36219147063357376
402,402,0.014423101999796017,0.07801057479245523,0.36290660612850023
403,403,0.014452945999778422,0.0779431826652151,0.36191609013924264
404,404,0.014482619999796498,0.07787594393351102,0.3626288615058007
405,405,0.014512778999801412,0.07780885772714574,0.36164152788750964
406,406,0.014544381999826328,0.07774192334907741,0.3623519527808753
407,407,0.0145830139998111,0.07767513994299638,0.3613677782220769
408,408,0.01461604499979785,0.07760850682295029,0.3620758741016021
409,409,0.014646825999818702,0.0775420231462472,0.36109483557433064
410,410,0.01467697399982626,0.07747568823780568,0.3618006197059023
411,411,0.014706871999806026,0.07740950126828784,0.36082269446111026
412,412,0.014759170999809612,0.07734346157326914,0.36152618391948743
413,413,0.014795867999794154,0.07727756833650791,0.3605513494825479
414,414,0.014828323999779514,0.07721182090402766,0.36125256115367693
415,415,0.014858962999824143,0.07714621847243086,0.36028079531997775
416,416,0.014888863999829027,0.07708076039798475,0.36097974590328397
417,417,0.014919022999833942,0.07701544588988948,0.36001102673390994
418,418,0.014948890999846753,0.07695027431445652,0.3607077327445673
419,419,0.014979135999851678,0.07688524489324237,0.35974203856206927
420,420,0.01500915699983807,0.07682035700240784,0.3604365163332465
421,421,0.015038559999823065,0.07675560987563007,0.3594738257174947
422,422,0.015082915999812485,0.07669100289872834,0.36016609140257877
423,423,0.015121304999809126,0.07662653531727001,0.3592063831866985
424,424,0.015153426999802377,0.0765622065265464,0.35989645276149523
425,425,0.015185059999794248,0.0764980157837894,0.3589397060278834
426,426,0.015216722999809917,0.07643396249358017,0.3596275952927933
427,427,0.0152471929998228,0.07637004592459472,0.3586737893692134
428,428,0.015278284999794778,0.07630626549052578,0.35935951395138627
429,429,0.015308870999774626,0.07624262047127747,0.3584086284071404
430,430,0.015338996999787469,0.0761791102894802,0.35909220376260514
431,431,0.015368789999797627,0.07611573423605497,0.35814421840478017
432,432,0.015398940999773458,0.07605249174239928,0.3588256598205514
433,433,0.015428408999753174,0.07598938211024481,0.3578805546903401
434,434,0.015458292999767309,0.07592640477958951,0.3585598772865021
435,435,0.01548835799974313,0.07586355906277342,0.3576176326555936
436,436,0.015517489999751888,0.07580084440823225,0.35829485138736
437,437,0.015546798999764633,0.0757382601387167,0.3573554477544021
438,438,0.015576703999784058,0.07567580571094086,0.358030577414153
439,439,0.0156144429998335,0.07561348045787258,0.3570939955012817
440,440,0.015669676999834792,0.07555128384434837,0.3577670507205767
441,441,0.015702732999841373,0.07548921521336419,0.35683327147001276
442,442,0.01573402499985832,0.07542727403772642,0.3575042667215818
443,443,0.01576408399984075,0.07536545967027368,0.3565732712922923
444,444,0.015795111999864275,0.07530377159163328,0.3572422208920022
445,445,0.015824811999891608,0.07524220916430521,0.35631399065642605
446,446,0.0158544929998925,0.07518077187659175,0.35698090876522526
447,447,0.015884265999943636,0.07511945910047681,0.35605542530606055
448,448,0.015913789999956407,0.07505827033179491,0.3567203259318997
449,449,0.015943284000002222,0.07499720495184006,0.35579757103895243
450,450,0.015972973000032198,0.07493626246383958,0.35646046803868275
451,451,0.016002059000015834,0.07487544225822752,0.3555404237057746
452,452,0.016031557000019347,0.07481474384548721,0.35620133078702376
453,453,0.01606127400003743,0.07475416662502639,0.35528397920895755
454,454,0.016090417000043544,0.07469371011445074,0.3559429099319825
455,455,0.016120027999988906,0.07463337372197869,0.3550282335015656
456,456,0.01614972099997658,0.07457315697220741,0.3556852012810829
457,457,0.0161901539999576,0.07451305928200651,0.3547731825862047
458,458,0.01624563599995099,0.07445308018283661,0.3554282006931989
459,459,0.016278988999943067,0.07439321910006233,0.35451882251396394
460,460,0.016310498999985157,0.07433347557188236,0.3551719040774735
461,461,0.01634109700000863,0.07427384903200339,0.3542651493833867
462,462,0.01637235300000839,0.07421433902523962,0.3549163073922683
463,463,0.016402512000013303,0.07415494499348987,0.35401215933947183
464,464,0.016432318999989093,0.07409566648806386,0.3546614066441424
465,465,0.01646183299999393,0.07403650295890603,0.3537598485727046
466,466,0.016491976999986946,0.07397745396370396,0.3544071978868617
467,467,0.016522205000001122,0.07391851896030406,0.3535082133181141
468,468,0.016552318000037758,0.07385969751265672,0.3541536772204352
469,469,0.016582464000066466,0.0738009890863697,0.353257249854359
470,470,0.01661185700004353,0.07374239325154354,0.35390084079017925
471,471,0.016641396000068198,0.07368390948140956,0.3530069545028387
472,472,0.016671382000083668,0.0736255373521082,0.3536486847858074
473,473,0.01670079200005148,0.07356727634435936,0.3527573236268298
474,474,0.01673091200007093,0.07350912604023543,0.3533972054405463
475,475,0.016768408000075397,0.07345108592781267,0.35250835363064714
476,476,0.01680659300006937,0.07339315559498967,0.3531463990302756
477,477,0.016838784000071882,0.07333533453706961,0.35226004095882846
478,478,0.016876057000104083,0.07327762234767371,0.3528962618726923
479,479,0.016906867000102466,0.07322001852920518,0.35201238209534197
480,480,0.01693708100015101,0.07316252268090649,0.3526467903264981
481,481,0.016967003000161185,0.07310513431215664,0.35176537356281595
482,482,0.017005158000188203,0.07304785302772003,0.35239798079060847
483,483,0.017036676000202533,0.07299067834382955,0.3515190119217896
484,484,0.017067075000170462,0.07293360987067438,0.3521498297033838
485,485,0.017097021000211043,0.07287664713122205,0.35127329376998484
486,486,0.017127539000171055,0.0728197897409911,0.35190233354188166
487,487,0.017157145000169294,0.07276303722956681,0.3510282157415983
488,488,0.017186816000162253,0.07270638921770381,0.3516554888211287
489,489,0.017216357000165772,0.07264984524149061,0.3507837745066123
490,490,0.017246100000136266,0.0725934049268264,0.3514092920934128
491,491,0.0172757550001279,0.0725370678161906,0.35053996677012467
492,492,0.017307394000170007,0.07248083354053758,0.35116373994759353
493,493,0.01734481100015728,0.07242470164862755,0.3502967892716973
494,494,0.0173770880001598,0.07236867177638222,0.3509188290084318
495,495,0.017407768000168744,0.07231274347873483,0.3500542387847212
496,496,0.01743844100019487,0.0722569163964885,0.35067455593593655
497,497,0.01746844300015482,0.07220119009064373,0.3498123121158
498,498,0.017498348000117403,0.07214556420680081,0.35043091742472904
499,499,0.017527832000098442,0.07209003831192387,0.3495710061041485
500,500,0.017557422000095357,0.07203461205632784,0.35018791020342366
501,501,0.017587144000117405,0.07197928501283901,0.349330317621008
502,502,0.01761681600009979,0.07192405683640599,0.34994553103402565
503,503,0.017646267000088756,0.07186892710561756,0.3490902435690775
504,504,0.01767583000008699,0.07181389547997681,0.34970377671134284
505,505,0.017705317000093146,0.07175896154373748,0.3488507808819582
506,506,0.017735106000088763,0.07170412496087934,0.34946264406241456
507,507,0.017764382000109435,0.07164938532122543,0.3486119265236149
508,508,0.017794294000111677,0.07159474229315614,0.34922212994595364
509,509,0.017823543000133668,0.07154019547196976,0.34837367748784887
510,510,0.01787504800017814,0.07148574453037276,0.3489822312518037
511,511,0.017910216000132095,0.07143138906904681,0.34813603079778654
512,512,0.017941977000134557,0.07137712876495118,0.34874294490040975
513,513,0.01797206000009055,0.07132296322406069,0.3478989835053799
514,514,0.018002215000080923,0.07126889212751572,0.34850426784230193
515,515,0.018031807000056688,0.07121491508649572,0.3476625326909203
516,516,0.018061456000054932,0.07116103178625188,0.3482661970575932
517,517,0.018091383000069072,0.07110724184308162,0.3474266754625644
518,518,0.01812102700006335,0.07105354494627798,0.3480287295554884
519,519,0.018150731000105225,0.07099994071717118,0.3471914089558723
520,520,0.01818052300012596,0.07094642884902855,0.3477918623738063
521,521,0.018210031000137405,0.07089300896812961,0.3469567303333569
522,522,0.018240256000126465,0.07083968077164984,0.3475555925785131
523,523,0.01827010400012341,0.0707864438907362,0.346722636784045
524,524,0.018299777000152062,0.07073329802640725,0.3473199172632675
525,525,0.018329084000129114,0.07068024281459709,0.346489125523049
526,526,0.018358862000127374,0.07062727796010368,0.34708483354897696
527,527,0.018395660000123826,0.07057440310356962,0.3462561937911492
528,528,0.018449950000103854,0.07052161795350968,0.3468503385833645
529,529,0.018482977000076062,0.07046892215519761,0.34602383885438603
530,530,0.01851447600006395,0.07041631542080383,0.346616429540546
531,531,0.018545259000063652,0.07036379740015743,0.34579205800366314
532,532,0.018576111000072615,0.07031136780902432,0.346383103620618
533,533,0.018605746000105228,0.07025902630171466,0.3455608485543591
534,534,0.018636067000159073,0.07020677259753091,0.34615035804925437
535,535,0.018665683000165245,0.07015460635519119,0.3453302078459489
536,536,0.01869561100016881,0.0701025272974768,0.34591819007731406
537,537,0.018724949000159086,0.07005053508744231,0.3451001332416346
538,538,0.01875453500014146,0.06999862945129105,0.34568659698045623
539,539,0.018784393000146338,0.06994681005634378,0.34487062212798425
540,540,0.018814149000149882,0.06989507663217018,0.34545557605876587
541,541,0.01884366500013357,0.06984342885028835,0.34464167191458006
542,542,0.01887344900012522,0.06979186644357985,0.3452251246363873
543,543,0.018903129000136687,0.06974038908769234,0.34441328003367433
544,544,0.018932631000154743,0.06968899651876569,0.34499524006116655
545,545,0.018969778000155202,0.06963768841651079,0.3441854439398533
546,546,0.01902361500015104,0.06958646452027328,0.3447659197043014
547,547,0.019055932000185294,0.0695353245137622,0.3439581611097092
548,548,0.0190869760001533,0.06948426813947733,0.34453716096000014
549,549,0.019116916000143647,0.06943329508506181,0.34373142904151943
550,550,0.019147040000120796,0.06938240509611922,0.34430896124514704
551,551,0.01917644300010579,0.06933159786416397,0.34350524525493337
552,552,0.019234636000078353,0.06928087313785367,0.34408131799897645
553,553,0.019268132000036076,0.06923023061251254,0.3432796072906661
554,554,0.01929961500002264,0.06917967003980349,0.34385422868275334
555,555,0.019330187000036858,0.0691291911188001,0.34305451271019893
556,556,0.019360803000040505,0.06907879360412267,0.34362769077946126
557,557,0.019390669000017624,0.06902847719853478,0.3428299590954871
558,558,0.01942075200003046,0.0689782416595674,0.3434017017934968
559,559,0.019450347000031343,0.06892808669361573,0.34260594404867295
560,560,0.019480111999996552,0.06887801206107541,0.34317625925037126
561,561,0.01950978299998951,0.06882801747191594,0.3423824651918068
562,562,0.019547653000017817,0.06877810268935237,0.3429513606964188
563,563,0.019601588000000447,0.06872826742687263,0.34215952016657286
564,564,0.01963459099999909,0.0686785114504667,0.3427270036985098
565,565,0.019665196999994805,0.06862883447708562,0.34193710663402127
566,566,0.019697019000034288,0.06857923627545091,0.3425031858437719
567,567,0.019727657000089494,0.06852971656592256,0.3417152222743064
568,568,0.019757723000111582,0.0684802751199109,0.34227990473931574
569,569,0.019787505000124384,0.06843091166113167,0.3414938647864302
570,570,0.019817129000102796,0.06838162596364206,0.3420571580119671
571,571,0.01984648400008382,0.06833241775446133,0.34127303188799124
572,572,0.01987604300006751,0.06828328681025231,0.34183494330800457
573,573,0.019905480000090847,0.06823423286128658,0.3410527213149391
574,574,0.019935252000095716,0.06818525568679212,0.34161325829290207
575,575,0.019965156000068873,0.06813635502024247,0.34083293082133376
576,576,0.019994806000056542,0.06808753064339104,0.34139210065107783
577,577,0.02002454200004422,0.06803878229286395,0.3406136581791099
578,578,0.020054061000053025,0.06799010975290098,0.34117146808564736
579,579,0.02008347700007107,0.0679415127632322,0.34039490117784665
580,580,0.020114957000089362,0.06789299111054564,0.3409513583181822
581,581,0.020153425000103198,0.06784454453762745,0.3401766576245409
582,582,0.020186023000121622,0.06779617283357635,0.34073176908847286
583,583,0.020216341000093507,0.06774787574418782,0.33995892534338645
584,584,0.02024658900012355,0.06769965306093421,0.34051269815429747
585,585,0.02027653100014959,0.06765150453257437,0.33974170217555677
586,586,0.020306731000118816,0.06760342995291804,0.3402941432911937
587,587,0.020336328000098547,0.06755542907364208,0.3395249859789925
588,588,0.02036622900010343,0.06750750169085816,0.3400761022922366
589,589,0.020396062000088477,0.06745964755911675,0.3393087746281931
590,590,0.020425646000092,0.06741186647679635,0.33985857296781957
591,591,0.020455060000131198,0.06736415820127746,0.3390930660140122
592,592,0.02048482100013871,0.06731652253317108,0.3396415531454404
593,593,0.02051449400016736,0.06726895923264481,0.33887785804345755
594,594,0.02054622800017114,0.0672214681025084,0.339425040669491
595,595,0.020575928000198473,0.06717404890567454,0.3386631486394948
596,596,0.020606365000219284,0.06712670144711849,0.33920903340105113
597,597,0.020635828000251877,0.06707942549245659,0.3384489357408542
598,598,0.02068770800025277,0.06703222084879717,0.33899352921768644
599,599,0.02072177100023964,0.06698508728441951,0.3382352173018421
600,600,0.0207532110002262,0.066938024608533,0.3387785260132499
601,601,0.02078319300022713,0.0668910325920399,0.3380219912921552
602,602,0.02081379000026118,0.06684411104621923,0.338564021697687
603,603,0.0208434340003123,0.06679725974455701,0.3378092556966989
604,604,0.020873207000306593,0.06675047850037095,0.33835001419684485
605,605,0.020902545000296868,0.06670376708969225,0.33759700851540836
606,606,0.020932498000320265,0.06665712532784708,0.33813650145228447
607,607,0.02096200000033832,0.0666105529933738,0.33738524776307355
608,608,0.020992419000322116,0.06656404990357717,0.33792348142109646
609,609,0.021022497000330986,0.06651761583946558,0.33717397146916683
610,610,0.0210524720003491,0.06647125062029308,0.33771095207571994
611,611,0.021082307000369838,0.06642495402950134,0.3369631776776744
612,612,0.021112220000361503,0.06637872588826497,0.337498911403766
613,613,0.02114147000037292,0.06633256598242303,0.33675286444693
614,614,0.021171394000361943,0.06628647413504234,0.3372873574078417
615,615,0.02120856500039281,0.06624045013432388,0.336543029849452
616,616,0.021263879000343877,0.0661944938051989,0.33707628810538015
617,617,0.021297022000339894,0.06614860493819566,0.3363336719717836
618,618,0.021328369000343628,0.06610278336008256,0.33686570152847106
619,619,0.02135878600029173,0.06605702886368067,0.3361247889143354
620,620,0.02138914600033104,0.06601134127756882,0.336655595723696
621,621,0.021419281000305546,0.06596572039682745,0.33591637879123076
622,622,0.021479990000329963,0.06592016605181927,0.33644596875196536
623,623,0.021512733000349726,0.06587467803985107,0.33570843973015413
624,624,0.021544258000346872,0.06582925619304356,0.33623681868835875
625,625,0.02157472000033067,0.06578390031089737,0.33550096987220174
626,626,0.02160505500035015,0.06573861022726564,0.336028143621968
627,627,0.021634793000316677,0.06569338574381105,0.33529396737173506
628,628,0.021664499000280557,0.06564822669609406,0.3358199416557424
629,629,0.021693826000273475,0.06560313288790794,0.33508743039623595
630,630,0.021723593000274377,0.06555810415649599,0.3356122109063375
631,631,0.021752952000269943,0.06551314030775107,0.3348813571261658
632,632,0.021790508000265163,0.0654682411805751,0.33540494950396477
633,633,0.021832091000248965,0.06542340658293028,0.3346757457548253
634,634,0.021865120000256866,0.0653786363553533,0.3351981555922457
635,635,0.021895909000249958,0.06533393030784583,0.33447059448821725
636,636,0.021926643000256263,0.06528928828255598,0.33499182732806654
637,637,0.02195638200026906,0.06524471009149553,0.33426590154491254
638,638,0.021986486000287186,0.06520019557840095,0.3347859628814368
639,639,0.02201635200032115,0.06515574455726533,0.3340616651559162
640,640,0.02204598500031807,0.06511135687339091,0.3345805604353489
641,641,0.022075497000287214,0.06506703234272365,0.3338578835645375
642,642,0.02210575500032519,0.06502277081210936,0.3343756181856407
643,643,0.022135062000359085,0.06497857209941893,0.333654555026261
644,644,0.022164714000325603,0.06493443605301981,0.3341711343408604
645,645,0.022194301000354244,0.06489036249268057,0.3334516778086208
646,646,0.022224167000388206,0.0648463512682687,0.33396710712213246
647,647,0.022253583000406252,0.06480240220142332,0.33324925019107476
648,648,0.022283472000424354,0.064758515143491,0.3337635347630269
649,649,0.02231273700044767,0.0647146899179548,0.3330472704648834
650,650,0.022351312000409962,0.06467092637761954,0.33356041550943033
651,651,0.022389373000407886,0.0646272243477862,0.33284573693298786
652,652,0.02242186400042101,0.0645835836826973,0.33335774761941794
653,653,0.022458615000402915,0.06454000420944615,0.3326446479098919
654,654,0.02248979600040002,0.06449648578369276,0.3331555293631288
655,655,0.022520095000402307,0.06445302823429751,0.3324440017215444
656,656,0.022550397000372868,0.0644096314183183,0.33295375902264235
657,657,0.022580012000389615,0.06436629516635757,0.3322437967052245
658,658,0.02260993400039979,0.06432301933685161,0.3327524348918567
659,659,0.022639364000383466,0.06427980376212056,0.3320440312094277
660,660,0.02266878000040151,0.06423664830195999,0.3325515552763689
661,661,0.022698224000407663,0.06419355279038372,0.33184470359375395
662,662,0.022727967000378158,0.06415051708852768,0.3323511184933575
663,663,0.0227575090003711,0.06410754103207568,0.3316458122287977
664,664,0.022787309000364075,0.06406462448348567,0.33215112287146525
665,665,0.022816574000330547,0.06402176728008811,0.3314473554960391
666,666,0.022845924000307605,0.06397896928564462,0.33195156675068554
667,667,0.02287534800029789,0.06393623033910958,0.33124933178773697
668,668,0.022922876000279757,0.06389355030553034,0.3317524484822491
669,669,0.02295862300030649,0.0638509290254626,0.3310517395068234
670,670,0.022990576000267993,0.06380836636522189,0.3315537664285128
671,671,0.023020853000275565,0.06376586216694305,0.33085457706679944
672,672,0.02305124900027522,0.06372341629819242,0.3313555189628497
673,673,0.02308092400028272,0.06368102860266218,0.330657842891633
674,674,0.02311152900028901,0.06363869894915244,0.3311577044695415
675,675,0.023141301000237036,0.06359642718289127,0.33046153541565765
676,676,0.02317104400020753,0.0635542131738958,0.33096032134367137
677,677,0.02320074200019917,0.06351205676890881,0.3302656530834724
678,678,0.02323036700022385,0.06346995783914793,0.330763367991019
679,679,0.023259703000235277,0.06342791623284993,0.3300701943498444
680,680,0.023289066000245384,0.06338593182241668,0.33056684282795706
681,681,0.023318283000264728,0.06334400445755853,0.32987515767961106
682,682,0.023347801000284107,0.06330213401184548,0.3303707442813488
683,683,0.02337704300026644,0.06326032033644141,0.32968054154758486
684,684,0.02340629200028843,0.06321856330606883,0.3301750707884473
685,685,0.02343576200030384,0.06317686277332521,0.3294863444384592
686,686,0.023486384000307226,0.06313521861407016,0.3299798207967958
687,687,0.023520701000279587,0.06309363068231522,0.3292925648467148
688,688,0.023552133000293907,0.06305209885504176,0.32978499276412965
689,689,0.02358232600033716,0.06301062298765643,0.32909920127652853
690,690,0.02361237300033281,0.06296920295824736,0.32959058515827966
691,691,0.023642097000333706,0.06292783862359727,0.3289062522416821
692,692,0.02367213600030027,0.06288652986288637,0.3293965964570763
693,693,0.023710201000312736,0.06284527653425487,0.3287137162654733
694,694,0.02374237100030996,0.06280407851796053,0.3292030251482554
695,695,0.02377243200032808,0.06276293567348286,0.3285215918806274
696,696,0.02380212000031179,0.06272184788214279,0.32900986972936547
697,697,0.023832080000318,0.06268081500474112,0.3283298776292102
698,698,0.02386191700031759,0.06263983692364793,0.32881712870767515
699,699,0.023898525000333848,0.0625989135009676,0.32813857206254177
700,700,0.023941897000327117,0.06255804462010552,0.3286248006000834
701,701,0.023991414000306577,0.06251723014445218,0.32794767374111217
702,702,0.024039542000309666,0.06247646995843468,0.3284328839330294
703,703,0.02407235000032415,0.06243576392671243,0.327757181234497
704,704,0.024103155000318566,0.062395111934720845,0.3282413772424044
705,705,0.024133174000326107,0.062354513848371346,0.32756709312127524
706,706,0.02416297800027678,0.062313969554094524,0.32805027907346435
707,707,0.024192473000255177,0.06227347891903718,0.32737740798894693
708,708,0.024222479000286512,0.06223304183061194,0.32785958798074416
709,709,0.02425236700031519,0.06219265815718469,0.32718812443385337
710,710,0.024283299000273928,0.06215232778713734,0.3276693025279722
711,711,0.024313581000228623,0.06211205059003872,0.32699924106109657
712,712,0.02434335800023746,0.06207182645522747,0.3274794212879866
713,713,0.024372862000234363,0.062031655253459425,0.32681075648446084
714,714,0.024402501000224674,0.06199153687501754,0.3272899428426522
715,715,0.02445346500019241,0.061951471191829095,0.32662266932633544
716,716,0.024483504000158973,0.06191145809510913,0.3271008657827785
717,717,0.024513214000137395,0.06187149745794093,0.3264349782176372
718,718,0.024544704000106776,0.0618315891724597,0.32691218870803906
719,719,0.024582978000125877,0.061791733112889526,0.32624768179773533
720,720,0.024615674000131094,0.06175192917227391,0.3267239102268911
721,721,0.024646299000096406,0.061712177225962964,0.32606077871437555
722,722,0.024677078000081565,0.061672477167896686,0.32653602895649686
723,723,0.02470712100006267,0.06163282887453651,0.32587426762360727
724,724,0.02473713400007682,0.06159323224070757,0.32634854352264553
725,725,0.024767102000055274,0.061553687143968194,0.3256881471897091
726,726,0.024796856000023126,0.06151419348001728,0.3261614525596761
727,727,0.02482678400002669,0.06147475112749571,0.3255024160851176
728,728,0.02485674300004348,0.06143535998296519,0.3259747547104008
729,729,0.02488654000006818,0.06139601992613507,0.32531707299035506
730,730,0.02491647100004002,0.06135673085441887,0.3257884486260308
731,731,0.02494532100001834,0.06131749264858067,0.3251321165939595
732,732,0.024974753000037708,0.06127830520687498,0.3256025329661006
733,733,0.025004286000012144,0.06123916841110706,0.3249475455924143
734,734,0.025033957000005103,0.0612000821603617,0.32541700639839544
735,735,0.02507133500000691,0.06116104633747195,0.3247633586900797
736,736,0.02512650300002406,0.06112206084234255,0.3252318675988781
737,737,0.025159739000059744,0.06108312555882107,0.324579554599124
738,738,0.025191101000075378,0.061044240387621816,0.3250471152516173
739,739,0.025222450000114804,0.06100540521359398,0.32439613203945683
740,740,0.025252616000102535,0.06096661993825134,0.3248627480487165
741,741,0.025283168000100886,0.060927884447431774,0.3242130897386618
742,742,0.02531304800010048,0.06088919864343862,0.3246787646902441
743,743,0.025342498000100022,0.06085056241308583,0.32403042643193103
744,744,0.025371836000090298,0.06081197565945651,0.3244951638841633
745,745,0.025401196000075288,0.06077343827032827,0.32384814086199976
746,746,0.02543089800008147,0.060734950149554115,0.3243119443462643
747,747,0.025460011000063787,0.06069651118586332,0.3236662317790818
748,748,0.025489370000116196,0.060658121283869146,0.3241291048000959
749,749,0.0255183390000866,0.060619780333240385,0.3234846979408065
750,750,0.025547729000095387,0.060581488239341355,0.3239466439768989
751,751,0.02557697500009226,0.06054324489276841,0.3233035381121544
752,752,0.025606476000120892,0.06050505019962761,0.323764560615539
753,753,0.025645102000112274,0.06046690405143122,0.3231227510653961
754,754,0.025687472000072376,0.06042880635501795,0.32358285346244214
755,755,0.02572811700008515,0.06039075700280448,0.3229423355800301
756,756,0.02576128900011554,0.06035275590235309,0.323401521271529
757,757,0.025791559000083453,0.06031480294697356,0.32276229044272176
758,758,0.025822150000067268,0.060276898044942975,0.32322056280415074
759,759,0.02589340900010484,0.060239041090452985,0.32258261444724307
760,760,0.025926040000115336,0.06020123199248671,0.3230399768290263
761,761,0.025956877000169243,0.060163470646106734,0.32240330639441306
762,762,0.025987926000141215,0.06012575696099367,0.32285976212217876
763,763,0.02603157800012923,0.060088090833070026,0.3222243650920386
764,764,0.0260667790001321,0.06005047217270549,0.32267991746687386
765,765,0.026097949000131848,0.06001290087667194,0.322045789354856
766,766,0.026139183000111643,0.05997537685601975,0.32250044165355823
767,767,0.026187747000108175,0.05993790000835956,0.3218675780044735
768,768,0.02624675400011256,0.05990047024541424,0.32232133347979897
769,769,0.026279667000153495,0.059863087465622945,0.32168972986931366
770,770,0.02631131800012554,0.059825751581372766,0.32214259175022314
771,771,0.026341594000086843,0.05978846249192118,0.321512243784557
772,772,0.02638211800007184,0.05975122011031169,0.3219642152764585
773,773,0.026413980000086212,0.05971402433660989,0.32133511859208624
774,774,0.02644443000008323,0.05967687508450781,0.321786202877075
775,775,0.02647397100008675,0.059639772254869335,0.32115835314043073
776,776,0.026503907000062554,0.05960271576202725,0.321608553377526
777,777,0.02653514900009668,0.059565705507633945,0.32098194628471116
778,778,0.026565296000114813,0.05952874140665529,0.3214312656100908
779,779,0.02659534100013161,0.05949182336152258,0.3208058968865864
780,780,0.026625176000095507,0.05945495128782734,0.3212543384138182
781,781,0.02665467800005672,0.05941812508877011,0.3206302038141986
782,782,0.026684492000015325,0.05938134468056076,0.3210777706344693
783,783,0.026713813000014852,0.0593446099671598,0.32045486594212086
784,784,0.026751928999999564,0.059307920865387956,0.32090156112446244
785,785,0.02680962400000908,0.05927127727995656,0.32027988215130465
786,786,0.02684696400001485,0.05923467912829013,0.3207257087428174
787,787,0.02687844600001199,0.05919812631584161,0.3201052513290271
788,788,0.026909109999962766,0.059161618760632195,0.32055021235510095
789,789,0.026939255999991474,0.05912515636884762,0.31993097236884016
790,790,0.026969022999992376,0.05908873905909861,0.3203750708333729
791,791,0.026998655999989296,0.059052366738294955,0.31975704417051914
792,792,0.027028185000006033,0.0590160393256301,0.32020028305613235
793,793,0.02705835400001888,0.05897975672872901,0.3195834656400126
794,794,0.027087934000007863,0.05894351886736117,0.3200258479082647
795,795,0.02711747099999684,0.058907325649858254,0.3194102356893921
796,796,0.02714715900003739,0.05887117699655896,0.3198517642809896
797,797,0.02717697700006738,0.05883507281649312,0.3192373532368027
798,798,0.027206498000055035,0.05879901303056226,0.31967803107180814
799,799,0.027249799000060193,0.058762997548486046,0.31906481720641416
800,800,0.02728025300001491,0.058727026291722204,0.3195046471844526
801,801,0.0273148580000111,0.058691099170672105,0.3188926265283723
802,802,0.027353984999990644,0.05865521610734325,0.31933161152883455
803,803,0.02738668099999586,0.05861937701281063,0.31872078013875127
804,804,0.027418085999954656,0.05858358180962515,0.31915892302099524
805,805,0.027448665000008532,0.05854783040952751,0.31854927697950547
806,806,0.02747920699999895,0.058512122735605895,0.31898658058305523
807,807,0.02750904399999854,0.05847645870025871,0.31837811599842275
808,808,0.027538775999971676,0.058440838227105246,0.3188145831431654
809,809,0.027568929999972625,0.05840526122919403,0.3182072961490782
810,810,0.02759893799998281,0.0583697276306694,0.3186429296354577
811,811,0.027628527999979724,0.05833423734522221,0.31803681639078724
812,812,0.02765919599994504,0.058298790297515946,0.3184716189999971
813,813,0.027689554999938082,0.05826338640187635,0.31786667568856053
814,814,0.027719650999927126,0.05822802558348014,0.31830065018273357
815,815,0.0277496539998765,0.05819270775728049,0.31769687301305827
816,816,0.027779592999877423,0.058157432848961556,0.3181300221354545
817,817,0.027809443999899486,0.0581222007740967,0.3175274073405458
818,818,0.02784709499985638,0.05808701145887176,0.31795973381573794
819,819,0.02788868899983754,0.058051864819473,0.31735827765284885
820,820,0.02792100199980041,0.0580167607825824,0.3177897841869062
821,821,0.02795900299980758,0.05798169926499206,0.31718948293730975
822,822,0.02799098199977834,0.05794668019387449,0.3176201722179792
823,823,0.028021701999819015,0.05791170348662058,0.31702102218674394
824,824,0.028051884999797494,0.057876769070887915,0.3174508968836296
825,825,0.02809295299977066,0.05784187686465931,0.3168528943993966
826,826,0.02812585999976136,0.057807026796072025,0.31728195716413726
827,827,0.028156918999741265,0.05777221878369398,0.3166850985789005
828,828,0.028188673999750335,0.05773745275613669,0.3171133520453445
829,829,0.02821976499978973,0.05770272863254658,0.3165176337342328
830,830,0.02824976399983825,0.05766804634200424,0.316945080518612
831,831,0.028279427999848394,0.05763340580422786,0.3163504988796742
832,832,0.02830934999985857,0.05759880694876187,0.3167771415807747
833,833,0.02833918399983304,0.05756424969588976,0.31618369303476623
834,834,0.02837769499984688,0.05752973397561484,0.31660953423409854
835,835,0.02842810199985024,0.057495259708779306,0.3160172152242717
836,836,0.02846184699984633,0.057460826825840305,0.31644225748623755
837,837,0.028492936999839458,0.05742643524819244,0.31585106447813227
838,838,0.028522997999800737,0.057392084906741775,0.3162753103501908
839,839,0.02855256699979236,0.05735777572342908,0.31568523983142976
840,840,0.028582716999778768,0.057323507629604274,0.3161086918442607
841,841,0.02861263299979555,0.05728928054774827,0.31551974032434466
842,842,0.028642206999791142,0.057255094409650015,0.3159424009920108
843,843,0.028671579999809182,0.05722094913832444,0.3153545650021178
844,844,0.02870156999978235,0.05718684466599479,0.31577643682222495
845,845,0.028731225999820253,0.057152780916203884,0.3151897129150102
846,846,0.028760550999834322,0.057118757821604756,0.3156107983688653
847,847,0.028789863999804766,0.05708477530626218,0.3150251831182648
848,848,0.028819278999776543,0.057050833303254236,0.3154454846710328
849,849,0.02884871099973907,0.0570169317371619,0.314860974672068
850,850,0.028877895999755765,0.056983070541483716,0.3152804947729261
851,851,0.028907287999800246,0.05694924964131103,0.3146970866415111
852,852,0.028963919999796417,0.05691546897055844,0.3151158277238023
853,853,0.028997389999801726,0.05688172845482204,0.31453351809655294
854,854,0.02902870899976051,0.056848028028427935,0.31495148257793715
855,855,0.029058699999779947,0.05681436761747143,0.3143702681119821
856,856,0.02908900599976505,0.056780747156685706,0.3147874583945859
857,857,0.02911882399979504,0.056747166572659734,0.3142073357673803
858,858,0.02914908399975502,0.056713625800529514,0.3146237542379447
859,859,0.029178713999726824,0.056680124767372324,0.31404472014708495
860,860,0.029208150999693316,0.05664666340872264,0.3144603691771121
861,861,0.02923761099970079,0.05661324165214056,0.3138824203401539
862,862,0.029267341999684504,0.05657985943355495,0.31429730228605124
863,863,0.029297095999652356,0.05654651668100345,0.31372043544032785
864,864,0.029327950999629593,0.056513213330805195,0.3141345526435519
865,865,0.02935752199965691,0.05647994931147009,0.31355876454599607
866,866,0.0293874469996922,0.056446724559703405,0.31397211933319324
867,867,0.0294179239996879,0.056413539004482205,0.3133974067601599
868,868,0.029447617999721842,0.056380392582893846,0.313810001443307
869,869,0.029485166999734247,0.05634728522437751,0.31323636119039855
870,870,0.0295406219997858,0.0563142168663987,0.31364819806694083
871,871,0.029573185999765883,0.056281187438853644,0.31307562694883345
872,872,0.029604869999786843,0.056248196879582005,0.3134867083018216
873,873,0.02963546899979974,0.056215245118932146,0.3129152031520944
874,874,0.029665484999782166,0.056182332095114106,0.31332553125032003
875,875,0.029695226999763236,0.05614945773892346,0.31275508892128545
876,876,0.029725351999786653,0.05611662198893672,0.3131646660194146
877,877,0.029754628999739907,0.05608382477639197,0.31259528338195075
878,878,0.02978411899977118,0.056051066040228435,0.3130041117206567
879,879,0.029813752999757526,0.05601834571212186,0.31243578566404107
880,880,0.029843079999750444,0.055985663731370525,0.3128438674701349
881,881,0.02987257999978965,0.055953020030083137,0.3122765949018809
882,882,0.02990201199980902,0.05592041454791339,0.3126839323884412
883,883,0.029931380999812518,0.05588784721739836,0.3121177102341351
884,884,0.029961022999827946,0.05585531797854348,0.31252430560063615
885,885,0.029990769999869826,0.05582282676430964,0.3119591308037765
886,886,0.030019937999895774,0.055790373515050416,0.3123649862362148
887,887,0.030057102999876406,0.05575795816414609,0.31180085575805366
888,888,0.030110780999905273,0.05572558065229483,0.312205973429073
889,889,0.030142474999934166,0.055693240913291926,0.3116428842484587
890,890,0.030172980999907395,0.05566093888817656,0.3120472663174744
891,891,0.03020356399991897,0.055628674511154615,0.31148521543069535
892,892,0.03023324499991986,0.05559644772360307,0.31188886404401694
893,893,0.030263019999949847,0.05556425846013392,0.3113278484646479
894,894,0.030329334999976254,0.05553210666245855,0.31173076575559994
895,895,0.030361791999951038,0.05549999226559094,0.31117078251434976
896,896,0.030393041999957404,0.05546791521157342,0.31157297060339195
897,897,0.03042389499995579,0.05543587543581773,0.3110140167479524
898,898,0.030454168999938247,0.05540387288069393,0.31141547774279826
899,899,0.030483572999912667,0.055371907482007376,0.3108575503376952
900,900,0.030513547999873936,0.055339979182452585,0.311258286333429
901,901,0.03054270999984965,0.05530808791822442,0.3107013824598743
902,902,0.030572349999886228,0.05527623363233868,0.31110139553906785
903,903,0.030602183999917543,0.055244416261375696,0.3105455122948133
904,904,0.030639153999914015,0.055212635748669275,0.31094480452764023
905,905,0.030677994999905422,0.05518089203118132,0.310389939026833
906,906,0.030710821999889504,0.0551491850525606,0.31078851247118217
907,907,0.03075826599985021,0.055117514750146604,0.31023466184422177
908,908,0.030789525999807665,0.05508588106789994,0.3106325185458101
909,909,0.030819947999816577,0.05505428394353374,0.3100796799392069
910,910,0.030849856999850545,0.05502272332131754,0.31047682193168985
911,911,0.03087978499985411,0.05499119913933431,0.3099249925079245
912,912,0.03090956699986691,0.05495971134215929,0.3103214218130063
913,913,0.030940039999848068,0.054928259868241694,0.3097705987503912
914,914,0.030970722999882128,0.05489684466245959,0.3101663173779339
915,915,0.031001132999904257,0.05486546566362448,0.3096164978704763
916,916,0.031030611999938174,0.05483412281691443,0.31001150781860676
917,917,0.03106022099996153,0.05480281606149966,0.3094626890758722
918,918,0.031090200999983608,0.054771545342855145,0.30985699233108865
919,919,0.031120186999999078,0.05474031060050625,0.30930917157806714
920,920,0.031149937999998656,0.054709111780222135,0.30970277011534475
921,921,0.03118671100003212,0.054677948821879666,0.3091559445923176
922,922,0.031241029000057097,0.05464682167153934,0.30954884037521224
923,923,0.03127320100003317,0.05461573026942594,0.30900300733761993
924,924,0.03130429900005538,0.05458467456188864,0.3093952023183713
925,925,0.0313343170000735,0.0545536544894966,0.30885035903668395
926,926,0.03136402900008761,0.054522669998884866,0.3092418551563175
927,927,0.03139406700006475,0.05449172103096363,0.30869799891590505
928,928,0.031423439000036524,0.054460807532651034,0.30908879810433293
929,929,0.031453202000022884,0.05442992944519496,0.3085459262053381
930,930,0.031482684000025074,0.05439908671579399,0.30893603038145867
931,931,0.031511861000012686,0.05436827928603024,0.3083941401386703
932,932,0.03154121000000032,0.054337507103380124,0.3087835512104669
933,933,0.03157104199999594,0.05430677010975678,0.308242639953195
934,934,0.031600058000037734,0.05427606825291177,0.30863135981783374
935,935,0.03162960000008752,0.05424540147508593,0.3080914248897857
936,936,0.0316590450000831,0.054214769724303495,0.3084794554337118
937,937,0.03168791200010901,0.054184172943129785,0.3079404941928697
938,938,0.03171736200010855,0.054153611079859075,0.30832783729190333
939,939,0.03175605600011977,0.054123084077378064,0.30778984711040314
940,940,0.03180980400009048,0.0540925918842486,0.3081765046298337
941,941,0.03184265900006267,0.05406213444367546,0.3076394828938447
942,942,0.03187387000008357,0.05403171170448572,0.3080254566885246
943,943,0.031905146000099194,0.054001323610199124,0.3074894007981309
944,944,0.03194675600013852,0.053970970109905446,0.3078746927125681
945,945,0.031987478000132796,0.05394065114743645,0.3073396000816511
946,946,0.032027639000148156,0.05391036667214214,0.3077242119501005
947,947,0.03206814200018471,0.053880116628163284,0.3071900800062221
948,948,0.032109105000188265,0.05384990096510773,0.3075740136527764
949,949,0.03215101300020251,0.053819719627422255,0.3070408398370642
950,950,0.03219462800018391,0.053789572564970224,0.3074240970757435
951,951,0.03223950600022363,0.05375945972250142,0.3068918788427766
952,952,0.03228366400020377,0.05372938105013252,0.30727446147761694
953,953,0.03238568300020006,0.05369933649291338,0.306743196295313
954,954,0.032434156000192615,0.05366932600121154,0.30712510612045446
955,955,0.03247939500016628,0.0536393495203742,0.3065947914699578
956,956,0.03251264400017817,0.05360940700101754,0.30697603026973125
957,957,0.03255252600018821,0.053579498388783085,0.3064466636453025
958,958,0.03258618900019883,0.05354962363453357,0.30682723319431543
959,959,0.0326177190001431,0.05351978268420212,0.30629881210322196
960,960,0.03264900100015211,0.05348997548889561,0.30667871416644354
961,961,0.032679303000179516,0.053460201994836094,0.3061512361288508
962,962,0.03271302100017692,0.053430462153372486,0.3065304724616962
963,963,0.032754697000200395,0.053400755911012954,0.30600393501056083
964,964,0.032791699000199515,0.05337108321934625,0.30638250735897443
965,965,0.032867705000171554,0.05334144402516405,0.3058569080399375
966,966,0.032904154000164,0.05331183828029285,0.30623481814047543
967,967,0.03293548900018095,0.05328226593180509,0.3057101545117575
968,968,0.03296618000018725,0.05325272693176291,0.30608740409166896
969,969,0.03299649700016971,0.05322322122751692,0.30556367372396614
970,970,0.033026465000148164,0.05319374877136291,0.3059402645012741
971,971,0.0330559940001649,0.053164309510927016,0.30541746497765476
972,972,0.03309315100017329,0.05313490339873645,0.3057933986612362
973,973,0.03312253400014242,0.0531055303826905,0.3052715275770388
974,974,0.03315320500013286,0.053076190415545885,0.30564680586670334
975,975,0.033183151000116595,0.05304688344547232,0.3051258608294357
976,976,0.03321274100011351,0.053017609425454,0.30550048541600394
977,977,0.03324223400011306,0.052988368303928696,0.304980464045243
978,978,0.03327273200011405,0.05295916003410612,0.30535443661062395
979,979,0.03330223400007526,0.052929984564689565,0.3048353365379167
980,980,0.033331556000121054,0.052900841849112354,0.30520865875518466
981,981,0.033373595000114165,0.05287173183634085,0.3046904776239504
982,982,0.033434540000087054,0.05284265448003002,0.30506315115742005
983,983,0.03346666200013715,0.05281360972940693,0.30454588662285287
984,984,0.0334972740001831,0.0527845975383463,0.3049179131281549
985,985,0.033528813000145874,0.05275561785633357,0.3044015628571281
986,986,0.03355927100011513,0.0527266706374613,0.3047729439812836
987,987,0.033589418000133264,0.05269775583147087,0.3042575056522539
988,988,0.033618734000128825,0.05266887339267086,0.30462824303374714
989,989,0.03364823600014688,0.05264002327105634,0.304113714336661
990,990,0.033677891000138516,0.05261120542115015,0.3044838096055129
991,991,0.033707216000152584,0.05258241979319866,0.303970188241713
992,992,0.03373660100015741,0.05255366634193705,0.3043396430195526
993,993,0.03376594500014107,0.05252494501786087,0.3038269267016856
994,994,0.03379514200008771,0.052496255775915865,0.3041957426018215
995,995,0.03382461800009651,0.05246759856684449,0.30368392905374647
996,996,0.033853680000049735,0.05243897334580134,0.30405210768123736
997,997,0.03388247500004127,0.052410380063773465,0.3035411946379352
998,998,0.03391187900007253,0.052381818676122564,0.30390873758965964
999,999,0.033951279000064005,0.05235328913407829,0.30339872279714386
1000,1000,0.03398944700006723,0.052324791393207636,0.3037656316618694
1001,1001,0.03402091700007759,0.052296325404980575,0.30325651287709643
1002,1002,0.0340514650000614,0.052267891125167776,0.3036227892355478
1003,1003,0.03408159300005309,0.05223948850547748,0.30311456422632993
1004,1004,0.034111225000060585,0.052211117501882266,0.303480209651257
1005,1005,0.03414093000003504,0.052182778066326554,0.30297287619617524
1006,1006,0.034171400000047925,0.05215447015498324,0.3033378922524195
1007,1007,0.03420056700008445,0.052126193720030835,0.3028314481407371
1008,1008,0.03422981100004563,0.05209794871784078,0.30319583638529857
1009,1009,0.034259048000023995,0.0520697351008237,0.3026902794168758
1010,1010,0.03428860400003941,0.05204155282554808,0.3030540413989783
1011,1011,0.03431786000004422,0.052013401844654555,0.30254936938418775
1012,1012,0.03434695200007809,0.05198528211490698,0.30291250664534386
1013,1013,0.034376190000102724,0.05195719358917404,0.3024087174049872
1014,1014,0.03440591400010362,0.051929136224413405,0.3027712314790629
1015,1015,0.03443593500009001,0.0519011099737198,0.3022683228442875
1016,1016,0.03446613900007378,0.05187311479424326,0.3026302152575651
1017,1017,0.03450410200008491,0.051845150639302506,0.30212818506978256
1018,1018,0.034541819000082796,0.0518172174662383,0.30248945734102445
1019,1019,0.03457378300004166,0.051789315228591586,0.30198830345182875
1020,1020,0.0346046620000493,0.051761443883892304,0.3023489570923394
1021,1021,0.03463467500006345,0.05173360338590163,0.30184867736342663
1022,1022,0.03466438600008814,0.05170579369233723,0.3022087138771142
1023,1023,0.03469385500005728,0.05167801475717871,0.30170930618020336
1024,1024,0.03476370600009204,0.05165026653832975,0.3020687270636412
1025,1025,0.034795677000090564,0.0516225489899867,0.30157018928039436
1026,1026,0.03482625900005587,0.05159486207023784,0.30192899602288104
1027,1027,0.034856355000044914,0.05156720573349424,0.301431326044826
1028,1028,0.034886181000047145,0.05153957993802746,0.3017895201284457
1029,1029,0.03491532200007441,0.05151198463846144,0.3012927158568979
1030,1030,0.034944885000072645,0.051484419793249546,0.30165029875657934
1031,1031,0.03497455900009072,0.051456885357226784,0.301154358102566
1032,1032,0.03500372500013782,0.05142938128902698,0.3015113312861412
1033,1033,0.035033106000184944,0.05140190754369446,0.30101625217032485
1034,1034,0.035128495000208204,0.05137446408004196,0.3013726170985871
1035,1035,0.03516731800021944,0.051347050853321474,0.3008783974511905
1036,1036,0.0351997550002352,0.05131966782252326,0.30123415557795225
1037,1037,0.03523043400025472,0.05129231494310517,0.3007407933386838
1038,1038,0.03526077400022132,0.05126499217423371,0.3010959461108333
1039,1039,0.035290672000201084,0.05123769947157091,0.30060343922881394
1040,1040,0.035320037000246884,0.05121043679445802,0.3009579880863716
1041,1041,0.035349567000253046,0.051183204098759635,0.30046633452006094
1042,1042,0.035379081000257884,0.05115600134399043,0.3008202808962351
1043,1043,0.03540829500025211,0.05112882848621588,0.3003294786133597
1044,1044,0.0354374670002926,0.051101685485122776,0.3006828239346023
1045,1045,0.03546653200032779,0.05107457229697574,0.3001928709120838
1046,1046,0.03549579500031541,0.05104748888163247,0.3005456165981443
1047,1047,0.035525072000268665,0.05102043519555513,0.30005651082202855
1048,1048,0.03555424000029461,0.05099341119877088,0.30040865828600904
1049,1049,0.035583184000302026,0.050966416847937866,0.29992039775139556
1050,1050,0.035620289000291905,0.0509394521032515,0.30027194839980353
1051,1051,0.03567464500031292,0.05091251692156433,0.29978453111077646
1052,1052,0.03570816900031559,0.050885611263238754,0.30013548634357834
1053,1053,0.035739334000311374,0.050858735085319996,0.2996489103131369
1054,1054,0.0357697630003031,0.05083188834833621,0.2999992715238106
1055,1055,0.03579942800030267,0.05080507100952396,0.2995135347738014
1056,1056,0.035828909000315434,0.050778283029575814,0.299863303349388
1057,1057,0.03585839600032159,0.050751524365918003,0.2993784039104368
1058,1058,0.035888058000352885,0.050724794979406435,0.29972758123159254
1059,1059,0.03591752500040002,0.05069809482765546,0.2992435171430379
1060,1060,0.03594647800042594,0.050671423871683,0.299592104584085
1061,1061,0.03597541500045054,0.050644782069290184,0.29910887389391133
1062,1062,0.036004938000473885,0.050618169381655725,0.29945687282288813
1063,1063,0.0360338630005117,0.05059158576676598,0.2989744735876606
1064,1064,0.03606291700054953,0.05056503118595933,0.2993218853663723
1065,1065,0.03609237300059931,0.05053850559740586,0.2988403156511712
1066,1066,0.03612161800060676,0.05051200896260239,0.2991871416352387
1067,1067,0.03615108000059308,0.05048554123990134,0.29870639951359523
1068,1068,0.036186992000580176,0.05045910239095691,0.2990526410525046
1069,1069,0.03623688800058744,0.05043269237430236,0.2985727246063371
1070,1070,0.03627047400061656,0.05040631115174797,0.2989183830434877
1071,1071,0.03630145900064008,0.05037995868200657,0.2984392903630382
1072,1072,0.03633333100066238,0.050353634927043485,0.29878436703579137
1073,1073,0.03636354100063954,0.050327339845749525,0.29830609621956267
1074,1074,0.03639428500059694,0.05030107340024398,0.2986505924592887
1075,1075,0.036424643000600554,0.050274835549594374,0.29817314161398323
1076,1076,0.03645471700059488,0.05024862625607273,0.29851705874610884
1077,1077,0.036484574000553494,0.05022244547892193,0.29804042598656594
1078,1078,0.036514003000547746,0.050196293180565725,0.29838376533062083
1079,1079,0.03654391300057114,0.050170169320420975,0.29790794877975707
1080,1080,0.03657310100061295,0.05014407386106202,0.2982507116494201
1081,1081,0.03660218200059262,0.05011800676207833,0.29777570943816767
1082,1082,0.036631390000593456,0.05009196798619387,0.29811789714131276
1083,1083,0.03666085800057317,0.05006595749316938,0.297643707408561
1084,1084,0.036690276000570066,0.05003997524587731,0.2979853212473024
1085,1085,0.036719527000570906,0.0500140212042485,0.2975119421398375
1086,1086,0.03675810400056889,0.04998809533130276,0.29785298341057465
1087,1087,0.036819755000522036,0.04996219758713962,0.2973804130830216
1088,1088,0.0368521660004717,0.049936327934925334,0.2977208830764833
1089,1089,0.0368824250004991,0.04991048633492697,0.2972491196912479
1090,1090,0.03691227000052777,0.04988467275045604,0.29758901969253676
1091,1091,0.036942265000504904,0.049858887141945814,0.2971180614197473
1092,1092,0.03697166800054674,0.04983312947285227,0.29745739270838323
1093,1093,0.037031605000549916,0.04980739970377351,0.2969872377258342
1094,1094,0.037063427000532556,0.04978169779830886,0.29732600157579725
1095,1095,0.037093984000534874,0.049756023717220245,0.2968566480688927
1096,1096,0.03712369900051726,0.0497303774242493,0.2971948457486661
1097,1097,0.03715339300049436,0.049704758880320374,0.29672629191036354
1098,1098,0.03718252700048197,0.04967916804931656,0.2970639246829759
1099,1099,0.03721179400048413,0.04965360489232352,0.29659616871373057
1100,1100,0.03724120500044137,0.04962806937336471,0.2969332378367979
1101,1101,0.03727041800044617,0.049602561453685905,0.2964662779445087
1102,1102,0.03730028500046956,0.049577081097449974,0.29680278467027565
1103,1103,0.03733839400047145,0.04955162826606167,0.29633661907022973
1104,1104,0.03737483800045993,0.049526202923822336,0.29667256464561104
1105,1105,0.03740693800045847,0.04950080503229445,0.2962071915604306
1106,1106,0.03743727200048852,0.04947543455591691,0.29654257722705163
1107,1107,0.037467391000518546,0.04945009145640884,0.29607799488664016
1108,1108,0.037497028000473165,0.04942477569834581,0.2964128218808772
1109,1109,0.03752625700047929,0.049399487243602304,0.29594902852236654
1110,1110,0.037555459000486735,0.049374226056889604,0.2962832980753868
1111,1111,0.037585086000490264,0.049348992100236626,0.2958202919430849
1112,1112,0.037614517000463366,0.04932378533848931,0.29615400528088603
1113,1113,0.0376436290005131,0.04929860573382993,0.2956917846262251
1114,1114,0.03767277700052318,0.049273453251238254,0.29602494296967435
1115,1115,0.03770205000051874,0.04924832785304865,0.2955635060511588
1116,1116,0.03773098700054334,0.04922322950437392,0.295896110616032
1117,1117,0.0377605170005495,0.04919815816769946,0.29543545569918817
1118,1118,0.03778956700057279,0.04917311380827019,0.2957675076962077
1119,1119,0.037818615000560385,0.04914809638872148,0.29530763305353275
1120,1120,0.0378478650005718,0.049123105874429446,0.2956391336884063
1121,1121,0.03788521600057493,0.049098142228178314,0.29518003759931843
1122,1122,0.037940917000582886,0.04907320541547475,0.2955109880727759
1123,1123,0.037973453000574864,0.04904829539925067,0.295052668823565
1124,1124,0.03800488600057861,0.049023412145142164,0.29538307033139655
1125,1125,0.03803481400058217,0.048998555616228186,0.2949255262151745
1126,1126,0.03806466600059366,0.04897372577827338,0.2952553799482669
1127,1127,0.038094219000640805,0.048948922594502446,0.2947986092649193
1128,1128,0.03812304400065614,0.04892414603080786,0.295127916409293
1129,1129,0.03815270600063059,0.04889939605055906,0.2946719174654305
1130,1130,0.03818204900062483,0.04887467261977559,0.29500067920227585
1131,1131,0.03821134800062964,0.04884997570197063,0.29454545031118706
1132,1132,0.03824024900063705,0.04882530526328981,0.2948736678168999
1133,1133,0.03826902400061272,0.048800661267389085,0.29441920729850324
1134,1134,0.03829830300065851,0.04877604368053949,0.2947468817447209
1135,1135,0.038327816000617076,0.04875145246653872,0.294293187925518
1136,1136,0.03835676600061788,0.04872688759178237,0.29462032047915476
1137,1137,0.03838582900061738,0.04870234902020889,0.2941673916921841
1138,1138,0.03841526700063014,0.048677836718337635,0.2944939835154651
1139,1139,0.038451818000623916,0.04865335065024695,0.2940418181002556
1140,1140,0.038503982000634096,0.04862889078257912,0.2943678703507524
1141,1141,0.03853556000063918,0.0486044570795513,0.2939164666532781
1142,1142,0.03856548700065332,0.048580049507928,0.29424198048394284
1143,1143,0.03859547900060534,0.04855566803206432,0.2937913368565772
1144,1144,0.0386254860006261,0.04853131261884617,0.29411631341577604
1145,1145,0.03865457900059255,0.048506983232765616,0.29366642821724764
1146,1146,0.03868407300058152,0.04848267984082931,0.2939908686487948
1147,1147,0.03871351300062997,0.048458402407665274,0.2935417402441423
1148,1148,0.038742835000618925,0.048434150900400014,0.29386564568733325
1149,1149,0.03877252100062378,0.04840992528379686,0.2934172724478619
1150,1150,0.03880191300061142,0.04838572552510137,0.29374064403750644
1151,1151,0.038831684000626865,0.0483615515892111,0.29329302434074406
1152,1152,0.038860368000598555,0.04833740344349005,0.2936158632071988
1153,1153,0.03888945800059673,0.04831328105296909,0.2931689954368528
1154,1154,0.03891885400059891,0.04828918438512993,0.2934913027060537
1155,1155,0.03894831500059581,0.04826511340513587,0.29304518525196804
1156,1156,0.03897737400058077,0.048241068080585585,0.2933669620454626
1157,1157,0.03900694600059751,0.048217048376773895,0.29292159330357537
1158,1158,0.03905574100059539,0.04819305426141577,0.29324284073855383
1159,1159,0.03909117000057449,0.04816908569993673,0.29279821911085535
1160,1160,0.03912320700055716,0.048145142660167235,0.2931189383001831
1161,1161,0.039160827000557674,0.04812122510766265,0.2926750621946738
1162,1162,0.03919167000054813,0.04809733301036828,0.2929952542469218
1163,1163,0.03922182900055304,0.04807346633396846,0.2925521220775713
1164,1164,0.03928046200053359,0.04804962504652262,0.2928717880970471
1165,1165,0.03931351400052563,0.048025809113843236,0.2924293982837532
1166,1166,0.0393448370005558,0.04800201850410321,0.29274853937053197
1167,1167,0.03937526300052241,0.04797825318324231,0.2923068903390796
1168,1168,0.03940489600051933,0.0479545131195461,0.29262550758903394
1169,1169,0.03943476100056387,0.04793079827908097,0.2921845977710557
1170,1170,0.03946441500056608,0.047907108630244534,0.2925026922758859
1171,1171,0.03949401200054581,0.047883444139228765,0.2920625201088216
1172,1172,0.03952321400055325,0.04785980477454275,0.2923800929560853
1173,1173,0.03955267200058188,0.04783619050250332,0.29194065688314264
1174,1174,0.0395887950006113,0.04781260129173027,0.2922577091562847
1175,1175,0.03964335700061383,0.04778903710866453,0.29181900762639995
1176,1176,0.03967597000058731,0.04776549792203596,0.29213554040478107
1177,1177,0.03970669500057511,0.047741983698408735,0.2916975718725806
1178,1178,0.03973696000053906,0.047718494406622236,0.2920135862315067
1179,1179,0.039767091000555865,0.04769503001336306,0.2915763491572682
1180,1180,0.03979718200054094,0.04767159048757932,0.2918918461680189
1181,1181,0.0398271740005498,0.047648175796079426,0.2914553390176336
1182,1182,0.03985657500055595,0.0476247859079196,0.2917703197474905
1183,1183,0.039885951000542264,0.047601420790029214,0.29133454099242473
1184,1184,0.03991536200055634,0.047578080411571966,0.29164900650470005
1185,1185,0.03994486700054267,0.04755476473959739,0.2912139546219585
1186,1186,0.03997425900053031,0.04753147374337618,0.2915279059760225
1187,1187,0.04000352100052851,0.047508207390077224,0.2910935794481109
1188,1188,0.04003262200052404,0.0474849656490775,0.29140701769941985
1189,1189,0.04006156600053146,0.04746174848766459,0.2909734150143077
1190,1190,0.04009088100053759,0.047438555875321115,0.29128634121443064
1191,1191,0.04012012800052389,0.04741538777945265,0.29085346086551567
1192,1192,0.040156399000522924,0.047392244169646804,0.2911658760621622
1193,1193,0.04023167000053718,0.047369125013426404,0.2907337165482334
1194,1194,0.04026461100056622,0.047346030280483516,0.29104562178528043
1195,1195,0.0402953140005593,0.047322959938457455,0.2906141816104826
1196,1196,0.040325259000553615,0.04729991395714413,0.2909255779280006
1197,1197,0.04035440600057427,0.0472768923042986,0.29049485560179883
1198,1198,0.04038413900059368,0.0472538949498201,0.2908057440360788
1199,1199,0.04041388500058929,0.04723092186157876,0.29037573807322314
1200,1200,0.040442804000633714,0.04720797300957645,0.29068611965680213
1201,1201,0.04047253300063858,0.047185048361797675,0.29025682857729296
1202,1202,0.04050197400061961,0.0471621478883464,0.2905667043389804
1203,1203,0.04053116200060458,0.047139271557320825,0.2901381266680335
1204,1204,0.04056028200062656,0.047116419338926456,0.290447497632937
1205,1205,0.04058928200061018,0.04709359120137439,0.2900196319009495
1206,1206,0.04061841600059779,0.04707078711497116,0.29032849909049957
1207,1207,0.040647494000609186,0.047048007048040213,0.28990134383301625
1208,1208,0.04067695200058097,0.047025250970988385,0.29020970826499215
1209,1209,0.040706115000546106,0.04700251885225075,0.2897832620226712
1210,1210,0.04073906500053681,0.04697981066233404,0.290091124711226
1211,1211,0.04077705100053208,0.04695712636978426,0.2896653860298057
1212,1212,0.040826650000553855,0.04693446594520739,0.28997274798549055
1213,1213,0.04086076700053809,0.046911829357259814,0.28954771541575697
1214,1214,0.0408929150005406,0.04688921657664619,0.2898545776455459
1215,1215,0.04092445600053907,0.04686662757213253,0.28943024974329884
1216,1216,0.04095491700053344,0.046844062314521685,0.28973661325061306
1217,1217,0.04098523700054102,0.046821520772688724,0.2893129885766347
1218,1218,0.04101633300052754,0.04679900291753414,0.2896188543613663
1219,1219,0.041055563000554685,0.04677650871804126,0.2891959314813884
1220,1220,0.04112696100054336,0.04675403814520777,0.28950130053992523
1221,1221,0.041159899000547284,0.04673159116812471,0.289079078024597
1222,1222,0.041190747000541705,0.04670916775788635,0.2893839513498451
1223,1223,0.04122157100056256,0.04668676788369085,0.2889624277747021
1224,1224,0.04125184300056617,0.04666439151672851,0.28926680635610974
1225,1225,0.041281735000552544,0.04664203862630391,0.2888459803015422
1226,1226,0.041370481000569725,0.04661970918370295,0.28914986512512314
1227,1227,0.041403699000568395,0.046597403158336125,0.28872973517634465
1228,1228,0.04143513800056553,0.046575120521584266,0.289033127224701
1229,1229,0.041465750000554635,0.04655286124296312,0.28861369197171777
1230,1230,0.041496468000559616,0.046530625293948046,0.288916592224063
1231,1231,0.04152645700054336,0.046508412644159405,0.28849785026164354
1232,1232,0.04155627100055881,0.046486223265166646,0.2888002596938249
1233,1233,0.041585911000538545,0.0464640571266941,0.2883822096214692
1234,1234,0.04161574000050905,0.04644191420040472,0.28868412920598996
1235,1235,0.041654913000513716,0.04641979445612633,0.2882667696279001
1236,1236,0.04169398700048532,0.04639769786561484,0.2885682003339422
1237,1237,0.041726461000450854,0.04637562439880096,0.28815152985899195
1238,1238,0.041775768000434255,0.04635357402753314,0.28845247265243756
1239,1239,0.04180722100039702,0.046331546721844294,0.28803648989414293
1240,1240,0.041837796000436356,0.04630954245367495,0.28833694573759666
1241,1241,0.04186759600042933,0.046287561193159715,0.2879216493140869
1242,1242,0.04189862900039998,0.04626560291233065,0.28822161916689726
1243,1243,0.0419282920004207,0.04624366758142356,0.2878070077008856
1244,1244,0.041957850000414965,0.046221755172561475,0.2881064925191659
1245,1245,0.04198729700044623,0.046199865656080745,0.2876925646379208
1246,1246,0.04201741100041545,0.046177999004195114,0.28799156537457143
1247,1247,0.04204710900040709,0.04615615518734081,0.2875783197098881
1248,1248,0.04207678000040005,0.04613433417782174,0.2878768373146167
1249,1249,0.04210651700037715,0.04611253594617358,0.28746427250278855
1250,1250,0.04213608600036878,0.04609076046478991,0.2877623079221313
1251,1251,0.0421657920003895,0.04606900770430527,0.28735042260392224
1252,1252,0.04220323700042172,0.0460472776372024,0.28764797678126414
1253,1253,0.04226169100041943,0.04602557023421424,0.2872367696018808
1254,1254,0.042294877000415454,0.04600388546791225,0.28753384347747657
1255,1255,0.04232540500044024,0.045982223309127115,0.28712331308654016
1256,1256,0.042355482000402844,0.045960583730518687,0.2874199075975343
1257,1257,0.04238521800039052,0.045938966703014804,0.28701005264905394
1258,1258,0.042415149000419206,0.04591737219936318,0.28730616872950093
1259,1259,0.04244473100038704,0.0458958001905884,0.28689698788184603
1260,1260,0.04247443200034695,0.04587425064952558,0.2871926264627303
1261,1261,0.042503857000383505,0.0458527235472955,0.28678411837860407
1262,1262,0.04253380800037121,0.04583121885682015,0.2870792803878597
1263,1263,0.042563140000368094,0.04580973654931612,0.28667144373427217
1264,1264,0.04259275500038484,0.045788276597791826,0.2869661300968024
1265,1265,0.04262211100035529,0.04576683897355894,0.2865589635450444
1266,1266,0.042651512000361436,0.045745423649712104,0.2868531751827413
1267,1267,0.042680787000392684,0.045724030597657526,0.2864466774083576
1268,1268,0.0427353270004005,0.045702659790575556,0.2867404152401214
1269,1269,0.042771850000406175,0.04568131119996659,0.2863345849228855
1270,1270,0.04282701200037309,0.04565998479909601,0.28662784986464307
1271,1271,0.042862902000365466,0.04563868055955795,0.2862226856885309
1272,1272,0.042895467000334975,0.04561739845470268,0.2865154786532551
1273,1273,0.04292661000033604,0.045596138456217336,0.2861109793064199
1274,1274,0.0429576800003133,0.04557490053753657,0.2864033012041485
1275,1275,0.04298747600034858,0.04555368467044022,0.28599946537889503
1276,1276,0.04301709700035872,0.04553249082844687,0.28629131711674893
1277,1277,0.04304648400039923,0.04551131898342844,0.28588814350950853
1278,1278,0.0430761640004107,0.04549016910898716,0.2861795259917105
1279,1279,0.04310555500040891,0.04546904117708657,0.2857770133030164
1280,1280,0.04313476900040314,0.04544793516141202,0.28606792743090914
1281,1281,0.043163824000430395,0.04542685103401823,0.2856660743653718
1282,1282,0.043193214000439184,0.04540578876867328,0.2859565210374357
1283,1283,0.04322273400043741,0.04538474833752256,0.28555532630371766
1284,1284,0.04325197600047659,0.04536372971441655,0.2858453064155897
1285,1285,0.04328108000049724,0.045342732871590866,0.2854447687263823
1286,1286,0.04331079900049417,0.045321757782977805,0.28573428317087285
1287,1287,0.04334837200048014,0.045300804420902833,0.2853344012428714
1288,1288,0.04340521800048691,0.045279872759379745,0.2856234509099823
1289,1289,0.04343716500051187,0.045258962770823315,0.2852242234638625
1290,1290,0.04346818100049177,0.04523807442932851,0.28551280924080463
1291,1291,0.043498667000505975,0.04521720770739883,0.2851142350011989
1292,1292,0.04352824000051214,0.045196362579210024,0.28540235777240935
1293,1293,0.04355752900050902,0.04517553901735408,0.28500443546788334
1294,1294,0.04362054400047555,0.04515473699608698,0.2852920961150425
1295,1295,0.043652604000499196,0.045133956488088614,0.28489482447807174
1296,1296,0.04368300600049224,0.045113197467695036,0.2851820238801205
1297,1297,0.04371268900047198,0.045092459907673556,0.28478540164706745
1298,1298,0.04374242200049139,0.045071743782439846,0.285072140680224
1299,1299,0.04377192700047772,0.045051049064848234,0.28467616659131495
1300,1300,0.04380122100047856,0.04503037572939359,0.2849624461290918
1301,1301,0.04383047100048998,0.045009723749016815,0.28456711892839426
1302,1302,0.0438601230004565,0.04498909309829168,0.28485293984161414
1303,1303,0.043889276000470545,0.04496848375024521,0.2844582582770148
1304,1304,0.04392667700045649,0.044947895679529615,0.2847436214338277
1305,1305,0.04396781100047065,0.044927328859257654,0.2843495842570093
1306,1306,0.04400015300046789,0.044906783264159644,0.2846344905229087
1307,1307,0.04403085600046097,0.04488625886743363,0.2842410964893281
1308,1308,0.04406078400046454,0.04486575564388762,0.2845255467271671
1309,1309,0.04409071800046149,0.044845273566804594,0.284132794596034
1310,1310,0.04412060300046505,0.04482481261106988,0.2844167896660412
1311,1311,0.04415049600044085,0.04480437275005089,0.2840246782002954
1312,1312,0.044179902000450966,0.04478395395871001,0.28430821896009073
1313,1313,0.0442093880004677,0.04476355621049859,0.28391674692638136
1314,1314,0.04423901200044611,0.04474317948045571,0.2841998342309923
1315,1315,0.044268120000481304,0.044722823742116356,0.2838090003996558
1316,1316,0.04429736800051387,0.04470248897059589,0.2840916351015325
1317,1317,0.044326563000481656,0.04468217513951242,0.2837014382465717
1318,1318,0.044356368000478597,0.04466188222405734,0.28398362119560255
1319,1319,0.044391043000473474,0.04464161019793153,0.2835940600946656
1320,1320,0.0444209670004625,0.04462135903640195,0.2838757921381929
1321,1321,0.044458744000451134,0.04460112871325179,0.28348686557255226
1322,1322,0.04451866600044241,0.044580919203823344,0.28376814755538715
1323,1323,0.044550989000470054,0.04456073048198182,0.2833798543099189
1324,1324,0.04458164100049089,0.04454056252314436,0.28366068707435654
1325,1325,0.0446133270004907,0.04452041530125772,0.2832730259375197
1326,1326,0.044643572000495624,0.04450028879181363,0.2835534103233541
1327,1327,0.044673406000470095,0.04448018296884,0.2831663800871708
1328,1328,0.044703192000440595,0.04446009780790281,0.2834463169317101
1329,1329,0.04473250100045334,0.044440033283110844,0.2830599163917446
1330,1330,0.044761989000505764,0.04441998937010385,0.28333940652982487
1331,1331,0.04479164700046567,0.044399966043071004,0.2829536344851642
1332,1332,0.04482083400046122,0.04437996327772571,0.28323267874916536
1333,1333,0.04485009700044884,0.044359981048337084,0.28284753400239854
1334,1334,0.044879691000403454,0.044340019330691816,0.2831261332222575
1335,1335,0.044908581000413506,0.044320078099138564,0.28274161457945723
1336,1336,0.04493809500041834,0.04430015732953695,0.283019769582683
1337,1337,0.04496853600039685,0.044280256996314944,0.2826358758533847
1338,1338,0.044998036000379216,0.044260377075404665,0.2829135874650722
1339,1339,0.04503547600035063,0.044240517541312974,0.2825303174622553
1340,1340,0.04507321600038949,0.044220678370044245,0.28280758650510024
1341,1341,0.04510539700038407,0.04420085953618382,0.2824249390451688
1342,1342,0.04513623500037056,0.0441810610158081,0.2827017663394805
1343,1343,0.04516638300037812,0.04416128278358046,0.28231974024224427
1344,1344,0.04519622300034598,0.04414152481564889,0.2825961266059603
1345,1345,0.04522597200036671,0.044121787086754544,0.2822147206946154
1346,1346,0.04525550200037287,0.04410206957311675,0.2824906669433152
1347,1347,0.04528557900039232,0.04408237224955408,0.2821098800444259
1348,1348,0.04531553500038399,0.04406269509235677,0.2823853869913444
1349,1349,0.045344927000371626,0.04404303807642042,0.2820052179348239
1350,1350,0.04537459700037516,0.044023401178106,0.28228028639086467
1351,1351,0.04540378100040243,0.044003784372385724,0.2819007340099571
1352,1352,0.0454333690004205,0.04398418763569096,0.2821753647837065
1353,1353,0.04546248600041736,0.04396461094307021,0.2817964279149682
1354,1354,0.045492107000427495,0.04394505427102496,0.28207062181270776
1355,1355,0.04552130900043494,0.04392551759467964,0.28169229929598966
1356,1356,0.04555071400045563,0.04390600089060546,0.28196605712170997
1357,1357,0.04558713600044939,0.04388650413400246,0.2815883478001388
1358,1358,0.0456245910004327,0.04386702730151135,0.28186167035555243
1359,1359,0.04565540300040993,0.043847570368407376,0.2814845730755135
1360,1360,0.04568529700037516,0.043828133311400404,0.2817574611600676
1361,1361,0.045714744000406426,0.043808716105840674,0.2813809747711868
1362,1362,0.04574430900038351,0.04378931872850681,0.2816534291820764
1363,1363,0.04577365600039229,0.04376994115482368,0.28127755253720244
1364,1364,0.045836505000409034,0.043750583361638444,0.2815495740693829
1365,1365,0.045867972000394275,0.043731245324450205,0.28117430602456994
1366,1366,0.04589879200040059,0.04371192702017439,0.28144589547076976
1367,1367,0.04592899800036321,0.043692628424384,0.2810712348852604
1368,1368,0.04595877200040377,0.04367334951406245,0.28134239303599357
1369,1369,0.04598801300039668,0.043654090264856234,0.2809683387722014
1370,1370,0.04601751700039358,0.04363485065381655,0.28123906641578
1371,1371,0.04604723900041563,0.04361563065666305,0.28086561733927223
1372,1372,0.04607679900044559,0.04359643025051438,0.2811359152618188
1373,1373,0.046106217000442484,0.04357724941116303,0.2807630702413002
1374,1374,0.04614557700040223,0.043558088115794785,0.2810329392267595
1375,1375,0.04618594300040968,0.043538946340274734,0.28066069713405467
1376,1376,0.04621826100043336,0.043519824061855436,0.2809301379642066
1377,1377,0.04624848500043299,0.04350072125647429,0.280558497674244
1378,1378,0.04627915400044458,0.04348163790145035,0.28082751112871496
1379,1379,0.04630904400039526,0.04346257397279292,0.2804564715195103
1380,1380,0.04633884000037369,0.043443529447887395,0.2807250583757851
1381,1381,0.04636833700033094,0.04342450430281463,0.28035461832842473
1382,1382,0.046397993000312,0.043405498515026016,0.28062277936185903
1383,1383,0.04642750200031287,0.0433865120606737,0.28025293776048354
1384,1384,0.04645687900034545,0.04336754491727482,0.2805206737443152
1385,1385,0.046486109000341,0.04334859706105248,0.2801514294761041
1386,1386,0.046515322000345805,0.043329668469589196,0.2804187411814643
1387,1387,0.04654435400033208,0.04331075911917878,0.2800500931366191
1388,1388,0.046573457000363305,0.04329186898746896,0.280316981332545
1389,1389,0.046602500000346936,0.043272998050823804,0.27994892840427393
1390,1390,0.04663194100032797,0.043254146286956,0.2802153938577191
1391,1391,0.046660935000318204,0.043235313672299665,0.27984793494222104
1392,1392,0.04669932500030427,0.04321650018463207,0.28011397841806734
1393,1393,0.046752764000302705,0.04319770580045709,0.27974711241451655
1394,1394,0.046785442000270905,0.04317893049761642,0.2800127346755851
1395,1395,0.04681532400024935,0.04316017425268326,0.2796464604861155
1396,1396,0.046844845000237,0.04314143704356346,0.279911662293178
1397,1397,0.04687427000021671,0.04312271884689935,0.27954597882286786
1398,1398,0.046903449000240016,0.04310401964066064,0.2798107609346576
1399,1399,0.04693306800021446,0.043085339401558446,0.27944566709151425
1400,1400,0.04696638000018538,0.04306667810762603,0.2797100302647373
1401,1401,0.04699547200021925,0.04304803573564315,0.27934552495968185
1402,1402,0.04702465200023198,0.043029412263706296,0.2796094699490276
1403,1403,0.04705369700019446,0.043010807668663484,0.27924555209588037
1404,1404,0.0470828750001715,0.0429922219286743,0.27950907965403254
1405,1405,0.047111569000207965,0.04297365502065462,0.27914574816949783
1406,1406,0.04714108500019165,0.04295510692282696,0.27940885904714524
1407,1407,0.04717084200018462,0.04293657761217477,0.2790461128507964
1408,1408,0.047200802000190833,0.04291806706698312,0.2793088077966434
1409,1409,0.047230252000190376,0.04289957526430282,0.2789466458109086
1410,1410,0.04726202300020077,0.04288110218248124,0.2792089255716858
1411,1411,0.047299387000180104,0.04286264779863635,0.27884734672183337
1412,1412,0.047331828000153564,0.04284421209117754,0.27910921204230793
1413,1413,0.04737413200012952,0.04282579503728948,0.2787482152564316
1414,1414,0.047405003000164925,0.04280739661544343,0.2790096668794177
1415,1415,0.047434934000136764,0.04278901680289057,0.2786492510884227
1416,1416,0.04746511000013243,0.04277065557816374,0.2789102897547917
1417,1417,0.047494502000120065,0.04275231291858026,0.27855045389238026
1418,1418,0.04752406700009715,0.04273398880273439,0.27881108034107127
1419,1419,0.04755377300006103,0.0427156832080094,0.27845182334372864
1420,1420,0.04758353800002624,0.04269739611306052,0.2787120383117583
1421,1421,0.047612631999982113,0.04267912749533675,0.2783533591187387
1422,1422,0.04764236899995922,0.042660877333554136,0.2786131633412111
1423,1423,0.04767155299998649,0.04264264560522709,0.27825506089452406
1424,1424,0.04770095299994637,0.04262443228913227,0.2785144551046411
1425,1425,0.047730210999986866,0.042606237362849166,0.2781569283490373
1426,1426,0.04776006800000232,0.04258806080521479,0.2784159132781082
1427,1427,0.04778900899998462,0.0425699025938735,0.27805896116106626
1428,1428,0.04784118199995646,0.04255176270772241,0.27831753753851785
1429,1429,0.047875857999997606,0.04253364112447046,0.27796115901023016
1430,1430,0.04790811200001599,0.04251553782307465,0.27821932756361584
1431,1431,0.04793908999999985,0.04249745278130827,0.27786352157697575
1432,1432,0.04796969299997045,0.042479385978187886,0.27812128303198613
1433,1433,0.04799966999996741,0.04246133739155085,0.2777660485425742
1434,1434,0.04806100699994431,0.04244330700047322,0.27802340362304556
1435,1435,0.04809533099995633,0.042425294782856046,0.27766873958911653
1436,1436,0.04812772599996151,0.042407300717834606,0.277925689017041
1437,1437,0.04815906199996789,0.042389324783373455,0.2775715943995105
1438,1438,0.04818969999996625,0.04237136695866687,0.27782813889504554
1439,1439,0.048220420999939506,0.04235342722174262,0.27747461265747686
1440,1440,0.0482508209999537,0.04233550555185365,0.2777307529389544
1441,1441,0.04828051299995195,0.04231760192709081,0.2773777940475459
1442,1442,0.04831048199991983,0.04229971632676554,0.27763353083148146
1443,1443,0.04833999399994582,0.04228184872903146,0.27728113825505357
1444,1444,0.048377777999974114,0.04226399911325823,0.2775364722561556
1445,1445,0.0484161989999734,0.042246167457661944,0.27718464496613804
1446,1446,0.048449153999968075,0.04222835374167036,0.27743957689731713
1447,1447,0.04847983599995587,0.042210557943561766,0.2770883138677363
1448,1448,0.04851051199995027,0.04219278004282178,0.27734284444011403
1449,1449,0.04854061199995385,0.042175020017790665,0.27699214464758043
1450,1450,0.04857073199991646,0.04215727784801164,0.27724627457049844
1451,1451,0.04860065499991606,0.04213955351188673,0.27689613699419424
1452,1452,0.048630817999935516,0.042121846989016484,0.27714986697522315
1453,1453,0.04866040999991128,0.04210415825786442,0.2768002905968898
1454,1454,0.04868989899995313,0.0420864872980883,0.27705362134183825
1455,1455,0.04871958799992626,0.04206883408821289,0.27670460514576406
1456,1456,0.048749108999913915,0.04205119860795282,0.27695753735868683
1457,1457,0.0487786399999095,0.042033580835893904,0.2766090803316953
1458,1458,0.04880830299993022,0.042015980751807534,0.27686161471490267
1459,1459,0.04883811999991394,0.04199839833434021,0.2765137158463394
1460,1460,0.04886781899989501,0.04198083356331989,0.27676585310040586
1461,1461,0.04889758899992103,0.04196328641745359,0.2764185113821276
1462,1462,0.04892961799993145,0.0419457568766255,0.2766702522058995
1463,1463,0.04896711999992931,0.041928244919602974,0.2763234666322618
1464,1464,0.04899948099989615,0.04191075052632633,0.2765748117228669
1465,1465,0.049030401999914375,0.04189327367562289,0.2762285812907122
1466,1466,0.04906115299991143,0.041875814347488834,0.27647953134356734
1467,1467,0.04909106799993879,0.041858372520811295,0.27613385505221344
1468,1468,0.04912140799996223,0.0418409481756422,0.2763844107610333
1469,1469,0.04915100499994196,0.04182354129092818,0.2760392876122617
1470,1470,0.049180691999936244,0.0418061518467766,0.276289449669067
1471,1471,0.049210381999955644,0.041788779822193464,0.2759448786671109
1472,1472,0.04924008499995125,0.04177142519734139,0.2761946477622365
1473,1473,0.04926956999997856,0.04175408795128547,0.2758506279137704
1474,1474,0.049299427999983436,0.04173676806424335,0.27610000473587354
1475,1475,0.049329190999969796,0.041719465515339005,0.2757565350500007
1476,1476,0.04935860299991646,0.04170218028484494,0.2760055202860693
1477,1477,0.04938790799991466,0.04168491235194372,0.2756625997743108
1478,1478,0.0494177899998931,0.04166766169696253,0.27591119410967135
1479,1479,0.04944745699992836,0.04165042829914235,0.27556882178595526
1480,1480,0.04947940199991763,0.04163321213886483,0.2758170259042808
1481,1481,0.04951825199992754,0.041616013195429055,0.2754752007849308
1482,1482,0.0495507229999248,0.0415988314492709,0.2757230153682484
1483,1483,0.049588510999910795,0.04158166687974751,0.2753817364719727
1484,1484,0.04961896799989063,0.041564519467348744,0.2756291622006722
1485,1485,0.04964884899987965,0.04154738919148945,0.2752884285485525
1486,1486,0.04967885499985414,0.04153027603271339,0.2755354661013937
1487,1487,0.04970850099988411,0.0415131799704929,0.2751952767168744
1488,1488,0.04973824399991145,0.04149610098542531,0.27544192677099477
1489,1489,0.04976866399994151,0.04147903905704032,0.27510228067987236
1490,1490,0.04979864499995301,0.041461994165988766,0.2753485439107952
1491,1491,0.04982851999994864,0.041444966291857295,0.27500944014120726
1492,1492,0.04985839299996542,0.04142795541535003,0.2752553172228486
1493,1493,0.049887994999949115,0.04141096151611051,0.2749167548052632
1494,1494,0.04991796899992096,0.041393984574895876,0.2751622464099398
1495,1495,0.04994740999990199,0.041377024571406344,0.2748242243771451
1496,1496,0.04997712199991611,0.04136008148645186,0.27506933117558213
1497,1497,0.050006633999942096,0.04134315529978908,0.27473184856267574
1498,1498,0.05005914499992059,0.04132624599228069,0.27497657122401364
1499,1499,0.05009317799994051,0.041309353543739456,0.27463962706839246
1500,1500,0.0501250939998954,0.04129247793508059,0.2748839662601949
1501,1501,0.05015866199994434,0.04127561914617285,0.27454755960154414
1502,1502,0.050189362999958576,0.04125877715798372,0.2747915159898051
1503,1503,0.050219513999934406,0.04124195195043775,0.27445564587008897
1504,1504,0.05028145499989023,0.041225143504554564,0.2746992201192397
1505,1505,0.0503143029998796,0.04120835180031423,0.27436388558269054
1506,1506,0.05034564599986879,0.041191576818788295,0.27460707835560744
1507,1507,0.05037594099985654,0.04117481854001224,0.27427227844871577
1508,1508,0.05040618199984692,0.04115807694510928,0.27451509040672695
1509,1509,0.050436090999824046,0.04114135201417006,0.27418082417823153
1510,1510,0.05046623399982764,0.04112464372836935,0.2744232559811242
1511,1511,0.05049588799982985,0.041107952067852775,0.27408952248200213
1512,1512,0.05052515499983201,0.04109127701384643,0.2743315747880298
1513,1513,0.05055431999983284,0.041074618546550666,0.2739983730714862
1514,1514,0.0505948019998641,0.041057976647242804,0.2742400465373752
1515,1515,0.050633670999843616,0.0410413512961777,0.2739073756588344
1516,1516,0.05066561599983288,0.04102474247468366,0.2741486709397911
1517,1517,0.05069654399983392,0.041008150163069884,0.27381652995688543
1518,1518,0.05072728599986931,0.040991574342715546,0.2740574477066034
1519,1519,0.0507571999998504,0.04097501499398391,0.27372583567916503
1520,1520,0.05078712199980373,0.04095847209830477,0.27396637654983136
1521,1521,0.050816985999802,0.040941945636095385,0.2736352925398815
1522,1522,0.05084701899983202,0.04092543558883598,0.2738754571821839
1523,1523,0.05087648399984346,0.04090894193699754,0.2735449002539241
1524,1524,0.05090627599986419,0.040892464662110564,0.2737846893170576
1525,1525,0.050936054999851876,0.040876003744699574,0.2734546585368597
1526,1526,0.0509659019998594,0.040859559166345205,0.2736940726685334
1527,1527,0.05099554099984971,0.04084313090762528,0.27336456710493034
1528,1528,0.051026173999844104,0.040826718950170315,0.2736036069513739
1529,1529,0.051056402999847705,0.040810323274611364,0.27327462567505084
1530,1530,0.05108624499985126,0.04079394386262865,0.2735132918810208
1531,1531,0.051116138999816485,0.04077758069490615,0.27318483396480514
1532,1532,0.05114821799980973,0.04076123375317371,0.27342312717359235
1533,1533,0.05118433699982461,0.04074490301816802,0.27309519169244484
1534,1534,0.0512170019998166,0.04072858847166833,0.27333311254588
1535,1535,0.05124739299981229,0.040712290094463914,0.2730056985768858
1536,1536,0.05127801299983048,0.04069600786838325,0.27324324771534625
1537,1537,0.05130794999985255,0.040679741774267995,0.27291635433770556
1538,1538,0.05133766499983494,0.04066349179399563,0.2731535324001218
1539,1539,0.05136684499979083,0.04064725790845999,0.2728271586951412
1540,1540,0.05139659499980098,0.04063104009958751,0.2730639663190033
1541,1541,0.051425599999788574,0.040614838348323946,0.2727381113700864
1542,1542,0.05145508699979473,0.0405986526366445,0.27297454919144976
1543,1543,0.051484758999777114,0.04058248294554674,0.2726492120840886
1544,1544,0.051514181999777975,0.040566329257054355,0.2728852807375808
1545,1545,0.05154325599977483,0.0405501915522166,0.2725604605593474
1546,1546,0.05157270899979949,0.04053406981310549,0.2727961606781738
1547,1547,0.051602315999843995,0.04051796402082166,0.2724718565187107
1548,1548,0.05163185799983694,0.040501874157485476,0.27270718873466143
1549,1549,0.05166111499983117,0.040485800204248724,0.27238339968567316
1550,1550,0.0516932979998046,0.04046974214327981,0.2726183646291286
1551,1551,0.051729922999811606,0.04045369995578163,0.27229508978437333
1552,1552,0.05176231499984851,0.04043767362397041,0.27252968808431033
1553,1553,0.0517929389998244,0.0404216631291,0.27220692653959155
1554,1554,0.05182284799985837,0.04040566845343431,0.27244115882358927
1555,1555,0.05185281699988309,0.04038968957827786,0.2721189096767467
1556,1556,0.05188252499988266,0.040373726485942146,0.2723527765709928
1557,1557,0.05191216899987694,0.040357779157782145,0.27203103892189434
1558,1558,0.051941859999885764,0.040341847576156824,0.27226454105119124
1559,1559,0.051971895999884055,0.040325931722471474,0.2719433140017243
1560,1560,0.05200206699987575,0.04031003157913225,0.27217645198949425
1561,1561,0.052031524999847534,0.040294147127594646,0.2718557346435577
1562,1562,0.05206157299988945,0.04027827835031184,0.27208850911184934
1563,1563,0.052090591999899516,0.04026242522878936,0.2717683005753454
1564,1564,0.05212021999989247,0.04024658774552724,0.27200071214483906
1565,1565,0.05214951899989728,0.04023076588208081,0.27168101152566454
1566,1566,0.0521793229999048,0.040214959620996936,0.2719130608156785
1567,1567,0.05220851699988316,0.04019916894388048,0.2715938672237171
1568,1568,0.05224033599984068,0.04018339383332488,0.27182555485221294
1569,1569,0.05228006299984145,0.040167634270984534,0.27150686739932706
1570,1570,0.052312951999851975,0.04015189023949932,0.27173819398291543
1571,1571,0.052344133999838505,0.04013616172057284,0.2714200117829382
1572,1572,0.052375206999840884,0.04012044869689123,0.27165097793688436
1573,1573,0.05240559799983657,0.04010475115020728,0.2713333001056114
1574,1574,0.05243639199983363,0.040089069063253206,0.27156390644384126
1575,1575,0.05247498899979064,0.040073402417830736,0.271246732099023
1576,1576,0.052508186999830286,0.040057751196718054,0.27147697923412795
1577,1577,0.052538903999789,0.04004211538176561,0.271160307495462
1578,1578,0.05256961599980059,0.04002649495579745,0.271390196038705
1579,1579,0.052599442999792245,0.040010889900712596,0.27107402602782765
1580,1580,0.05262921699977596,0.03999530019938073,0.27130355658914856
1581,1581,0.05265918899976896,0.03997972583374931,0.27098788742962776
1582,1582,0.05268874799980949,0.03996416678673352,0.27121706061764844
1583,1583,0.052718101999857936,0.0399486230403291,0.2709018914349756
1584,1584,0.05275485599986496,0.039933094577496504,0.27113070785700594
1585,1585,0.05280761699987124,0.039917581380279635,0.27081603777858854
1586,1586,0.052839851999863185,0.03990208343168415,0.27104449804063113
1587,1587,0.052870590999816613,0.03988660071380178,0.2707303261957851
1588,1588,0.052902651999829686,0.03987113320968336,0.270958430902541
1589,1589,0.05293278699980419,0.03985568090146829,0.2706447564224832
1590,1590,0.05296244199979583,0.03984024377225227,0.27087250617735725
1591,1591,0.05299276299979283,0.039824821804222345,0.27055932819519757
1592,1592,0.05302275099978715,0.039809414980518966,0.2707867236003032
1593,1593,0.053052548999801274,0.03979402328337662,0.27047404125103786
1594,1594,0.05308173599979682,0.0397786466959803,0.27070108290720263
1595,1595,0.053111216999809585,0.03976328520061179,0.2703888953277062
1596,1596,0.05314067999984218,0.03974793878050052,0.27061558383447704
1597,1597,0.05317019899985098,0.039732607417975414,0.27030389016349543
1598,1598,0.0531997359998968,0.03971729109631015,0.2705302261191433
1599,1599,0.0532292419999294,0.03970198979788058,0.27021902549728616
1600,1600,0.05325844799989454,0.03968670350600463,0.2704450094988119
1601,1601,0.053288273999896774,0.03967143220310486,0.27013430106854575
1602,1602,0.05332017799986488,0.03965617587254323,0.2703599337116843
1603,1603,0.05335922999984177,0.039640934496788884,0.2700497166173252
1604,1604,0.053392266999821913,0.039625708059247665,0.27027499849655123
1605,1605,0.05342267799983347,0.039610496542435245,0.2699652718842573
1606,1606,0.053453169999841066,0.03959529992980111,0.27019020359278983
1607,1607,0.05348343999986582,0.03958011820390726,0.2698809666105549
1608,1608,0.053513703999840345,0.039564951348246724,0.27010554874036263
1609,1609,0.05354360699982408,0.03954979934542769,0.26979680053800836
1610,1610,0.0535729149998474,0.03953466217898665,0.27002103367981417
1611,1611,0.053603228999861585,0.039519539831577695,0.2697127734089838
1612,1612,0.05363365899989958,0.039504432286780675,0.2699366581522696
1613,1613,0.053663236999909714,0.03948933952729552,0.26962888496642073
1614,1614,0.053693127999906665,0.03947426153674517,0.269852421899433
1615,1615,0.05372270899988507,0.03945919829787529,0.2695451349538301
1616,1616,0.053752878999887344,0.03944414979435183,0.26976832466358364
1617,1617,0.053782597999884274,0.03942911600896593,0.2694615231152924
1618,1618,0.05381234999987328,0.039414096925426446,0.26968436618757624
1619,1619,0.05384157499986486,0.039399092526569916,0.2693780491954556
1620,1620,0.05387333999982502,0.03938410279614787,0.26960054621483664
1621,1621,0.053910145999850556,0.039369127717042075,0.26929471293953283
1622,1622,0.053942607999829306,0.03935416727304671,0.2695168644893614
1623,1623,0.053973859999871365,0.039339221447088554,0.2692115140933009
1624,1624,0.05400378099983527,0.03932429022300425,0.269433320755715
1625,1625,0.05403338299981897,0.03930937358376549,0.26912845240309774
1626,1626,0.05406310999984498,0.03929447151325123,0.26934991475902786
1627,1627,0.05409257299982073,0.03927958399447798,0.2690455276158207
1628,1628,0.05412220499982823,0.03926471101136681,0.26926664624499436
1629,1629,0.05415100999982769,0.03924985254697882,0.2689627394789247
1630,1630,0.05418039099987482,0.03923500858527724,0.269183514959871
1631,1631,0.054210422999858565,0.0392201791093676,0.26888008774042027
1632,1632,0.0542397719998462,0.03920536410325492,0.26910052065047424
1633,1633,0.05426949699983652,0.039190563550089166,0.268797572148871
1634,1634,0.05429854099986642,0.03917577743391711,0.26901766306417885
1635,1635,0.0543277999998395,0.03916100573793288,0.26871519245339265
1636,1636,0.05435768199981794,0.0391462484462249,0.2689349419489152
1637,1637,0.05438670899980025,0.03913150554203128,0.2686329484036502
1638,1638,0.05441822199981061,0.03911677700948201,0.2688523570531683
1639,1639,0.054456572999811215,0.03910206283185901,0.2685508397498565
1640,1640,0.05448904799976617,0.039087362993333735,0.26876990812597473
1641,1641,0.05451975999977776,0.03907267747723176,0.2684688662427703
1642,1642,0.05454984999983026,0.03905800626776576,0.26868759491692185
1643,1643,0.05457937999983642,0.03904334934830505,0.2683870276336944
1644,1644,0.05460947199981092,0.03902870670310324,0.268605417176145
1645,1645,0.054644833999816456,0.03901407831557314,0.2683053236744734
1646,1646,0.05467621299982284,0.03899946417000936,0.2685233746543263
1647,1647,0.05470689699984632,0.038984864249868016,0.26822375411749255
1648,1648,0.05473704899986842,0.03897027853948457,0.2684414671026919
1649,1649,0.05476683799986404,0.038955707022358274,0.2681423187156751
1650,1650,0.054795982999905846,0.03894114968286532,0.2683596942730111
1651,1651,0.054826234999893586,0.03892660650454794,0.2680610172224808
1652,1652,0.05486970199984853,0.038912077471822994,0.26827805591759335
1653,1653,0.05491213299984565,0.03889756256827554,0.2679798493919043
1654,1654,0.05498693799984267,0.038883061778362815,0.2681965517892877
1655,1655,0.055019964999814874,0.03886857508571276,0.26789881497847307
1656,1656,0.05505134999981465,0.03885410247482289,0.2681151816414795
1657,1657,0.05508217699980378,0.03883964392936371,0.2678179137372455
1658,1658,0.05511216799976637,0.03882519943387297,0.26803394522808993
1659,1659,0.05514145299974871,0.038810768972063606,0.2677371454238093
1660,1660,0.05517103899973108,0.038796352528513475,0.2679528423035732
1661,1661,0.055200618999720064,0.0387819500869778,0.2676565097942793
1662,1662,0.055230435999703786,0.0387675616320744,0.26787187262291473
1663,1663,0.05526064799971664,0.03875318714760069,0.26757600660529657
1664,1664,0.05529032499970299,0.03873882661821429,0.2677910359416307
1665,1665,0.05532005899971182,0.038724480027754686,0.2674956356140256
1666,1666,0.055349324999667715,0.03871014736091919,0.267710332015764
1667,1667,0.05537909499963689,0.038695828601589176,0.2674153965781532
1668,1668,0.055408741999656286,0.038681523734501524,0.2676297606018843
1669,1669,0.055438112999638633,0.038667232743579416,0.26733528925588645
1670,1670,0.0554676409996091,0.038652955613599146,0.2675493214570859
1671,1671,0.05549946599961686,0.03863869232852556,0.2672553134059511
1672,1672,0.055535610999640994,0.038624442873174264,0.26746901433898496
1673,1673,0.05556803999962767,0.0386102072315516,0.2671754687875901
1674,1674,0.05560870899961401,0.03859598538851239,0.2673888390057189
1675,1675,0.055639616999599184,0.038581777328104305,0.26709575516056083
1676,1676,0.055669866999608075,0.0385675830352213,0.26730879521594425
1677,1677,0.055699673999583865,0.03855340249395228,0.2670161722851348
1678,1678,0.055729791999567624,0.038539235689230095,0.26722888272883455
1679,1679,0.05575978099960821,0.03852508260518479,0.26693671992209494
1680,1680,0.05578955899960647,0.038510943226788066,0.2671491013040796
1681,1681,0.05581918199959546,0.03849681753821093,0.26685739783273454
1682,1682,0.055848536999633325,0.0384827055244638,0.26706945070188237
1683,1683,0.055877829999644746,0.0384686071697585,0.26677820577885497
1684,1684,0.05590789399963114,0.03845452245914403,0.2669899306829585
1685,1685,0.05593744199961748,0.03844045137687297,0.26669914352276436
1686,1686,0.055967055999587956,0.03842639390803276,0.26691054100853373
1687,1687,0.05599646499956634,0.03841235003691658,0.26662021082727594
1688,1688,0.05603443399951402,0.038398319748650225,0.2668312814403429
1689,1689,0.05607075799952099,0.03838430302756728,0.26654140745570637
1690,1690,0.05610168299955376,0.038370299858831794,0.266752151740628
1691,1691,0.056131943999503164,0.03835631022681772,0.26646273317187413
1692,1692,0.05616158799949744,0.03834233411672716,0.2666731516721362
1693,1693,0.056191001999479795,0.038328371512974316,0.26638418774009753
1694,1694,0.05622078699946087,0.03831442240079923,0.2665942809981186
1695,1695,0.056250636999436665,0.03830048676465617,0.2663057709251935
1696,1696,0.05628006799946661,0.03828656458982312,0.2665155394823286
1697,1697,0.05631000499943184,0.03827265586079423,0.26622748249247585
1698,1698,0.056339667999395715,0.03825876056288525,0.2664369268890196
1699,1699,0.05636956999939002,0.03824487868063019,0.26614932220775367
1700,1700,0.05639971999937643,0.03823101019938238,0.2663584429829443
1701,1701,0.056429074999357454,0.03821715510371554,0.26607128983732964
1702,1702,0.05645931499935841,0.03820331337902055,0.2662800875293529
1703,1703,0.05648847099939758,0.03818948500991068,0.26599338514799853
1704,1704,0.0565178899993839,0.0381756699818142,0.26620186029399023
1705,1705,0.05654749099937817,0.038161868279383816,0.2659156079070456
1706,1706,0.05658556999935627,0.03814807988808514,0.26612376104309615
1707,1707,0.05663902699939172,0.03813430479261015,0.26583795788224507
1708,1708,0.056671810999375793,0.03812054297846165,0.2660457895434024
1709,1709,0.056702603999326584,0.038106794430370836,0.2657604348418582
1710,1710,0.0567329469993183,0.03809305913387753,0.26596794556213166
1711,1711,0.05676332499928094,0.03807933707375201,0.2656830385546324
1712,1712,0.056793245999244846,0.03806562823557107,0.2658902288669958
1713,1713,0.05685786899920231,0.03805193260414391,0.26560576878979925
1714,1714,0.056889645999206095,0.03803825016508419,0.26581263922619475
1715,1715,0.0569199029991978,0.03802458090323989,0.26552862531707283
1716,1716,0.05695041199919615,0.03801092480426141,0.26573517640841393
1717,1717,0.05697992099919702,0.037997281853035504,0.26545160790664846
1718,1718,0.05700970799921379,0.037983652035249116,0.2656578401828238
1719,1719,0.057040065999217404,0.037970035335827525,0.2653747163292012
1720,1720,0.05707028499921307,0.03795643174049427,0.2655806303190778
1721,1721,0.05709995799918488,0.037942841234213084,0.2652979503558843
1722,1722,0.05712892799914471,0.03792926380274388,0.2655035465873106
1723,1723,0.057167229999151914,0.03791569943108873,0.2652213097583274
1724,1724,0.057206386999155256,0.03790214810504378,0.2654265887581372
1725,1725,0.05723788199918545,0.037888609809649365,0.26514479430863563
1726,1726,0.05726877199919045,0.037875084530737825,0.26534975660265075
1727,1727,0.057298810999213856,0.03786157225338757,0.2650684037793871
1728,1728,0.057328716999222706,0.037848072963467,0.2652730498924213
1729,1729,0.05735796999925924,0.03783458664609252,0.264992137943633
1730,1730,0.05738748599929977,0.03782111328716845,0.2651964683994947
1731,1731,0.05741681499932838,0.03780765287184908,0.26491599657489434
1732,1732,0.05744625699929884,0.03779420538607458,0.2651200118963902
1733,1733,0.05747530499934328,0.037780770815036974,0.264839979447162
1734,1734,0.05750456899937717,0.03776734914471217,0.26504368015610025
1735,1735,0.05753413499934368,0.037753940360329814,0.2647640863348942
1736,1736,0.057563894999361764,0.03774054444790146,0.26496747295208745
1737,1737,0.0575933019993613,0.03772716139269424,0.2646883170130156
1738,1738,0.05762219899935417,0.03771379118075524,0.2648913900582844
1739,1739,0.057651406999355004,0.03770043379738901,0.26461267125691595
1740,1740,0.05768084499931092,0.03768708922867801,0.26481543124909174
1741,1741,0.057718227999316696,0.03767375745996406,0.2645371488424481
1742,1742,0.05775657699933845,0.03766043847736498,0.2647395962993765
1743,1743,0.05778901099932909,0.03764713226625974,0.26446174954592716
1744,1744,0.05781986999932087,0.03763383881280132,0.2646638849844709
1745,1745,0.05784990799929801,0.037620558102405804,0.2643864731441287
1746,1746,0.057879413999273766,0.037607290121261204,0.26458829708017106
1747,1747,0.057909017999293155,0.03759403485482054,0.26431131941428754
1748,1748,0.057938772999307275,0.03758079228930685,0.264512832362735
1749,1749,0.05796811199934382,0.03756756241021,0.2642362881340964
1750,1750,0.05799771299933809,0.03755434520378786,0.26443749060888216
1751,1751,0.05802723999937598,0.037541140655567,0.26416137908170406
1752,1752,0.05805681199933588,0.037527948751840096,0.2643622715957909
1753,1753,0.058086669999340756,0.03751476947817032,0.2640865920357147
1754,1754,0.05811581299934687,0.03750160282088501,0.2642871751010979
1755,1755,0.05814499199937018,0.037488448765583805,0.26401192677518587
1756,1756,0.0581742359993882,0.03747530729862867,0.2642122009028962
1757,1757,0.05820294999938369,0.037462178405655536,0.2639373830796274
1758,1758,0.05823241899935283,0.03744906207306088,0.26413734877973455
1759,1759,0.05827131199936275,0.03743595828651695,0.263862960729
1760,1760,0.05832563599932428,0.03742286703245453,0.2640626185106151
1761,1761,0.05835881699931633,0.03740978829658198,0.2637886595037141
1762,1762,0.0583942619993536,0.03739672206536438,0.26398800987499266
1763,1763,0.0584255369993798,0.03738366832454616,0.263714479184628
1764,1764,0.05845622699939668,0.03737062706062655,0.2639135226527732
1765,1765,0.0584863649993963,0.037357598259385894,0.26364041955304685
1766,1766,0.05851634099940384,0.03734458190735744,0.2638391566243123
1767,1767,0.058546339999395514,0.037331577990357474,0.2635664803907216
1768,1768,0.058575905999418865,0.03731858649495311,0.26376491157041415
1769,1769,0.058605618999422404,0.037305607406996344,0.263492661479847
1770,1770,0.058634575999406024,0.03729264071308819,0.2636907872723298
1771,1771,0.058663853999405546,0.03727968639911621,0.263418962603061
1772,1772,0.05869332699938923,0.03726674445171519,0.26361678351175605
1773,1773,0.058722404999400624,0.03725381485680818,0.2633453835434426
1774,1774,0.058751798999423954,0.037240897601063645,0.263542900070834
1775,1775,0.05878126299944597,0.037227992670440024,0.2632719240845116
1776,1776,0.058825074999447224,0.03721510005163927,0.26346913673214795
1777,1777,0.058884781999438474,0.037202219730655184,0.26319858401022606
1778,1778,0.05891704599946479,0.03718935169422318,0.2633954932787239
1779,1779,0.05894803899946055,0.03717649592837216,0.26312536310498197
1780,1780,0.05897860499942453,0.037163652419870935,0.263321969494028
1781,1781,0.05900823099943864,0.03715082115478351,0.2630522611536118
1782,1782,0.05903812299942501,0.03713800211991193,0.2632485651619659
1783,1783,0.05910398899942493,0.03712519530135515,0.26297927794138287
1784,1784,0.05913702199944737,0.03711240068594836,0.2631752800668806
1785,1785,0.05916793099942197,0.03709961825982541,0.26290641325399616
1786,1786,0.0591977909994057,0.037086848009854526,0.2631021139935522
1787,1787,0.059227346999421115,0.037074089922204345,0.2628336668775853
1788,1788,0.05925716199942599,0.03706134398377601,0.26302906672719534
1789,1789,0.05928646999944931,0.03704861018077285,0.262761038598715
1790,1790,0.05931683599948201,0.0370358885001289,0.262956138053459
1791,1791,0.05934675799943534,0.03702317892808197,0.2626885282043804
1792,1792,0.05937718799941649,0.03701048145159886,0.26288332775842504
1793,1793,0.059424559999456505,0.03699779605695186,0.26261613548200463
1794,1794,0.05946008999944752,0.03698512273114048,0.26281063562860607
1795,1795,0.05949152399944069,0.03697246146047128,0.2625438602194387
1796,1796,0.05952276699946424,0.03695981223197635,0.26273806145094536
1797,1797,0.05955275699949425,0.03694717503199654,0.26247170220495997
1798,1798,0.05958446099947423,0.03693454984759638,0.262665605012815
1799,1799,0.0596144469994897,0.036921936665150853,0.2623996612272706
1800,1800,0.059645031999480125,0.03690933547175692,0.2625932661020146
1801,1801,0.059674974999438746,0.03689674625382361,0.26232773707549656
1802,1802,0.05970477699941057,0.036884168998480064,0.2625210445067701
1803,1803,0.05973413699939556,0.036871603692169304,0.2622559295391863
1804,1804,0.0597644079993529,0.03685905032205267,0.2624489400157328
1805,1805,0.0597940679993485,0.03684650887460706,0.26218423840830996
1806,1806,0.05982330999933083,0.0368339793370259,0.262376952417978
1807,1807,0.05985266099935416,0.036821461695819714,0.2621126634732575
1808,1808,0.05988243399934845,0.03680895593821406,0.2623050815030033
1809,1809,0.05991184899937707,0.03679646205075308,0.2620412045248377
1810,1810,0.05994123599936074,0.03678398002069418,0.26223332706072827
1811,1811,0.0599927379993801,0.03677150983461505,0.26196986135427763
1812,1812,0.0600274869993882,0.03675905147980496,0.2621616888814924
1813,1813,0.06005897799934701,0.03674660494287501,0.2618986337532205
1814,1814,0.060089793999395624,0.03673417021114615,0.2620901667560547
1815,1815,0.060119409999401796,0.03672174727126289,0.26182752151372474
1816,1816,0.060149030999411934,0.036709336110577785,0.2620187604755915
1817,1817,0.060178835999408875,0.03669693671576855,0.2617565244282634
1818,1818,0.06020858099941506,0.036684549074219336,0.2619474698316963
1819,1819,0.0602382509994186,0.03667217317264097,0.2616856422897225
1820,1820,0.06026797999942346,0.03665980899844901,0.26187629461637785
1821,1821,0.060297326999432244,0.036647456538387385,0.26161487489139956
1822,1822,0.06032664799943177,0.03663511577990299,0.26180523462205946
1823,1823,0.060355778999451104,0.036622786709772696,0.261544222027003
1824,1824,0.060385827999482444,0.036610469315474674,0.2617342896415773
1825,1825,0.06041504599949121,0.03659816358381858,0.2614736834906511
1826,1826,0.06044415899947353,0.036585869502313864,0.26166345946817976
1827,1827,0.06047372299951803,0.03657358705780284,0.26140325907687006
1828,1828,0.06050398199948859,0.03656131623782605,0.2615927438955261
1829,1829,0.060554811999509184,0.03654905702925858,0.26133294858059364
1830,1830,0.0605886499994881,0.036536809419671835,0.2615221427176848
1831,1831,0.060620056999482586,0.03652457339597345,0.2612627517971615
1832,1832,0.06065083599952459,0.03651234894576583,0.2614516557291336
1833,1833,0.0606807079994951,0.03650013605598903,0.2611926685223184
1834,1834,0.06071033899951317,0.03648793471427625,0.2613812827247569
1835,1835,0.06073976199951403,0.03647574490759992,0.2611226985522133
1836,1836,0.06076970399954007,0.036463566623623996,0.2613110234998458
1837,1837,0.06079915399953961,0.036451399849353146,0.26105284168339726
1838,1838,0.060828868999522,0.036439244572481974,0.2612408778500962
1839,1839,0.06085829899950568,0.03642710078004733,0.2609830977128234
1840,1840,0.0608882039995251,0.03641496845977432,0.2611708455716083
1841,1841,0.06091785999956301,0.036402847598731955,0.26091346643784513
1842,1842,0.0609476479995692,0.03639073818467577,0.26110092646088495
1843,1843,0.06097721199955686,0.03637864020470675,0.26084394765621566
1844,1844,0.06100685899957625,0.03636655364661078,0.26103112031483056
1845,1845,0.06103605899960485,0.03635447849752079,0.26077454116608595
1846,1846,0.06106560699959118,0.036342414745252974,0.26096142693075053
1847,1847,0.06111552999959713,0.03633036237697197,0.2607052467660046
1848,1848,0.06114905599957865,0.03631832138052423,0.2608918461063496
1849,1849,0.06117983899957835,0.03630629174310612,0.2606360642549163
1850,1850,0.06121751499955508,0.03629427345259418,0.2608223776397308
1851,1851,0.061247874999537544,0.03628226649621635,0.2605669934321607
1852,1852,0.061277526999560905,0.03627027086187926,0.26075302132939476
1853,1853,0.061334193999528,0.036258286536842384,0.26049803409747135
1854,1854,0.06136949299951766,0.03624631350904221,0.2606837769742381
1855,1855,0.06140049099951739,0.03623435176576971,0.26042918605097487
1856,1856,0.0614308829995025,0.0362224012949912,0.2606146443735527
1857,1857,0.06146119999948496,0.036210462084029005,0.26036044909318967
1858,1858,0.0614911119994872,0.03619853412087923,0.26054562332702447
1859,1859,0.061521461999461735,0.03618661739289537,0.2602918230250248
1860,1860,0.06155155999948647,0.036174711888103325,0.2604767136347321
1861,1861,0.06158119899947678,0.03616281759388771,0.2602233076477794
1862,1862,0.061611211999490934,0.03615093449830393,0.2604079150971467
1863,1863,0.06164922999948885,0.03613906258876782,0.2601549027631405
1864,1864,0.06171052799948029,0.036127201853364196,0.2603392275151299
1865,1865,0.06174334299947759,0.036115352279539846,0.26008660817318374
1866,1866,0.061774651999485286,0.03610351385540914,0.2602706506899329
1867,1867,0.06180486399949814,0.03609168656844967,0.2600184236803705
1868,1868,0.061834877999501714,0.036079870406805194,0.2602021844231961
1869,1869,0.06186424899948406,0.03606806535798405,0.25995034908754827
1870,1870,0.061894107999478365,0.03605627141015923,0.26013382851694744
1871,1871,0.06192343099945674,0.03604448855086989,0.25988238419794873
1872,1872,0.06195334499943783,0.036032716768318186,0.26006558277360137
1873,1873,0.06198283799943738,0.0360209560500738,0.25981452881518696
1874,1874,0.062012761999483246,0.03600920638436805,0.2599974469959581
1875,1875,0.0620423409994828,0.03599746775880115,0.25974678274326085
1876,1876,0.06207140599946115,0.03598574016163342,0.2599294209872021
1877,1877,0.062100985999506975,0.035974023580495534,0.2596791457865494
1878,1878,0.06213058399953297,0.03596231800367671,0.2598615045509021
1879,1879,0.062160021999545734,0.035950623418838014,0.2596116177498123
1880,1880,0.06218904599955977,0.03593893981429753,0.25979369749100845
1881,1881,0.06222814799951948,0.03592726717774652,0.25954419843818816
1882,1882,0.06226761399955194,0.03591560549753189,0.2597259996118537
1883,1883,0.06230010199953995,0.03590395476137508,0.2594768876571946
1884,1884,0.06233100399953173,0.03589231495765166,0.2596584107181505
1885,1885,0.062361586999543306,0.03588068607411321,0.2594096852127264
1886,1886,0.0623915549995786,0.03586906809916385,0.2595909306149909
1887,1887,0.062421537999568955,0.0358574610205852,0.25934259091105444
1888,1888,0.06245149899956459,0.0358458648268099,0.25952355910784586
1889,1889,0.0624810909995972,0.03583427950564947,0.2592756045588257
1890,1890,0.06251087099963115,0.03582270504556503,0.2594562960025634
1891,1891,0.06254076999960034,0.03581114143439793,0.25920872596306105
1892,1892,0.06257044899962239,0.035799588660637635,0.25938914110536815
1893,1893,0.06259983599960606,0.03578804671215526,0.2591419549311548
1894,1894,0.06262956999961489,0.03577651557746853,0.2593220942228602
1895,1895,0.0626589609996131,0.035764995244478265,0.25907529127087403
1896,1896,0.06268887599964046,0.035753485701730356,0.2592551551620142
1897,1897,0.06271822899964263,0.035741986937155204,0.2590087347903573
1898,1898,0.06274806799967791,0.03573049893932686,0.25918832373017814
1899,1899,0.06278735999967466,0.035719021696205194,0.2589422852981136
1900,1900,0.06282552899966731,0.03570755519639233,0.2591215997350727
1901,1901,0.06285753399964733,0.0356960994278775,0.2588759426030213
1902,1902,0.06288820299960207,0.03568465437929082,0.25905498298478996
1903,1903,0.06291860299961627,0.03567322003865086,0.25880970651432783
1904,1904,0.06294875499958152,0.035661796394615614,0.25898847328779295
1905,1905,0.06297825299958504,0.03565038343523287,0.25874357684164784
1906,1906,0.06300778099955551,0.035638981149188474,0.2589220704529137
1907,1907,0.06303709799954049,0.035627589524559376,0.2586775533949631
1908,1908,0.06306656499953078,0.0356162085500591,0.25885577428935336
1909,1909,0.06309597199953032,0.035604838213793705,0.2586116359846208
1910,1910,0.06312555899955896,0.035593478504504374,0.25878958460668067
1911,1911,0.06315449899955183,0.03558212941032618,0.25854582442133306
1912,1912,0.0631841209995514,0.03557079092002786,0.258723501214831
1913,1913,0.0632137469995655,0.035559463021773395,0.2584801185161761
1914,1914,0.06324327099957827,0.03554814570435896,0.2586575239241058
1915,1915,0.06327264699956459,0.03553683895597747,0.2584145180805887
1916,1916,0.06330198799957998,0.03552554276545249,0.25859165254517114
1917,1917,0.06333904699960158,0.03551425712100564,0.2583490229263719
1918,1918,0.06337693999955718,0.03550298201148788,0.2585258868890568
1919,1919,0.06340931099953195,0.03549171742514946,0.25828363286568784
1920,1920,0.06344071299952248,0.03548046335086867,0.2584602267671562
1921,1921,0.06347107399949437,0.035469219776924236,0.25821834771105884
1922,1922,0.0635188489994789,0.03545798669222169,0.25839467199122407
1923,1923,0.06357739699944887,0.03544676408506835,0.2581531672753663
1924,1924,0.06361552599946663,0.035435551944396744,0.25832922237337697
1925,1925,0.06364814199946522,0.035424350258542625,0.2580880913718503
1926,1926,0.06367960699947162,0.03541315901646561,0.2582638777260911
1927,1927,0.06370973499946331,0.03540197820652981,0.25802311981410797
1928,1928,0.06373964299945101,0.035390807817721755,0.25819863786220215
1929,1929,0.0637692209994043,0.035379647838433816,0.2579582524160931
1930,1930,0.06379906599943297,0.03536849825767943,0.2581335025949042
1931,1931,0.06382845599938491,0.035357359063879185,0.25789348899211517
1932,1932,0.06385810999938712,0.03534623024607328,0.2580684717377487
1933,1933,0.0638965219993679,0.03533511179271042,0.25782882935683865
1934,1934,0.06395336799937468,0.035324003692857556,0.25800354510464385
1935,1935,0.06398570399937853,0.035312905934991395,0.25776427332528135
1936,1936,0.06403382699937765,0.035301818508205574,0.25793872250985334
1937,1937,0.06406610699934845,0.03529074140100476,0.2576998207128143
1938,1938,0.064096211999356,0.03527967460250914,0.25787400376799574
1939,1939,0.06412589899935028,0.03526861810125125,0.25763547133516046
1940,1940,0.06415586199938161,0.03525757188637782,0.25780938869404296
1941,1941,0.06418545299936795,0.035246535946449185,0.2575712250083942
1942,1942,0.06421506599940585,0.035235510270638475,0.2577448771033207
1943,1943,0.06424503199940546,0.035224494847533754,0.25750708154894003
1944,1944,0.06427481899942222,0.03521348966633452,0.2576804688115062
1945,1945,0.064304342999435,0.035202494715656486,0.2574430407735718
1946,1946,0.06433363399946757,0.03519150998472543,0.2576161636346283
1947,1947,0.06436304499948164,0.03518053546218461,0.25737910249941226
1948,1948,0.06439281599944024,0.03516957113728605,0.2575519613890654
1949,1949,0.06442206299942654,0.03515861699870044,0.25731526654393133
1950,1950,0.06445173699944462,0.03514767303570601,0.25748786189154627
1951,1951,0.0645040569994535,0.035136739237000864,0.2572515327249464
1952,1952,0.06453800699944168,0.035125815591889244,0.2574238649591474
1953,1953,0.06456894099943611,0.03511490208909656,0.2571879008606202
1954,1954,0.06459955299948206,0.035103998717953167,0.2573599704092938
1955,1955,0.06462971499945525,0.035093105467211644,0.2571243707694612
1956,1956,0.06465975199944296,0.03508222232622827,0.25729617805975663
1957,1957,0.06468942999947558,0.035071349283782846,0.25706094227032145
1958,1958,0.0647195869994448,0.03506048632925748,0.25723248772865354
1959,1959,0.064749000999484,0.03504963345145909,0.25699761518239683
1960,1960,0.0647820639994734,0.035038790639795536,0.25716889923444697
1961,1961,0.06482420299948899,0.03502795788310075,0.2569343893252259
1962,1962,0.0648654059995124,0.0350171351708084,0.2571054123959438
1963,1963,0.06490499499949465,0.03500632249177929,0.2568712645186887
1964,1964,0.06494529299948226,0.0349955198354727,0.25704202703229406
1965,1965,0.06497699999948736,0.034984727190776395,0.2568082405830063
1966,1966,0.06501873199948704,0.03497394454717516,0.2569787429629909
1967,1967,0.06506416699949114,0.034963171893583556,0.2567453173387397
1968,1968,0.0651068739995253,0.03495240921951193,0.25691556000786864
1969,1969,0.06514999599949078,0.03494165651390153,0.2566824946067891
1970,1970,0.06519306299946948,0.034930913766288124,0.2568524779871028
1971,1971,0.06523446899944929,0.034920180965639626,0.25661977220839355
1972,1972,0.06527755499945442,0.03490945810151717,0.2567894967212088
1973,1973,0.06531689599944457,0.03489874516291522,0.2565571499651289
1974,1974,0.06535239399943293,0.0348880421394202,0.2567266160310417
1975,1975,0.06538194499938754,0.03487734902005309,0.2564946276989085
1976,1976,0.06541144899938445,0.034866665794425565,0.25666383573779417
1977,1977,0.06544094099939457,0.034855992451585,0.2564322052319812
1978,1978,0.06547062499942058,0.0348453289811682,0.2566011556629973
1979,1979,0.06549993599941217,0.034834675372248936,0.25636988238693115
1980,1980,0.06554015299946059,0.03482403161448909,0.25653857562851834
1981,1981,0.06561920099949248,0.034813397696988706,0.25630765898667673
1982,1982,0.06565204699944616,0.03480277360943464,0.25647609545656064
1983,1983,0.0656833049994816,0.03479215934095319,0.25624553485446994
1984,1984,0.06571441199952233,0.034781554881256185,0.25641371496966286
1985,1985,0.06574547299953792,0.034770960219495994,0.25618350981389537
1986,1986,0.0657751509995137,0.03476037534540936,0.2563514339906979
1987,1987,0.06581602199946701,0.03474980024817471,0.25612158368886967
1988,1988,0.06584817299943779,0.03473923491755361,0.256289252342872
1989,1989,0.06587867299941763,0.03472867934275046,0.25605975630364025
1990,1990,0.06590922099940144,0.034718133513551526,0.2562271698497241
1991,1991,0.06593857599938246,0.03470759741918719,0.25599802748278533
1992,1992,0.06596816599937938,0.0346970710494684,0.2561651863351253
1993,1993,0.06600416799938102,0.0346865543936513,0.25593639705121235
1994,1994,0.06604633599937415,0.03467604744157152,0.2561033016232776
1995,1995,0.06607757199941489,0.03466555018251098,0.2558748648341576
1996,1996,0.06614481899941893,0.03465506260632979,0.2560415155387133
1997,1997,0.06618003299939801,0.034644584702335654,0.25581343065718526
1998,1998,0.06621213899938994,0.034634116460413075,0.2559798279062943
1999,1999,0.06624288699936187,0.03462365786989541,0.2557520943461866
2000,2000,0.06628842099939902,0.034613208920691654,0.2559182385512112
