epoch,updates,time,train_loss,val_rmse
1,1,4.856399999653149e-05,0.464305248737893,71.98490081996133
2,2,7.927100000415521e-05,0.43033994922227636,69.59531655183737
3,3,0.00011308000000553875,0.4058723886238773,67.71390976804663
4,4,0.0001450670000053833,0.3880355914946627,66.31140900426891
5,5,0.000173588999984986,0.37486268066875666,65.21618516811326
6,6,0.0001996889999418272,0.36498369489654614,64.37050655817973
7,7,0.00022565399996210544,0.3574403930736521,63.69989913282737
8,8,0.0002639099999441896,0.3515614486477354,63.16364996211225
9,9,0.00029019499993410136,0.34687601285857983,62.72578599274437
10,10,0.0003286529999400045,0.3430534295019327,62.362699348932885
11,11,0.00035472499990873985,0.3398611140337711,62.05599134340707
12,12,0.0003807719999144865,0.33713511002796326,61.79268828958575
13,13,0.0004065029999082981,0.33475950417195033,61.5630482359218
14,14,0.00046691599987980226,0.33265203323843673,61.35996557360418
15,15,0.0004962669999031277,0.33075401952087546,61.178118289369166
16,16,0.0005230249998930958,0.32902333215809826,61.01353208137064
17,17,0.0005488149998882363,0.32742946381378435,60.863191606751606
18,18,0.000574452999899222,0.3259500862127231,60.72479250018028
19,19,0.0005999259998930029,0.32456863959402943,60.59654948390525
20,20,0.0006252389999303887,0.32327264504670666,60.47706345595464
21,21,0.0006507679999003813,0.3220525222972635,60.36522290104984
22,22,0.0006760139999073544,0.32090076095182285,60.26013318397267
23,23,0.0007046199999081182,0.31981133893504493,60.161064456656746
24,24,0.0007394389999149098,0.318779313842163,60.067413525241136
25,25,0.0007775049999168004,0.31780053527155694,59.97867554219537
26,26,0.0008035399999357651,0.3168714418297441,59.89442291357795
27,27,0.0008325339999259995,0.31598891742294605,59.81428941299626
28,28,0.0008582249998880798,0.31515018908467574,59.73795812257959
29,29,0.0008837819998461782,0.3143527539263638,59.66515218434724
30,30,0.0009095779998915532,0.3135943265294193,59.59562763884978
31,31,0.0009426909998637711,0.3128728007057071,59.529167822613914
32,32,0.000970704999872396,0.3121862213771303,59.46557894114721
33,33,0.000999300999865227,0.31153276360004567,59.404686535807414
34,34,0.0010252149998564164,0.31091071665173414,59.34633263695827
35,35,0.001052749999871594,0.31031847171951943,59.29037344893379
36,36,0.0010821709998367623,0.3097545121690666,59.23667745107401
37,37,0.0011078789998464345,0.30921740567329103,59.185123827305745
38,38,0.0011333739998349301,0.30870579769661527,59.13560115750847
39,39,0.001158746999806226,0.308218405978559,59.088006319262746
40,40,0.0011936309998077377,0.3077540157651346,59.04224356004143
41,41,0.001219381999817415,0.30731147560968924,58.998223708524314
42,42,0.0012569759998086738,0.30688969361611534,58.955863500259674
43,43,0.0012829979998514318,0.306487634033324,58.91508499790624
44,44,0.0013082809998650191,0.3061043141351363,58.87581509016174
45,45,0.0013359079998735979,0.30573880133751646,58.83798505650339
46,46,0.0013632559998768556,0.3053902105176018,58.80153018724286
47,47,0.0013941539998540975,0.30505770150783773,58.76638945028345
48,48,0.001421526999820344,0.30474047674481497,58.732505197476165
49,49,0.0014476089998538555,0.304437779056889,58.69982290468683
50,50,0.0014730509998344132,0.30414888957788294,58.668290940673295
51,51,0.001498498999808362,0.3038731257765043,58.63786036067632
52,52,0.0015588949997891177,0.30360983959281623,58.60848472128932
53,53,0.0015998499997635918,0.3033584156743686,58.58011991371667
54,54,0.001628549999736606,0.30311826970554245,58.5527240129818
55,55,0.0016621959997564772,0.3028888468244044,58.526257141021674
56,56,0.001688167999759571,0.30266962012193094,58.50068134191678
57,57,0.0017144449997203992,0.30246008921892786,58.47596046776759
58,58,0.00175170499971955,0.3022597789163479,58.45206007394775
59,59,0.0017781509997121248,0.3020682379150207,58.42894732264838
60,60,0.001807616999712991,0.30188503760108953,58.406590893783246
61,61,0.0018335309997041804,0.30170977089367723,58.38496090245488
62,62,0.0018664429996988474,0.3015420511515239,58.36402882229299
63,63,0.0018944839997061536,0.3013815111355195,58.343767414068985
64,64,0.0019207579996987079,0.30122780202423916,58.32415065907084
65,65,0.0019467029997031204,0.30108059247973884,58.3051536967886
66,66,0.0019758769996656156,0.3009395677610235,58.2867527665191
67,67,0.0020092479996378643,0.3008044288827372,58.268925152546416
68,68,0.002035815999647639,0.3006748918167516,58.25164913259635
69,69,0.002061551999645417,0.3005506867344547,58.23490392929913
70,70,0.002087296999661703,0.30043155728765325,58.21866966442428
71,71,0.002119789999653676,0.30031725992611263,58.20292731567833
72,72,0.00214582699965149,0.3002075632498586,58.187658675878325
73,73,0.002171112999633351,0.3001022473944639,58.17284631433326
74,74,0.002196281999601979,0.3000011034476335,58.15847354028289
75,75,0.002221407999627445,0.29990393289548484,58.14452436825737
76,76,0.0022464629996648,0.29981054709701344,58.13098348523429
77,77,0.0022786239996435143,0.2997207667852944,58.117836219480466
78,78,0.0023055429996361454,0.2996344215940625,58.1050685109759
79,79,0.002347112999643741,0.2995513496083697,58.09266688332531
80,80,0.002376728999649913,0.29947139693809305,58.08061841707095
81,81,0.0024031569996054714,0.29939441731312466,58.06891072432643
82,82,0.0024292619996231224,0.2993202716991408,58.05753192465753
83,83,0.0024547299996697802,0.2992488279328942,58.04647062214148
84,84,0.0024799709996159436,0.29917996037603817,58.03571588354051
85,85,0.002505016999577947,0.29911354958653635,58.02525721753039
86,86,0.0025302819996113612,0.2990494820067579,58.015084554927846
87,87,0.0025557969996157226,0.2989876496674112,58.00518822986504
88,88,0.0025807859996120897,0.29892794990650523,57.995558961862
89,89,0.002607880999619283,0.29887028510257585,57.98618783875101
90,90,0.0026356369996278772,0.29881456242144466,57.977066300409724
91,91,0.0026614989996005534,0.29876069357582646,57.96818612326235
92,92,0.0026867359995890183,0.29870859459712656,57.95953940551021
93,93,0.002721080999606329,0.2986581856188073,57.95111855305554
94,94,0.0027478969996082014,0.2986093906707364,57.94291626608424
95,95,0.0027969519995849623,0.298562137483956,57.934925526274945
96,96,0.0028270939995991284,0.29851635730534054,57.92713958460384
97,97,0.0028537029995732155,0.2984719847216439,57.919551949716016
98,98,0.0028798169995525313,0.2984289574924528,57.91215637683583
99,99,0.0029052159995899274,0.2983872163915972,57.904946857190076
100,100,0.0029307079996101493,0.2983467050565838,57.897917607919155
101,101,0.0029565599995748926,0.2983073698456483,57.891063062452645
102,102,0.002982607999570064,0.2982691597020342,57.884377861327025
103,103,0.0030080479995717724,0.2982320260251343,57.87785684342413
104,104,0.0030363709996095167,0.29819592254814364,57.87149503761033
105,105,0.003078452999602632,0.2981608052218936,57.86528765475715
106,106,0.0031049029995529054,0.2981266321045527,57.8592300801251
107,107,0.0031309729995427915,0.2980933632568966,57.853317866093555
108,108,0.003156837999540585,0.2980609606428613,57.847546725219956
109,109,0.003189049999548388,0.2980293880351161,57.84191252361288
110,110,0.003225596999584468,0.2979986109253964,57.83641127460406
111,111,0.0032998539995787723,0.297968596439357,57.83103913270504
112,112,0.003348857999583288,0.2979393132557164,57.825792387835186
113,113,0.0033780349995709003,0.297910731529473,57.82066745980817
114,114,0.0034174809995874966,0.29788282281898776,57.81566089306463
115,115,0.003474631999608846,0.29785556001673597,57.81076935163956
116,116,0.0035032819995990394,0.29782891728354294,57.805989614353315
117,117,0.0035299929995744606,0.2978028699861254,57.80131857021579
118,118,0.003556359999606684,0.29777739463777336,57.79675321403358
119,119,0.003583688999583501,0.2977524688420107,57.79229064221093
120,120,0.003610151999566824,0.2977280712390842,57.78792804873516
121,121,0.0036361509995685992,0.2977041814551389,57.783662721338075
122,122,0.0036622849995637807,0.297680780053942,57.7794920378251
123,123,0.00368777499954831,0.2976578484910276,57.77541346256439
124,124,0.003713528999526261,0.29763536907013693,57.77142454312843
125,125,0.003739566999570343,0.2976133249018432,57.76752290708113
126,126,0.0037723989995583906,0.2975916998642437,57.7637062589036
127,127,0.0037997249995669335,0.29757047856562013,57.7599723770522
128,128,0.0038263469995172272,0.29754964630896513,57.756319111142865
129,129,0.0038528169995402095,0.2975291890582794,57.75274437925574
130,130,0.0038791319995539197,0.2975090934065536,57.7492461653548
131,131,0.003905697999584845,0.2974893465453464,57.74582251681687
132,132,0.003931584999577353,0.29746993623587836,57.74247154206544
133,133,0.003957760999583115,0.2974508507815686,57.739191408304116
134,134,0.003983133999554411,0.29743207900193586,57.7359803393454
135,135,0.004009042999541634,0.2974136102078008,57.73283661353037
136,136,0.004034686999546011,0.2973954341777177,57.72975856173517
137,137,0.004061924999518851,0.2973775411355804,57.726744565460365
138,138,0.004087136999544327,0.2973599217293377,57.72379305499937
139,139,0.00411306099954345,0.2973425670107645,57.7209025076825
140,140,0.00413868699951081,0.2973254684162361,57.718071446193115
141,141,0.004164102999482111,0.29730861774845374,57.715298436952764
142,142,0.004202650999502566,0.2972920071590742,57.7125820885721
143,143,0.004254016999482246,0.29727562913219846,57.70992105036468
144,144,0.004283217999443423,0.29725947646867434,57.707314010920946
145,145,0.004310468999449313,0.2972435422711751,57.704759696739565
146,146,0.0043400769994832444,0.2972278199300122,57.70225687091371
147,147,0.0043664849994797805,0.2972123031096463,57.699804331869736
148,148,0.004391889999510568,0.2971969857358631,57.697400912156084
149,149,0.004417946999524247,0.2971818619835773,57.695045477280075
150,150,0.0044443479995379676,0.29716692626523666,57.69273692459062
151,151,0.00447009799955822,0.29715217321979304,57.690474182204724
152,152,0.0044958269995731825,0.29713759770221526,57.68825620797599
153,153,0.004528840999569184,0.29712319477351207,57.686081988503126
154,154,0.004555504999586901,0.2971089596912457,57.68395053817707
155,155,0.004581639999571507,0.2970948879005051,57.68186089826454
156,156,0.0046071469996036285,0.2970809750253212,57.67981213602704
157,157,0.004633092999597466,0.2970672168604985,57.67780334387327
158,158,0.0046583709996070866,0.2970536093638446,57.67583363854393
159,159,0.004684252999595628,0.29704014864877537,57.67390216032723
160,160,0.004709527999580132,0.2970268309772798,57.67200807230403
161,161,0.004744324999592209,0.29701365275322433,57.67015055962117
162,162,0.004773299999612846,0.29700061051598126,57.668328828791985
163,163,0.0048038489996429234,0.29698770093436355,57.66654210702275
164,164,0.004829272999643308,0.2969749208008528,57.66478964156391
165,165,0.004855405999649065,0.2969622670261036,57.663070699085296
166,166,0.004880876999663997,0.296949736633713,57.66138456507406
167,167,0.004906651999647238,0.2969373267552389,57.65973054325454
168,168,0.004932124999641019,0.2969250346254582,57.65810795502921
169,169,0.004957968999690365,0.2969128575778509,57.656516138939615
170,170,0.004983159999653708,0.29690079304029837,57.65495445014673
171,171,0.005016027999602102,0.2968888385309881,57.653422259929854
172,172,0.0050420099996131285,0.2968769916545112,57.651918955203165
173,173,0.005067802999633386,0.29686525009814585,57.650443938049456
174,174,0.00509473999960619,0.29685361162831553,57.648996625270215
175,175,0.005120767999585496,0.2968420740872151,57.647576447951344
176,176,0.005146153999589842,0.29683063538959564,57.64618285104409
177,177,0.005171780999546627,0.2968192935196996,57.6448152929603
178,178,0.005197772999565586,0.2968080465283406,57.64347324518183
179,179,0.00522776999952157,0.296796892530119,57.642156191883025
180,180,0.005254521999518147,0.29678582970076756,57.64086362956634
181,181,0.005280346999484209,0.29677485627462064,57.63959506671006
182,182,0.0053062679995150575,0.29676397054220116,57.63835002342805
183,183,0.005332106999503594,0.29675317084791847,57.63712803114081
184,184,0.005357955999500064,0.2967424555878734,57.63592863225752
185,185,0.005413644999521239,0.29673182320776365,57.634751379868646
186,186,0.005441025999516569,0.2967212722008862,57.6335958374487
187,187,0.0054675649994919695,0.29671080110623,57.63246157856867
188,188,0.005493011999476494,0.2967004085066572,57.63134818661795
189,189,0.005519151999465066,0.29669009302716587,57.6302552545352
190,190,0.005544632999431087,0.29667985333323194,57.629182384547995
191,191,0.005570191999424878,0.29666968812922706,57.62812918792072
192,192,0.005595904999381673,0.2966595961569063,57.627095284710705
193,193,0.005621316999395276,0.29664957619396515,57.62608030353189
194,194,0.005646923999393039,0.2966396270526603,57.625083881326184
195,195,0.005671937999409238,0.29662974757849236,57.624105663141876
196,196,0.005720680999388605,0.29661993664894754,57.623145301919045
197,197,0.005748297999332408,0.2966101931722939,57.62220245828166
198,198,0.005774972999347483,0.2966005160864326,57.62127680033612
199,199,0.00580069499937963,0.29659090435779834,57.620368003475946
200,200,0.005826978999380117,0.2965813569803082,57.619475750192606
201,201,0.005852802999413598,0.29657187297435667,57.61859972989198
202,202,0.005879543999412817,0.29656245138585485,57.61773963871644
203,203,0.005906239999433183,0.2965530912853101,57.6168951793724
204,204,0.0059321879994627125,0.2965437917669464,57.61606606096284
205,205,0.005958211999427476,0.2965345519478623,57.61525199882514
206,206,0.005984333999435876,0.2965253709672244,57.614452714373414
207,207,0.0060108889994126,0.29651624798549636,57.61366793494583
208,208,0.006036725999422288,0.2965071821836986,57.61289739365618
209,209,0.006062557999428009,0.2964981727627016,57.61214082924997
210,210,0.006088180999427095,0.2964892189425474,57.611397985964636
211,211,0.006113427999423493,0.2964803199617997,57.61066861339382
212,212,0.006139533999430569,0.29647147507692145,57.609952466355644
213,213,0.006164881999438876,0.2964626835616777,57.60924930476466
214,214,0.0061982999994256716,0.2964539447065635,57.6085588935076
215,215,0.006225527999447422,0.29644525781825504,57.60788100232255
216,216,0.006251313999428021,0.29643662221908323,57.60721540568165
217,217,0.006277125999417876,0.2964280372465285,57.60656188267702
218,218,0.0063029349993826145,0.2964195022527363,57.60592021691
219,219,0.006328489999361864,0.2964110166040518,57.60529019638337
220,220,0.006353862999390003,0.2964025796805731,57.60467161339668
221,221,0.006379303999381136,0.29639419087572283,57.60406426444441
222,222,0.006404755999369627,0.29638584959583536,57.60346795011699
223,223,0.006429965999416254,0.29637755525976206,57.6028824750045
224,224,0.006456108999429944,0.2963693072984898,57.60230764760305
225,225,0.006483081999476781,0.2963611051547762,57.601743280223694
226,226,0.006509146999519544,0.29635294828279785,57.60118918890379
227,227,0.0065349699995636,0.29634483614781204,57.60064519332078
228,228,0.006560172999570568,0.2963367682258321,57.600111116708334
229,229,0.006585478999568295,0.296328744003314,57.59958678577459
230,230,0.0066113159995779824,0.2963207629768557,57.59907203062279
231,231,0.0066367449995823335,0.29631282465290726,57.59856668467386
232,232,0.0066814099996008736,0.29630492854749124,57.59807058459108
233,233,0.006709420999584381,0.2962970741859349,57.597583570206744
234,234,0.006737370999587711,0.29628926110261034,57.597105484450815
235,235,0.006763339999565687,0.29628148884068545,57.596636173281276
236,236,0.0067903249995993065,0.2962737569518832,57.59617548561646
237,237,0.006815869999570623,0.29626606499625,57.59572327326909
238,238,0.006856680999590026,0.29625841254193214,57.59527939088192
239,239,0.006882768999560085,0.2962507991649596,57.59484369586517
240,240,0.006909035999569824,0.2962432244490385,57.59441604833551
241,241,0.006934344999592668,0.29623568798535,57.59399631105655
242,242,0.006960252999590466,0.29622818937235634,57.59358434938094
243,243,0.006987004999587043,0.2962207282156142,57.593180031193825
244,244,0.007013259999553156,0.2962133041275927,57.59278322685786
245,245,0.007038857999532411,0.2962059167274999,57.59239380915945
246,246,0.007064848999561946,0.29619856564111346,57.59201165325648
247,247,0.007090201999574219,0.296191250500617,57.59163663662725
248,248,0.007116119999579951,0.2961839709444434,57.59126863902073
249,249,0.0071415219995856205,0.296176726617121,57.59090754240805
250,250,0.007192261999591665,0.296169517169127,57.59055323093509
251,251,0.007219759999600228,0.296162342256744,57.59020559087641
252,252,0.007246354999551841,0.2961552015419217,57.58986451059014
253,253,0.007272454999565525,0.2961480946921437,57.58952988047412
254,254,0.007298358999605625,0.2961410213802973,57.5892015929229
255,255,0.007324256999595491,0.296133981284548,57.588879542286016
256,256,0.007378686999572892,0.2961269740882183,57.588563624827174
257,257,0.0074068789995749285,0.29611999947966927,57.58825373868432
258,258,0.007433822999587392,0.29611305715218667,57.58794978383083
259,259,0.00745979599957991,0.29610614680387015,57.58765166203752
260,260,0.007487662999608347,0.2960992681375257,57.58735927683564
261,261,0.0075132619995770256,0.29609242086056137,57.58707253348061
262,262,0.007539216999589371,0.29608560468488637,57.586791338916804
263,263,0.007564674999628096,0.29607881932681257,57.58651560174301
264,264,0.0075906849996272285,0.29607206450695966,57.58624523217876
265,265,0.007616154999652736,0.29606533995016265,57.58598014203148
266,266,0.007641900999658446,0.2960586453853812,57.585720244664316
267,267,0.007687416999658581,0.2960519805456133,57.58546545496481
268,268,0.007715242999609018,0.2960453451678103,57.585215689314246
269,269,0.007741264999594932,0.29603873899279376,57.5849708655577
270,270,0.007767168999578189,0.29603216176517644,57.584730902974805
271,271,0.007795730999589523,0.2960256132332834,57.5844957222512
272,272,0.00782244699956891,0.2960190931490767,57.58426524545057
273,273,0.007848523999541612,0.29601260126808165,57.5840393959874
274,274,0.007874602999550007,0.2960061373493151,57.58381809860029
275,275,0.007900460999508141,0.29599970115521546,57.583601279325926
276,276,0.00792632499951651,0.295993292451575,57.58338886547359
277,277,0.007952187999535454,0.2959869110074738,57.58318078560026
278,278,0.007979504999525489,0.2959805565952148,57.58297696948633
279,279,0.008005843999512763,0.2959742289902618,57.58277734811175
280,280,0.008031782999523784,0.29596792797117755,57.582581853632796
281,281,0.008057483999493797,0.29596165331956503,57.5823904193594
282,282,0.008083021999482298,0.2959554048200086,57.582202979732784
283,283,0.00810857899949724,0.29594918226001815,57.58201947030382
284,284,0.00813448599944877,0.29594298542997344,57.581839827711754
285,285,0.008166642999469786,0.29593681412307066,57.58166398966336
286,286,0.008194271999457214,0.2959306681352696,57.581491894912645
287,287,0.0082320659994366,0.29592454726524287,57.581323483240965
288,288,0.00825869799945167,0.29591845131432565,57.58115869543754
289,289,0.008284772999445522,0.29591238008646725,57.58099747328041
290,290,0.008310828999412934,0.29590633338818323,57.58083975951785
291,291,0.00833655899941732,0.29590031102850944,57.58068549785011
292,292,0.008362186999420373,0.2958943128189562,57.58053463291159
293,293,0.008388150999394384,0.2958883385734642,57.58038711025343
294,294,0.008413944999404066,0.29588238810836165,57.580242876326395
295,295,0.008447798999441147,0.2958764612423214,57.580101878464205
296,296,0.008474441999453575,0.2958705577963203,57.57996406486712
297,297,0.008500228999423598,0.29586467759359847,57.57982938458604
298,298,0.00852612399944519,0.29585882045962014,57.579697787506745
299,299,0.008551895999460157,0.29585298622203493,57.579569224334605
300,300,0.008577361999414279,0.2958471747106403,57.579443646579556
301,301,0.00860286399938559,0.295841385757345,57.579321006541406
302,302,0.00862833899935822,0.2958356191961326,57.57920125729547
303,303,0.008661043999325102,0.29582987486302664,57.57908435267844
304,304,0.008699002999321692,0.29582415259605616,57.57897024727462
305,305,0.00872664699932102,0.2958184522352218,57.57885889640239
306,306,0.008753056999296405,0.295812773622463,57.57875025610102
307,307,0.008788456999297978,0.29580711660162595,57.57864428311769
308,308,0.00881548299929591,0.2958014810184314,57.57854093489478
309,309,0.008852791999288456,0.2957958667204445,57.57844016955748
310,310,0.008880076999275843,0.2957902735570442,57.5783419459016
311,311,0.008906634999277685,0.2957847013793935,57.57824622338163
312,312,0.00894082799931084,0.2957791500404106,57.578152962099104
313,313,0.008967551999319312,0.29577361939474095,57.57806212279108
314,314,0.00899393499935286,0.29576810929872827,57.577973666818984
315,315,0.009019913999338769,0.2957626196103887,57.57788755615761
316,316,0.00904639399931284,0.29575715018938314,57.57780375338436
317,317,0.009072086999310613,0.29575170089699143,57.57772222166866
318,318,0.009098179999341482,0.29574627159608685,57.577642924761655
319,319,0.009124030999373645,0.29574086215111095,57.57756582698609
320,320,0.009156770999368291,0.2957354724280486,57.5774908932263
321,321,0.009184695999351788,0.2957301022944043,57.57741808891859
322,322,0.0092115349993378,0.2957247516191784,57.57734738004161
323,323,0.009237385999313119,0.295719420272844,57.577278733107015
324,324,0.009264582999321647,0.29571410812732396,57.577212115150346
325,325,0.009290725999335336,0.2957088150559689,57.577147493721974
326,326,0.009334637999302231,0.29570354093353524,57.57708483687832
327,327,0.009363476999283193,0.2956982856361636,57.57702411317325
328,328,0.009391847999268066,0.29569304904135824,57.57696529164953
329,329,0.009419830999263468,0.29568783102796575,57.57690834183056
330,330,0.009446901999240254,0.2956826314761556,57.576853233712264
331,331,0.009472918999279045,0.2956774502673996,57.57679993775499
332,332,0.009499510999262384,0.29567228728445294,57.57674842487582
333,333,0.009525214999257514,0.2956671424113345,57.576698666440755
334,334,0.009551615999271235,0.295662015533309,57.57665063425727
335,335,0.009577393999279593,0.2956569065368675,57.57660430056688
336,336,0.00961006699930067,0.29565181530971013,57.576559638037864
337,337,0.009637635999297345,0.2956467417407282,57.576516619758216
338,338,0.009677305999275632,0.2956416857199865,57.576475219228605
339,339,0.009704036999266918,0.29563664713870624,57.576435410355565
340,340,0.009735019999254746,0.29563162588924885,57.57639716744476
341,341,0.009773647999224977,0.2956266218650988,57.576360465194384
342,342,0.009803567999199458,0.2956216349608475,57.576325278688714
343,343,0.009830961999170995,0.2956166650721779,57.57629158339175
344,344,0.009859713999162523,0.2956117120958485,57.576259355140984
345,345,0.00988650999914853,0.2956067759296779,57.57622857014129
346,346,0.009913302999109419,0.29560185647253007,57.57619920495894
347,347,0.009939404999101953,0.2955969536242994,57.576171236515655
348,348,0.009966279999105154,0.29559206728589593,57.57614464208294
349,349,0.009992394999130738,0.29558719735923167,57.57611939927628
350,350,0.010019151999131282,0.2955823437472059,57.576095486049645
351,351,0.010078759999146314,0.29557750635369173,57.57607288069003
352,352,0.01010744799918939,0.2955726850835226,57.57605156181204
353,353,0.010134112999196532,0.2955678798424788,57.57603150835266
354,354,0.010160530999201,0.29556309053727436,57.576012699566064
355,355,0.01018700599922795,0.29555831707554436,57.57599511501854
356,356,0.01021338599923638,0.29555355936583216,57.575978734583494
357,357,0.01023937599927649,0.29554881731757693,57.57596353843655
358,358,0.010265461999324543,0.2955440908411016,57.575949507050765
359,359,0.01029165399933163,0.2955393798476006,57.57593662119186
360,360,0.01031719199932013,0.2955346842491284,57.57592486191362
361,361,0.010351090999336066,0.2955300039585875,57.57591421055334
362,362,0.010377810999329995,0.29552533888971716,57.57590464872731
363,363,0.010403820999329128,0.2955206889570824,57.57589615832643
364,364,0.010429649999309731,0.2955160540760626,57.57588872151193
365,365,0.01045572999930755,0.2955114341628408,57.57588232071108
366,366,0.010481497999307976,0.2955068291343931,57.575876938613064
367,367,0.01050729799931105,0.29550223890847804,57.57587255816483
368,368,0.010533147999296943,0.2954976634036263,57.57586916256713
369,369,0.010566427999265215,0.29549310253913036,57.57586673527052
370,370,0.01059467899926858,0.2954885562350349,57.57586525997152
371,371,0.010622229999285082,0.2954840244121267,57.57586472060875
372,372,0.010648523999236659,0.2954795069919247,57.575865101359206
373,373,0.010674821999202777,0.2954750038966711,57.57586638663459
374,374,0.010700883999220423,0.2954705150493214,57.57586856107765
375,375,0.010726925999222203,0.2954660403735356,57.57587160955865
376,376,0.010752987999183006,0.2954615797936688,57.57587551717189
377,377,0.010787257999197664,0.2954571332347626,57.575880269232194
378,378,0.010821118999160717,0.2954527006225359,57.575885851271636
379,379,0.01085506299921235,0.2954482818833767,57.57589224903611
380,380,0.010881472999187736,0.2954438769443333,57.575899448482154
381,381,0.010907795999173686,0.29543948573310574,57.57590743577372
382,382,0.010933877999207198,0.2954351081780381,57.575916197278936
383,383,0.010969150999187605,0.2954307442081101,57.57592571956714
384,384,0.01100262799917573,0.2954263937529288,57.575935989405735
385,385,0.011038541999198515,0.29542205674272126,57.575946993757206
386,386,0.011067276999199294,0.2954177331083265,57.575958719776196
387,387,0.011094161999210428,0.2954134227811878,57.5759711548066
388,388,0.011120607999203003,0.29540912569334554,57.575984286378706
389,389,0.011146454999220623,0.2954048417774293,57.57599810220637
390,390,0.01117241599922636,0.295400570966651,57.57601259018432
391,391,0.01120549499921708,0.29539631319479764,57.57602773838539
392,392,0.011233619999188704,0.2953920683962241,57.57604353505788
393,393,0.01126040799920247,0.29538783650584616,57.5760599686229
394,394,0.011288386999240174,0.29538361745913405,57.57607702767187
395,395,0.011314800999230101,0.2953794111921052,57.57609470096389
396,396,0.011340961999223964,0.2953752176413177,57.57611297742329
397,397,0.011366747999204563,0.2953710367438641,57.57613184613718
398,398,0.011392763999197086,0.2953668684373648,57.57615129635303
399,399,0.011418833999186973,0.29536271265996134,57.57617131747629
400,400,0.0114445719991636,0.29535856935031046,57.57619189906805
401,401,0.011492420999161368,0.2953544384475782,57.57621303084272
402,402,0.01152049799912902,0.2953503198914332,57.57623470266588
403,403,0.011547224999105765,0.2953462136220412,57.57625690455186
404,404,0.01157405099911557,0.29534211958005907,57.57627962666175
405,405,0.011600380999084337,0.29533803770662886,57.57630285930109
406,406,0.01162613699909798,0.29533396794337224,57.576326592917866
407,407,0.011651854999115585,0.29532991023238475,57.57635081810033
408,408,0.011677661999101474,0.29532586451622994,57.576375525575024
409,409,0.011702783999112398,0.2953218307379348,57.576400706204716
410,410,0.011728250999112788,0.29531780884098335,57.57642635098643
411,411,0.0117538709991436,0.29531379876931196,57.57645245104947
412,412,0.011788030999127841,0.29530980046730393,57.5764789976535
413,413,0.011813637999125604,0.29530581387978405,57.57650598218668
414,414,0.011838898999087633,0.2953018389520142,57.57653339616376
415,415,0.011864177999086678,0.2952978756296874,57.57656123122427
416,416,0.011889011999073773,0.2952939238589238,57.57658947913069
417,417,0.011914300999080751,0.295289983586265,57.576618131766686
418,418,0.011939874999086442,0.29528605475866987,57.576647181135364
419,419,0.011965071999100019,0.2952821373235095,57.576676619357535
420,420,0.011996643999111711,0.29527823122856234,57.57670643867001
421,421,0.012024038999129516,0.29527433642201023,57.57673663142396
422,422,0.012050086999124687,0.2952704528524331,57.57676719008323
423,423,0.012075795999123784,0.295266580468805,57.57679810722276
424,424,0.012101182999174398,0.2952627192204895,57.57682937552695
425,425,0.012126994999164253,0.29525886905723553,57.576860987788116
426,426,0.012152898999204353,0.29525502992917263,57.576892936904954
427,427,0.012178207999170354,0.29525120178680725,57.57692521588099
428,428,0.012203294999153513,0.29524738458101824,57.57695781782308
429,429,0.012228534999110252,0.295243578263053,57.576990735939965
430,430,0.012262058999112924,0.29523978278452295,57.57702396354079
431,431,0.012287778999109378,0.29523599809740003,57.57705749403368
432,432,0.012312996999128245,0.2952322241540127,57.57709132092434
433,433,0.012338492999163009,0.29522846090704163,57.57712543781465
434,434,0.012364191999154173,0.29522470830951614,57.57715983840131
435,435,0.012389695999161177,0.2952209663148106,57.57719451647448
436,436,0.012415074999125864,0.2952172348766405,57.57722946591647
437,437,0.012440469999091874,0.29521351394905854,57.57726468070042
438,438,0.012472091999086388,0.2952098034864513,57.57730015488902
439,439,0.012499210999067145,0.2952061034435356,57.57733588263325
440,440,0.012525189999053055,0.295202413775355,57.57737185817112
441,441,0.012551270999040298,0.295198734437276,57.57740807582641
442,442,0.012577035999015607,0.295195065384985,57.57744453000755
443,443,0.012602380998998797,0.2951914065744848,57.5774812152063
444,444,0.012627570999029558,0.29518775796209096,57.5775181259967
445,445,0.012653078999051104,0.29518411950442897,57.577555257033815
446,446,0.012678587999062074,0.2951804911584304,57.57759260305264
447,447,0.01270397399906642,0.2951768728813303,57.57763015886696
448,448,0.01273386899902107,0.2951732646306636,57.577667919368274
449,449,0.01275993999900038,0.29516966636426206,57.57770587952465
450,450,0.012785497999004747,0.2951660780402514,57.5777440343797
451,451,0.012810573998990549,0.29516249961704766,57.57778237905146
452,452,0.012835756998981651,0.295158931053355,57.57782090873144
453,453,0.012861104998989958,0.2951553723081622,57.577859618683476
454,454,0.012886442998990333,0.2951518233407397,57.57789850424283
455,455,0.012911493998956303,0.2951482841106369,57.57793756081512
456,456,0.012958101998947313,0.2951447545776793,57.57797678387535
457,457,0.012985405998904298,0.29514123470196557,57.57801616896697
458,458,0.013011908998919353,0.29513772444386477,57.578055711700834
459,459,0.013038111998923796,0.2951342237640136,57.57809540775439
460,460,0.013064244998929553,0.2951307326233139,57.578135252870666
461,461,0.013089738998928624,0.2951272509829297,57.57817524285733
462,462,0.013115087998926356,0.29512377880428453,57.578215373585856
463,463,0.013147667998907764,0.29512031604905903,57.578255640990605
464,464,0.013175065998893842,0.2951168626791884,57.57829604106795
465,465,0.013200853998910134,0.2951134186568596,57.57833656987541
466,466,0.013228417998902842,0.295109983944509,57.5783772235308
467,467,0.01325446899892313,0.2951065585048198,57.5784179982114
468,468,0.01327984999892351,0.29510314230071993,57.57845889015312
469,469,0.013305525998930534,0.2950997352953791,57.578499895649685
470,470,0.013330878998942808,0.29509633745220654,57.578541011051826
471,471,0.013356226998951115,0.2950929487348492,57.57858223276651
472,472,0.013381711998931678,0.29508956910718864,57.57862355725614
473,473,0.013426777998915895,0.29508619853333923,57.578664981037775
474,474,0.013456180998957734,0.29508283697764554,57.578706500682415
475,475,0.013483130998963588,0.29507948440468057,57.5787481128142
476,476,0.013509265998948194,0.29507614077924293,57.57878981410971
477,477,0.013535024998930112,0.29507280606635544,57.57883160129722
478,478,0.013560447998941072,0.29506948023126184,57.578873471155994
479,479,0.013585491998924226,0.29506616323942586,57.578915420515564
480,480,0.013610861998927248,0.29506285505652846,57.57895744625505
481,481,0.013636261998897226,0.29505955564846575,57.578999545302466
482,482,0.013661606998880416,0.295056264981347,57.57904171463404
483,483,0.01368728299888744,0.29505298302149296,57.57908395127355
484,484,0.013723773998890465,0.29504970973543304,57.579126252291665
485,485,0.01376948299889591,0.2950464450899045,57.5791686148053
486,486,0.013795637998896382,0.29504318905184906,57.57921103597696
487,487,0.013821062998943034,0.29503994158841246,57.57925351301415
488,488,0.013846640998906423,0.2950367026669415,57.57929604316868
489,489,0.013871989998904155,0.2950334722549823,57.57933862373613
490,490,0.013896947998887299,0.2950302503202789,57.5793812520552
491,491,0.013948835998860432,0.29502703683077114,57.57942392550712
492,492,0.013976641998851846,0.2950238317545928,57.57946664151508
493,493,0.014003330998832553,0.29502063506006965,57.579509397543625
494,494,0.014028791998839552,0.2950174467157181,57.57955219109808
495,495,0.014054846998874382,0.2950142666902431,57.57959501972403
496,496,0.014079915998877368,0.2950110949525366,57.57963788100673
497,497,0.014105366998876434,0.2950079314716757,57.579680772570526
498,498,0.014130655998883412,0.29500477621692095,57.57972369207837
499,499,0.014155924998874525,0.2950016291577148,57.57976663723129
500,500,0.01418106799889074,0.2949984902636801,57.57980960576779
501,501,0.014206356998897718,0.2949953595046178,57.579852595463414
502,502,0.014239796998879228,0.29499223685050624,57.579895604130186
503,503,0.01426600199886252,0.2949891222714988,57.57993862961613
504,504,0.014291255998841734,0.2949860157379229,57.579981669804745
505,505,0.014316846998838173,0.2949829172202779,57.58002472261453
506,506,0.01434200799883456,0.294979826689234,57.58006778599853
507,507,0.014367261998813774,0.2949767441156305,57.580110857943794
508,508,0.014392591998841908,0.29497366947047443,57.58015393647095
509,509,0.014417823998826407,0.2949706027249388,57.58019701963373
510,510,0.014449547998822254,0.2949675438503616,57.58024010551852
511,511,0.014477410998779305,0.2949644928182438,57.580283192243876
512,512,0.014508377998765809,0.2949614496002483,57.580326277960125
513,513,0.014534226998762279,0.29495841416819835,57.58036936084888
514,514,0.014559788998781187,0.2949553864940764,57.58041243912264
515,515,0.014585375998819927,0.29495236655002194,57.58045551102435
516,516,0.014610655998808397,0.29494935430833136,57.580498574826954
517,517,0.014635818998783634,0.2949463497414556,57.580541628833046
518,518,0.014661311998736437,0.29494335282199907,57.58058467137439
519,519,0.01468652199872622,0.29494036352271846,57.58062770081154
520,520,0.01471987199869318,0.2949373818165217,57.58067071553344
521,521,0.014745847998710815,0.29493440767646567,57.58071371395703
522,522,0.014772237998727178,0.2949314410757561,57.58075669452689
523,523,0.014799049998714509,0.2949284819877457,57.58079965571477
524,524,0.014825112998721579,0.29492553038593283,57.58084259601932
525,525,0.014851044998749785,0.29492258624396056,57.58088551396564
526,526,0.01487672099875681,0.29491964953561534,57.58092840810491
527,527,0.014903315998765265,0.2949167202348257,57.5809712770141
528,528,0.01493684299873621,0.29491379831566106,57.581014119295524
529,529,0.014964757998711775,0.2949108837523308,57.58105693357656
530,530,0.014991776998726891,0.2949079765191828,57.58109971850923
531,531,0.015017788998704873,0.29490507659070236,57.58114247276992
532,532,0.015044416998705401,0.2949021839415111,57.58118519505901
533,533,0.015070180998748128,0.29489929854636593,57.58122788410053
534,534,0.015105067998774757,0.29489642038015756,57.58127053864184
535,535,0.015132442998776696,0.2948935494179099,57.58131315745334
536,536,0.015159084998799699,0.2948906856347786,57.58135573932807
537,537,0.01519170399876657,0.2948878290060502,57.58139828308146
538,538,0.01521851799873275,0.2948849795071407,57.581440787550996
539,539,0.015244596998741144,0.29488213711359523,57.58148325159592
540,540,0.01527072399875351,0.29487930180108574,57.58152567409688
541,541,0.015296561998752622,0.2948764735454115,57.581568053955685
542,542,0.015322519998790085,0.2948736523224971,57.581610390095
543,543,0.015348191998839411,0.29487083810839154,57.58165268145803
544,544,0.01537395499883587,0.2948680308792673,57.58169492700822
545,545,0.015407544998822686,0.29486523061141956,57.58173712572904
546,546,0.015434966998839172,0.2948624372812652,57.581779276623614
547,547,0.015461183998809247,0.2948596508653414,57.5818213787145
548,548,0.015487592998852051,0.29485687134030497,57.581863431043416
549,549,0.015513677998853836,0.29485409868293166,57.581905432670915
550,550,0.01553958699884106,0.2948513328701148,57.58194738267622
551,551,0.015565478998837534,0.29484857387886443,57.58198928015685
552,552,0.015591387998824757,0.29484582168630685,57.58203112422843
553,553,0.015617365998821242,0.294843076269683,57.58207291402442
554,554,0.015643276998844158,0.2948403376063481,57.58211464869585
555,555,0.015668691998882878,0.29483760567377043,57.58215632741107
556,556,0.015695570998843777,0.29483488044953066,57.58219794935556
557,557,0.015721539998878598,0.294832161911321,57.58223951373159
558,558,0.01574767199889493,0.2948294500369442,57.58228101975804
559,559,0.01577309699888474,0.2948267448043126,57.582322466670206
560,560,0.015798902998881204,0.29482404619144764,57.582363853719436
561,561,0.015824883998902806,0.29482135417647876,57.582405180173055
562,562,0.01585080499887681,0.29481866873764245,57.58244644531403
563,563,0.015899766998870746,0.29481598985328195,57.58248764844078
564,564,0.01592798199885692,0.29481331750184586,57.582528788866966
565,565,0.015954673998862745,0.2948106516618875,57.58256986592126
566,566,0.015981849998865982,0.29480799231206456,57.58261087894713
567,567,0.01617618599891557,0.29480533943113774,57.58265182730265
568,568,0.01620598599896539,0.2948026929979701,57.58269271036023
569,569,0.016241523998985485,0.2948000529915265,57.58273352750649
570,570,0.01626879299897155,0.29479741939087273,57.58277427814201
571,571,0.01629484499898126,0.2947947921751749,57.58281496168114
572,572,0.01632113899898968,0.29479217132369817,57.58285557755176
573,573,0.01634687699896631,0.29478955681580665,57.58289612519518
574,574,0.016372724998973354,0.2947869486309625,57.582936604065836
575,575,0.016398665998963224,0.2947843467487248,57.58297701363119
576,576,0.01642449899895837,0.2947817511487495,57.58301735337149
577,577,0.01645733699893981,0.29477916181078817,57.58305762277959
578,578,0.01648503199891138,0.29477657871468754,57.58309782136079
579,579,0.016511605998914547,0.29477400184038877,57.58313794863264
580,580,0.016537969998921653,0.29477143116792676,57.583178004124754
581,581,0.016563910998911524,0.29476886667742935,57.58321798737863
582,582,0.01658970199889609,0.2947663083491171,57.583257897947526
583,583,0.016614984998909677,0.294763756163302,57.58329773539621
584,584,0.016640598998890255,0.2947612101003871,57.583337499300846
585,585,0.016666356998882748,0.29475867014086604,57.58337718924883
586,586,0.016692239998917557,0.29475613626532204,57.58341680483859
587,587,0.01672690799892962,0.29475360845442755,57.58345634567944
588,588,0.01675316999893539,0.29475108668894345,57.58349581139142
589,589,0.016779040998926575,0.29474857094971857,57.58353520160518
590,590,0.01680568399888216,0.294746061217689,57.58357451596172
591,591,0.01683139499891695,0.29474355747387715,57.58361375411233
592,592,0.016857397998933266,0.294741059699392,57.583652915718424
593,593,0.016882916998895325,0.2947385678754274,57.58369200045133
594,594,0.01693128099890373,0.2947360819832624,57.58373100799223
595,595,0.016961254998932418,0.29473360200426013,57.58376993803194
596,596,0.016988317998936964,0.2947311279198672,57.583808790270794
597,597,0.017014405998963866,0.29472865971161366,57.58384756441852
598,598,0.017040257998985453,0.29472619736111183,57.58388626019408
599,599,0.017065543998967314,0.2947237408500558,57.583924877325515
600,600,0.017091331998983605,0.29472129016022147,57.58396341554984
601,601,0.017122946998995303,0.29471884527346504,57.58400187461291
602,602,0.01715015899901573,0.2947164061717233,57.58404025426923
603,603,0.01717589299903466,0.29471397283701256,57.58407855428191
604,604,0.017209915999046643,0.29471154525142845,57.584116774422476
605,605,0.017235376999053642,0.29470912339714506,57.58415491447076
606,606,0.01726059699905136,0.2947067072564146,57.58419297421477
607,607,0.017285558999049044,0.29470429681156707,57.58423095345054
608,608,0.017311011999083803,0.2947018920450094,57.58426885198212
609,609,0.017336557999101387,0.29469949293922476,57.58430666962126
610,610,0.017361913999081935,0.29469709947677275,57.58434440618747
611,611,0.017387015999076993,0.2946947116402884,57.58438206150782
612,612,0.017419932999075627,0.29469232941248147,57.584419635416815
613,613,0.017447084999048457,0.2946899527761365,57.58445712775633
614,614,0.017473132999043628,0.2946875817141123,57.58449453837543
615,615,0.01749900899903878,0.2946852162093405,57.58453186713034
616,616,0.017524713999080177,0.29468285624482643,57.58456911388425
617,617,0.017550455999071346,0.2946805018036477,57.584606278507266
618,618,0.017575377999094144,0.2946781528689541,57.58464336087628
619,619,0.017600751999054864,0.29467580942396704,57.584680360874856
620,620,0.017626245999053936,0.29467347145197914,57.58471727839316
621,621,0.01765142799899877,0.2946711389363536,57.58475411332779
622,622,0.017676825998989898,0.29466881186052407,57.58479086558177
623,623,0.01770289399894409,0.2946664902079937,57.584827535064356
624,624,0.017728415998988112,0.29466417396233535,57.584864121690984
625,625,0.017753869999012295,0.29466186310719045,57.584900625383185
626,626,0.017778919999045684,0.29465955762626916,57.58493704606843
627,627,0.017804506999084424,0.29465725750334953,57.58497338368011
628,628,0.017830653999112656,0.2946549627222771,57.58500963815739
629,629,0.01785625699915272,0.29465267326696476,57.58504580944512
630,630,0.017888937999146037,0.2946503891213922,57.585081897493794
631,631,0.017916022999145298,0.29464811026960525,57.585117902259356
632,632,0.017942100999164268,0.2946458366957157,57.58515382370322
633,633,0.017967790999193767,0.29464356838390077,57.58518966179215
634,634,0.017994005999184992,0.2946413053184028,57.585225416498126
635,635,0.018019283999194613,0.2946390474835291,57.585261087798294
636,636,0.018044699999165914,0.29463679486365085,57.5852966756749
637,637,0.018070319999196727,0.29463454744320317,57.58533218011518
638,638,0.01809569999920768,0.2946323052066848,57.58536760111127
639,639,0.01812140699922793,0.2946300681386576,57.58540293866018
640,640,0.018146739999224337,0.29462783622374594,57.58543819276362
641,641,0.018174332999194576,0.29462560944663674,57.585473363428015
642,642,0.01820023899915668,0.29462338779207864,57.585508450664356
643,643,0.018225603999155737,0.294621171244882,57.585543454488196
644,644,0.01825122099910459,0.29461895978991826,57.58557837491949
645,645,0.01827659999912612,0.2946167534121197,57.585613211982576
646,646,0.01830226899915033,0.29461455209647913,57.5856479657061
647,647,0.018327599999167887,0.29461235582804934,57.58568263612292
648,648,0.018371536999154614,0.2946101645919429,57.58571722327004
649,649,0.018399478999185703,0.29460797837333186,57.585751727188544
650,650,0.018445269999176617,0.29460579715744684,57.58578614792355
651,651,0.018471215999170454,0.2946036209295776,57.585820485524074
652,652,0.018497014999184103,0.29460144967507207,57.585854740043054
653,653,0.01852228899917918,0.29459928337933605,57.5858889115372
654,654,0.018547684999134617,0.2945971220278329,57.58592300006696
655,655,0.018572804999166692,0.29459496560608356,57.585957005696486
656,656,0.018597943999168365,0.29459281409966553,57.5859909284935
657,657,0.018622967999135653,0.2945906674942132,57.58602476852931
658,658,0.018648326999084475,0.29458852577541705,57.586058525878684
659,659,0.01867539899910753,0.29458638892902383,57.58609220061981
660,660,0.018701111999121167,0.29458425694083534,57.58612579283425
661,661,0.01872666199909645,0.2945821297967093,57.58615930260686
662,662,0.01875182199904657,0.2945800074825579,57.58619273002573
663,663,0.01877712999907999,0.2945778899843483,57.58622607518214
664,664,0.01880223399911074,0.294575777288102,57.586259338170514
665,665,0.018827497999097886,0.2945736693798944,57.58629251908829
666,666,0.018877705999102545,0.2945715662458544,57.58632561803596
667,667,0.018906253999148248,0.29456946787216504,57.58635863511697
668,668,0.018932680999114382,0.2945673742450617,57.58639157043767
669,669,0.018965139999124858,0.29456528535083304,57.586424424107236
670,670,0.018999749999125015,0.29456320117582,57.58645719623765
671,671,0.019032337999135507,0.2945611217064158,57.586489886943625
672,672,0.01905978599916125,0.2945590469290657,57.5865224963426
673,673,0.019085761999122042,0.2945569768302664,57.586555024554606
674,674,0.01911432699910165,0.294554911396566,57.58658747170229
675,675,0.01914079899910348,0.29455285061456377,57.58661983791082
676,676,0.01916736399908814,0.2945507944709094,57.58665212330788
677,677,0.019193290999055534,0.29454874295230354,57.58668432802356
678,678,0.019219554999040156,0.29454669604549666,57.58671645219039
679,679,0.01924533599907363,0.2945446537372894,57.58674849594318
680,680,0.019271332999039714,0.29454261601453186,57.58678045941913
681,681,0.019331012999032282,0.2945405828641237,57.586812342757604
682,682,0.019362428999045278,0.29453855427301345,57.58684414610024
683,683,0.0194074159990123,0.29453653022819865,57.5868758695908
684,684,0.019434853998973267,0.2945345107167254,57.586907513375195
685,685,0.01946099199898299,0.29453249572568796,57.5869390776014
686,686,0.01948740899894119,0.2945304852422289,57.586970562419424
687,687,0.019512746998941566,0.29452847925353837,57.58700196798128
688,688,0.019538347998945937,0.2945264777468539,57.58703329444093
689,689,0.019563804998938394,0.2945244807094606,57.58706454195423
690,690,0.019589724998922975,0.2945224881286903,57.58709571067893
691,691,0.019623177998937535,0.294520499991922,57.587126800774584
692,692,0.019649393998918185,0.2945185162865806,57.58715781240257
693,693,0.019674793998888163,0.29451653700013786,57.587188745726
694,694,0.019700835998889943,0.2945145621201111,57.587219600909705
695,695,0.019725963998894258,0.2945125916340638,57.587250378120174
696,696,0.019751531998906557,0.2945106255296045,57.587281077525574
697,697,0.019777134998889778,0.29450866379438745,57.58731169929564
698,698,0.01980288899886773,0.29450670641611165,57.5873422436017
699,699,0.01983425399890848,0.2945047533825211,57.58737271061659
700,700,0.019862254998884055,0.29450280468140433,57.58740310051465
701,701,0.019888369998852795,0.2945008603005941,57.587433413471715
702,702,0.01991458299886517,0.2944989202279674,57.587463649665
703,703,0.01994023699887748,0.294496984451445,57.58749380927314
704,704,0.019966068998883202,0.29449505295899137,57.58752389247613
705,705,0.019991457998912665,0.2944931257386144,57.587553899455294
706,706,0.020016974998895876,0.2944912027783652,57.587583830393235
707,707,0.020042634998901576,0.29448928406633784,57.58761368547384
708,708,0.020068481998919196,0.29448736959066907,57.58764346488225
709,709,0.020100689998912458,0.29448545933953824,57.58767316880476
710,710,0.02012719499890636,0.29448355330116716,57.58770279742887
711,711,0.02015244799889615,0.2944816514638194,57.58773235094321
712,712,0.020178197998916403,0.29447975381580066,57.58776182953754
713,713,0.02020379299887054,0.29447786034545825,57.58779123340269
714,714,0.020229348998839214,0.294475971041181,57.58782056273053
715,715,0.020254825998790693,0.2944740858913989,57.587849817714
716,716,0.020280945998820243,0.29447220488458303,57.58787899854701
717,717,0.020314687998848058,0.2944703280092452,57.58790810542443
718,718,0.020342909998873893,0.2944684552539382,57.58793713854212
719,719,0.020369355998866467,0.2944665866072548,57.58796609809679
720,720,0.020395617998815396,0.2944647220578282,57.58799498428612
721,721,0.020421427998826402,0.2944628615943316,57.588023797308594
722,722,0.020447363998812307,0.294461005205478,57.58805253736357
723,723,0.02047262599876376,0.29445915288002017,57.58808120465122
724,724,0.020498278998786645,0.2944573046067502,57.58810979937248
725,725,0.02052347799877907,0.2944554603744993,57.588138321729076
726,726,0.02054927099879933,0.294453620172138,57.58816677192348
727,727,0.020574320998775875,0.29445178398857536,57.58819515015886
728,728,0.020600925998792263,0.2944499518127594,57.588223456639106
729,729,0.020627139998794064,0.29444812363367634,57.58825169156876
730,730,0.020653327998786608,0.29444629944035094,57.588279855153004
731,731,0.020679313998755333,0.29444447922184586,57.588307947597684
732,732,0.020705464998798107,0.29444266296726174,57.588335969109224
733,733,0.020730382998806363,0.294440850665737,57.58836391989464
734,734,0.02075607899877241,0.2944390423064474,57.58839180016149
735,735,0.020788432998813278,0.29443723787860643,57.5884196101179
736,736,0.020816135998813934,0.2944354373714643,57.58844734997252
737,737,0.020842738998851473,0.29443364077430884,57.58847501993447
738,738,0.020868773998870438,0.2944318480764639,57.58850262021337
739,739,0.02089418399890519,0.29443005926729066,57.58853015101929
740,740,0.02091971799887915,0.29442827433618657,57.588557612562745
741,741,0.020974791998867204,0.29442649327258524,57.588585005054696
742,742,0.021002590998875803,0.2944247160659565,57.588612328706446
743,743,0.021029310998869732,0.29442294270580616,57.588639583729744
744,744,0.02105557199888608,0.29442117318167593,57.58866677033667
745,745,0.02108306799885895,0.2944194074831429,57.588693888739655
746,746,0.02110923999885017,0.29441764559981976,57.58872093915147
747,747,0.02113568299881763,0.29441588752135445,57.58874792178519
748,748,0.021161858998766547,0.29441413323743,57.58877483685418
749,749,0.021187313998780155,0.2944123827377645,57.58880168457209
750,750,0.021213026998793794,0.2944106360121107,57.58882846515284
751,751,0.02123831199878623,0.2944088930502561,57.58885517881057
752,752,0.02128602199877605,0.2944071538420225,57.58888182575967
753,753,0.021314660998768886,0.2944054183772662,57.588908406214735
754,754,0.021341377998794542,0.29440368664587757,57.58893492039055
755,755,0.021367264998843893,0.2944019586377809,57.58896136850208
756,756,0.021393619998889335,0.2944002343429344,57.588987750764474
757,757,0.021419196998920143,0.29439851375133,57.58901406739302
758,758,0.02144504799889546,0.294396796852993,57.58904031860313
759,759,0.021470782998903815,0.29439508363798234,57.589066504610365
760,760,0.02149689699888313,0.29439337409638977,57.58909262563036
761,761,0.021522511998909977,0.29439166821834056,57.58911868187888
762,762,0.02154915599891183,0.29438996599399253,57.58914467357173
763,763,0.021577264998938972,0.29438826741353646,57.58917060092481
764,764,0.021603910998919673,0.2943865724671957,57.589196464154064
765,765,0.021630046998893704,0.2943848811452262,57.58922226347546
766,766,0.021656249998898147,0.2943831934379159,57.58924799910503
767,767,0.021682224998926358,0.29438150933558543,57.58927367125877
768,768,0.0217081069989149,0.2943798288285868,57.589299280152716
769,769,0.02173384099893383,0.2943781519073046,57.58932482600287
770,770,0.021779301998947176,0.2943764785621547,57.58935030902523
771,771,0.021807809998904304,0.29437480878358463,57.58937572943572
772,772,0.021834545998899557,0.2943731425620736,57.58940108745027
773,773,0.021860589998880187,0.294371479888132,57.5894263832847
774,774,0.02188651099885419,0.29436982075230145,57.58945161715481
775,775,0.02191256999884672,0.2943681651451545,57.58947678927626
776,776,0.021938396998848475,0.2943665130572949,57.589501899864665
777,777,0.02196420899883833,0.2943648644793568,57.589526949135525
778,778,0.02198970499881625,0.29436321940200516,57.58955193730421
779,779,0.02201555399881272,0.29436157781593564,57.58957686458598
780,780,0.022041418998810514,0.29435993971187396,57.58960173119595
781,781,0.022074350998764203,0.2943583050805763,57.58962653734909
782,782,0.02210139099878461,0.29435667391282877,57.58965128326024
783,783,0.022127527998804908,0.29435504619944763,57.58967596914403
784,784,0.022153771998830507,0.2943534219312789,57.58970059521498
785,785,0.02217964599884681,0.2943518010991982,57.589725161687355
786,786,0.0222055709988922,0.2943501836941109,57.58974966877527
787,787,0.022231223998915084,0.29434856970695195,57.589774116692624
788,788,0.022272907998910796,0.29434695912868514,57.589798505653114
789,789,0.022302560998923582,0.2943453519503042,57.5898228358702
790,790,0.02232910099894525,0.2943437481628312,57.589847107557134
791,791,0.02235529799889946,0.2943421477573177,57.58987132092691
792,792,0.02238117199891576,0.29434055072484366,57.58989547619231
793,793,0.022406650998902933,0.29433895705651825,57.58991957356582
794,794,0.02245078899886721,0.29433736674347877,57.5899436132597
795,795,0.022477475998869068,0.29433577977689124,57.58996759548591
796,796,0.022503786998868236,0.29433419614794987,57.58999152045615
797,797,0.022529820998840933,0.2943326158478773,57.590015388381836
798,798,0.02255523999883735,0.29433103886792406,57.59003919947409
799,799,0.022582920998843292,0.2943294651993687,57.59006295394373
800,800,0.02260865099884768,0.2943278948335178,57.59008665200127
801,801,0.022634370998844133,0.2943263277617056,57.5901102938569
802,802,0.022660046998851158,0.29432476397529367,57.59013387972052
803,803,0.02268557599882115,0.2943232034656717,57.59015740980166
804,804,0.022711411998841413,0.2943216462242563,57.59018088430955
805,805,0.022737066998843147,0.29432009224249156,57.59020430345305
806,806,0.022788877998834778,0.29431854151184866,57.590227667440686
807,807,0.022817499998836865,0.294316994023826,57.590250976480654
808,808,0.022844238998800392,0.29431544976994867,57.590274230780736
809,809,0.022870230998819352,0.2943139087417688,57.5902974305484
810,810,0.022896412998818505,0.29431237093086526,57.59032057599072
811,811,0.022922309998818946,0.29431083632884325,57.59034366731438
812,812,0.022947992998808786,0.294309304927335,57.590366704725696
813,813,0.022980242998812628,0.2943077767179984,57.59038968843061
814,814,0.023008722998838493,0.2943062516925184,57.59041261863463
815,815,0.02303511599882313,0.2943047298426056,57.5904354955429
816,816,0.02306277999878148,0.29430321115999686,57.590458319360124
817,817,0.023089217998801814,0.2943016956364551,57.59048109029064
818,818,0.02311518299876525,0.2943001832637687,57.59050380853832
819,819,0.023141280998800084,0.2942986740337523,57.59052647430666
820,820,0.023167268998804502,0.2942971679382461,57.5905490877987
821,821,0.02319308699878775,0.29429566496911547,57.59057164921706
822,822,0.023218789998793454,0.29429416511825146,57.590594158763935
823,823,0.02326642499878062,0.29429266837757057,57.59061661664107
824,824,0.023295229998780087,0.2942911747390144,57.590639023049754
825,825,0.023322359998758202,0.2942896841945496,57.590661378190866
826,826,0.023348724998754733,0.29428819673616813,57.590683682264775
827,827,0.023375160998739375,0.2942867123558866,57.590705935471455
828,828,0.02340110299871867,0.2942852310457466,57.59072813801038
829,829,0.02342671899873494,0.2942837527978144,57.59075029008055
830,830,0.023453750998783107,0.2942822776041809,57.59077239188054
831,831,0.023480000998802097,0.2942808054569616,57.59079444360844
832,832,0.023506105998762905,0.29427933634829634,57.590816445461805
833,833,0.023532140998725026,0.2942778702703494,57.590838397637796
834,834,0.02356008599872439,0.2942764072153091,57.59086030033304
835,835,0.023586080998711623,0.2942749471753883,57.59088215374368
836,836,0.023612195998737207,0.2942734901428235,57.59090395806538
837,837,0.023638499998696716,0.29427203610987535,57.59092571349332
838,838,0.02366409699874339,0.2942705850688283,57.59094742022215
839,839,0.023689867998768932,0.29426913701199076,57.59096907844606
840,840,0.02371547999877066,0.29426769193169444,57.59099068835871
841,841,0.02376123499880123,0.294266249820295,57.59101225015324
842,842,0.023790114998803347,0.2942648106701714,57.59103376402233
843,843,0.023817487998826437,0.29426337447372597,57.591055230158105
844,844,0.023844043998792586,0.29426194122338445,57.59107664875219
845,845,0.02386989799879302,0.2942605109115959,57.59109801999571
846,846,0.0238959699988186,0.294259083530832,57.59111934407923
847,847,0.023922214998833624,0.2942576590735881,57.591140621192835
848,848,0.023948006998807614,0.29425623753238206,57.591161851526046
849,849,0.023973900998782938,0.29425481889975486,57.59118303526788
850,850,0.023999914998796612,0.2942534031682701,57.59120417260683
851,851,0.024025596998797027,0.2942519903305141,57.59122526373084
852,852,0.02405890199878513,0.2942505803790957,57.59124630882734
853,853,0.024085152998736703,0.29424917330664624,57.59126730808318
854,854,0.02411123599875964,0.2942477691058196,57.591288261684724
855,855,0.024137106998750824,0.294246367769292,57.59130916981777
856,856,0.024163192998742034,0.29424496928976185,57.591330032667564
857,857,0.02418881799871997,0.2942435736599496,57.59135085041884
858,858,0.024214621998737584,0.29424218087259774,57.591371623255746
859,859,0.02425740299872814,0.29424079092047123,57.591392351361904
860,860,0.024288287998729174,0.2942394037963564,57.5914130349204
861,861,0.024315240998703302,0.2942380194930616,57.59143367411372
862,862,0.024344273998735844,0.29423663800341693,57.591454269123865
863,863,0.02437094199871126,0.2942352593202741,57.59147482013223
864,864,0.024396856998748717,0.29423388343650647,57.59149532731965
865,865,0.024422737998747834,0.2942325103450088,57.59151579086645
866,866,0.024448430998745607,0.2942311400386974,57.59153621095235
867,867,0.024474284998746043,0.29422977251050975,57.59155658775653
868,868,0.024499790998731896,0.2942284077534048,57.59157692145761
869,869,0.02452569999871912,0.2942270457603623,57.59159721223364
870,870,0.024559012998736307,0.2942256865243834,57.5916174602621
871,871,0.02458540899874606,0.2942243300384903,57.59163766571992
872,872,0.024611305998746502,0.2942229762957258,57.591657828783454
873,873,0.024636889998703282,0.29422162528915397,57.5916779496285
874,874,0.024662244998694405,0.2942202770118593,57.59169802843025
875,875,0.024688198998717326,0.2942189314569473,57.591718065363395
876,876,0.024713539998742817,0.2942175886175439,57.591738060602
877,877,0.024739397998757795,0.29421624848679534,57.59175801431956
878,878,0.024771330998760277,0.2942149110578689,57.591777926689026
879,879,0.024798811998778092,0.29421357632395184,57.591797797882755
880,880,0.024825174998795774,0.2942122442782518,57.591817628072555
881,881,0.024851463998800227,0.2942109149139968,57.591837417429645
882,882,0.024877602998799375,0.294209588224435,57.59185716612464
883,883,0.02490343599879452,0.2942082642028344,57.591876874327646
884,884,0.024936290998766708,0.2942069428424834,57.59189654220813
885,885,0.024964079998767374,0.2942056241366899,57.59191616993502
886,886,0.024990545998775815,0.2942043080787822,57.591935757676644
887,887,0.02502387599878375,0.29420299466210786,57.59195530560077
888,888,0.025050783998779025,0.29420168388003465,57.591974813874586
889,889,0.02507702799874778,0.29420037572594965,57.59199428266469
890,890,0.025102901998764082,0.29419907019325975,57.592013712137124
891,891,0.025129085998798928,0.29419776727539104,57.59203310245733
892,892,0.025154894998763666,0.2941964669657894,57.59205245379017
893,893,0.025181106998786618,0.2941951692579199,57.592071766299945
894,894,0.025206662998812135,0.29419387414526693,57.59209104015036
895,895,0.025237614998843583,0.2941925816213341,57.59211027550456
896,896,0.02526453299884679,0.29419129167964425,57.592129472525095
897,897,0.025290938998864476,0.29419000431373915,57.592148631373924
898,898,0.025316535998854306,0.29418871951717973,57.59216775221247
899,899,0.02534238399886135,0.2941874372835458,57.59218683520151
900,900,0.02536783799882869,0.29418615760643607,57.592205880501304
901,901,0.025393496998788123,0.29418488047946817,57.59222488827151
902,902,0.025419070998793813,0.2941836058962782,57.59224385867119
903,903,0.02544468799879951,0.2941823338505212,57.59226279185886
904,904,0.025470335998818427,0.29418106433587077,57.592281687992404
905,905,0.025495987998795044,0.2941797973460189,57.592300547229186
906,906,0.025523374998783765,0.2941785328746763,57.59231936972596
907,907,0.025549295998814614,0.294177270915572,57.59233815563891
908,908,0.0255750709988547,0.2941760114624532,57.59235690512364
909,909,0.02560094099885646,0.2941747545090855,57.592375618335154
910,910,0.025626454998871395,0.2941735000492528,57.59239429542793
911,911,0.025652549998881113,0.29417224807675724,57.5924129365558
912,912,0.025677911998855052,0.2941709985854186,57.592431541872095
913,913,0.02572399199885922,0.29416975156907516,57.592450111529516
914,914,0.02575184499886518,0.29416850702158287,57.59246864568018
915,915,0.025778305998869655,0.2941672649368157,57.592487144475676
916,916,0.025804664998872795,0.2941660253086655,57.592505608066986
917,917,0.0258309259988323,0.29416478813104174,57.59252403660452
918,918,0.025857012998869777,0.2941635533978716,57.59254243023812
919,919,0.025882843998886074,0.2941623211030999,57.592560789117044
920,920,0.025908667998919555,0.29416109124068934,57.592579113389995
921,921,0.02593463699889753,0.2941598638046198,57.592597403205076
922,922,0.025960377998899276,0.2941586387888886,57.59261565870985
923,923,0.025985987998865312,0.2941574161875107,57.59263388005129
924,924,0.02601955499886799,0.29415619599451803,57.59265206737579
925,925,0.02604595499883544,0.2941549782039604,57.59267022082919
926,926,0.026071974998785663,0.294153762809904,57.59268834055676
927,927,0.026097680998816486,0.2941525498064331,57.592706426703195
928,928,0.026123375998793108,0.29415133918764824,57.59272447941261
929,929,0.026149227998814695,0.2941501309476674,57.592742498828585
930,930,0.026174656998819046,0.2941489250806256,57.5927604850941
931,931,0.02621575899883055,0.2941477215806745,57.592778438351594
932,932,0.026247557998829052,0.29414652044198275,57.59279635874292
933,933,0.026276027998846985,0.29414532165873597,57.5928142464094
934,934,0.0263027069988766,0.29414412522513617,57.59283210149174
935,935,0.0263293829988811,0.29414293113540224,57.59284992413013
936,936,0.026355612998827382,0.29414173938376986,57.59286771446418
937,937,0.026381777998835787,0.29414054996449085,57.59288547263294
938,938,0.02640770899887457,0.29413936287183384,57.59290319877491
939,939,0.02643387299889355,0.29413817810008397,57.59292089302802
940,940,0.026459809998868877,0.2941369956435425,57.59293855552965
941,941,0.02648544599884417,0.2941358154965273,57.592956186416615
942,942,0.026519640998856175,0.29413463765337217,57.59297378582516
943,943,0.02654561899885266,0.2941334621084276,57.592991353891016
944,944,0.026571607998903346,0.29413228885605985,57.593008890749324
945,945,0.026597871998887967,0.2941311178906515,57.5930263965347
946,946,0.02662350699893068,0.29412994920660124,57.59304387138118
947,947,0.02664965599893776,0.29412878279832344,57.59306131542226
948,948,0.02667528099897254,0.29412761866024895,57.593078728790886
949,949,0.026701164998996774,0.2941264567868239,57.593096111619474
950,950,0.026732969998988665,0.2941252971725107,57.59311346403988
951,951,0.026761292998969566,0.2941241398117873,57.59313078618338
952,952,0.026787650998926438,0.2941229846991477,57.59314807818075
953,953,0.026813873998946747,0.29412183182910123,57.59316534016221
954,954,0.0268396089989551,0.294120681196173,57.59318257225742
955,955,0.02686518899895418,0.29411953279490366,57.593199774595526
956,956,0.026897592998921027,0.29411838661984946,57.593216947305095
957,957,0.02692524999889656,0.2941172426655819,57.59323409051421
958,958,0.026951519998874574,0.2941161009266883,57.59325120435035
959,959,0.02698410899887449,0.2941149613977709,57.59326828894051
960,960,0.02701064899889616,0.2941138240734474,57.59328534441111
961,961,0.027036946998862277,0.2941126889483509,57.593302370888054
962,962,0.027062814998885187,0.2941115560171296,57.593319368496736
963,963,0.027088751998860516,0.2941104252744468,57.59333633736196
964,964,0.027114473998892663,0.294109296714981,57.59335327760806
965,965,0.027140531998895767,0.29410817033342573,57.59337018935878
966,966,0.027166083998906743,0.29410704612448957,57.59338707273739
967,967,0.02719968699892661,0.29410592408289576,57.5934039278666
968,968,0.027227191998917988,0.294104804203383,57.59342075486862
969,969,0.027253590998896016,0.2941036864807042,57.59343755386508
970,970,0.027280112998880668,0.2941025709096276,57.593454324977145
971,971,0.02730642299889041,0.2941014574849359,57.59347106832545
972,972,0.027332198998863078,0.29410034620142667,57.59348778403007
973,973,0.02735776599882911,0.29409923705391194,57.5935044722106
974,974,0.027383934998795212,0.2940981300372185,57.593521132986105
975,975,0.027409917998795663,0.2940970251461877,57.59353776647512
976,976,0.02743592299879083,0.29409592237567533,57.593554372795694
977,977,0.027462020998825665,0.2940948217205517,57.59357095206531
978,978,0.02748976799881575,0.29409372317570137,57.59358750440101
979,979,0.027515914998843982,0.29409262673602365,57.59360402991925
980,980,0.027541570998891984,0.29409153239643165,57.59362052873602
981,981,0.027567612998893765,0.29409044015185315,57.5936370009668
982,982,0.027593334998869068,0.29408934999723,57.59365344672656
983,983,0.027618802998858882,0.29408826192751825,57.59366986612974
984,984,0.02764450499881832,0.29408717593768796,57.593686259290294
985,985,0.027679042998784098,0.2940860920227235,57.59370262632168
986,986,0.027706754998803262,0.29408501017762323,57.593718967336855
987,987,0.027733322998813037,0.2940839303973993,57.593735282448236
988,988,0.027759386998809532,0.2940828526770779,57.5937515717678
989,989,0.02778559299878225,0.29408177701169924,57.593767835406986
990,990,0.027811686998802543,0.29408070339631726,57.59378407347674
991,991,0.02783767099879242,0.2940796318259997,57.593800286087536
992,992,0.027863238998747875,0.2940785622958281,57.59381647334934
993,993,0.027888740998719186,0.29407749480089784,57.59383263537161
994,994,0.02791471899871567,0.29407642933631783,57.59384877226335
995,995,0.027940839998734646,0.29407536589721034,57.59386488413303
996,996,0.02796859799872209,0.2940743044787118,57.59388097108867
997,997,0.028079361998720742,0.29407324507597177,57.5938970332378
998,998,0.02811371999871426,0.2940721876841534,57.593913070687435
999,999,0.028142088998720283,0.29407113229843335,57.59392908354413
1000,1000,0.02820989399873497,0.2940700789140016,57.59394507191397
1001,1001,0.02824134699875458,0.2940690275260615,57.59396103590254
1002,1002,0.028268721998699675,0.2940679781298299,57.59397697561495
1003,1003,0.02829513699873587,0.2940669307205366,57.593992891155814
1004,1004,0.028321159998768053,0.29406588529342476,57.59400878262932
1005,1005,0.028346999998746014,0.294064841843751,57.59402465013913
1006,1006,0.028372627998749067,0.2940638003667847,57.59404049378847
1007,1007,0.028398067998750776,0.29406276085780836,57.59405631368008
1008,1008,0.028423838998719475,0.294061723312118,57.59407210991621
1009,1009,0.0284533009987058,0.29406068772502214,57.594087882598664
1010,1010,0.028499447998683536,0.2940596540918426,57.594103631828794
1011,1011,0.02853352099867834,0.29405862240791375,57.59411935770745
1012,1012,0.02856091299867103,0.29405759266858345,57.59413506033505
1013,1013,0.028604276998692058,0.2940565648692118,57.59415073981152
1014,1014,0.028637931998730437,0.2940555390051722,57.59416639623635
1015,1015,0.028704283998763458,0.2940545150718505,57.594182029708556
1016,1016,0.028736874998742223,0.29405349306464523,57.594197640326705
1017,1017,0.028764630998750818,0.29405247297896797,57.5942132281889
1018,1018,0.028791356998738138,0.29405145481024275,57.5942287933928
1019,1019,0.0288172079987703,0.29405043855390595,57.594244336035594
1020,1020,0.028842784998801108,0.29404942420540703,57.59425985621402
1021,1021,0.028909099998827514,0.2940484117602076,57.594275354024404
1022,1022,0.028938014998857398,0.2940474012137817,57.59429082956256
1023,1023,0.028965224998842132,0.29404639256161613,57.594306282923895
1024,1024,0.029027482998856158,0.2940453857992099,57.59432171420338
1025,1025,0.029053964998865922,0.29404438092207436,57.5943371234955
1026,1026,0.029079948998855798,0.2940433779257333,57.59435251089434
1027,1027,0.02910643399889068,0.2940423768057227,57.59436787649351
1028,1028,0.029132545998891146,0.29404137755759086,57.5943832203862
1029,1029,0.029158190998884947,0.29404038017689826,57.59439854266516
1030,1030,0.029183860998841737,0.29403938465921736,57.594413843422686
1031,1031,0.029219105998890882,0.2940383910001332,57.59442912275067
1032,1032,0.029249290998905053,0.2940373991952425,57.59444438074055
1033,1033,0.02929364799894074,0.2940364092401542,57.594459617483324
1034,1034,0.029320890998917548,0.29403542113048914,57.59447483306956
1035,1035,0.02934726799890086,0.29403443486188036,57.59449002758943
1036,1036,0.02937334799889868,0.2940334504299726,57.59450520113265
1037,1037,0.02939956199890048,0.29403246783042275,57.594520353788496
1038,1038,0.02942546799891943,0.29403148705889925,57.59453548564586
1039,1039,0.029451294998921185,0.2940305081110826,57.59455059679317
1040,1040,0.02947721599889519,0.2940295309826651,57.59456568731845
1041,1041,0.0295105449989137,0.29402855566935066,57.59458075730932
1042,1042,0.029536596998923415,0.29402758216685493,57.594595806852965
1043,1043,0.029562739998937104,0.29402661047090534,57.59461083603613
1044,1044,0.029588455998919017,0.2940256405772409,57.594625844945206
1045,1045,0.02961429199893928,0.29402467248161207,57.5946408336661
1046,1046,0.02964043499895297,0.29402370617978135,57.59465580228434
1047,1047,0.029666335998967952,0.2940227416675222,57.59467075088506
1048,1048,0.02974231699892016,0.2940217789406199,57.59468567955295
1049,1049,0.0299109649989191,0.29402081799487106,57.594700588372326
1050,1050,0.029940787998896212,0.29401985882608384,57.59471547742706
1051,1051,0.02996820699888758,0.29401890143007764,57.59473034680064
1052,1052,0.029994703998909245,0.2940179458026833,57.59474519657616
1053,1053,0.030020955998907084,0.29401699193974307,57.59476002683628
1054,1054,0.030046758998935275,0.2940160398371102,57.594774837663316
1055,1055,0.030080744998940645,0.29401508949064953,57.594789629139115
1056,1056,0.030107028998941132,0.2940141408962368,57.59480440134517
1057,1057,0.03013321599894425,0.2940131940497591,57.594819154362575
1058,1058,0.030159139998943374,0.29401224894711464,57.594833888272014
1059,1059,0.030185143998949115,0.29401130558421273,57.5948486031538
1060,1060,0.0302110149989403,0.2940103639569736,57.59486329908782
1061,1061,0.030236849998971138,0.29400942406132874,57.59487797615361
1062,1062,0.030262826998921355,0.2940084858932207,57.594892634430295
1063,1063,0.030298352998897826,0.29400754944860263,57.594907273996625
1064,1064,0.030326357998887943,0.29400661472343903,57.59492189493094
1065,1065,0.030353297998885864,0.2940056817137048,57.594936497311224
1066,1066,0.030379564998895603,0.29400475041538626,57.594951081215065
1067,1067,0.030406097998934456,0.2940038208244803,57.59496564671967
1068,1068,0.03043194199892696,0.2940028929369945,57.59498019390187
1069,1069,0.03045778199890492,0.2940019667489474,57.59499472283812
1070,1070,0.03048329899888813,0.29400104225636814,57.5950092336045
1071,1071,0.030509129998904427,0.2940001194552967,57.59502372627669
1072,1072,0.030540511998879083,0.29399919834178356,57.59503820093003
1073,1073,0.03056825899886917,0.29399827891188995,57.59505265763948
1074,1074,0.030594403998861708,0.2939973611616877,57.59506709647959
1075,1075,0.03062050899887936,0.2939964450872589,57.595081517524605
1076,1076,0.03064651899887849,0.2939955306846968,57.59509592084836
1077,1077,0.030672530998856473,0.29399461795010456,57.595110306524326
1078,1078,0.030698194998876716,0.2939937068795961,57.59512467462562
1079,1079,0.030724467998879845,0.2939927974692958,57.59513902522501
1080,1080,0.030758957998898495,0.2939918897153383,57.59515335839487
1081,1081,0.030787975998919137,0.29399098361386855,57.59516767420721
1082,1082,0.030814309998902445,0.29399007916104203,57.59518197273372
1083,1083,0.030840808998902958,0.29398917635302463,57.59519625404571
1084,1084,0.030867153998940466,0.29398827518599213,57.595210518214124
1085,1085,0.030893204998960755,0.2939873756561308,57.59522476530957
1086,1086,0.030959435998966,0.2939864777596372,57.595238995402276
1087,1087,0.030986930998949447,0.29398558149271803,57.59525320856214
1088,1088,0.031013914998936798,0.2939846868515899,57.59526740485873
1089,1089,0.031048287998942214,0.29398379383247975,57.59528158436121
1090,1090,0.031074714998908348,0.2939829024316247,57.59529574713844
1091,1091,0.03110047799896165,0.2939820126452718,57.595309893258914
1092,1092,0.031126553998944928,0.2939811244696781,57.595324022790784
1093,1093,0.031152310998947996,0.29398023790111066,57.59533813580188
1094,1094,0.031178417998944497,0.2939793529358465,57.59535223235964
1095,1095,0.031204575998970085,0.29397846957017276,57.595366312531205
1096,1096,0.031230388998949365,0.2939775878003862,57.595380376383375
1097,1097,0.031261937998920075,0.2939767076227936,57.59539442398259
1098,1098,0.03128942699891013,0.2939758290337117,57.59540845539497
1099,1099,0.031315316998927756,0.2939749520294669,57.59542247068628
1100,1100,0.031341029998941394,0.29397407660639535,57.59543646992197
1101,1101,0.031366913998908785,0.293973202760843,57.59545045316717
1102,1102,0.03139430499891205,0.2939723304891658,57.59546442048666
1103,1103,0.03163337399888633,0.29397145978772893,57.595478371944864
1104,1104,0.031665112998894074,0.2939705906529074,57.59549230760593
1105,1105,0.03169301699887228,0.29396972308108615,57.59550622753365
1106,1106,0.03171992999887152,0.2939688570686594,57.595520131791496
1107,1107,0.03174671299888132,0.2939679926120309,57.59553402044262
1108,1108,0.03178064399884306,0.2939671297076144,57.59554789354984
1109,1109,0.03184580199882703,0.2939662683518327,57.59556175117567
1110,1110,0.03187717599882944,0.29396540854111824,57.59557559338228
1111,1111,0.03190911199885704,0.29396455027191304,57.59558942023153
1112,1112,0.031935849998831145,0.2939636935406684,57.595603231785
1113,1113,0.03196240699884356,0.2939628383438452,57.5956170281039
1114,1114,0.031988659998830826,0.29396198467791335,57.59563080924914
1115,1115,0.03201515899883134,0.2939611325393526,57.59564457528134
1116,1116,0.03204157899881466,0.29396028192465173,57.59565832626079
1117,1117,0.03206799799880855,0.29395943283030895,57.595672062247466
1118,1118,0.032094897998831584,0.2939585852528314,57.595685783301036
1119,1119,0.03213023599880671,0.29395773918873597,57.59569948948087
1120,1120,0.0321570439987795,0.2939568946345483,57.59571318084603
1121,1121,0.03218374699878268,0.2939560515868036,57.59572685745527
1122,1122,0.03221026299877394,0.29395521004204594,57.59574051936702
1123,1123,0.03223669799876916,0.2939543699968286,57.59575416663945
1124,1124,0.03226298599878419,0.2939535314477141,57.595767799330396
1125,1125,0.03228930399876617,0.29395269439127386,57.5957814174974
1126,1126,0.032315558998732286,0.2939518588240885,57.59579502119771
1127,1127,0.03234814199873881,0.2939510247427473,57.59580861048826
1128,1128,0.03237688899872637,0.29395019214384915,57.595822185425725
1129,1129,0.03240332799873613,0.2939493610240014,57.59583574606645
1130,1130,0.032429687998728696,0.2939485313798204,57.595849292466504
1131,1131,0.032455876998710664,0.2939477032079317,57.59586282468166
1132,1132,0.032481920998691294,0.2939468765049695,57.59587634276739
1133,1133,0.03250858899866671,0.2939460512675768,57.59588984677889
1134,1134,0.03253549099866859,0.2939452274924056,57.59590333677107
1135,1135,0.03256186099866909,0.29394440517611664,57.595916812798535
1136,1136,0.03258872799864321,0.29394358431537937,57.595930274915624
1137,1137,0.03262254899863137,0.29394276490687227,57.59594372317637
1138,1138,0.03264938299861342,0.2939419469472821,57.59595715763452
1139,1139,0.032675891998621864,0.2939411304333047,57.595970578343604
1140,1140,0.03270215099860252,0.29394031536164444,57.59598398535677
1141,1141,0.03272876499858057,0.2939395017290144,57.59599737872697
1142,1142,0.03275521699856654,0.29393868953213603,57.596010758506814
1143,1143,0.03278181699852212,0.2939378787677398,57.596024124748695
1144,1144,0.03282939399849738,0.29393706943256437,57.59603747750469
1145,1145,0.03285747999848354,0.2939362615233573,57.5960508168266
1146,1146,0.03288421099847483,0.29393545503687424,57.59606414276597
1147,1147,0.03291044799851761,0.29393464996987984,57.59607745537407
1148,1148,0.032936801998516785,0.2939338463191467,57.5960907547019
1149,1149,0.03296287899854633,0.2939330440814564,57.596104040800185
1150,1150,0.03298895399854018,0.29393224325359846,57.596117313719375
1151,1151,0.03302061599856643,0.2939314438323711,57.59613057350966
1152,1152,0.03304825099860409,0.2939306458145807,57.59614382022098
1153,1153,0.033075254998607306,0.29392984919704235,57.59615705390298
1154,1154,0.033103775998597484,0.29392905397657904,57.59617027460505
1155,1155,0.033130887998595426,0.29392826015002227,57.59618348237633
1156,1156,0.033157385998606514,0.29392746771421163,57.5961966772657
1157,1157,0.033184069998583254,0.29392667666599537,57.59620985932177
1158,1158,0.03321043899859433,0.2939258870022296,57.59622302859288
1159,1159,0.033236808998594825,0.29392509871977857,57.59623618512712
1160,1160,0.03326305599864554,0.29392431181551504,57.59624932897235
1161,1161,0.03331172999861565,0.29392352628631985,57.59626246017613
1162,1162,0.03334103499861385,0.2939227421290816,57.596275578785814
1163,1163,0.03336825699864221,0.2939219593406974,57.596288684848446
1164,1164,0.03339464899863742,0.2939211779180724,57.59630177841086
1165,1165,0.033421182998608856,0.2939203978581195,57.59631485951964
1166,1166,0.03344736499860801,0.2939196191577599,57.59632792822109
1167,1167,0.033473896998600594,0.29391884181392286,57.59634098456131
1168,1168,0.033500156998570674,0.29391806582354535,57.59635402858609
1169,1169,0.0335266009985844,0.29391729118357257,57.59636706034104
1170,1170,0.03355269499854785,0.29391651789095763,57.59638007987147
1171,1171,0.033578903998545684,0.2939157459426613,57.5963930872225
1172,1172,0.03360688399857281,0.2939149753356525,57.59640608243896
1173,1173,0.03363355399858392,0.29391420606690793,57.596419065565456
1174,1174,0.033659760998602906,0.29391343813341225,57.59643203664635
1175,1175,0.03368612699858886,0.2939126715321577,57.59644499572578
1176,1176,0.03371216299854041,0.2939119062601446,57.59645794284763
1177,1177,0.0337386159985158,0.29391114231438076,57.59647087805554
1178,1178,0.03376476399847661,0.293910379691882,57.59648380139296
1179,1179,0.03381308299850616,0.2939096183896717,57.59649671290302
1180,1180,0.03384228899852815,0.29390885840478104,57.59650961262868
1181,1181,0.03386984899856316,0.2939080997342489,57.59652250061267
1182,1182,0.033896841998569016,0.2939073423751217,57.596535376897464
1183,1183,0.03392325599861579,0.29390658632445366,57.596548241525305
1184,1184,0.03394984499863085,0.2939058315793065,57.59656109453822
1185,1185,0.033976399998607576,0.29390507813674965,57.59657393597799
1186,1186,0.03400260499859087,0.29390432599385996,57.596586765886194
1187,1187,0.03402880599861646,0.2939035751477221,57.59659958430416
1188,1188,0.034054987998615616,0.29390282559542785,57.596612391273
1189,1189,0.03408108399861476,0.2939020773340769,57.59662518683361
1190,1190,0.03410907799860752,0.29390133036077626,57.59663797102665
1191,1191,0.034147656998641196,0.29390058467264046,57.59665074389256
1192,1192,0.034174196998662865,0.29389984026679133,57.59666350547156
1193,1193,0.03420043299865938,0.2938990971403583,57.59667625580367
1194,1194,0.03422700599867312,0.2938983552904781,57.596688994928655
1195,1195,0.03425330699866436,0.2938976147142949,57.59670172288609
1196,1196,0.034279539998635755,0.29389687540896015,57.59671443971531
1197,1197,0.03431131899861839,0.29389613737163267,57.59672714545545
1198,1198,0.034339772998578155,0.2938954005994788,57.59673984014544
1199,1199,0.03437030199859237,0.29389466508967166,57.59675252382397
1200,1200,0.03439724199859029,0.29389393083939214,57.59676519652953
1201,1201,0.03442374499860534,0.2938931978458283,57.59677785830042
1202,1202,0.034449945998574094,0.29389246610617525,57.596790509174674
1203,1203,0.03447615299859308,0.2938917356176354,57.59680314919018
1204,1204,0.034502577998580364,0.29389100637741833,57.59681577838458
1205,1205,0.03453582399856714,0.29389027838274084,57.59682839679529
1206,1206,0.034570743998529,0.29388955163082686,57.59684100445957
1207,1207,0.03459935499853373,0.2938888261189074,57.59685360141445
1208,1208,0.03462665799850129,0.29388810184422065,57.59686618769676
1209,1209,0.034653401998525624,0.29388737880401183,57.5968787633431
1210,1210,0.0346802459985156,0.29388665699553324,57.59689132838989
1211,1211,0.03470675499852405,0.29388593641604427,57.596903882873356
1212,1212,0.03476524999854291,0.2938852170628113,57.5969164268295
1213,1213,0.03479445199855036,0.29388449893310764,57.596928960294164
1214,1214,0.034821677998536416,0.2938837820242137,57.596941483302935
1215,1215,0.034848615998498644,0.2938830663334169,57.59695399589125
1216,1216,0.03487471999852687,0.2938823518580113,57.59696649809432
1217,1217,0.03490100499851678,0.29388163859529837,57.59697898994717
1218,1218,0.03496206999852802,0.293880926542586,57.596991471484635
1219,1219,0.03499058399847854,0.2938802156971894,57.59700394274134
1220,1220,0.03501774299849103,0.2938795060564302,57.597016403751745
1221,1221,0.0350442979985246,0.2938787976176372,57.59702885455009
1222,1222,0.035076823998508644,0.29387809037814594,57.597041295170435
1223,1223,0.03511167999852205,0.2938773843352988,57.597053725646646
1224,1224,0.03514610399849971,0.29387667948644486,57.59706614601241
1225,1225,0.03517328399846065,0.29387597582894,57.59707855630122
1226,1226,0.035199350998425416,0.29387527336014685,57.59709095654637
1227,1227,0.035225669998396825,0.2938745720774349,57.597103346780976
1228,1228,0.03526244599839856,0.29387387197818005,57.59711572703797
1229,1229,0.03529059999840456,0.2938731730597652,57.59712809735011
1230,1230,0.0353176389983787,0.29387247531957966,57.597140457749944
1231,1231,0.0353443149983832,0.2938717787550197,57.59715280826986
1232,1232,0.035371504998352066,0.2938710833634879,57.59716514894205
1233,1233,0.03539797199834993,0.2938703891423936,57.59717747979853
1234,1234,0.03542429099832134,0.293869696089153,57.59718980087114
1235,1235,0.03545047399830992,0.2938690042011883,57.59720211219153
1236,1236,0.03547694899828002,0.2938683134759286,57.597214413791185
1237,1237,0.03550438299828329,0.2938676239108098,57.5972267057014
1238,1238,0.03553119199830235,0.2938669355032737,57.59723898795329
1239,1239,0.035557661998268486,0.29386624825076907,57.597251260577835
1240,1240,0.03563765799827934,0.293865562150751,57.59726352360576
1241,1241,0.03570019799826696,0.2938648772006812,57.59727577706769
1242,1242,0.03573155999828259,0.29386419339802744,57.597288020994064
1243,1243,0.035758754998255426,0.2938635107402644,57.597300255415114
1244,1244,0.03578569499825335,0.29386282922487295,57.59731248036091
1245,1245,0.03581233799820893,0.29386214884934014,57.597324695861396
1246,1246,0.03583975199825318,0.29386146961115983,57.59733690194628
1247,1247,0.035866094998254994,0.29386079150783184,57.597349098645154
1248,1248,0.03589246199828722,0.2938601145368627,57.59736128598741
1249,1249,0.03591790699829289,0.29385943869576486,57.59737346400229
1250,1250,0.03594330799830914,0.2938587639820574,57.59738563271887
1251,1251,0.03597784399835291,0.2938580903932655,57.59739779216604
1252,1252,0.03600362899840093,0.29385741792692055,57.59740994237256
1253,1253,0.03602891899839733,0.29385674658056044,57.59742208336697
1254,1254,0.03605451799836601,0.29385607635172906,57.59743421517773
1255,1255,0.036079855998366384,0.29385540723797665,57.59744633783304
1256,1256,0.036105275998352226,0.2938547392368597,57.59745845136103
1257,1257,0.03613068399835129,0.2938540723459405,57.59747055578959
1258,1258,0.03615623699835169,0.293853406562788,57.59748265114652
1259,1259,0.03618886999839788,0.293852741884977,57.59749473745942
1260,1260,0.036216517998411746,0.29385207831008847,57.59750681475574
1261,1261,0.03624242899843466,0.2938514158357096,57.59751888306277
1262,1262,0.036267884998437694,0.2938507544594334,57.597530942407644
1263,1263,0.036293953998438155,0.29385009417885927,57.59754299281734
1264,1264,0.03631954399844517,0.29384943499159255,57.597555034318695
1265,1265,0.036345112998446893,0.2938487768952444,57.59756706693838
1266,1266,0.036370331998455185,0.29384811988743254,57.59757909070292
1267,1267,0.03639562199845159,0.29384746396578,57.59759110563865
1268,1268,0.03642109499844537,0.29384680912791644,57.59760311177181
1269,1269,0.03644646799847351,0.293846155371477,57.59761510912846
1270,1270,0.03647397599843316,0.2938455026941031,57.5976270977345
1271,1271,0.03649938699845734,0.29384485109344194,57.59763907761571
1272,1272,0.036525364998453824,0.29384420056714666,57.597651048797694
1273,1273,0.03655047999848193,0.29384355111287647,57.597663011305904
1274,1274,0.036575874998447944,0.29384290272829616,57.59767496516568
1275,1275,0.03660962799841627,0.2938422554110766,57.59768691040218
1276,1276,0.03664370699840447,0.2938416091588945,57.59769884704044
1277,1277,0.03667760299839529,0.2938409639694324,57.597710775105334
1278,1278,0.03670567299838012,0.2938403198403785,57.597722694621595
1279,1279,0.036731804998396456,0.2938396767694272,57.59773460561384
1280,1280,0.03675758099836912,0.29383903475427814,57.597746508106475
1281,1281,0.03678310399834572,0.29383839379263726,57.59775840212385
1282,1282,0.036842184998363336,0.29383775388221595,57.59777028769011
1283,1283,0.0368703439983733,0.2938371150207315,57.59778216482929
1284,1284,0.036896703998365865,0.2938364772059067,57.59779403356528
1285,1285,0.03692231499837817,0.2938358404354703,57.597805893921816
1286,1286,0.03694985099838277,0.29383520470715657,57.597817745922505
1287,1287,0.036975656998379236,0.2938345700187056,57.59782958959084
1288,1288,0.03700161999836382,0.29383393636786304,57.597841424950126
1289,1289,0.037026902998320566,0.29383330375238015,57.597853252023576
1290,1290,0.037052386998311704,0.2938326721700139,57.59786507083426
1291,1291,0.03707742999830543,0.2938320416185269,57.59787688140509
1292,1292,0.03710299599828204,0.29383141209568725,57.59788868375887
1293,1293,0.03715150699832748,0.29383078359926884,57.59790047791826
1294,1294,0.03718037299830712,0.2938301561270509,57.597912263905776
1295,1295,0.03720733999830372,0.29382952967681814,57.59792404174382
1296,1296,0.037233673998343875,0.2938289042463611,57.597935811454654
1297,1297,0.037259274998348246,0.2938282798334758,57.597947573060424
1298,1298,0.037284620998377704,0.2938276564359635,57.59795932658311
1299,1299,0.03731006099837941,0.2938270340516311,57.597971072044615
1300,1300,0.037335308998365235,0.2938264126782911,57.59798280946665
1301,1301,0.03736034899833385,0.2938257923137614,57.59799453887085
1302,1302,0.03738541999831568,0.2938251729558652,57.598006260278716
1303,1303,0.037410550998345116,0.29382455460243107,57.59801797371159
1304,1304,0.037445659998354586,0.2938239372512933,57.59802967919072
1305,1305,0.037471631998300836,0.2938233209002915,57.59804137673721
1306,1306,0.0374970209983303,0.29382270554727047,57.59805306637206
1307,1307,0.037522415998353154,0.29382209119008057,57.598064748116116
1308,1308,0.03754755299837598,0.2938214778265774,57.59807642199013
1309,1309,0.03757236499836836,0.29382086545462194,57.598088088014734
1310,1310,0.037597769998399144,0.2938202540720804,57.598099746210394
1311,1311,0.0376230429984048,0.2938196436768245,57.5981113965975
1312,1312,0.037653322998380645,0.2938190342667312,57.59812303919631
1313,1313,0.03767943099836657,0.29381842583968254,57.59813467402694
1314,1314,0.03770513899837624,0.29381781839356613,57.598146301109416
1315,1315,0.03773083699837798,0.2938172119262745,57.598157920463635
1316,1316,0.037756147998379674,0.29381660643570573,57.598169532109374
1317,1317,0.03778143099839326,0.29381600191976287,57.59818113606627
1318,1318,0.03780666599840288,0.2938153983763544,57.59819273235391
1319,1319,0.03783233399843766,0.2938147958033937,57.59820432099167
1320,1320,0.03785776999842483,0.2938141941987998,57.5982159019989
1321,1321,0.03788310099844239,0.2938135935604963,57.59822747539477
1322,1322,0.03790857999842956,0.29381299388641247,57.598239041198376
1323,1323,0.037935728998434115,0.2938123951744823,57.59825059942868
1324,1324,0.03796173799838698,0.29381179742264524,57.59826215010453
1325,1325,0.03798714599838604,0.2938112006288458,57.59827369324468
1326,1326,0.0380125989984208,0.2938106047910332,57.59828522886775
1327,1327,0.038037719998385455,0.2938100099071622,57.59829675699225
1328,1328,0.03806336099842156,0.2938094159751925,57.59830827763661
1329,1329,0.038088649998428536,0.2938088229930888,57.59831979081911
1330,1330,0.03813354299842331,0.29380823095882064,57.598331296557944
1331,1331,0.0381611489984266,0.29380763987036307,57.598342794871186
1332,1332,0.03818819899839809,0.2938070497256957,57.598354285776814
1333,1333,0.03821456899839859,0.2938064605228032,57.598365769292684
1334,1334,0.0382409179983938,0.2938058722596755,57.598377245436545
1335,1335,0.038266849998422,0.29380528493430724,57.59838871422605
1336,1336,0.03829240799842637,0.2938046985446982,57.598400175678755
1337,1337,0.038317844998459805,0.2938041130888528,57.59841162981206
1338,1338,0.03834345299844699,0.29380352856478076,57.59842307664335
1339,1339,0.03836858099845131,0.2938029449704964,57.5984345161898
1340,1340,0.03839396199845169,0.2938023623040192,57.598445948468566
1341,1341,0.03842613199844891,0.2938017805633733,57.598457373496665
1342,1342,0.038452136998444075,0.29380119974658786,57.598468791291005
1343,1343,0.03847798999845509,0.2938006198516968,57.5984802018684
1344,1344,0.03850325999849247,0.29380004087673905,57.59849160524558
1345,1345,0.038528472998450525,0.29379946281975816,57.598503001439134
1346,1346,0.03855371799846807,0.29379888567880263,57.598514390465596
1347,1347,0.0385791119985015,0.2937983094519258,57.59852577234137
1348,1348,0.038604886998484744,0.29379773413718563,57.59853714708275
1349,1349,0.0386418349984865,0.29379715973264503,57.598548514705996
1350,1350,0.03867835399847763,0.29379658623637167,57.59855987522718
1351,1351,0.038706168998487556,0.2937960136464379,57.598571228662344
1352,1352,0.038732655998501286,0.2937954419609209,57.5985825750274
1353,1353,0.03876505199849589,0.29379487117790226,57.598593914338174
1354,1354,0.03879235799848857,0.2937943012954688,57.5986052466104
1355,1355,0.038818406998473165,0.2937937323117117,57.5986165718597
1356,1356,0.03885161999846787,0.2937931642247269,57.598627890101625
1357,1357,0.038877945998478936,0.29379259703261507,57.59863920135162
1358,1358,0.03890378999847144,0.2937920307334814,57.598650505625
1359,1359,0.03892932399850224,0.29379146532543593,57.59866180293706
1360,1360,0.038955016998500014,0.2937909008065932,57.59867309330294
1361,1361,0.038980300998503026,0.2937903371750725,57.59868437673773
1362,1362,0.039005614998529836,0.2937897744289975,57.59869565325639
1363,1363,0.039030752998542084,0.29378921256649676,57.59870692287382
1364,1364,0.039067370998566275,0.29378865158570316,57.59871818560481
1365,1365,0.03909450099854439,0.2937880914847545,57.59872944146405
1366,1366,0.03914099299851159,0.29378753226179266,57.59874069046618
1367,1367,0.0391670169985332,0.29378697391496444,57.59875193262572
1368,1368,0.03919254399852434,0.29378641644242115,57.598763167957095
1369,1369,0.03921813299848509,0.2937858598423185,57.59877439647466
1370,1370,0.03924349599844845,0.2937853041128167,57.598785618192686
1371,1371,0.039269116998411846,0.29378474925208065,57.59879683312533
1372,1372,0.039294661998440006,0.2937841952582796,57.59880804128669
1373,1373,0.0393198659984364,0.29378364212958713,57.59881924269075
1374,1374,0.03934798399842521,0.2937830898641816,57.598830437351445
1375,1375,0.039373669998440164,0.2937825384602457,57.59884162528258
1376,1376,0.039399073998481526,0.2937819879159663,57.59885280649793
1377,1377,0.039424068998471284,0.29378143822953523,57.59886398101112
1378,1378,0.0394494729984558,0.29378088939914826,57.598875148835745
1379,1379,0.03947484799840595,0.2937803414230057,57.59888630998529
1380,1380,0.03950044299841693,0.29377979429931245,57.59889746447316
1381,1381,0.03954066199838735,0.2937792480262774,57.59890861231269
1382,1382,0.03957166199842277,0.2937787026021143,57.598919753517116
1383,1383,0.03959886399843526,0.2937781580250408,57.59893088809959
1384,1384,0.039624522998394696,0.2937776142932792,57.5989420160732
1385,1385,0.039649995998388476,0.2937770714050559,57.59895313745095
1386,1386,0.03967561899838756,0.2937765293586018,57.59896425224576
1387,1387,0.039701007998417026,0.29377598815215217,57.59897536047046
1388,1388,0.03972628099842268,0.2937754477839463,57.598986462137816
1389,1389,0.03975149199840189,0.293774908252228,57.598997557260496
1390,1390,0.03977697699838245,0.2937743695552452,57.599008645851114
1391,1391,0.03980225499839207,0.2937738316912504,57.5990197279222
1392,1392,0.03983386999840377,0.29377329465849983,57.59903080348617
1393,1393,0.03985992699841745,0.2937727584552544,57.59904187255543
1394,1394,0.03988529499844162,0.2937722230797791,57.599052935142254
1395,1395,0.03991038099843536,0.2937716885303432,57.59906399125886
1396,1396,0.03993601999843577,0.29377115480522,57.59907504091738
1397,1397,0.039961487998482426,0.2937706219026872,57.59908608412988
1398,1398,0.0399869779985238,0.2937700898210265,57.59909712090837
1399,1399,0.04001197099853471,0.29376955855852394,57.59910815126474
1400,1400,0.04005942999850731,0.2937690281134696,57.59911917521083
1401,1401,0.04008796199855169,0.2937684984841578,57.59913019275844
1402,1402,0.040114149998544235,0.29376796966888685,57.59914120391921
1403,1403,0.04014026299859097,0.29376744166595953,57.599152208704815
1404,1404,0.040166110998598015,0.2937669144736822,57.599163207126765
1405,1405,0.04019141699859574,0.2937663880903658,57.59917419919655
1406,1406,0.04021698399856177,0.2937658625143251,57.599185184925574
1407,1407,0.040242880998562214,0.2937653377438792,57.59919616432518
1408,1408,0.04026854399859303,0.2937648137773508,57.599207137406594
1409,1409,0.04029401799863308,0.2937642906130673,57.59921810418104
1410,1410,0.04031946199864933,0.29376376824935957,57.599229064659646
1411,1411,0.04034621199866706,0.2937632466845629,57.599240018853436
1412,1412,0.04037171199865952,0.2937627259170164,57.59925096677341
1413,1413,0.04039736199865729,0.29376220594506336,57.599261908430485
1414,1414,0.04042260999864311,0.29376168676705083,57.59927284383549
1415,1415,0.040447930998595893,0.29376116838133015,57.599283772999215
1416,1416,0.04047313599858171,0.2937606507862565,57.59929469593238
1417,1417,0.04049860799858607,0.293760133980189,57.5993056126456
1418,1418,0.040546918998586534,0.29375961796149075,57.59931652314947
1419,1419,0.040575680998585995,0.29375910272852884,57.5993274274545
1420,1420,0.04060286799858659,0.2937585882796743,57.599338325571125
1421,1421,0.04062882199860951,0.2937580746133021,57.59934921750973
1422,1422,0.040654677998588795,0.29375756172779116,57.59936010328063
1423,1423,0.04068013499858125,0.2937570496215242,57.59937098289406
1424,1424,0.04070552699857899,0.29375653829288784,57.59938185636021
1425,1425,0.04073549199858917,0.29375602774027276,57.599392723689206
1426,1426,0.04076228299862805,0.29375551796207333,57.599403584891085
1427,1427,0.04078778599858879,0.2937550089566878,57.59941443997585
1428,1428,0.04082051199856096,0.2937545007225186,57.59942528895343
1429,1429,0.04084689699851651,0.29375399325797147,57.5994361318337
1430,1430,0.04087342299851571,0.2937534865614565,57.599446968626445
1431,1431,0.04089925899847913,0.2937529806313872,57.59945779934142
1432,1432,0.040925053998478234,0.2937524754661812,57.599468623988294
1433,1433,0.04095025299847066,0.2937519710642598,57.5994794425767
1434,1434,0.04097539299846176,0.29375146742404806,57.59949025511619
1435,1435,0.0410009649984886,0.29375096454397487,57.599501061616245
1436,1436,0.04103358399845547,0.293750462422473,57.59951186208634
1437,1437,0.041061561998446905,0.2937499610579787,57.59952265653582
1438,1438,0.04108801599841172,0.29374946044893235,57.599533444974014
1439,1439,0.041113487998416076,0.293748960593778,57.599544227410185
1440,1440,0.041139365998390076,0.2937484614909629,57.59955500385354
1441,1441,0.041164763998381204,0.2937479631389388,57.5995657743132
1442,1442,0.04119028299840011,0.29374746553616077,57.59957653879826
1443,1443,0.04121565899839652,0.2937469686810876,57.599587297317754
1444,1444,0.04124118199837312,0.2937464725721818,57.599598049880655
1445,1445,0.041266738998388064,0.2937459772079096,57.59960879649586
1446,1446,0.04129916699838532,0.29374548258674094,57.599619537172224
1447,1447,0.04132505899838179,0.29374498870714927,57.59963027191855
1448,1448,0.04135061099839277,0.2937444955676119,57.5996410007436
1449,1449,0.041375895998385204,0.29374400316660954,57.599651723656045
1450,1450,0.04140101299839216,0.29374351150262695,57.599662440664524
1451,1451,0.04142641099844013,0.29374302057415197,57.5996731517776
1452,1452,0.04145169999844711,0.2937425303796767,57.59968385700382
1453,1453,0.041476678998435546,0.29374204091769607,57.599694556351636
1454,1454,0.04150954099844739,0.2937415521867093,57.59970524982946
1455,1455,0.04153613999847039,0.29374106418521884,57.59971593744567
1456,1456,0.04156196599848272,0.2937405769117309,57.59972661920857
1457,1457,0.041587616998526755,0.2937400903647551,57.599737295126396
1458,1458,0.04161292399851391,0.29373960454280473,57.59974796520738
1459,1459,0.041638226998486516,0.29373911944439657,57.59975862945964
1460,1460,0.041663572998515974,0.293738635068051,57.5997692878913
1461,1461,0.041688887998475366,0.29373815141229187,57.599779940510395
1462,1462,0.04171383399847173,0.29373766847564664,57.59979058732492
1463,1463,0.04173928799843907,0.2937371862566461,57.59980122834282
1464,1464,0.04176500999841437,0.29373670475382485,57.599811863571986
1465,1465,0.041799989998423825,0.29373622396572074,57.59982249302026
1466,1466,0.04182586899838725,0.2937357438908752,57.59983311669544
1467,1467,0.041851637998433944,0.29373526452783305,57.59984373460527
1468,1468,0.041876994998403916,0.29373478587514257,57.59985434675744
1469,1469,0.04190223899843204,0.29373430793135585,57.59986495315959
1470,1470,0.04192762599842581,0.2937338306950279,57.59987555381932
1471,1471,0.04195309899841959,0.2937333541647176,57.59988614874417
1472,1472,0.041978726998422644,0.2937328783389868,57.599896737941634
1473,1473,0.0420090009984051,0.29373240321640137,57.599907321419174
1474,1474,0.04203544399837256,0.2937319287955301,57.59991789918419
1475,1475,0.042061486998420605,0.2937314550749455,57.599928471244034
1476,1476,0.04208694299842364,0.2937309820532232,57.599939037606006
1477,1477,0.04211257099842669,0.29373050972894243,57.599949598277384
1478,1478,0.042137727998408536,0.29373003810068565,57.59996015326536
1479,1479,0.04216327999836267,0.29372956716703885,57.59997070257712
1480,1480,0.042188887998349855,0.29372909692659116,57.59998124621978
1481,1481,0.04221444299838595,0.2937286273779354,57.5999917842004
1482,1482,0.04223970299835855,0.2937281585196673,57.60000231652604
1483,1483,0.04226520199836159,0.2937276903503864,57.60001284320367
1484,1484,0.042291800998327744,0.29372722286869507,57.600023364240215
1485,1485,0.04231745199831494,0.2937267560731993,57.60003387964261
1486,1486,0.04234252899834701,0.2937262899625083,57.60004438941766
1487,1487,0.04236797299836326,0.29372582453523466,57.60005489357221
1488,1488,0.04239341399835439,0.2937253597899942,57.600065392113
1489,1489,0.04241867099830188,0.29372489572540605,57.60007588504677
1490,1490,0.04244386399830091,0.2937244323400925,57.600086372380176
1491,1491,0.042490309998299836,0.29372396963267916,57.60009685411986
1492,1492,0.042517751998275344,0.293723507601795,57.60010733027244
1493,1493,0.042543663998287684,0.2937230462460721,57.600117800844416
1494,1494,0.04256946399829076,0.2937225855641459,57.60012826584232
1495,1495,0.042595092998283235,0.2937221255546549,57.60013872527262
1496,1496,0.04262035899824923,0.293721666216241,57.60014917914174
1497,1497,0.04264581099823772,0.29372120754754927,57.60015962745606
1498,1498,0.04267842799822574,0.29372074954722793,57.60017007022191
1499,1499,0.042707035998205356,0.2937202922139282,57.6001805074456
1500,1500,0.04273383499815964,0.2937198355463051,57.600190939133384
1501,1501,0.042761272998177446,0.2937193795430161,57.60020136529149
1502,1502,0.04278730799819641,0.29371892420272216,57.600211785926085
1503,1503,0.04281284299821664,0.2937184695240877,57.60022220104333
1504,1504,0.04283822999821041,0.29371801550577975,57.60023261064929
1505,1505,0.04286381299823461,0.2937175621464689,57.600243014750056
1506,1506,0.0428894449982522,0.29371710944482854,57.60025341335163
1507,1507,0.04291491499827771,0.2937166573995355,57.60026380646001
1508,1508,0.04297604199825855,0.2937162060092696,57.60027419408114
1509,1509,0.04300370499822748,0.2937157552727137,57.6002845762209
1510,1510,0.04302983699824381,0.29371530518855393,57.60029495288518
1511,1511,0.04305565199825878,0.2937148557554793,57.6003053240798
1512,1512,0.04308117199826711,0.2937144069721821,57.60031568981057
1513,1513,0.04310702099826358,0.29371395883735757,57.600326050083225
1514,1514,0.04313256899826001,0.29371351134970414,57.60033640490349
1515,1515,0.043158240998252495,0.2937130645079232,57.60034675427705
1516,1516,0.0431838409982106,0.2937126183107194,57.600357098209535
1517,1517,0.0432089319982083,0.2937121727568,57.60036743670658
1518,1518,0.043234521998215314,0.29371172784487576,57.60037776977372
1519,1519,0.04326354499823992,0.2937112835736602,57.60038809741651
1520,1520,0.043289151998237685,0.2937108399418701,57.60039841964046
1521,1521,0.04331453199824864,0.29371039694822487,57.60040873645102
1522,1522,0.043340236998233195,0.29370995459144744,57.60041904785361
1523,1523,0.043365380998238834,0.2937095128702632,57.600429353853656
1524,1524,0.043390586998214076,0.293709071783401,57.600439654456494
1525,1525,0.04341574799821046,0.29370863132959246,57.60044994966745
1526,1526,0.043440945998213465,0.2937081915075721,57.600460239491824
1527,1527,0.043471550998219755,0.29370775231607754,57.600470523934874
1528,1528,0.04349819999822557,0.29370731375384934,57.6004808030018
1529,1529,0.043524125998203544,0.293706875819631,57.600491076697814
1530,1530,0.04355000899818151,0.2937064385121689,57.60050134502807
1531,1531,0.04357557299817927,0.29370600183021245,57.600511607997674
1532,1532,0.04360076099823118,0.293705565772514,57.600521865611746
1533,1533,0.043626178998238174,0.2937051303378288,57.600532117875304
1534,1534,0.04365170399825047,0.29370469552491496,57.6005423647934
1535,1535,0.04367711399828522,0.2937042613325335,57.60055260637102
1536,1536,0.04370252399826313,0.2937038277594484,57.600562842613115
1537,1537,0.04372791399828202,0.29370339480442664,57.60057307352463
1538,1538,0.043754277998289126,0.2937029624662377,57.60058329911043
1539,1539,0.043779730998323885,0.29370253074365443,57.600593519375415
1540,1540,0.04380509999833748,0.2937020996354522,57.6006037343244
1541,1541,0.04383055199832597,0.29370166914040935,57.600613943962195
1542,1542,0.043855891998305196,0.29370123925730723,57.60062414829355
1543,1543,0.043881188998284415,0.29370080998492964,57.60063434732323
1544,1544,0.043906470998251734,0.2937003813220637,57.60064454105593
1545,1545,0.043953244998249374,0.293699953267499,57.60065472949634
1546,1546,0.04398122699825535,0.2936995258200281,57.60066491264911
1547,1547,0.044007593998287575,0.2936990989784465,57.600675090518855
1548,1548,0.04403364599829729,0.29369867274155215,57.60068526311016
1549,1549,0.04405865199834125,0.2936982471081463,57.6006954304276
1550,1550,0.044084639998345665,0.29369782207703254,57.600705592475684
1551,1551,0.044109783998351304,0.29369739764701747,57.600715749258946
1552,1552,0.044135307998374174,0.2936969738169105,57.60072590078184
1553,1553,0.044160390998399635,0.2936965505855237,57.600736047048805
1554,1554,0.04418568699838943,0.293696127951672,57.60074618806427
1555,1555,0.044211206998397756,0.29369570591417304,57.60075632383263
1556,1556,0.04423888999838255,0.2936952844718472,57.600766454358215
1557,1557,0.04426850699837814,0.2936948636235176,57.6007765796454
1558,1558,0.044294101998389124,0.2936944433680103,57.60078669969845
1559,1559,0.04431958699842653,0.29369402370415376,57.60079681452166
1560,1560,0.04434510399840974,0.2936936046307795,57.60080692411927
1561,1561,0.04437045199841805,0.29369318614672135,57.60081702849552
1562,1562,0.04439559099841972,0.29369276825081636,57.60082712765459
1563,1563,0.04442717599840762,0.29369235094190377,57.600837221600656
1564,1564,0.044454108998422726,0.2936919342188259,57.60084731033786
1565,1565,0.04447985899844298,0.29369151808042754,57.60085739387031
1566,1566,0.044505668998453984,0.29369110252555636,57.60086747220212
1567,1567,0.04453131999844118,0.2936906875530625,57.600877545337305
1568,1568,0.04456467599845837,0.29369027316179885,57.60088761327995
1569,1569,0.04459726799842656,0.293689859350621,57.600897676034045
1570,1570,0.04462525399844708,0.29368944611838715,57.60090773360358
1571,1571,0.044661273998428896,0.2936890334639582,57.600917785992515
1572,1572,0.04468927799842959,0.29368862138619767,57.60092783320479
1573,1573,0.044715929998460524,0.29368820988397165,57.600937875244306
1574,1574,0.04474204199846099,0.2936877989561488,57.60094791211496
1575,1575,0.04476790199845482,0.2936873886016008,57.6009579438206
1576,1576,0.044793687998435416,0.29368697881920147,57.60096797036509
1577,1577,0.04482672399842613,0.2936865696078274,57.60097799175221
1578,1578,0.04485522999840441,0.2936861609663578,57.60098800798577
1579,1579,0.044881912998391726,0.29368575289367466,57.600998019069515
1580,1580,0.04490768099839215,0.2936853453886622,57.601008025007204
1581,1581,0.044933453998396544,0.29368493845020743,57.601018025802546
1582,1582,0.04495900399842867,0.29368453207719997,57.60102802145924
1583,1583,0.044984520998468724,0.2936841262685318,57.60103801198095
1584,1584,0.0450101689984308,0.29368372102309775,57.60104799737132
1585,1585,0.04503552099845365,0.293683316339795,57.60105797763398
1586,1586,0.04507253899845409,0.29368291221752335,57.60106795277253
1587,1587,0.04509875299845589,0.29368250865518497,57.601077922790545
1588,1588,0.04512436099844308,0.293682105651685,57.60108788769159
1589,1589,0.04515002099844878,0.29368170320593057,57.601097847479195
1590,1590,0.04517536399839628,0.29368130131683184,57.60110780215687
1591,1591,0.04520048899843232,0.29368089998330105,57.6011177517281
1592,1592,0.04522637099842086,0.29368049920425315,57.60112769619636
1593,1593,0.045252077998384266,0.29368009897860564,57.601137635565095
1594,1594,0.04528506799834986,0.29367969930527843,57.60114756983773
1595,1595,0.04531393599830835,0.293679300183194,57.60115749901766
1596,1596,0.045339851998335234,0.2936789016112771,57.60116742310827
1597,1597,0.04536542299831581,0.2936785035884554,57.60117734211293
1598,1598,0.04539066599835451,0.29367810611365835,57.60118725603498
1599,1599,0.04541657799836685,0.2936777091858186,57.601197164877725
1600,1600,0.04544241699841223,0.2936773128038708,57.60120706864447
1601,1601,0.045468666998374374,0.2936769169667522,57.601216967338495
1602,1602,0.04549444699836158,0.2936765216734025,57.60122686096306
1603,1603,0.04551979899838443,0.29367612692276385,57.60123674952139
1604,1604,0.04554556499840601,0.2936757327137806,57.601246633016714
1605,1605,0.045572847998414545,0.29367533904540005,57.601256511452235
1606,1606,0.045598134998442674,0.29367494591657123,57.60126638483112
1607,1607,0.04562365599844043,0.2936745533262462,57.60127625315653
1608,1608,0.04564910499846064,0.29367416127337914,57.60128611643159
1609,1609,0.045674518998453095,0.29367376975692655,57.60129597465944
1610,1610,0.045699859998421744,0.2936733787758477,57.60130582784318
1611,1611,0.04572504999839566,0.2936729883291036,57.60131567598588
1612,1612,0.04577293399836435,0.2936725984156584,57.6013255190906
1613,1613,0.04580973499832908,0.2936722090344781,57.601335357160394
1614,1614,0.04583754499827819,0.29367182018453125,57.60134519019829
1615,1615,0.045912189998261965,0.29367143186478883,57.60135501820728
1616,1616,0.045940809998285204,0.29367104407422395,57.60136484119036
1617,1617,0.04596720299826984,0.29367065681181237,57.60137465915049
1618,1618,0.04604078499829711,0.29367027007653196,57.601384472090636
1619,1619,0.04607012499826624,0.29366988386736315,57.60139428001373
1620,1620,0.04609695199826547,0.2936694981832884,57.601404082922684
1621,1621,0.04612313499831089,0.2936691130232928,57.601413880820395
1622,1622,0.046149028998343056,0.2936687283863637,57.60142367370973
1623,1623,0.046174554998344775,0.2936683442714905,57.601433461593594
1624,1624,0.04619988899833061,0.2936679606776653,57.6014432444748
1625,1625,0.046225355998331,0.2936675776038823,57.60145302235618
1626,1626,0.04625633999836509,0.293667195049138,57.60146279524055
1627,1627,0.046283293998328645,0.2936668130124312,57.6014725631307
1628,1628,0.046309379998319855,0.29366643149276306,57.60148232602942
1629,1629,0.046335421998321635,0.29366605048913696,57.601492083939455
1630,1630,0.04636105199830354,0.29366567000055854,57.60150183686357
1631,1631,0.046386650998272216,0.2936652900260358,57.601511584804484
1632,1632,0.04641768699826798,0.29366491056457883,57.60152132776491
1633,1633,0.04644489899828841,0.29366453161520023,57.601531065747544
1634,1634,0.04647830599833469,0.29366415317691463,57.60154079875506
1635,1635,0.046510714998362346,0.29366377524873905,57.601550526790135
1636,1636,0.046538345998385466,0.29366339782969264,57.60156024985541
1637,1637,0.0466134299983878,0.2936630209187969,57.601569967953516
1638,1638,0.04664236899839125,0.2936626445150755,57.601579681087074
1639,1639,0.046704789998386786,0.29366226861755423,57.60158938925869
1640,1640,0.0467345939983943,0.29366189322526143,57.60159909247095
1641,1641,0.04676117199841201,0.2936615183372272,57.60160879072642
1642,1642,0.046787221998442874,0.2936611439524842,57.60161848402766
1643,1643,0.04681295399842611,0.29366077007006725,57.60162817237721
1644,1644,0.04683852599845295,0.2936603966890131,57.601637855777604
1645,1645,0.04686419999842428,0.2936600238083611,57.601647534231354
1646,1646,0.04688959599843656,0.2936596514271523,57.60165720774094
1647,1647,0.04691498999841315,0.2936592795444305,57.60166687630887
1648,1648,0.046940488998416185,0.2936589081592411,57.60167653993759
1649,1649,0.046965746998466784,0.2936585372706321,57.60168619862958
1650,1650,0.04699211599847786,0.29365816687765356,57.60169585238726
1651,1651,0.04701756999850204,0.2936577969793575,57.601705501213054
1652,1652,0.04704322699848262,0.29365742757479835,57.6017151451094
1653,1653,0.0470688409984632,0.29365705866303243,57.60172478407868
1654,1654,0.04709429799845566,0.29365669024311847,57.601734418123264
1655,1655,0.04711946499844544,0.2936563223141172,57.601744047245546
1656,1656,0.04714499599845112,0.29365595487509155,57.60175367144788
1657,1657,0.0471946079984491,0.2936555879251064,57.60176329073261
1658,1658,0.047224716998471195,0.29365522146322887,57.60177290510207
1659,1659,0.047250915998461096,0.29365485548852827,57.601782514558565
1660,1660,0.04727635199844826,0.29365449000007593,57.60179211910442
1661,1661,0.047301662998449956,0.2936541249969453,57.60180171874191
1662,1662,0.04732704299846091,0.293653760478212,57.60181131347332
1663,1663,0.0473524369984375,0.2936533964429535,57.601820903300926
1664,1664,0.04738075499841443,0.29365303289024974,57.60183048822697
1665,1665,0.047416225998404116,0.29365266981918237,57.60184006825369
1666,1666,0.04745044599843595,0.2936523072288353,57.60184964338334
1667,1667,0.04748958599844855,0.2936519451182946,57.60185921361812
1668,1668,0.04756106499843327,0.2936515834866482,57.601868778960224
1669,1669,0.047591211998394556,0.29365122233298624,57.60187833941187
1670,1670,0.047618414998396474,0.29365086165640086,57.60188789497522
1671,1671,0.04765959299840006,0.2936505014559863,57.601897445652455
1672,1672,0.04768775199841002,0.2936501417308388,57.601906991445716
1673,1673,0.047714294998399964,0.29364978248005663,57.60191653235717
1674,1674,0.04773982099840168,0.29364942370274016,57.601926068388934
1675,1675,0.047765398998421915,0.29364906539799157,57.60193559954314
1676,1676,0.047790685998450044,0.29364870756491557,57.60194512582188
1677,1677,0.047816042998420016,0.29364835020261826,57.601954647227274
1678,1678,0.04784115599841243,0.2936479933102083,57.60196416376141
1679,1679,0.04786633399845641,0.29364763688679596,57.60197367542635
1680,1680,0.04789170699848455,0.2936472809314938,57.601983182224174
1681,1681,0.047927292998451776,0.29364692544341603,57.601992684156926
1682,1682,0.047953603998450944,0.2936465704216794,57.602002181226666
1683,1683,0.04797986499841045,0.2936462158654022,57.60201167343542
1684,1684,0.04800539499842671,0.2936458617737049,57.60202116078519
1685,1685,0.048030981998408606,0.2936455081457097,57.60203064327802
1686,1686,0.048056268998436735,0.29364515498054117,57.6020401209159
1687,1687,0.048081970998453016,0.2936448022773256,57.60204959370082
1688,1688,0.04810754799842698,0.2936444500351913,57.602059061634755
1689,1689,0.048139217998425465,0.29364409825326854,57.60206852471969
1690,1690,0.04816725299843938,0.29364374693068945,57.602077982957574
1691,1691,0.04819401699842274,0.2936433960665884,57.60208743635036
1692,1692,0.04823703899842258,0.29364304566010135,57.6020968849
1693,1693,0.048263235998376786,0.29364269571036644,57.60210632860841
1694,1694,0.048324235998393306,0.29364234621652363,57.602115767477514
1695,1695,0.048352078998391335,0.2936419971777148,57.60212520150922
1696,1696,0.048378292998393135,0.2936416485930839,57.60213463070544
1697,1697,0.0484038359983856,0.2936413004617767,57.602144055068074
1698,1698,0.04843071099833196,0.2936409527829409,57.602153474598985
1699,1699,0.04845644899836543,0.2936406055557261,57.60216288930005
1700,1700,0.04848175599835258,0.29364025877928374,57.60217229917314
1701,1701,0.04850723599832918,0.2936399124527674,57.60218170422011
1702,1702,0.04853276299832032,0.2936395665753323,57.6021911044428
1703,1703,0.04855826499834848,0.2936392211461356,57.60220049984306
1704,1704,0.04858371499835812,0.2936388761643365,57.6022098904227
1705,1705,0.048632659998361305,0.2936385316290959,57.60221927618355
1706,1706,0.04866147399837928,0.29363818753957677,57.60222865712742
1707,1707,0.048687992998338814,0.29363784389494385,57.60223803325611
1708,1708,0.04871569899836459,0.29363750069436345,57.602247404571415
1709,1709,0.04874161699837032,0.2936371579370045,57.602256771075105
1710,1710,0.04876741299841569,0.293636815622037,57.602266132768975
1711,1711,0.04879312899845445,0.2936364737486333,57.602275489654794
1712,1712,0.04881848899850638,0.29363613231596736,57.6022848417343
1713,1713,0.04884377399849882,0.29363579132321516,57.602294189009264
1714,1714,0.04886914599848069,0.2936354507695543,57.60230353148142
1715,1715,0.04889663399848132,0.2936351106541645,57.602312869152506
1716,1716,0.04893372699848442,0.29363477097622703,57.60232220202425
1717,1717,0.04895989599845052,0.2936344317349251,57.60233153009838
1718,1718,0.04898546199842713,0.29363409292944387,57.60234085337658
1719,1719,0.049011426998447405,0.2936337545589702,57.60235017186057
1720,1720,0.049036863998423996,0.2936334166226926,57.60235948555205
1721,1721,0.04906223799838472,0.29363307911980185,57.6023687944527
1722,1722,0.04908808199837722,0.29363274204949,57.602378098564216
1723,1723,0.049118664998388795,0.2936324054109513,57.60238739788824
1724,1724,0.04914566899839201,0.29363206920338164,57.60239669242646
1725,1725,0.049172110998370044,0.29363173342597865,57.602405982180535
1726,1726,0.04919807099832951,0.29363139807794175,57.60241526715211
1727,1727,0.04922362299834049,0.2936310631584724,57.60242454734283
1728,1728,0.04924954499830392,0.2936307286667734,57.60243382275432
1729,1729,0.049275234998276574,0.29363039460204976,57.60244309338823
1730,1730,0.049300606998258445,0.29363006096350797,57.60245235924617
1731,1731,0.04932591799826014,0.29362972775035634,57.60246162032976
1732,1732,0.04935165799827246,0.29362939496180507,57.602470876640616
1733,1733,0.049383727998247196,0.293629062597066,57.60248012818031
1734,1734,0.049409994998256934,0.2936287306553527,57.60248937495047
1735,1735,0.04943573199824414,0.2936283991358807,57.60249861695267
1736,1736,0.04946084999824052,0.2936280680378669,57.6025078541885
1737,1737,0.0494861349982898,0.29362773736053016,57.602517086659525
1738,1738,0.04951126399828354,0.29362740710309126,57.60252631436731
1739,1739,0.049536554998269366,0.29362707726477233,57.602535537313436
1740,1740,0.04956183399826841,0.29362674784479753,57.60254475549945
1741,1741,0.049594593998278924,0.29362641884239254,57.6025539689269
1742,1742,0.04962178499829406,0.29362609025678493,57.602563177597325
1743,1743,0.04964796999826149,0.2936257620872038,57.602572381512275
1744,1744,0.04967353899826321,0.2936254343328802,57.60258158067328
1745,1745,0.04969925699822397,0.29362510699304656,57.60259077508184
1746,1746,0.049724599998228314,0.2936247800669372,57.60259996473951
1747,1747,0.04975035899821023,0.29362445355378824,57.60260914964778
1748,1748,0.0497754359982423,0.2936241274528374,57.60261832980819
1749,1749,0.04980051899821092,0.2936238017633241,57.602627505222195
1750,1750,0.04982566099823771,0.2936234764844891,57.602636675891326
1751,1751,0.04985094899819842,0.2936231516155755,57.60264584181706
1752,1752,0.04988401799818121,0.2936228271558276,57.602655003000876
1753,1753,0.0499097459981499,0.2936225031044916,57.60266415944427
1754,1754,0.049935523998101417,0.29362217946081504,57.602673311148706
1755,1755,0.04996075499809649,0.29362185622404763,57.60268245811566
1756,1756,0.04998604799811801,0.2936215333934402,57.60269160034659
1757,1757,0.050011429998107815,0.2936212109682457,57.60270073784295
1758,1758,0.05003672599809761,0.2936208889477184,57.602709870606205
1759,1759,0.050080270998137166,0.2936205673311144,57.60271899863778
1760,1760,0.05011224299812511,0.2936202461176914,57.60272812193915
1761,1761,0.05014013299813769,0.29361992530670866,57.602737240511736
1762,1762,0.05016629999812494,0.2936196048974272,57.60274635435696
1763,1763,0.05019204699812008,0.2936192848891096,57.602755463476264
1764,1764,0.05021753399813633,0.2936189652810201,57.60276456787106
1765,1765,0.05024315099814203,0.29361864607242455,57.602773667542785
1766,1766,0.05027512199814055,0.2936183272625903,57.602782762492836
1767,1767,0.050302994998162376,0.29361800885078654,57.60279185272261
1768,1768,0.050329023998131106,0.293617690836284,57.60280093823354
1769,1769,0.050362201998098044,0.2936173732183547,57.602810019027004
1770,1770,0.050387974998102436,0.2936170559962728,57.6028190951044
1771,1771,0.05041377499810551,0.2936167391693138,57.60282816646713
1772,1772,0.050439370998105915,0.29361642273675465,57.60283723311657
1773,1773,0.05046480399812481,0.2936161066978742,57.602846295054086
1774,1774,0.0504904359981424,0.29361579105195246,57.60285535228108
1775,1775,0.05051557999814804,0.29361547579827146,57.602864404798915
1776,1776,0.05054124099820001,0.29361516093611467,57.602873452608954
1777,1777,0.050571871998215556,0.29361484646476693,57.60288249571257
1778,1778,0.05059832699822664,0.293614532383515,57.602891534111116
1779,1779,0.050624467998204636,0.29361421869164694,57.602900567805946
1780,1780,0.05065011699821298,0.29361390538845245,57.60290959679842
1781,1781,0.050675422998210706,0.29361359247322283,57.60291862108987
1782,1782,0.05070066599819256,0.2936132799452508,57.60292764068167
1783,1783,0.05072582699818895,0.29361296780383095,57.60293665557513
1784,1784,0.05075086799820383,0.2936126560482589,57.60294566577159
1785,1785,0.05077624699822536,0.2936123446778325,57.6029546712724
1786,1786,0.050801460998229686,0.29361203369185046,57.60296367207887
1787,1787,0.05082670899821551,0.2936117230896134,57.60297266819233
1788,1788,0.05085385199822667,0.2936114128704235,57.6029816596141
1789,1789,0.050879576998227094,0.2936111030335843,57.60299064634551
1790,1790,0.05090572199821963,0.2936107935784009,57.602999628387856
1791,1791,0.050931278998234575,0.29361048450418004,57.60300860574245
1792,1792,0.05095734499820992,0.2936101758102299,57.60301757841061
1793,1793,0.05098279499816272,0.2936098674958601,57.603026546393636
1794,1794,0.051007982998157786,0.2936095595603818,57.603035509692816
1795,1795,0.05105442499814217,0.2936092520031079,57.60304446830946
1796,1796,0.051081524998096484,0.2936089448233525,57.60305342224486
1797,1797,0.051107765998096966,0.2936086380204313,57.6030623715003
1798,1798,0.05113339999809341,0.2936083315936614,57.60307131607706
1799,1799,0.05115880399807793,0.2936080255423619,57.603080255976444
1800,1800,0.05118411099812192,0.29360771986585255,57.60308919119972
1801,1801,0.05120959499811306,0.29360741456345524,57.603098121748175
1802,1802,0.05123495499810815,0.29360710963449305,57.603107047623055
1803,1803,0.05126037199812572,0.2936068050782908,57.60311596882566
1804,1804,0.05128579099812214,0.29360650089417434,57.60312488535725
1805,1805,0.05131122999813442,0.29360619708147145,57.6031337972191
1806,1806,0.051344010998150225,0.29360589363951106,57.603142704412456
1807,1807,0.051369892998138766,0.29360559056762375,57.60315160693858
1808,1808,0.051395439998145775,0.2936052878651415,57.603160504798744
1809,1809,0.051420835998158054,0.2936049855313977,57.60316939799418
1810,1810,0.05144593699816369,0.2936046835657272,57.60317828652616
1811,1811,0.051470812998161364,0.29360438196746647,57.603187170395906
1812,1812,0.051496008998185516,0.29360408073595307,57.6031960496047
1813,1813,0.051521406998176644,0.2936037798705265,57.603204924153765
1814,1814,0.05155132399818285,0.29360347937052717,57.60321379404433
1815,1815,0.05157798799820057,0.2936031792352973,57.60322265927767
1816,1816,0.051604216998157426,0.29360287946418034,57.60323151985499
1817,1817,0.05162966399814195,0.2936025800565214,57.603240375777524
1818,1818,0.05165514499810797,0.29360228101166663,57.60324922704652
1819,1819,0.05168055399809646,0.293601982328964,57.603258073663206
1820,1820,0.05170615499810083,0.2936016840077627,57.60326691562878
1821,1821,0.05173135699811837,0.2936013860474133,57.603275752944505
1822,1822,0.05175668499811081,0.29360108844726795,57.603284585611576
1823,1823,0.05178203499809797,0.2936007912066799,57.60329341363123
1824,1824,0.051807240998130055,0.2936004943250043,57.60330223700468
1825,1825,0.05183404199812003,0.2936001978015972,57.60331105573313
1826,1826,0.05185964599814952,0.2935999016358163,57.6033198698178
1827,1827,0.051884691998168364,0.2935996058270206,57.60332867925991
1828,1828,0.0519100839981661,0.29359931037457054,57.60333748406066
1829,1829,0.051941359998181724,0.29359901527782817,57.60334628422126
1830,1830,0.051968356998202125,0.29359872053615643,57.60335507974292
1831,1831,0.052008886998180515,0.29359842614891984,57.60336387062683
1832,1832,0.05204015799819217,0.2935981321154847,57.6033726568742
1833,1833,0.05206865999815591,0.29359783843521814,57.60338143848623
1834,1834,0.052095288998202705,0.2935975451074888,57.603390215464124
1835,1835,0.05212134199820184,0.29359725213166693,57.60339898780907
1836,1836,0.05214685099821281,0.2935969595071239,57.60340775552227
1837,1837,0.05217235899823436,0.2935966672332324,57.60341651860489
1838,1838,0.0522060229982344,0.2935963753093668,57.60342527705815
1839,1839,0.05223369299818614,0.2935960837349025,57.603434030883236
1840,1840,0.05225993799820117,0.29359579250921625,57.60344278008132
1841,1841,0.05229517499822123,0.29359550163168646,57.60345152465361
1842,1842,0.05232148699820982,0.2935952111016926,57.603460264601274
1843,1843,0.05234762599820897,0.2935949209186155,57.60346899992549
1844,1844,0.052374203998226676,0.2935946310818375,57.60347773062746
1845,1845,0.05240071999827478,0.29359434159074205,57.603486456708346
1846,1846,0.05242621399827385,0.2935940524447142,57.60349517816934
1847,1847,0.05245220999825051,0.29359376364314,57.60350389501161
1848,1848,0.05247778099823108,0.29359347518540707,57.60351260723633
1849,1849,0.052509511998209746,0.2935931870709043,57.603521314844684
1850,1850,0.052536943998234165,0.2935928992990219,57.60353001783784
1851,1851,0.05256312699822274,0.29359261186915125,57.603538716216974
1852,1852,0.05258890099821656,0.29359232478068525,57.60354740998324
1853,1853,0.052614657998162784,0.2935920380330181,57.603556099137826
1854,1854,0.0526403059981817,0.29359175162554507,57.60356478368189
1855,1855,0.05266594999818608,0.293591465557663,57.6035734636166
1856,1856,0.052691075998211545,0.2935911798287698,57.60358213894314
1857,1857,0.05271614699819338,0.29359089443826497,57.603590809662634
1858,1858,0.05274142899821754,0.29359060938554904,57.60359947577629
1859,1859,0.05277452599818844,0.29359032467002394,57.603608137285256
1860,1860,0.05280042599815715,0.2935900402910928,57.60361679419067
1861,1861,0.052826210998148326,0.29358975624816,57.60362544649373
1862,1862,0.05285185599819897,0.29358947254063156,57.60363409419557
1863,1863,0.052877617998206006,0.2935891891679144,57.60364273729735
1864,1864,0.05290306099823283,0.2935889061294167,57.60365137580025
1865,1865,0.052928182998243756,0.2935886234245482,57.60366000970539
1866,1866,0.05295361199824811,0.2935883410527197,57.60366863901396
1867,1867,0.052985503998286276,0.29358805901334334,57.6036772637271
1868,1868,0.053012275998241876,0.2935877773058324,57.60368588384596
1869,1869,0.053037966998203956,0.2935874959296017,57.60369449937171
1870,1870,0.05306357199822287,0.2935872148840669,57.603703110305496
1871,1871,0.05308928799820478,0.2935869341686453,57.60371171664846
1872,1872,0.053114701998197233,0.2935866537827551,57.60372031840177
1873,1873,0.05314016699816193,0.29358637372581625,57.60372891556656
1874,1874,0.05316557399817157,0.2935860939972494,57.60373750814399
1875,1875,0.05319103199821029,0.2935858145964767,57.60374609613521
1876,1876,0.05321640699821728,0.29358553552292155,57.60375467954136
1877,1877,0.053241729998205756,0.29358525677600866,57.6037632583636
1878,1878,0.053269205998219604,0.2935849783551636,57.603771832603066
1879,1879,0.053294980998202846,0.2935847002598136,57.60378040226092
1880,1880,0.05332017399820188,0.29358442248938693,57.6037889673383
1881,1881,0.0533454519982115,0.293584145043313,57.60379752783635
1882,1882,0.053370879998169585,0.29358386792102265,57.60380608375622
1883,1883,0.053396418998204354,0.29358359112194776,57.60381463509905
1884,1884,0.053421830998217956,0.29358331464552145,57.60382318186599
1885,1885,0.053462990998241366,0.2935830384911781,57.603831724058196
1886,1886,0.05349310599825685,0.2935827626583535,57.60384026167678
1887,1887,0.05351990399827855,0.2935824871464842,57.60384879472292
1888,1888,0.05354888799826085,0.2935822119550082,57.60385732319774
1889,1889,0.053574753998304914,0.2935819370833648,57.6038658471024
1890,1890,0.0536001779983053,0.29358166253099416,57.603874366438006
1891,1891,0.05362538799829508,0.2935813882973381,57.60388288120575
1892,1892,0.053650886998241276,0.29358111438183926,57.60389139140675
1893,1893,0.05367636499823902,0.29358084078394153,57.60389989704214
1894,1894,0.053701476998242015,0.29358056750309025,57.603908398113084
1895,1895,0.05372699699825034,0.2935802945387316,57.6039168946207
1896,1896,0.05375975799825028,0.29358002189031307,57.60392538656614
1897,1897,0.05378603099825341,0.2935797495572834,57.603933873950545
1898,1898,0.05381147499826966,0.2935794775390924,57.60394235677508
1899,1899,0.053836791998264744,0.2935792058351911,57.60395083504084
1900,1900,0.05386212699824,0.2935789344450317,57.603959308749
1901,1901,0.05388765699825626,0.2935786633680675,57.60396777790069
1902,1902,0.05391279899828305,0.2935783926037531,57.60397624249706
1903,1903,0.05393801899828077,0.2935781221515441,57.60398470253925
1904,1904,0.05397151399830591,0.2935778520108975,57.60399315802838
1905,1905,0.05399902499829068,0.29357758218127117,57.60400160896563
1906,1906,0.054025166998314944,0.2935773126621241,57.604010055352106
1907,1907,0.05405105999835769,0.2935770434529169,57.60401849718897
1908,1908,0.0540769749983383,0.29357677455311076,57.60402693447735
1909,1909,0.05410242599833737,0.29357650596216833,57.6040353672184
1910,1910,0.05415515799830928,0.29357623767955343,57.60404379541325
1911,1911,0.05418239199832442,0.29357596970473077,57.60405221906306
1912,1912,0.05420833099833544,0.29357570203716654,57.604060638168946
1913,1913,0.05423406499835437,0.29357543467632763,57.60406905273207
1914,1914,0.054261658998370876,0.29357516762168245,57.60407746275358
1915,1915,0.054287606998400406,0.2935749008727004,57.604085868234606
1916,1916,0.05431325099840478,0.2935746344288518,57.60409426917629
1917,1917,0.05433866399840781,0.2935743682896085,57.60410266557977
1918,1918,0.054364244998396316,0.29357410245444315,57.604111057446204
1919,1919,0.054389632998436355,0.2935738369228296,57.604119444776735
1920,1920,0.05441543199839316,0.29357357169424286,57.6041278275725
1921,1921,0.05446139999838806,0.293573306768159,57.60413620583464
1922,1922,0.0544891729983874,0.2935730421440553,57.604144579564306
1923,1923,0.05451554499842359,0.29357277782140995,57.604152948762646
1924,1924,0.05454180599843994,0.2935725137997025,57.604161313430815
1925,1925,0.05456771999843113,0.29357225007841337,57.60416967356993
1926,1926,0.05459362899841835,0.29357198665702405,57.60417802918115
1927,1927,0.054619550998438626,0.2935717235350174,57.60418638026564
1928,1928,0.05464491399840199,0.29357146071187723,57.604194726824524
1929,1929,0.05467019699835873,0.29357119818708827,57.60420306885896
1930,1930,0.05469530199837891,0.2935709359601367,57.60421140637009
1931,1931,0.054720307998366025,0.29357067403050946,57.604219739359074
1932,1932,0.054752782998377825,0.2935704123976947,57.60422806782705
1933,1933,0.05477841099838088,0.2935701510611816,57.604236391775174
1934,1934,0.05480444999835754,0.2935698900204606,57.604244711204586
1935,1935,0.05482957299835789,0.2935696292750229,57.604253026116446
1936,1936,0.054855078998400586,0.293569368824361,57.604261336511904
1937,1937,0.05488538299840684,0.2935691086679684,57.604269642392126
1938,1938,0.05493164099840442,0.2935688488053398,57.604277943758234
1939,1939,0.05496028299842237,0.2935685892359706,57.6042862406114
1940,1940,0.05498702299843217,0.2935683299593578,57.60429453295278
1941,1941,0.05501298599841675,0.29356807097499904,57.604302820783516
1942,1942,0.05503921999843442,0.29356781228239304,57.60431110410477
1943,1943,0.055064863998438796,0.2935675538810398,57.6043193829177
1944,1944,0.05509022899843785,0.29356729577044016,57.60432765722345
1945,1945,0.055115675998422375,0.29356703795009614,57.6043359270232
1946,1946,0.05514091099843199,0.2935667804195109,57.604344192318095
1947,1947,0.05516626499843369,0.29356652317818827,57.60435245310928
1948,1948,0.05519172299841557,0.2935662662256336,57.60436070939792
1949,1949,0.05522385999842072,0.2935660095613528,57.6043689611852
1950,1950,0.05524959399838281,0.2935657531848532,57.60437720847226
1951,1951,0.05527479099833954,0.29356549709564306,57.604385451260256
1952,1952,0.05530018299833728,0.2935652412932316,57.604393689550356
1953,1953,0.05532556999833105,0.293564985777129,57.60440192334372
1954,1954,0.0553510139983473,0.2935647305468466,57.60441015264153
1955,1955,0.055376262998322545,0.2935644756018969,57.60441837744492
1956,1956,0.05540137599831496,0.29356422094179313,57.60442659775509
1957,1957,0.05543402099834793,0.29356396656604955,57.604434813573164
1958,1958,0.05546085699830883,0.2935637124741819,57.604443024900355
1959,1959,0.05548680599827094,0.29356345866570627,57.60445123173779
1960,1960,0.055512621998275335,0.2935632051401402,57.60445943408667
1961,1961,0.055537889998277024,0.2935629518970022,57.60446763194814
1962,1962,0.055563379998318396,0.29356269893581155,57.60447582532339
1963,1963,0.05559273999836023,0.29356244625608874,57.60448401421358
1964,1964,0.05561861799833423,0.2935621938573553,57.60449219861989
1965,1965,0.05564401499833593,0.2935619417391337,57.604500378543484
1966,1966,0.05566919399836934,0.2935616899009473,57.604508553985546
1967,1967,0.05570274699840638,0.2935614383423206,57.60451672494723
1968,1968,0.05572832299839092,0.29356118706277906,57.60452489142975
1969,1969,0.0557536889983794,0.29356093606184896,57.604533053434245
1970,1970,0.055778865998377114,0.2935606853390579,57.604541210961905
1971,1971,0.055804332998377504,0.2935604348939342,57.60454936401393
1972,1972,0.055829299998379156,0.29356018472600726,57.60455751259146
1973,1973,0.05585464399837292,0.2935599348348076,57.60456565669572
1974,1974,0.05588007899842751,0.29355968521986625,57.60457379632787
1975,1975,0.055913443998406365,0.29355943588071587,57.604581931489086
1976,1976,0.055940859998372616,0.2935591868168896,57.60459006218056
1977,1977,0.05596686699834663,0.2935589380279217,57.60459818840349
1978,1978,0.05599267799834706,0.2935586895133475,57.60460631015904
1979,1979,0.056018364998351444,0.29355844127270314,57.604614427448425
1980,1980,0.05604415899836113,0.2935581933055259,57.604622540272786
1981,1981,0.056100194998350617,0.29355794561135384,57.60463064863337
1982,1982,0.05612790199830897,0.29355769818972616,57.60463875253133
1983,1983,0.05615394999830414,0.2935574510401828,57.60464685196787
1984,1984,0.056179946998270225,0.29355720416226494,57.60465494694418
1985,1985,0.05620618699828128,0.2935569575555144,57.604663037461464
1986,1986,0.05623166799830415,0.29355671121947424,57.604671123520895
1987,1987,0.05625711799831379,0.2935564651536882,57.604679205123695
1988,1988,0.05628257899832079,0.2935562193577013,57.60468728227104
1989,1989,0.05630765099834889,0.2935559738310592,57.604695354964136
1990,1990,0.056333045998371745,0.29355572857330864,57.6047034232042
1991,1991,0.056358184998316574,0.29355548358399725,57.6047114869924
1992,1992,0.05640552399830767,0.29355523886267365,57.60471954632997
1993,1993,0.05643294699831358,0.2935549944088874,57.60472760121809
1994,1994,0.056459487998324676,0.2935547502221889,57.604735651657975
1995,1995,0.056485561998329104,0.29355450630212976,57.60474369765084
1996,1996,0.056510996998326846,0.293554262648262,57.604751739197866
1997,1997,0.05653649599832988,0.29355401926013913,57.60475977630029
1998,1998,0.05656190099836067,0.29355377613731526,57.6047678089593
1999,1999,0.05658703399836895,0.2935535332793454,57.60477583717612
2000,2000,0.056612296998366674,0.29355329068578573,57.604783860951954
