epoch,updates,time,train_loss,val_rmse
1,1,7.035999999516207e-05,0.4535332000041672,71.40854854722015
2,2,0.00010199299998703282,0.42185881713709505,69.19568071648443
3,3,0.00014421299999867188,0.39916027868812937,67.38067174549428
4,4,0.00017293800004836157,0.3826160465978932,66.06346722037377
5,5,0.0002004470000542824,0.37038206133572993,65.01511907098707
6,6,0.00022748200001387886,0.3611901100981562,64.21031578321053
7,7,0.00025420100001838364,0.3541558837020739,63.56636400006961
8,8,0.0002915090000215059,0.34866026325503596,63.050797792267566
9,9,0.0003188860000591376,0.34426902419029426,62.627520995685224
10,10,0.00034542100007683985,0.34067717129338465,62.275464437589946
11,11,0.0003724020000959172,0.3376701044961564,61.976926759348984
12,12,0.0003990320001321379,0.33509648269374115,61.71990337965497
13,13,0.00042524600013393865,0.3328492533228878,61.49513750583883
14,14,0.00045137100016745535,0.3308523882271108,61.29594996087013
15,15,0.0005066100001727136,0.3290516082360859,61.11728322507195
16,16,0.0005353990001708553,0.32740789610528537,60.95536378771727
17,17,0.0005627500001992303,0.32589295877160446,60.80731112667659
18,18,0.0005898860001707362,0.3244860524058917,60.67091830813773
19,19,0.0006167250001567481,0.32317176025952743,60.544467605597944
20,20,0.0006435980001811004,0.321938436691819,60.426608137922095
21,21,0.0006701960002146734,0.3207771170184857,60.31626246647716
22,22,0.000696705000223119,0.3196807531158297,60.2125604337936
23,23,0.0007228480002368087,0.3186436768632599,60.1147898586352
24,24,0.0007491320002372959,0.31766122297005256,60.022360505652706
25,25,0.0007753880002496771,0.31672946332834767,59.93477717390254
26,26,0.0008027120002225274,0.3158450194320619,59.8516196025288
27,27,0.0008293790002085188,0.3150049294661803,59.77252726652171
28,28,0.0008562260002236144,0.3142065537068027,59.6971877957181
29,29,0.0008823570001936787,0.3134475067909489,59.62532805584488
30,30,0.0009084670002152961,0.31272560885369055,59.556707216795246
31,31,0.0009348220002038943,0.3120388499341029,59.491111309229545
32,32,0.0009610530001964435,0.3113853637322086,59.42834890846893
33,33,0.0009939040002109323,0.3107634079741634,59.368247678689656
34,34,0.0010216650002234928,0.31017134946458086,59.31065158031167
35,35,0.0010485680002148001,0.30960765247945776,59.2554185932229
36,36,0.0010754930002008223,0.3090708695550005,59.20241884506676
37,37,0.0011014380002052349,0.3085596340087386,59.151533060468616
38,38,0.0011276250002083543,0.30807265372597614,59.102651266791284
39,39,0.0011540110002101756,0.30760870588227657,59.05567170662976
40,40,0.00118029800023578,0.30716663236904473,59.01049991821422
41,41,0.001206297000237555,0.30674533575679436,58.96704795316235
42,42,0.0012324870002089483,0.30634377567801924,58.92523370732678
43,43,0.001265901000181202,0.305960965544814,58.88498034532971
44,44,0.0012925430001473615,0.3055959695397378,58.84621580313692
45,45,0.001318374000163658,0.3052478998348529,58.808872355967274
46,46,0.001344045000166716,0.3049159140054738,58.77288624115742
47,47,0.0013699520001750898,0.30459921261338274,58.73819732745205
48,48,0.0013963140001465035,0.30429703694010396,58.70474882367405
49,49,0.0014223410001363845,0.3040086668550168,58.672487020928244
50,50,0.0014483570001857515,0.30373341880608773,58.64136106346735
51,51,0.0014798100001485182,0.30347064392319795,58.61132274414614
52,52,0.0015086150001479837,0.30321972622564863,58.5823263210454
53,53,0.0015351500001088425,0.3029800809266229,58.554328352388204
54,54,0.0015613880001410507,0.30275115282830073,58.527287547320135
55,55,0.001587674000120387,0.3025324148020192,58.501164630497605
56,56,0.001613950000148634,0.3023233663484258,58.47592221874068
57,57,0.0016453490001708815,0.3021235322330272,58.4515247082666
58,58,0.001673128000163615,0.30193246119289696,58.42793817123902
59,59,0.0017003400001271984,0.30174972471062256,58.40513026055172
60,60,0.001736079000124846,0.30157491585184326,58.38307012191953
61,61,0.0017624760001240247,0.3014076481629586,58.36172831248035
62,62,0.001788536000105978,0.3012475546258088,58.34107672522161
63,63,0.0018227270001034412,0.3010942866663078,58.3210885186381
64,64,0.005272871000101986,0.300947513214191,58.30173805110698
65,65,0.005312291000109326,0.3008069198111966,58.283000819532774
66,66,0.005344959000126437,0.3006722077651477,58.264853401872216
67,67,0.005373906000158968,0.30054309334754004,58.247273403197326
68,68,0.0054019170001424754,0.3004193070323724,58.23023940499665
69,69,0.00542910400014307,0.3003005927740749,58.2137309174498
70,70,0.00545607400016479,0.300186707322506,58.197728334440974
71,71,0.005482907000157411,0.30007741957309525,58.182212891103056
72,72,0.005516991000149574,0.2999725099503129,58.16716662370646
73,73,0.005552534000173637,0.2998717698227409,58.152572331725985
74,74,0.005591904000141312,0.29977500094810966,58.13841354193615
75,75,0.005620852000163268,0.29968201494675617,58.124674474399264
76,76,0.0056483060001824015,0.29959263280202963,58.11134001022406
77,77,0.005674713000189513,0.2995066843862592,58.09839566098304
78,78,0.005701617000170245,0.29942400801096314,58.08582753968656
79,79,0.005728474000193273,0.2993444500000492,58.07362233322069
80,80,0.005755065000187187,0.29926786428482227,58.06176727616234
81,81,0.005781214000194268,0.2991941120196763,58.05025012589324
82,82,0.0058096570002135195,0.299123061217406,58.03905913893888
83,83,0.005835258000217891,0.2990545864031278,58.02818304846494
84,84,0.005861991000188027,0.29898856828585507,58.017611042867884
85,85,0.005887923000216233,0.29892489344681666,58.007332745400795
86,86,0.0059138300001677635,0.2988634540436632,57.99733819477969
87,87,0.0059392860001139525,0.2988041475297416,57.987617826718605
88,88,0.005965573000139557,0.29874687638766406,57.978162456345466
89,89,0.005991350000101647,0.2986915478764422,57.968963261453275
90,90,0.006016932000079578,0.298638073791485,57.96001176654403
91,91,0.0060977630000706995,0.2985863702368042,57.95129982762542
92,92,0.006135702000051424,0.29853635740880224,57.94281961772228
93,93,0.006166297000049781,0.29848795939104616,57.93456361306722
94,94,0.0062108700000749195,0.2984411039594672,57.92652457993666
95,95,0.006250154000099428,0.2983957223974521,57.91869556210048
96,96,0.006278750000092259,0.2983517493203195,57.91106986885494
97,97,0.006305893000103424,0.2983091225087002,57.90364106361048
98,98,0.0063323100001184685,0.29826778275036914,57.8964029530073
99,99,0.006358306000095126,0.29822767369009273,57.889349576532936
100,100,0.006384987000046749,0.29818874168708587,57.88247519661759
101,101,0.006411973000069793,0.2981509356796865,57.875774289184285
102,102,0.006438048000120489,0.2981142070568836,57.8692415346316
103,103,0.006463619000157905,0.29807850953634213,57.86287180922844
104,104,0.00648981300014384,0.29804379904860046,57.85666017690102
105,105,0.006515570000146909,0.2980100336271201,57.850601881393324
106,106,0.006541376000143373,0.297977173303893,57.84469233878296
107,107,0.0065672490001134065,0.2979451800103192,57.83892713033601
108,108,0.006607208000104947,0.29791401748309043,57.83330199568405
109,109,0.006643100000076174,0.29788365117482163,57.827812826308715
110,110,0.006672704000095564,0.2978540481691893,57.822455659318706
111,111,0.006699594000110665,0.2978251771003488,57.81722667150574
112,112,0.006725825000103214,0.2977970080764095,57.81212217366611
113,113,0.006752788000142118,0.29776951260676476,57.807138605175346
114,114,0.006779210000161129,0.2977426635330798,57.80227252880411
115,115,0.006805526000164264,0.29771643496374867,57.79752062576394
116,116,0.006831899000189878,0.29769080221164834,57.792879690972086
117,117,0.006857368000225961,0.29766574173501925,57.788346628525176
118,118,0.006883922000213261,0.29764123108131574,57.78391844737189
119,119,0.006910438000204522,0.29761724883387214,57.77959225717541
120,120,0.006936419000226124,0.29759377456124647,57.775365264356864
121,121,0.006963430000212156,0.2975707887691016,57.77123476831111
122,122,0.006989712000233794,0.29754827285449736,57.76719815778719
123,123,0.007015359000206445,0.29752620906247135,57.76325290742545
124,124,0.007040787000221371,0.2975045804447905,57.75939657444446
125,125,0.007074951000220153,0.2974833708207673,57.75562679547045
126,126,0.007102592000251207,0.29746256474003113,57.75194128350295
127,127,0.007130651000238686,0.29744214744715997,57.74833782501029
128,128,0.007157584000253792,0.2974221048480759,57.74481427714889
129,129,0.007183649000296555,0.29740242347811663,57.741368565100885
130,130,0.00720921400034058,0.29738309047169686,57.737998679524416
131,131,0.007246183000347628,0.29736409353347953,57.734702674111674
132,132,0.007274640000332511,0.29734542091098315,57.73147866324962
133,133,0.007301807000374083,0.2973270613685475,57.728324819778805
134,134,0.007328861000416964,0.2973090041625945,57.72523937284583
135,135,0.007354903000418744,0.29729123901811527,57.72222060584516
136,136,0.007380812000462811,0.29727375610632384,57.71926685444632
137,137,0.007406967000463283,0.29725654602341633,57.71637650470258
138,138,0.007433433000471723,0.2972395997703826,57.7135479912375
139,139,0.007459593000476161,0.2972229087338153,57.71077979550582
140,140,0.007486000000483273,0.29720646466766654,57.70807044412537
141,141,0.007549467000501409,0.29719025967590507,57.70541850727686
142,142,0.007580747000531574,0.29717428619602887,57.70282259716851
143,143,0.007611820000533953,0.29715853698338845,57.700281366562635
144,144,0.007638886000563616,0.29714300509628244,57.697793507361425
145,145,0.0076654820005614965,0.2971276838817846,57.69535774924943
146,146,0.007692062000558053,0.29711256696226784,57.69297285839003
147,147,0.007717984000578326,0.29709764822258655,57.690637636173705
148,148,0.0077434180005298,0.2970829217978896,57.68835091801583
149,149,0.007769700000494595,0.2970683820620271,57.686111572201746
150,150,0.007796730000450225,0.2970540236165248,57.68391849877698
151,151,0.007825429000433815,0.2970398412800953,57.681770628481
152,152,0.007864296000434479,0.2970258300786618,57.67966692172213
153,153,0.007890882000424426,0.2970119852358664,57.67760636759228
154,154,0.007917048000422255,0.2969983021640391,57.67558798291957
155,155,0.007953782000413412,0.29698477645560706,57.67361081135718
156,156,0.007983568000440755,0.2969714038749175,57.67167392250704
157,157,0.008018538000442277,0.2969581803504588,57.66977641107676
158,158,0.008054173000402898,0.29694510196745605,57.66791739606844
159,159,0.00808139200040614,0.29693216496082364,57.666096019997994
160,160,0.008108348000405385,0.2969193657084583,57.66431144814365
161,161,0.008134124000378051,0.29690670072485376,57.66256286782259
162,162,0.00815995400034808,0.2968941666550228,57.660849487694215
163,163,0.008185827000374957,0.2968817602687094,57.659170537089345
164,164,0.008211742000412414,0.2968694784548796,57.65752526536388
165,165,0.008237777000374535,0.29685731821647326,57.65591294127621
166,166,0.00826381400037235,0.29684527666540794,57.65433285238718
167,167,0.008292686000402227,0.2968333510178194,57.65278430448183
168,168,0.008318515000382831,0.2968215385895284,57.651266621011985
169,169,0.008344479000356841,0.2968098367917229,57.64977914255874
170,170,0.00837025500038635,0.29679824312684333,57.64832122631419
171,171,0.008396115000380178,0.29678675518466335,57.64689224558153
172,172,0.00842175800039513,0.29677537063855436,57.64549158929278
173,173,0.008447440000395545,0.29676408724192593,57.644118661543516
174,174,0.008499947000416341,0.2967529028248332,57.64277288114376
175,175,0.008529317000409264,0.29674181529074267,57.64145368118462
176,176,0.008557815000415303,0.29673082261344963,57.640160508619836
177,177,0.008584677000385454,0.29671992283413856,57.63889282386173
178,178,0.008610839000425585,0.2967091140585803,57.637650100391056
179,179,0.008637179000402284,0.29669839445445895,57.63643182438013
180,180,0.00866312100038158,0.2966877622488229,57.63523749432868
181,181,0.008689192000417734,0.2966772157256524,57.63406662071202
182,182,0.008715406000419534,0.2966667532235401,57.6329187256411
183,183,0.008741518000420001,0.2966563731334766,57.63179334253378
184,184,0.008767284000384734,0.29664607389673914,57.63069001579711
185,185,0.008793211000408974,0.29663585400287434,57.62960830052006
186,186,0.008819055000401477,0.2966257119877743,57.62854776217646
187,187,0.008845020000421755,0.2966156464318394,57.62750797633748
188,188,0.008870432000435358,0.2966056559582237,57.626488528393665
189,189,0.00889673000045832,0.29659573923116,57.625489013285765
190,190,0.008922784000503725,0.29658589495435983,57.62450903524447
191,191,0.008948763000489635,0.29657612186948495,57.6235482075383
192,192,0.009008331000472936,0.29656641875468726,57.622606152229565
193,193,0.009036310000510639,0.29655678442321315,57.62168249993821
194,194,0.009063318000471554,0.2965472177220709,57.62077688961291
195,195,0.009090046000437724,0.29653771753075464,57.6198889683095
196,196,0.009115991000442136,0.2965282827600272,57.61901839097632
197,197,0.009142285000450556,0.29651891235075395,57.618164820246115
198,198,0.009174189000418664,0.29650960527278925,57.61732792623452
199,199,0.00920185000040874,0.2965003605239097,57.61650738634473
200,200,0.009228833000406667,0.29649117712879536,57.615702885078
201,201,0.009255599000368875,0.2964820541380537,57.614914113850155
202,202,0.009283840000364307,0.29647299062728544,57.61414077081346
203,203,0.009310218000337045,0.2964639856961916,57.61338256068401
204,204,0.009336366000354701,0.2964550384677168,57.61263919457422
205,205,0.009361889000388146,0.2964461480872309,57.611910389830356
206,206,0.0093878380004071,0.29643731372174326,57.61119586987492
207,207,0.009413401000415433,0.2964285345591513,57.61049536405361
208,208,0.009439273000396042,0.2964198098075206,57.60980860748696
209,209,0.009469834000412902,0.2964111386943935,57.60913534092613
210,210,0.00949690100043199,0.2964025204661286,57.608475310613024
211,211,0.00952394400042067,0.2963939543872657,57.607828268144466
212,212,0.009550106000403957,0.2963854397399176,57.60719397034029
213,213,0.00957567700038453,0.2963769758231866,57.60657217911516
214,214,0.009601317000374365,0.296368561952605,57.605962661354184
215,215,0.009627380000381436,0.29636019745959774,57.60536518879198
216,216,0.009653478000359428,0.29635188169096693,57.60477953789518
217,217,0.009679128000357196,0.2963436140083972,57.604205489748345
218,218,0.009704774000340421,0.29633539378798046,57.60364282994291
219,219,0.0097299560003421,0.2963272204197597,57.60309134846945
220,220,0.009755781000365005,0.2963190933072903,57.60255083961279
221,221,0.009781124000369346,0.29631101186721936,57.60202110185007
222,222,0.009807002000343346,0.2963029755288806,57.60150193775166
223,223,0.00983267800035037,0.2962949837339053,57.60099315388478
224,224,0.009858529000382532,0.29628703593584826,57.6004945607197
225,225,0.009884283000417327,0.29627913159982816,57.60000597253861
226,226,0.009910326000408531,0.2962712702021812,57.599527207346874
227,227,0.009941806000426823,0.2962634512301283,57.599058086786705
228,228,0.009969000000410233,0.2962556741814544,57.59859843605319
229,229,0.009996055000385695,0.2962479385642002,57.5981480838125
230,230,0.010022272000412613,0.2962402438963648,57.597706862122365
231,231,0.010048643000459379,0.29623258970561994,57.59727460635466
232,232,0.010075135000420232,0.2962249755290342,57.596851155119886
233,233,0.01010125100043524,0.29621740091280746,57.596436350193905
234,234,0.01012811400045166,0.296209865412015,57.5960300364463
235,235,0.010154692000412524,0.29620236859036064,57.59563206177092
236,236,0.010181033000435491,0.29619491001993886,57.59524227701793
237,237,0.01022150300047997,0.29618748928100536,57.59486053592786
238,238,0.010247660000516134,0.29618010596175554,57.59448669506722
239,239,0.010284033000516501,0.2961727596581111,57.59412061376584
240,240,0.010310506000507758,0.29616544997351335,57.59376215405575
241,241,0.010336489000508209,0.29615817651872467,57.593411180611746
242,242,0.01036196200050199,0.29615093891163574,57.59306756069328
243,243,0.010387705000482583,0.2961437367770802,57.59273116408801
244,244,0.010419960000490391,0.29613656974665503,57.59240186305663
245,245,0.010461413000484754,0.29612943745854703,57.59207953227921
246,246,0.01049201000046196,0.29612233955736544,57.59176404880274
247,247,0.010518314000478313,0.29611527569397966,57.59145529199014
248,248,0.010543665000511737,0.2961082455253624,57.59115314347041
249,249,0.010569464000468543,0.29610124871443855,57.59085748709009
250,250,0.010595642000453154,0.296094284929938,57.590568208865854
251,251,0.010620977000485254,0.2960873538462536,57.59028519693838
252,252,0.010646758000461887,0.29608045514330406,57.590008341527174
253,253,0.01067275300044912,0.29607358850640053,57.589737534886744
254,254,0.010698380000462748,0.2960667536261179,57.589472671263536
255,255,0.010723826000457848,0.29605995019816955,57.589213646854205
256,256,0.010749858000451695,0.296053177923287,57.58896035976471
257,257,0.010775671000487819,0.296046436507102,57.58871270997046
258,258,0.010801917000492267,0.2960397256600331,57.5884705992774
259,259,0.010828009000476868,0.29603304509717554,57.58823393128405
260,260,0.010853272000531433,0.29602639453819396,57.58800261134442
261,261,0.010902277000525373,0.29601977370721905,57.58777654653181
262,262,0.010930317000543255,0.2960131823327466,57.587555645603516
263,263,0.010963543000514164,0.2960066201475402,57.58733981896627
264,264,0.010990056000537152,0.2960000868885361,57.58712897864259
265,265,0.011016471000516503,0.2959935822967511,57.58692303823788
266,266,0.011041821000560503,0.2959871061171935,57.58672191290827
267,267,0.011097462000577707,0.29598065809877605,57.586525519329285
268,268,0.011126240000578491,0.2959742379942315,57.58633377566512
269,269,0.011152589000573698,0.29596784556003064,57.58614660153874
270,270,0.011179538000533285,0.29596148055630295,57.58596391800262
271,271,0.011206335000508716,0.29595514274675844,57.58578564751017
272,272,0.011233437000555568,0.29594883189861276,57.58561171388775
273,273,0.011259842000526987,0.2959425477825141,57.58544204230746
274,274,0.011286062000522179,0.2959362901724715,57.58527655926044
275,275,0.011311954000518654,0.29593005884578566,57.58511519253076
276,276,0.011338094000507226,0.2959238535829817,57.584957871170026
277,277,0.01136435400053415,0.29591767416774273,57.58480452547241
278,278,0.01141278200054785,0.2959115203868471,57.58465508695034
279,279,0.011441337000519525,0.29590539203010485,57.58450948831075
280,280,0.011470840000527005,0.29589928889029804,57.58436766343171
281,281,0.011498548000531628,0.2958932107631212,57.58422954733978
282,282,0.0115251200004991,0.2958871574471237,57.584095076187744
283,283,0.011551416000543213,0.2958811287436543,57.58396418723282
284,284,0.011577627000519897,0.2958751244568057,57.58383681881548
285,285,0.011603466000508433,0.2958691443933619,57.58371291033853
286,286,0.011629414000537963,0.29586318836274594,57.58359240224689
287,287,0.011655472000541067,0.29585725617696923,57.583475236007644
288,288,0.011680979000516345,0.29585134765058246,57.583361354090556
289,289,0.011707235000528726,0.2958454626006271,57.58325069994904
290,290,0.011732985000492135,0.2958396008465887,57.583143218001574
291,291,0.011763424000491796,0.29583376221035096,57.58303885361343
292,292,0.011789947000522716,0.29582794651615074,57.58293755307886
293,293,0.011815920000515234,0.2958221535905347,57.582839263603645
294,294,0.011841838000520966,0.2958163832623165,57.58274393328802
295,295,0.01189255000048206,0.2958106353625355,57.58265151110998
296,296,0.011921817000484225,0.2958049097244153,57.5825619469089
297,297,0.01195145700046396,0.29579920618332517,57.58247519136951
298,298,0.011978144000465818,0.29579352457674046,57.582391196006334
299,299,0.012004522000438556,0.2957878647442051,57.58230991314822
300,300,0.012030366000431059,0.29578222652729436,57.58223129592341
301,301,0.01205642500048043,0.2957766097695791,57.582155298244786
302,302,0.012082499000484859,0.2957710143165898,57.58208187479558
303,303,0.012108155000476017,0.29576544001578275,57.58201098101515
304,304,0.012133976000484381,0.2957598867165058,57.58194257308529
305,305,0.012159901000472928,0.29575435426996566,57.58187660791667
306,306,0.012185444000465395,0.29574884252919525,57.58181304313562
307,307,0.012211467000440734,0.29574335134902247,57.58175183707116
308,308,0.012237369000445142,0.2957378805860392,57.581692948742344
309,309,0.01226301700046406,0.2957324300985714,57.58163633784581
310,310,0.012289136000504186,0.29572699974664907,57.581581964743556
311,311,0.01231486900053369,0.2957215893919777,57.58152979045111
312,312,0.012340215000563148,0.29571619889790984,57.5814797766258
313,313,0.012386365000566002,0.29571082812941774,57.581431885555254
314,314,0.012414269000544209,0.29570547695306576,57.58138608014629
315,315,0.012448969000502075,0.29570014523698435,57.581342323913866
316,316,0.012475420000498616,0.2956948328508439,57.581300580970286
317,317,0.01250171500049646,0.2956895396658292,57.581260816014726
318,318,0.012528034000524713,0.29568426555461497,57.58122299432283
319,319,0.012553869000498707,0.2956790103913409,57.58118708173662
320,320,0.0125800590004701,0.2956737740515884,57.58115304465452
321,321,0.012605699000459936,0.29566855641235723,57.58112085002167
322,322,0.012631389000432591,0.2956633573520417,57.58109046532035
323,323,0.012657537000450247,0.29565817675040945,57.58106185856065
324,324,0.012683095000454614,0.29565301448857884,57.581034998271306
325,325,0.012708591000432534,0.2956478704489976,57.58100985349064
326,326,0.0127349360004132,0.2956427445154218,57.580986393757875
327,327,0.012760796000407026,0.29563763657289455,57.58096458910438
328,328,0.012786809000431276,0.2956325465077271,57.58094441004526
329,329,0.012812466000468703,0.2956274742074777,57.58092582757104
330,330,0.012838158000477051,0.29562241956093266,57.580908813139494
331,331,0.012878762000468669,0.29561738245808716,57.580893338667686
332,332,0.012909807000482942,0.2956123627901269,57.58087937652411
333,333,0.012944033000451327,0.2956073604494094,57.58086689952105
334,334,0.012970716000495486,0.2956023753294459,57.58085588090698
335,335,0.013005118000535276,0.29559740732488393,57.58084629435921
336,336,0.013043844000549143,0.29559245633149034,57.58083811397665
337,337,0.013077098000565002,0.2955875222461337,57.58083131427264
338,338,0.013104520000581488,0.2955826049667681,57.580825870168056
339,339,0.013137352000569535,0.2955777043924165,57.58082175698436
340,340,0.013166977000537372,0.2955728204231552,57.580818950436985
341,341,0.013194132000535319,0.29556795296009747,57.580817426628656
342,342,0.013221258000555736,0.2955631019053789,57.58081716204299
343,343,0.013248548000547089,0.29555826716214145,57.5808181335381
344,344,0.013275601000543702,0.2955534486345194,57.580820318340415
345,345,0.013301991000560065,0.29554864622762395,57.58082369403852
346,346,0.013328369000532803,0.2955438598475297,57.580828238577205
347,347,0.0133611220005605,0.29553908940125995,57.58083393025152
348,348,0.01340394200059336,0.2955343347967738,57.58084074770106
349,349,0.013440396000589772,0.29552959594295136,57.58084866990427
350,350,0.013473264000595009,0.2955248727495815,57.58085767617285
351,351,0.013506728000606927,0.2955201651273485,57.5808677461463
352,352,0.013533337000637857,0.29551547298781916,57.58087885978661
353,353,0.013559447000659475,0.29551079624343,57.580890997372904
354,354,0.013586965000683904,0.29550613480747573,57.58090413949633
355,355,0.01361329300067382,0.2955014885940959,57.58091826705501
356,356,0.013641232000679793,0.29549685751826416,57.580933361248924
357,357,0.0136675660006631,0.2954922414957759,57.58094940357517
358,358,0.013693083000646311,0.2954876404432368,57.580966375823046
359,359,0.013719374000629614,0.29548305427805166,57.58098426006938
360,360,0.013745398000594378,0.2954784829184134,57.581003038673906
361,361,0.013771883000572416,0.29547392628329194,57.581022694274665
362,362,0.013797891000535856,0.29546938429242364,57.581043209783545
363,363,0.013862393000522388,0.29546485686630064,57.581064568381905
364,364,0.013891447000503376,0.2954603439261609,57.58108675351628
365,365,0.013919049000492123,0.29545584539397735,57.58110974889408
366,366,0.013946291000479505,0.29545136119244836,57.58113353847948
367,367,0.0139725730004443,0.295446891244988,57.5811581064893
368,368,0.01399839900045663,0.29544243547571636,57.58118343738901
369,369,0.014024750000430686,0.2954379938094497,57.58120951588875
370,370,0.014050334000444309,0.29543356617169136,57.581236326939504
371,371,0.014076423000403793,0.2954291524886229,57.58126385572921
372,372,0.014102501000365919,0.2954247526870944,57.58129208767911
373,373,0.014127885000334572,0.29542036669461647,57.581321008439986
374,374,0.01415375100032179,0.2954159944393506,57.58135060388857
375,375,0.01417969400029051,0.2954116358501014,57.58138086012404
376,376,0.014206146000276476,0.2954072908563076,57.58141176346444
377,377,0.014232297000262406,0.2954029593880342,57.58144330044332
378,378,0.014257558000224435,0.2953986413759639,57.58147545780632
379,379,0.014283691000230192,0.29539433675138954,57.5815082225079
380,380,0.014309588000230633,0.29539004544620595,57.581541581708
381,381,0.014345049000269228,0.2953857673929021,57.58157552276894
382,382,0.014379042000257414,0.2953815025245537,57.58161003325217
383,383,0.014405865000242102,0.2953772507748156,57.581645100915246
384,384,0.014434561000257418,0.29537301207791444,57.58168071370875
385,385,0.014460914000267167,0.29536878636864133,57.581716859773344
386,386,0.014487195000242536,0.2953645735823449,57.58175352743673
387,387,0.01451586000024463,0.295360373654924,57.581790705210885
388,388,0.014541112000244993,0.2953561865228207,57.5818283817891
389,389,0.014572144000226217,0.29535201212301404,57.581866546043294
390,390,0.014598629000204255,0.29534785039301287,57.58190518702114
391,391,0.014624777000221911,0.29534370127084936,57.58194429394349
392,392,0.014650755000218396,0.29533956469507244,57.58198385620161
393,393,0.014676266000265059,0.29533544060474165,57.582023863354635
394,394,0.014702583000257619,0.2953313289394206,57.58206430512696
395,395,0.014728517000264674,0.29532722963917085,57.58210517140574
396,396,0.014754647000302157,0.29532314264454607,57.58214645223836
397,397,0.014780887000313214,0.2953190678965857,57.58218813783002
398,398,0.014812033000339397,0.2953150053368092,57.582230218541355
399,399,0.014840902000344158,0.2953109549072103,57.58227268488598
400,400,0.014868095000338144,0.2953069165502511,57.582315527528245
401,401,0.014895285000307013,0.29530289020885664,57.58235873728094
402,402,0.01492342800025881,0.2952988758264093,57.58240230510296
403,403,0.014949883000269892,0.2952948733467432,57.5824462220972
404,404,0.01499370300030023,0.2952908827141391,57.582490479508294
405,405,0.015023286000314329,0.29528690387331885,57.582535068720496
406,406,0.015050927000345382,0.29528293676944023,57.582579981255584
407,407,0.01507738300034589,0.29527898134809183,57.58262520877074
408,408,0.015103543000350328,0.2952750375552883,57.58267074305657
409,409,0.015129350000336217,0.2952711053374647,57.58271657603502
410,410,0.015155187000345904,0.29526718464147206,57.582762699757446
411,411,0.01518492800033755,0.2952632754145726,57.582809106402685
412,412,0.015218449000315104,0.29525937760443494,57.582855788275054
413,413,0.015281933000267145,0.2952554911591291,57.582902737802584
414,414,0.015310405000263927,0.2952516160271221,57.58294994753503
415,415,0.015338632000236885,0.2952477521572734,57.58299741014216
416,416,0.015365434000273126,0.2952438994988304,57.58304511841193
417,417,0.015391582000233939,0.29524005800142417,57.58309306524863
418,418,0.015417486000217195,0.29523622761506474,57.58314124367128
419,419,0.015443106000248008,0.2952324082901372,57.58318964681179
420,420,0.015468641000211392,0.29522859997739714,57.58323826791336
421,421,0.015494341000248824,0.2952248026279668,57.58328710032879
422,422,0.015520288000232085,0.2952210161933306,57.58333613751881
423,423,0.015546311000264268,0.29521724062533156,57.583385373050575
424,424,0.015572061000227677,0.29521347587616664,57.58343480059594
425,425,0.015597770000226774,0.2952097218983837,57.58348441392999
426,426,0.015623280000227169,0.29520597864487674,57.583534206929514
427,427,0.01564878200019848,0.29520224606888273,57.583584173571445
428,428,0.015674485000204186,0.29519852412397735,57.58363430793139
429,429,0.015700151000203277,0.2951948127640717,57.583684604182174
430,430,0.01572609600020769,0.2951911119434085,57.583735056592396
431,431,0.01577445200018701,0.2951874216165583,57.58378565952501
432,432,0.015803085000186456,0.29518374173841616,57.58383640743592
433,433,0.015836715000205004,0.29518007226419785,57.583887294872575
434,434,0.01586359500021217,0.2951764131494369,57.58393831647268
435,435,0.01588978600017299,0.29517276434998063,57.58398946696281
436,436,0.01592060900014758,0.29516912582198723,57.58404074115712
437,437,0.01594646800015198,0.2951654975219221,57.58409213395603
438,438,0.01597249100012732,0.29516187940655475,57.584143640344934
439,439,0.01599840700009736,0.2951582714329556,57.58419525539302
440,440,0.01602400400008719,0.2951546735584929,57.58424697425196
441,441,0.016049765000047955,0.2951510857408291,57.584298792154705
442,442,0.01607562700002063,0.2951475079379185,57.58435070441432
443,443,0.01610109000000648,0.29514394010800343,57.58440270642276
444,444,0.016127686999993784,0.2951403822096119,57.58445479364971
445,445,0.01615354899996646,0.29513683420155434,57.58450696164152
446,446,0.016179602999955023,0.29513329604292055,57.58455920601994
447,447,0.016205316999958086,0.2951297676930771,57.58461152248111
448,448,0.016231381999944006,0.29512624911166396,57.58466390679444
449,449,0.016282060999969872,0.29512274025859264,57.58471635480151
450,450,0.016310189999956037,0.2951192410940423,57.584768862415025
451,451,0.016340004999904068,0.2951157515784578,57.58482142561777
452,452,0.016367329999923186,0.2951122716725468,57.584874040461585
453,453,0.016393468999922334,0.2951088013372768,57.58492670306633
454,454,0.01641930799991087,0.29510534053387294,57.58497940961889
455,455,0.016445033999900716,0.29510188922381525,57.585032156372186
456,456,0.016471078999927613,0.29509844736883584,57.58508493964423
457,457,0.016497126999979628,0.2950950149309167,57.58513775581713
458,458,0.016525242000000162,0.29509159187228734,57.58519060133619
459,459,0.016552045000025828,0.2950881781554216,57.58524347270891
460,460,0.01657857300000387,0.2950847737430361,57.58529636650417
461,461,0.016604797000013605,0.2950813785980873,57.58534927935125
462,462,0.01663148000000092,0.29507799268376944,57.585402207938984
463,463,0.016657891000022573,0.29507461596351164,57.585455149014834
464,464,0.016683662000048116,0.29507124840097654,57.58550809938409
465,465,0.016709734000073695,0.2950678899600572,57.585561055909
466,466,0.016735837000055653,0.2950645406048749,57.5856140155079
467,467,0.016772591000062675,0.29506120029977795,57.585666975154425
468,468,0.01680006000009371,0.29505786900933784,57.5857199318767
469,469,0.016838854000127412,0.2950545466983485,57.585772882756494
470,470,0.016865756000129295,0.29505123333182354,57.58582582492848
471,471,0.01689497300014864,0.29504792887499404,57.58587875557943
472,472,0.016955776000145306,0.29504463329330666,57.585931671947456
473,473,0.016984595000167246,0.295041346552422,57.58598457132125
474,474,0.017012180000165245,0.29503806861821164,57.58603745103935
475,475,0.017039505000184363,0.29503479945675704,57.58609030848942
476,476,0.017066046000195456,0.2950315390343469,57.586143141107435
477,477,0.017092573000184075,0.2950282873174757,57.586195946377124
478,478,0.017118533000200387,0.2950250442728415,57.58624872182913
479,479,0.017144983000207503,0.2950218098673439,57.58630146504039
480,480,0.01717081300017753,0.29501858406808273,57.58635417363343
481,481,0.01719731900016086,0.2950153668423554,57.5864068452757
482,482,0.017223438000144142,0.29501215815765586,57.58645947767889
483,483,0.01728288100014197,0.2950089579816722,57.58651206859831
484,484,0.01731088900010036,0.2950057662822851,57.58656461583223
485,485,0.017345053000099142,0.295002583027566,57.58661711722123
486,486,0.017379895000090073,0.29499940818577547,57.58666957064761
487,487,0.01741415200007168,0.2949962417253615,57.58672197403474
488,488,0.01744071100011979,0.29499308361495735,57.58677432534646
489,489,0.01746744800010447,0.29498993382338057,57.58682662258651
490,490,0.01749382500008778,0.2949867923196309,57.586878863797885
491,491,0.017520597000100224,0.2949836590728886,57.58693104706232
492,492,0.017548889000124746,0.2949805340525129,57.58698317049965
493,493,0.017575267000097483,0.29497741722804055,57.587035232267276
494,494,0.01760112700009131,0.29497430856918433,57.58708723055961
495,495,0.017627000000118187,0.29497120804583077,57.58713916360756
496,496,0.017653086000109397,0.2949681156280395,57.587191029677875
497,497,0.01767953400008082,0.2949650312860412,57.58724282707276
498,498,0.017705158000069332,0.29496195499023614,57.58729455412923
499,499,0.017770008000070447,0.29495888671119286,57.58734620921864
500,500,0.017799478000085855,0.2949558264196467,57.58739779074619
501,501,0.017828259000054913,0.294952774086498,57.5874492971504
502,502,0.0178547910000475,0.294949729682811,57.587500726902576
503,503,0.017881620000025578,0.2949466931798126,57.587552078506405
504,504,0.017907894000018132,0.29494366454888993,57.5876033504974
505,505,0.01793436500003054,0.2949406437615905,57.587654541442454
506,506,0.017960251000033622,0.29493763078961976,57.58770564993936
507,507,0.017986586000006355,0.29493462560483985,57.58775667461635
508,508,0.018012629999986984,0.2949316281792683,57.58780761413166
509,509,0.0180388659999835,0.2949286384850773,57.58785846717303
510,510,0.018066394000015862,0.29492565649459146,57.587909232457314
511,511,0.018092781999996532,0.2949226821802872,57.58795990873
512,512,0.018118658999981108,0.29491971551479107,57.58801049476484
513,513,0.018145084999957817,0.29491675647087867,57.58806098936333
514,514,0.018170679999911954,0.2949138050214734,57.58811139135438
515,515,0.018204176999915944,0.2949108611396452,57.58816169959385
516,516,0.01826630499994053,0.29490792479860933,57.588211912964155
517,517,0.018296063999969192,0.294904995971725,57.58826203037389
518,518,0.018324826999958077,0.2949020746324943,57.588312050757374
519,519,0.01835171499999433,0.2948991607545612,57.58836197307432
520,520,0.01837784700001066,0.29489625431171007,57.58841179630942
521,521,0.01840410600004816,0.2948933552778648,57.58846151947197
522,522,0.01843146800001705,0.29489046362708726,57.58851114159548
523,523,0.018457690000047933,0.2948875793335766,57.58856066173736
524,524,0.0184841080000524,0.2948847023716679,57.588610078978476
525,525,0.018510067000022445,0.2948818327158311,57.58865939242285
526,526,0.018536056000016288,0.29487897034067007,57.58870860119729
527,527,0.01856313000001819,0.294876115220921,57.588757704451034
528,528,0.018588987000043744,0.294873267331452,57.58880670135542
529,529,0.018614971000090463,0.2948704266472618,57.58885559110354
530,530,0.018640760000039336,0.2948675931434783,57.5889043729099
531,531,0.018666658000086045,0.29486476679535834,57.588953046010076
532,532,0.018692201000078512,0.2948619475782858,57.58900160966044
533,533,0.018717632000061712,0.2948591354677712,57.58905006313779
534,534,0.01876741900008483,0.29485633043945053,57.589098405739065
535,535,0.018795174000103998,0.2948535324690841,57.58914663678099
536,536,0.018823109000095428,0.2948507415325558,57.589194755599834
537,537,0.018849600000066857,0.2948479576058719,57.58924276155105
538,538,0.018875678000085827,0.2948451806651603,57.58929065400899
539,539,0.018901640000080988,0.29484241068666944,57.58933843236665
540,540,0.018961095000065598,0.2948396476467675,57.58938609603532
541,541,0.018990021000092838,0.2948368915219412,57.589433644444334
542,542,0.01901742300009346,0.2948341422887952,57.58948107704078
543,543,0.019043969000108518,0.29483139992405094,57.58952839328921
544,544,0.019071578000136924,0.29482866440454597,57.589575592671395
545,545,0.01909860100010974,0.2948259357072328,57.58962267468603
546,546,0.019124690000126066,0.2948232138091783,57.58966963884846
547,547,0.01915053600015426,0.29482049868756244,57.589716484690435
548,548,0.019176617000141505,0.2948177903196781,57.589763211759845
549,549,0.019220224000150665,0.2948150886829292,57.58980981962047
550,550,0.019246690000159106,0.29481239375483104,57.58985630785172
551,551,0.019277543000157493,0.2948097055130084,57.58990267604838
552,552,0.019312572000160344,0.2948070239351954,57.58994892382037
553,553,0.019339754000156972,0.29480434899923436,57.58999505079252
554,554,0.019366140000158794,0.2948016806830753,57.590041056604306
555,555,0.01939211600017643,0.29479901896477456,57.590086940909615
556,556,0.01941815000020597,0.29479636382249474,57.59013270337655
557,557,0.01944397700015088,0.2947937152345033,57.59017834368714
558,558,0.019470213000147396,0.29479107317917214,57.590223861537204
559,559,0.01949668900016377,0.29478843763497664,57.59026925663601
560,560,0.01952268100018273,0.29478580858049513,57.59031452870617
561,561,0.019548581000208287,0.2947831859944078,57.59035967748333
562,562,0.01957476500018629,0.29478056985549617,57.59040470271602
563,563,0.019601026000202637,0.2947779601426425,57.590449604165464
564,564,0.019627004000199122,0.29477535683482864,57.59049438160526
565,565,0.019652910000161228,0.2947727599111357,57.590539034821305
566,566,0.019678916000202662,0.2947701693507431,57.59058356361151
567,567,0.019704709000166076,0.294767585132928,57.59062796778563
568,568,0.019730613000149333,0.29476500723706445,57.59067224716508
569,569,0.019764817000179846,0.2947624356426228,57.59071640158271
570,570,0.019793127000127697,0.29475987032916906,57.59076043088267
571,571,0.019821190000129718,0.2947573112763641,57.590804334920115
572,572,0.01984771000013552,0.29475475846396304,57.590848113561165
573,573,0.019874340000171742,0.29475221187181466,57.59089176668261
574,574,0.019900258000177473,0.2947496714798603,57.590935294171764
575,575,0.019926266000197757,0.2947471372681341,57.59097869592632
576,576,0.01995176800022591,0.2947446092167614,57.591021971854104
577,577,0.019978019000177483,0.29474208730595847,57.59106512187297
578,578,0.02000407200017662,0.29473957151603214,57.59110814591061
579,579,0.020029888000181018,0.2947370618273789,57.591151043904375
580,580,0.020055923000199982,0.2947345582204842,57.5911938158011
581,581,0.020081761000199094,0.29473206067592206,57.59123646155697
582,582,0.02010742600020876,0.29472956917435417,57.59127898113734
583,583,0.020133336000242252,0.29472708369652956,57.591321374516596
584,584,0.02015952500022422,0.2947246042232841,57.59136364167797
585,585,0.02018527500018763,0.2947221307355393,57.5914057826134
586,586,0.02021118100020658,0.29471966321430254,57.591447797323376
587,587,0.02024370800018005,0.29471720164066584,57.591489685816825
588,588,0.02027098200017008,0.2947147459958054,57.591531448110885
589,589,0.02029868600016016,0.2947122962609815,57.591573084230824
590,590,0.020325250000155393,0.2947098524175372,57.59161459420989
591,591,0.020351626000206124,0.29470741444689863,57.59165597808915
592,592,0.02037778200019602,0.2947049823305734,57.591697235917344
593,593,0.02040343400022948,0.29470255605015105,57.5917383677508
594,594,0.020430401000226084,0.294700135587302,57.591779373653196
595,595,0.020456793000221296,0.29469772092377683,57.591820253695566
596,596,0.020483473000183494,0.2946953120414063,57.591861007956034
597,597,0.020509720000177367,0.2946929089221004,57.591901636519765
598,598,0.02053548000014871,0.2946905115478479,57.59194213947882
599,599,0.020561234000183504,0.29468811990071586,57.591982516932
600,600,0.02058698300021433,0.29468573396284925,57.59202276898478
601,601,0.0206129840002518,0.2946833537164703,57.592062895749145
602,602,0.020638830000279995,0.2946809791438778,57.59210289734345
603,603,0.020670512000265262,0.2946786102274472,57.59214277389235
604,604,0.020717212000249674,0.29467624694962935,57.59218252552664
605,605,0.02074607600025047,0.2946738892929505,57.592222152383194
606,606,0.020780747000287647,0.29467153724001205,57.59226165460478
607,607,0.02080744100027232,0.2946691907734891,57.59230103233999
608,608,0.020833910000305877,0.2946668498761309,57.59234028574314
609,609,0.020860059000256115,0.2946645145307603,57.592379414974125
610,610,0.020915511000225706,0.2946621847202727,57.59241842019834
611,611,0.020944607000217275,0.29465986042763603,57.59245730158654
612,612,0.020971614000188765,0.2946575416358901,57.59249605931479
613,613,0.020998013000166793,0.2946552283281466,57.592534693564296
614,614,0.021024654000143528,0.29465292048758784,57.59257320452137
615,615,0.021051018000150634,0.29465061809746695,57.592611592377274
616,616,0.02107687600010877,0.2946483211411072,57.592649857328134
617,617,0.02110258200013959,0.2946460296019017,57.5926879995749
618,618,0.02112876300014932,0.29464374346331257,57.59272601932312
619,619,0.021154769000190754,0.2946414627088711,57.59276391678303
620,620,0.02118122900014896,0.2946391873221768,57.592801692169246
621,621,0.021227883000165093,0.2946369172868974,57.59283934570089
622,622,0.021256249000202843,0.2946346525867679,57.5928768776013
623,623,0.021289776000173788,0.29463239320559065,57.592914288098115
624,624,0.0213179520001745,0.29463013912723496,57.59295157742305
625,625,0.021344167000165726,0.2946278903356361,57.59298874581189
626,626,0.021370430000217766,0.29462564681479547,57.593025793504346
627,627,0.021396424000215575,0.29462340854877994,57.593062720744065
628,628,0.021422087000246393,0.29462117552172173,57.59309952777845
629,629,0.02144809200024156,0.2946189477178175,57.59313621485859
630,630,0.021473954000214235,0.2946167251213283,57.593172782239236
631,631,0.02150001400025303,0.29461450771657943,57.59320923017871
632,632,0.02152572200020586,0.2946122954879594,57.59324555893876
633,633,0.021551299000236668,0.2946100884199201,57.59328176878454
634,634,0.021577554000259624,0.2946078864969762,57.593317859984545
635,635,0.021603040000286455,0.2946056897037049,57.593353832810486
636,636,0.021629388000292238,0.2946034980247451,57.593389687537275
637,637,0.021655036000311156,0.2946013114447979,57.59342542444289
638,638,0.021695359000318604,0.2945991299486254,57.59346104380836
639,639,0.021728644000290842,0.29459695352105075,57.593496545917645
640,640,0.021764128000256733,0.29459478214695767,57.59353193105762
641,641,0.021790980000275795,0.29459261581129015,57.59356719951794
642,642,0.02181726600025513,0.2945904544990521,57.59360235159105
643,643,0.021843529000250328,0.29458829819530696,57.59363738757203
644,644,0.02187769100027026,0.2945861468851773,57.59367230775864
645,645,0.021912238000254547,0.2945840005538447,57.593707112451135
646,646,0.021948204000239002,0.29458185918654906,57.59374180195229
647,647,0.02198556100023552,0.2945797227685883,57.593776376567284
648,648,0.022019754000268676,0.2945775912853188,57.593810836603716
649,649,0.0220559540002796,0.2945754647221539,57.5938451823714
650,650,0.02208354900028553,0.294573343064564,57.59387941418247
651,651,0.022110178000275482,0.2945712262980769,57.593913532351216
652,652,0.0221362580002733,0.29456911440827643,57.59394753719405
653,653,0.02216207100025258,0.2945670073808027,57.59398142902946
654,654,0.022197710000227744,0.294564905201352,57.59401520817796
655,655,0.022233770000241293,0.2945628078556757,57.59404887496201
656,656,0.022260498000264306,0.2945607153295808,57.594082429705956
657,657,0.022287019000259534,0.29455862760892887,57.59411587273603
658,658,0.02231318200028909,0.29455654467963643,57.59414920438023
659,659,0.02233897800027762,0.29455446652767414,57.59418242496832
660,660,0.022364958000309798,0.2945523931390668,57.59421553483173
661,661,0.022390828000311558,0.29455032449989266,57.594248534303574
662,662,0.022416642000337106,0.2945482605962835,57.59428142371851
663,663,0.02244293100034156,0.29454620141442434,57.59431420341277
664,664,0.022468722000326125,0.2945441469405528,57.59434687372408
665,665,0.022494489000337126,0.29454209716095925,57.59437943499158
666,666,0.022520807000375953,0.29454005206198597,57.594411887555864
667,667,0.022546590000388278,0.29453801163002746,57.59444423175884
668,668,0.02257231300040985,0.2945359758515298,57.594476467943736
669,669,0.022598243000402363,0.29453394471299027,57.594508596455036
670,670,0.022624136000388262,0.2945319182009576,57.59454061763846
671,671,0.022650407000412542,0.29452989630203075,57.5945725318409
672,672,0.02268240400042032,0.29452787900286,57.59460433941037
673,673,0.022715826000421657,0.2945258662901452,57.59463604069598
674,674,0.02274347900038265,0.2945238581506366,57.5946676360479
675,675,0.022770162000369965,0.2945218545711338,57.5946991258173
676,676,0.022797004000381094,0.2945198555384863,57.594730510356314
677,677,0.022823421000339295,0.2945178610395923,57.59476179001803
678,678,0.02285517700033779,0.29451587106139954,57.59479296515641
679,679,0.02288318300031733,0.29451388559090363,57.594824036126234
680,680,0.02291027900031395,0.29451190461514914,57.59485500328318
681,681,0.0229371520003383,0.2945099281212289,57.59488586698362
682,682,0.022964093000325647,0.29450795609628294,57.59491662758473
683,683,0.02299071200036451,0.29450598852749954,57.59494728544434
684,684,0.023016640000378175,0.2945040254021142,57.594977840921004
685,685,0.023042763000376,0.2945020667074093,57.595008294373876
686,686,0.0230767930003708,0.2945001124307145,57.59503864616271
687,687,0.02311377200038578,0.29449816255940575,57.59506889664784
688,688,0.023148998000408483,0.29449621708090573,57.595099046190136
689,689,0.023186778000422237,0.29449427598268285,57.59512909515097
690,690,0.023222933000454304,0.29449233925225177,57.59515904389218
691,691,0.023254136000446124,0.29449040687717265,57.595188892776044
692,692,0.023296043000470945,0.2944884788450511,57.59521864216525
693,693,0.02332882100046163,0.29448655514353805,57.595248292422845
694,694,0.02336216900044974,0.2944846357603292,57.59527784391227
695,695,0.02339729700048565,0.2944827206831651,57.595307296997234
696,696,0.023431445000539952,0.2944808098998308,57.59533665204176
697,697,0.023466489000554702,0.2944789033981555,57.595365909410134
698,698,0.023500924000586565,0.2944770011660127,57.59539506946685
699,699,0.023536088000582822,0.2944751031913195,57.595424132576646
700,700,0.023591288000602617,0.2944732094620366,57.595453099104404
701,701,0.023620231000620606,0.29447131996616815,57.59548196941517
702,702,0.02364736800063838,0.29446943469176157,57.595510743874115
703,703,0.02367504300065093,0.2944675536269069,57.59553942284651
704,704,0.023701600000606504,0.29446567675973734,57.59556800669769
705,705,0.023727867000616243,0.29446380407842815,57.59559649579305
706,706,0.023754268000629963,0.2944619355711971,57.59562489049802
707,707,0.023780522000606652,0.29446007122630413,57.59565319117801
708,708,0.023806603000593896,0.2944582110320509,57.5956813981984
709,709,0.02383258300056923,0.2944563549767808,57.595709511924554
710,710,0.023858288000553785,0.2944545030488786,57.59573753272173
711,711,0.023884183000518533,0.2944526552367704,57.59576546095513
712,712,0.0239100470005269,0.2944508115289234,57.59579329698983
713,713,0.023944415000528352,0.29444897191384545,57.595821041190746
714,714,0.024014435000538015,0.2944471363800851,57.595848693922676
715,715,0.024048579000577774,0.2944453049162315,57.595876255550216
716,716,0.02407686800057718,0.294443477510914,57.59590372643777
717,717,0.02410371800061739,0.2944416541528018,57.59593110694952
718,718,0.024130246000652278,0.2944398348306042,57.5959583974494
719,719,0.024156246000643478,0.2944380195330698,57.595985598301134
720,720,0.024182658000654556,0.29443620824898714,57.5960127098681
721,721,0.024208326000632496,0.29443440096718365,57.59603973251343
722,722,0.02423412000064218,0.2944325976765261,57.596066666599924
723,723,0.024260772000673114,0.2944307983659198,57.59609351249005
724,724,0.024286675000666946,0.29442900302430913,57.59612027054592
725,725,0.02431265500064228,0.2944272116406768,57.59614694112929
726,726,0.024338449000651963,0.2944254242040439,57.59617352460154
727,727,0.024364852000644532,0.29442364070346966,57.59620002132362
728,728,0.02439079800063837,0.29442186112805135,57.59622643165608
729,729,0.024416808000637502,0.2944200854669238,57.596252755959036
730,730,0.02447123700062548,0.29441831370925975,57.596278994592154
731,731,0.02450756700062584,0.294416545844269,57.59630514791464
732,732,0.024534300000595977,0.29441478186119907,57.5963312162852
733,733,0.024560694000570038,0.2944130217493341,57.59635720006205
734,734,0.02458733600059304,0.29441126549799534,57.59638309960291
735,735,0.02465349000055994,0.29440951309654073,57.59640891526496
736,736,0.02468354700056352,0.29440776453436485,57.59643464740485
737,737,0.02471100400055093,0.2944060198008985,57.596460296378666
738,738,0.024737580000589787,0.2944042788856087,57.59648586254194
739,739,0.024765822000631488,0.2944025417779988,57.59651134624961
740,740,0.024791950000633278,0.2944008084676076,57.596536747856035
741,741,0.024818311000615267,0.29439907894400985,57.59656206771496
742,742,0.024844361000589288,0.29439735319681576,57.59658730617952
743,743,0.024878463000618467,0.2943956312156709,57.5966124636022
744,744,0.024912783000615946,0.2943939129902562,57.59663754033485
745,745,0.024977672000602524,0.29439219851028753,57.59666253672869
746,746,0.025006130000633675,0.29439048776551563,57.59668745313422
747,747,0.025034485000617224,0.29438878074572583,57.59671228990132
748,748,0.02506142600060457,0.2943870774407383,57.59673704737916
749,749,0.025090824000642442,0.29438537784040747,57.59676172591618
750,750,0.025117149000607242,0.2943836819346221,57.59678632586015
751,751,0.025143652000565453,0.2943819897133049,57.596810847558096
752,752,0.025169620000554005,0.29438030116641273,57.59683529135634
753,753,0.02519573000051878,0.29437861628393597,57.59685965760044
754,754,0.02522218700050871,0.2943769350558989,57.596883946635174
755,755,0.02524958300051594,0.2943752574723591,57.596908158804645
756,756,0.025275775000523026,0.29437358352340753,57.59693229445209
757,757,0.025301693000528758,0.2943719131991684,57.596956353920035
758,758,0.02532772800049088,0.29437024648979876,57.59698033755019
759,759,0.02535365000045431,0.2943685833854889,57.597004245683465
760,760,0.025380452000433706,0.2943669238764614,57.59702807865999
761,761,0.025406689000419647,0.29436526795297163,57.59705183681904
762,762,0.02546066200045516,0.29436361560530766,57.59707552049911
763,763,0.025490225000453393,0.2943619668237894,57.59709913003785
764,764,0.02551909000044361,0.2943603215987692,57.597122665772055
765,765,0.025546653000446895,0.29435867992063136,57.5971461280377
766,766,0.02557288900044341,0.29435704177979205,57.59716951716991
767,767,0.025599732000443964,0.29435540716669906,57.597192833502916
768,768,0.02562591800045766,0.29435377607183205,57.59721607737013
769,769,0.02565234600047006,0.29435214848570196,57.597239249104035
770,770,0.025678320000508847,0.29435052439885084,57.59726234903628
771,771,0.02570472500053711,0.29434890380185225,57.59728537749762
772,772,0.025730713000541527,0.2943472866853107,57.597308334817896
773,773,0.025758684000550147,0.2943456730398614,57.597331221326066
774,774,0.025784720000558536,0.29434406285617076,57.59735403735018
775,775,0.025811021000549772,0.29434245612493526,57.59737678321737
776,776,0.02583710800058725,0.2943408528368824,57.59739945925386
777,777,0.025863265000623414,0.2943392529827697,57.59742206578495
778,778,0.02589171100061094,0.29433765655338506,57.597444603134996
779,779,0.025926332000608454,0.2943360635395466,57.59746707162744
780,780,0.025965633000566868,0.29433447393210216,57.59748947158479
781,781,0.026017603000582312,0.2943328877219296,57.597511803328565
782,782,0.02604605100060553,0.2943313048999365,57.5975340671794
783,783,0.0260734700005969,0.29432972545705993,57.59755626345696
784,784,0.02609956000060265,0.29432814938426655,57.5975783924799
785,785,0.02612712400059536,0.29432657667255235,57.59760045456596
786,786,0.026153310000609054,0.2943250073129424,57.59762245003193
787,787,0.026179501000626715,0.29432344129649113,57.597644379193575
788,788,0.02620571800059679,0.2943218786142815,57.59766624236573
789,789,0.026232623000566946,0.29432031925742574,57.59768803986224
790,790,0.026258507000534337,0.29431876321706474,57.59770977199594
791,791,0.026284879000570527,0.29431721048436776,57.59773143907872
792,792,0.026310842000611956,0.2943156610505327,57.59775304142146
793,793,0.026344506000612,0.2943141149067857,57.59777457933405
794,794,0.02637631400062901,0.29431257204438155,57.59779605312539
795,795,0.02644577400064918,0.29431103245460255,57.597817463103354
796,796,0.02647434100066448,0.29430949612875945,57.59783880957485
797,797,0.026502594000646695,0.29430796305819074,57.59786009284576
798,798,0.02652975800066315,0.29430643323426275,57.597881313220945
799,799,0.02655667200070866,0.29430490664836934,57.59790247100429
800,800,0.026583015000710475,0.29430338329193195,57.59792356649863
801,801,0.026618888000712104,0.29430186315639956,57.59794460000581
802,802,0.02664808100070104,0.2943003462332484,57.59796557182665
803,803,0.026676863000716367,0.294298832513982,57.59798648226095
804,804,0.026704075000736793,0.2942973219901305,57.59800733160746
805,805,0.02673117100073341,0.29429581465325166,57.59802812016394
806,806,0.0267572070007418,0.2942943104949298,57.59804884822711
807,807,0.026791774000741952,0.294292809506776,57.598069516092664
808,808,0.02682449100075246,0.2942913116804281,57.598090124055254
809,809,0.026889263000725805,0.2942898170075502,57.59811067240851
810,810,0.02693980800074769,0.2942883254798331,57.59813116144502
811,811,0.026968459000727307,0.29428683708899395,57.59815159145634
812,812,0.026995232000729175,0.29428535182677595,57.59817196273299
813,813,0.027024637000749863,0.2942838696849483,57.59819227556445
814,814,0.0270514730007676,0.29428239065530654,57.59821253023916
815,815,0.027078482000774784,0.29428091472967177,57.59823272704451
816,816,0.027108841000767825,0.29427944189989114,57.59825286626686
817,817,0.02713590600075122,0.29427797215783746,57.598272948191536
818,818,0.027163493000728067,0.2942765054954088,57.59829297310278
819,819,0.027202693000731415,0.29427504190452913,57.59831294128382
820,820,0.02722888300075965,0.29427358137714754,57.59833285301685
821,821,0.027267391000748376,0.29427212390523844,57.59835270858298
822,822,0.02729341300073429,0.2942706694808016,57.59837250826231
823,823,0.02733155200070314,0.2942692180958615,57.598392252333845
824,824,0.027369842000723565,0.2942677697424679,57.598411941075604
825,825,0.02741778200072531,0.29426632441269535,57.5984315747645
826,826,0.027445391000753716,0.29426488209864304,57.59845115367643
827,827,0.02747256400078868,0.2942634427924351,57.59847067808624
828,828,0.027498970000749523,0.29426200648622,57.59849014826769
829,829,0.02752552500078309,0.29426057317217075,57.598509564493554
830,830,0.027552168000738675,0.2942591428424848,57.598528927035495
831,831,0.027578758000743164,0.29425771548938384,57.59854823616417
832,832,0.027604941000731742,0.2942562911051137,57.59856749214916
833,833,0.027631792000704536,0.2942548696819445,57.598586695258994
834,834,0.02766129000070805,0.29425345121217006,57.59860584576119
835,835,0.02769514600072398,0.2942520356881085,57.598624943922154
836,836,0.027730886000711052,0.2942506231021013,57.598643990007304
837,837,0.02776495800065959,0.294249213446514,57.598662984280956
838,838,0.027797876000647648,0.29424780671373557,57.59868192700644
839,839,0.02785491100064519,0.29424640289617865,57.598700818445984
840,840,0.027886821000606687,0.2942450019862793,57.59871965886078
841,841,0.02791606200065644,0.29424360397649674,57.59873844851101
842,842,0.027943246000631916,0.29424220885931374,57.59875718765575
843,843,0.0279702510006814,0.2942408166272361,57.59877587655308
844,844,0.02799677200067663,0.2942394272727927,57.598794515460014
845,845,0.02802318500067713,0.2942380407885352,57.59881310463253
846,846,0.02805704500065076,0.2942366571670387,57.59883164432555
847,847,0.028084817000660678,0.29423527640090047,57.59885013479299
848,848,0.028110758000707392,0.29423389848274106,57.598868576287664
849,849,0.0281396440007029,0.29423252340520334,57.598886969061404
850,850,0.028165791000731133,0.29423115116095294,57.59890531336499
851,851,0.028192328000727684,0.2942297817426775,57.598923609448114
852,852,0.028219019000744083,0.29422841514308756,57.598941857559524
853,853,0.02824590000079752,0.2942270513549157,57.59896005794684
854,854,0.028271831000779457,0.29422569037091684,57.59897821085671
855,855,0.028298470000777343,0.2942243321838679,57.59899631653473
856,856,0.028363112000761248,0.2942229767865678,57.599014375225444
857,857,0.02839177900074219,0.29422162417183756,57.5990323871724
858,858,0.02841934000070978,0.29422027433252,57.599050352618086
859,859,0.028445841000745986,0.29421892726147975,57.599068271804
860,860,0.028471873000739834,0.29421758295160305,57.59908614497058
861,861,0.028498276000732403,0.29421624139579794,57.59910397235725
862,862,0.02854761100070391,0.29421490258699384,57.59912175420241
863,863,0.028576019000695396,0.2942135665181416,57.599139490743454
864,864,0.028603718000738354,0.2942122331822137,57.59915718221673
865,865,0.02863328900076567,0.2942109025722036,57.599174828857585
866,866,0.02866016300077945,0.2942095746811263,57.599192430900345
867,867,0.028686646000778637,0.2942082495020176,57.59920998857833
868,868,0.028713018000757984,0.29420692702793466,57.59922750212384
869,869,0.028746483000759326,0.29420560725195544,57.59924497176815
870,870,0.02878025800072237,0.29420429016717886,57.59926239774157
871,871,0.02883832400073061,0.2942029757667246,57.59927978027333
872,872,0.028868915000714424,0.29420166404373327,57.599297119591725
873,873,0.028898212000683543,0.294200354991366,57.59931441592401
874,874,0.028940037000722896,0.2941990486028044,57.59933166949645
875,875,0.02902554400071722,0.2941977448712508,57.59934888053431
876,876,0.029055953000749923,0.29419644378992804,57.59936604926185
877,877,0.02908609000070328,0.2941951453520789,57.59938317590235
878,878,0.029113415000665555,0.29419384955096706,57.59940026067805
879,879,0.029140913000674118,0.29419255637987585,57.59941730381028
880,880,0.029173334000688556,0.2941912658321091,57.5994343055193
881,881,0.029207967000672852,0.2941899779009905,57.59945126602444
882,882,0.029237570000702817,0.2941886925798638,57.599468185544005
883,883,0.02926518300068892,0.2941874098620928,57.59948506429535
884,884,0.02929208200072253,0.294186129741061,57.599501902494815
885,885,0.02932693700074651,0.29418485221017154,57.5995187003578
886,886,0.02936369400077865,0.29418357726284766,57.5995354580987
887,887,0.0293917090007767,0.29418230489253183,57.599552175930945
888,888,0.02941911700077071,0.29418103509268617,57.599568854066995
889,889,0.029445584000768577,0.2941797678567924,57.59958549271833
890,890,0.029472319000774405,0.2941785031783517,57.59960209209549
891,891,0.029498758000784164,0.2941772410508844,57.59961865240802
892,892,0.029524838000781983,0.2941759814679301,57.59963517386451
893,893,0.0295510590007666,0.29417472442304793,57.59965165667262
894,894,0.029577385000777667,0.2941734699098157,57.59966810103901
895,895,0.029604564000806022,0.2941722179218305,57.5996845071694
896,896,0.029631049000840903,0.2941709684527085,57.59970087526857
897,897,0.029657319000818916,0.2941697214960848,57.59971720554034
898,898,0.029683300000783674,0.29416847704561316,57.599733498187575
899,899,0.029709447000811906,0.2941672350949661,57.59974975341222
900,900,0.02973606100078996,0.29416599563783513,57.599765971415245
901,901,0.029762552000818232,0.29416475866793035,57.5997821523967
902,902,0.029812650000792473,0.29416352417898023,57.5997982965557
903,903,0.029841733000807835,0.29416229216473205,57.59981440409042
904,904,0.02987039400085223,0.29416106261895125,57.59983047519807
905,905,0.02989724800085014,0.2941598355354219,57.599846510075004
906,906,0.029923416000883662,0.2941586109079463,57.59986250891658
907,907,0.029949556000872235,0.294157388730345,57.599878471917265
908,908,0.029976437000868827,0.29415616899645675,57.5998943992706
909,909,0.030002872000920888,0.29415495170013845,57.59991029116921
910,910,0.03002884600090283,0.29415373683526497,57.59992614780478
911,911,0.030055026000923135,0.29415252439572936,57.5999419693681
912,912,0.030081471000869442,0.29415131437544234,57.59995775604907
913,913,0.030108604000872674,0.2941501067683328,57.59997350803663
914,914,0.03013473500084274,0.29414890156834717,57.59998922551886
915,915,0.030160919000877584,0.2941476987694499,57.600004908682926
916,916,0.030186976000891264,0.2941464983656229,57.60002055771507
917,917,0.030213039000898334,0.2941453003508656,57.60003617280067
918,918,0.030238909000900094,0.29414410471919533,57.60005175412417
919,919,0.030265005000899237,0.2941429114646468,57.60006730186918
920,920,0.03031447400093157,0.29414172058127186,57.600082816218354
921,921,0.03034343500092973,0.2941405320631402,57.600098297353505
922,922,0.030372115000943722,0.2941393459043385,57.600113745455545
923,923,0.030399302000944317,0.2941381620989707,57.60012916070452
924,924,0.030426123000950156,0.29413698064115806,57.60014454327956
925,925,0.03045226900093212,0.29413580152503893,57.60015989335898
926,926,0.03051400400096327,0.29413462474476876,57.60017521112016
927,927,0.03054316100099186,0.2941334502945199,57.60019049673965
928,928,0.030570499000987184,0.29413227816848175,57.60020575039312
929,929,0.030597111000986388,0.29413110836086054,57.60022097225538
930,930,0.03062556600099242,0.29412994086587935,57.60023616250037
931,931,0.03065177600097968,0.29412877567777806,57.60025132130119
932,932,0.030678275000980193,0.29412761279081323,57.60026644883007
933,933,0.030704678000972763,0.29412645219925826,57.60028154525837
934,934,0.030730825001000994,0.2941252938974028,57.60029661075663
935,935,0.03075722700100414,0.2941241378795532,57.60031164549454
936,936,0.030783303000987416,0.29412298414003263,57.60032664964094
937,937,0.030817827000987563,0.2941218326731801,57.60034162336382
938,938,0.030846146001010766,0.29412068347335135,57.60035656683033
939,939,0.03089208400103871,0.2941195365349184,57.60037148020681
940,940,0.030919072001040604,0.29411839185226946,57.60038636365873
941,941,0.030945986001086112,0.29411724941980905,57.600401217350765
942,942,0.030992974001094353,0.29411610923195763,57.600416041446756
943,943,0.031021887001088544,0.29411497128315206,57.6004308361097
944,944,0.031049472001086542,0.294113835567845,57.60044560150178
945,945,0.03107610900110558,0.29411270208050505,57.600460337784384
946,946,0.031102374001136468,0.29411157081561695,57.60047504511806
947,947,0.03112878700113697,0.29411044176768125,57.60048972366254
948,948,0.031155122001166546,0.29410931493121417,57.60050437357678
949,949,0.031181160001153785,0.2941081903007478,57.600518995018874
950,950,0.031208182001137175,0.29410706787083,57.60053358814618
951,951,0.031235080001124516,0.29410594763602416,57.60054815311519
952,952,0.03126166000112107,0.29410482959090944,57.60056269008164
953,953,0.031310331001122904,0.2941037137300804,57.60057719920046
954,954,0.03134046400111856,0.29410260004814703,57.60059168062578
955,955,0.031370733001153894,0.29410148853973506,57.600606134510976
956,956,0.031397862001142585,0.29410037919948534,57.600620561008576
957,957,0.03142427800111136,0.2940992720220541,57.60063496027037
958,958,0.0314507440011198,0.29409816700211305,57.600649332447354
959,959,0.031477545001109775,0.29409706413434894,57.60066367768976
960,960,0.03150352100112741,0.2940959634134637,57.60067799614701
961,961,0.03153009900114512,0.2940948648341745,57.600692287967796
962,962,0.03155630900113238,0.2940937683912136,57.600706553300014
963,963,0.03158291000113422,0.29409267407932815,57.600720792290815
964,964,0.03160899600112543,0.2940915818932805,57.600735005086555
965,965,0.031635151001125905,0.29409049182784774,57.60074919183287
966,966,0.03166158700111055,0.2940894038778218,57.60076335267461
967,967,0.03168770400111498,0.2940883180380096,57.60077748775588
968,968,0.031713732001094286,0.29408723430323286,57.600791597220024
969,969,0.0317398160010498,0.2940861526683278,57.600805681209664
970,970,0.03176615100107938,0.2940850731281458,57.60081973986665
971,971,0.031814343001087764,0.2940839956775522,57.60083377333209
972,972,0.031843376001120305,0.29408292031142746,57.600847781746374
973,973,0.0318797350010982,0.29408184702466633,57.600861765249135
974,974,0.031917021001106605,0.2940807758121781,57.60087572397927
975,975,0.03195234100110156,0.2940797066688865,57.60088965807497
976,976,0.03198608500110822,0.2940786395897297,57.60090356767367
977,977,0.03202164000111907,0.29407757456966016,57.600917452912086
978,978,0.03205634700111659,0.2940765116036446,57.600931313926225
979,979,0.03209132000108639,0.294075450686664,57.60094515085136
980,980,0.03212521100107324,0.29407439181371364,57.60095896382205
981,981,0.03215866100106268,0.2940733349798029,57.600972752972154
982,982,0.032193176001101165,0.2940722801799552,57.600986518434794
983,983,0.03222003300112419,0.294071227409208,57.6010002603424
984,984,0.03224620700109426,0.294070176662613,57.60101397882671
985,985,0.032317998001076376,0.29406912793523554,57.60102767401872
986,986,0.03235280800106466,0.2940680812221551,57.60104134604877
987,987,0.03238114400107861,0.294067036518465,57.60105499504647
988,988,0.03240786600105139,0.29406599381927223,57.60106862114075
989,989,0.0324469210010534,0.29406495311969794,57.60108222445985
990,990,0.03251527400107079,0.2940639144148766,57.60109580513134
991,991,0.03254428800107689,0.2940628776999566,57.601109363282056
992,992,0.03257213300105377,0.29406184297009996,57.60112289903819
993,993,0.03259978500108218,0.29406081022048214,57.60113641252525
994,994,0.032626876001074834,0.29405977944629247,57.60114990386805
995,995,0.03265324300110706,0.2940587506427334,57.601163373190744
996,996,0.03267984900111287,0.29405772380502115,57.60117682061681
997,997,0.03270617600111336,0.2940566989283854,57.60119024626907
998,998,0.0327407060011069,0.2940556760080689,57.60120365026965
999,999,0.032770970001138267,0.2940546550393279,57.60121703274004
1000,1000,0.03280859700117844,0.2940536360174321,57.60123039380106
1001,1001,0.032844737001141766,0.29405261893766416,57.60124373357289
1002,1002,0.03287220800115165,0.29405160379532025,57.60125705217501
1003,1003,0.032898914001179946,0.2940505905857095,57.601270349726285
1004,1004,0.032925814001146136,0.2940495793041541,57.601283626344944
1005,1005,0.03295229800113475,0.2940485699459896,57.60129688214852
1006,1006,0.03297866300113128,0.2940475625065643,57.601310117253945
1007,1007,0.033005357001115954,0.2940465569812397,57.6013233317775
1008,1008,0.03303159900110586,0.29404555336539007,57.6013365258348
1009,1009,0.0330581870011315,0.2940445516544027,57.601349699540876
1010,1010,0.03308623100110708,0.29404355184367775,57.60136285301009
1011,1011,0.03311241600113135,0.2940425539286282,57.60137598635617
1012,1012,0.03313842700111991,0.29404155790467973,57.60138909969223
1013,1013,0.03316439300112961,0.29404056376727095,57.60140219313076
1014,1014,0.03319098600115922,0.29403957151185284,57.60141526678365
1015,1015,0.033216903001175524,0.2940385811338895,57.6014283207621
1016,1016,0.03324274300121033,0.29403759262885726,57.60144135517678
1017,1017,0.03330448800119257,0.29403660599224524,57.601454370137695
1018,1018,0.033333951001168316,0.2940356212195549,57.601467365754246
1019,1019,0.0333625880011823,0.29403463830630044,57.601480342135225
1020,1020,0.033389230001205306,0.29403365724800845,57.60149329938883
1021,1021,0.03341591100115693,0.29403267804021777,57.601506237622644
1022,1022,0.03344228800114024,0.2940317006784798,57.60151915694367
1023,1023,0.033468963001155316,0.29403072515835815,57.60153205745827
1024,1024,0.03349550200118756,0.29402975147542904,57.60154493927226
1025,1025,0.03352195900117749,0.29402877962528035,57.60155780249084
1026,1026,0.033548544001178016,0.29402780960351294,57.6015706472186
1027,1027,0.03357508300121026,0.2940268414057391,57.601583473559586
1028,1028,0.03360146000119357,0.2940258750275837,57.60159628161723
1029,1029,0.033627665001176865,0.29402491046468376,57.60160907149438
1030,1030,0.033657219001213434,0.29402394771268814,57.60162184329333
1031,1031,0.03369678500121154,0.2940229867672578,57.60163459711577
1032,1032,0.03373701100122162,0.2940220276240656,57.60164733306283
1033,1033,0.03378070600120964,0.29402107027879665,57.60166005123506
1034,1034,0.03384000900121009,0.29402011472714773,57.60167275173245
1035,1035,0.033885296001187726,0.29401916096482744,57.601685434654414
1036,1036,0.033942908001165506,0.2940182089875565,57.6016981000998
1037,1037,0.03400453000114112,0.294017258791067,57.60171074816692
1038,1038,0.03404952000113326,0.29401631037110315,57.6017233789535
1039,1039,0.034107944001164014,0.2940153637234208,57.601735992556705
1040,1040,0.03416791000114472,0.29401441884378743,57.60174858907317
1041,1041,0.03421341600113692,0.2940134757279821,57.60176116859896
1042,1042,0.034272898001177055,0.29401253437179575,57.6017737312296
1043,1043,0.03433332900112873,0.29401159477103045,57.60178627706008
1044,1044,0.03439328400111208,0.29401065692150047,57.6017988061848
1045,1045,0.03443774500112795,0.2940097208190309,57.60181131869769
1046,1046,0.034497552001141685,0.2940087864594585,57.601823814692075
1047,1047,0.034557805001156794,0.29400785383863187,57.60183629426078
1048,1048,0.03462070500114578,0.2940069229524105,57.601848757496086
1049,1049,0.0346803080011,0.29400599379666537,57.601861204489744
1050,1050,0.03472393900113957,0.29400506636727886,57.601873635332964
1051,1051,0.03478298700116511,0.2940041406601447,57.60188605011645
1052,1052,0.034829815001160114,0.2940032166711676,57.601898448930385
1053,1053,0.03487381100120501,0.29400229439626385,57.6019108318644
1054,1054,0.03493253100117499,0.2940013738313607,57.60192319900763
1055,1055,0.035011145001135446,0.29400045497239646,57.60193555044867
1056,1056,0.0350762000011855,0.29399953781532084,57.601947886275646
1057,1057,0.03511943800123163,0.2939986223560943,57.60196020657613
1058,1058,0.03517831100123203,0.2939977085906886,57.60197251143719
1059,1059,0.03523869300124716,0.29399679651508626,57.60198480094541
1060,1060,0.03528204700126025,0.2939958861252811,57.60199707518685
1061,1061,0.03535687400125198,0.2939949774172776,57.602009334247064
1062,1062,0.035401993001244136,0.29399407038709124,57.602021578211115
1063,1063,0.03546056100122996,0.29399316503074824,57.602033807163565
1064,1064,0.03553937800120366,0.293992261344286,57.602046021188485
1065,1065,0.035586344001217185,0.2939913593237525,57.60205822036944
1066,1066,0.035627317001228676,0.2939904589652063,57.60207040478953
1067,1067,0.03566253900123684,0.2939895602647169,57.60208257453133
1068,1068,0.03572285100119643,0.2939886632183646,57.60209472967696
1069,1069,0.03575388500121335,0.29398776782224023,57.60210687030805
1070,1070,0.03578190400122594,0.2939868740724452,57.602118996505716
1071,1071,0.03584230800123578,0.29398598196509174,57.60213110835067
1072,1072,0.035906091001209006,0.29398509149630225,57.60214320592305
1073,1073,0.0359420480012318,0.2939842026622102,57.60215528930259
1074,1074,0.03597041500120213,0.2939833154589591,57.60216735856852
1075,1075,0.035997728001234464,0.2939824298827033,57.60217941379963
1076,1076,0.03604248200127813,0.2939815459296071,57.602191455074205
1077,1077,0.036075472001243725,0.29398066359584574,57.60220348247008
1078,1078,0.03610383800122463,0.2939797828776045,57.60221549606464
1079,1079,0.036130874001230495,0.29397890377107927,57.60222749593476
1080,1080,0.03615861700126288,0.2939780262724759,57.602239482156946
1081,1081,0.03618465900120782,0.29397715037801064,57.602251454807146
1082,1082,0.036211011001228144,0.2939762760839103,57.60226341396093
1083,1083,0.0362373770012141,0.2939754033864113,57.602275359693365
1084,1084,0.036270216001241806,0.2939745322817609,57.602287292079104
1085,1085,0.03630556600126056,0.29397366276621606,57.60229921119234
1086,1086,0.03637126900122212,0.293972794836044,57.6023111171068
1087,1087,0.036417427001254055,0.2939719284875221,57.6023230098958
1088,1088,0.0364545670012717,0.2939710637169377,57.60233488963219
1089,1089,0.03648207500123135,0.2939702005205881,57.6023467563884
1090,1090,0.036509329001205515,0.2939693388947808,57.60235861023639
1091,1091,0.0365357540011928,0.2939684788358331,57.60237045124772
1092,1092,0.036562105001166856,0.29396762034007234,57.60238227949351
1093,1093,0.03658886100112113,0.29396676340383554,57.602394095044446
1094,1094,0.03661473900109513,0.29396590802347,57.60240589797077
1095,1095,0.03664090100107842,0.29396505419533253,57.60241768834233
1096,1096,0.03666763900105252,0.29396420191578987,57.6024294662285
1097,1097,0.03669453800108613,0.2939633511812185,57.602441231698286
1098,1098,0.03673060000107853,0.2939625019880046,57.60245298482024
1099,1099,0.03675734700107114,0.29396165433254434,57.60246472566249
1100,1100,0.03678354600106104,0.2939608082112432,57.60247645429279
1101,1101,0.03680998300103511,0.2939599636205167,57.60248817077844
1102,1102,0.03687744400099291,0.29395912055678974,57.60249987518633
1103,1103,0.03690745100101367,0.29395827901649685,57.60251156758298
1104,1104,0.03693565300102364,0.29395743899608223,57.60252324803444
1105,1105,0.03696292100107712,0.29395660049199956,57.60253491660641
1106,1106,0.03698933900108159,0.2939557635007122,57.60254657336413
1107,1107,0.03701584400107549,0.29395492801869255,57.602558218372515
1108,1108,0.037041871001065374,0.2939540940424232,57.602569851696
1109,1109,0.037068206001038106,0.2939532615683954,57.60258147339868
1110,1110,0.03709388400102398,0.29395243059311027,57.60259308354422
1111,1111,0.03712023600098746,0.2939516011130782,57.6026046821959
1112,1112,0.03714600100096277,0.29395077312481893,57.60261626941662
1113,1113,0.0371724690010069,0.2939499466248614,57.60262784526889
1114,1114,0.037198063000971615,0.2939491216097442,57.6026394098148
1115,1115,0.037224260000925824,0.29394829807601464,57.60265096311608
1116,1116,0.03724983500092094,0.29394747602022964,57.60266250523409
1117,1117,0.0372761950009135,0.29394665543895515,57.60267403622977
1118,1118,0.03731188600090718,0.2939458363287666,57.60268555616372
1119,1119,0.037376241000913524,0.293945018686248,57.60269706509613
1120,1120,0.03741329200090604,0.29394420250799314,57.60270856308683
1121,1121,0.03744115000091597,0.29394338779060436,57.60272005019526
1122,1122,0.037476329000924125,0.29394257453069345,57.60273152648052
1123,1123,0.037511232000895234,0.29394176272488104,57.60274299200128
1124,1124,0.03753811900088522,0.29394095236979667,57.60275444681592
1125,1125,0.03756441400088306,0.29394014346207925,57.6027658909824
1126,1126,0.03759048300088352,0.2939393359983763,57.60277732455832
1127,1127,0.03761689100088006,0.29393852997534436,57.60278874760091
1128,1128,0.037645241000916485,0.2939377253896488,57.60280016016707
1129,1129,0.03767215000090118,0.29393692223796414,57.60281156231332
1130,1130,0.03769848100091622,0.29393612051697343,57.602822954095835
1131,1131,0.037724650000939164,0.2939353202233687,57.6028343355704
1132,1132,0.03775450800094404,0.2939345213538508,57.602845706792486
1133,1133,0.03778078600095114,0.29393372390512923,57.602857067817176
1134,1134,0.037818775000914684,0.29393292787392244,57.60286841869925
1135,1135,0.03786256100090668,0.2939321332569574,57.6028797594931
1136,1136,0.037891752000859924,0.2939313400509698,57.602891090252776
1137,1137,0.03791908500085128,0.293930548252704,57.602902411032
1138,1138,0.03794523800081606,0.29392975785891323,57.60291372188412
1139,1139,0.03797175900081129,0.29392896886635894,57.60292502286219
1140,1140,0.038005836000820636,0.2939281812718114,57.60293631401888
1141,1141,0.03803433100080156,0.2939273950720495,57.60294759540653
1142,1142,0.03806097400075714,0.2939266102638605,57.602958867077184
1143,1143,0.0380877870007339,0.2939258268440403,57.60297012908251
1144,1144,0.0381137420006894,0.29392504480939313,57.60298138147382
1145,1145,0.03813984300069251,0.2939242641567319,57.602992624302175
1146,1146,0.038165408000736534,0.29392348488287784,57.603003857618226
1147,1147,0.03819145400069601,0.2939227069846605,57.60301508147235
1148,1148,0.03822527400069475,0.2939219304589179,57.603026295914574
1149,1149,0.038260137000690975,0.2939211553024965,57.6030375009946
1150,1150,0.03832089200068367,0.29392038151225097,57.603048696761824
1151,1151,0.038350403000720235,0.29391960908504444,57.6030598832653
1152,1152,0.03837805000074468,0.29391883801774804,57.60307106055379
1153,1153,0.03840518300074791,0.29391806830724143,57.603082228675696
1154,1154,0.03843148400073915,0.2939172999504125,57.60309338767915
1155,1155,0.03845798900073305,0.29391653294415726,57.60310453761194
1156,1156,0.03848383200073613,0.2939157672853797,57.603115678521554
1157,1157,0.038510419000772345,0.29391500297099254,57.60312681045517
1158,1158,0.03853636200079791,0.29391423999791594,57.60313793345965
1159,1159,0.038562674000843344,0.2939134783630788,57.60314904758156
1160,1160,0.03858862800080942,0.2939127180634178,57.60316015286715
1161,1161,0.038615131000824476,0.29391195909587753,57.60317124936235
1162,1162,0.038641062000806414,0.293911201457411,57.60318233711283
1163,1163,0.03866733800077782,0.293910445144979,57.60319341616391
1164,1164,0.03869283000079804,0.2939096901555504,57.60320448656065
1165,1165,0.03871902700080909,0.293908936486102,57.6032155483478
1166,1166,0.03874481800079366,0.2939081841336185,57.603226601569794
1167,1167,0.03877111800079547,0.2939074330950927,57.603237646270806
1168,1168,0.03880470400076774,0.29390668336752507,57.60324868249468
1169,1169,0.038833923000765935,0.29390593494792416,57.603259710284995
1170,1170,0.03916741600073692,0.2939051878333062,57.603270729685036
1171,1171,0.03921014500070896,0.29390444202069543,57.6032817407378
1172,1172,0.039257865000706715,0.29390369750712375,57.603292743485966
1173,1173,0.039295419000723086,0.29390295428963104,57.60330373797197
1174,1174,0.0393868680007472,0.2939022123652645,57.60331472423796
1175,1175,0.03942628200076115,0.29390147173107967,57.60332570232576
1176,1176,0.03946419800075773,0.29390073238413944,57.60333667227698
1177,1177,0.03950240100073188,0.2938999943215144,57.60334763413288
1178,1178,0.039536478000741226,0.2938992575402829,57.603358587934494
1179,1179,0.03956944300074383,0.293898522037531,57.60336953372254
1180,1180,0.0396040470007506,0.2938977878103522,57.6033804715375
1181,1181,0.039638621000733565,0.2938970548558477,57.60339140141955
1182,1182,0.039669918000697635,0.2938963231711263,57.60340232340862
1183,1183,0.03970225400070149,0.29389559275330446,57.60341323754437
1184,1184,0.039734610000721204,0.2938948635995059,57.60342414386614
1185,1185,0.03978810700073154,0.2938941357068622,57.603435042413075
1186,1186,0.03987834000071189,0.293893409072512,57.60344593322401
1187,1187,0.039914035000720105,0.2938926836936019,57.60345681633753
1188,1188,0.039956125000742304,0.29389195956728564,57.60346769179193
1189,1189,0.03999252500074135,0.29389123669072437,57.60347855962529
1190,1190,0.04006519000074604,0.2938905150610869,57.60348941987539
1191,1191,0.04010259500074653,0.29388979467554904,57.60350027257978
1192,1192,0.040130807000764435,0.2938890755312944,57.603511117775724
1193,1193,0.040158072000735956,0.2938883576255135,57.60352195550024
1194,1194,0.040184922000719325,0.29388764095540465,57.603532785790115
1195,1195,0.04021160900072118,0.293886925518173,57.60354360868185
1196,1196,0.0402384140007257,0.29388621131103126,57.603554424211715
1197,1197,0.04026519900071435,0.29388549833119926,57.60356523241571
1198,1198,0.04029168900069635,0.29388478657590417,57.6035760333296
1199,1199,0.04031812800070611,0.2938840760423803,57.6035868269889
1200,1200,0.04038397000067562,0.2938833667278692,57.603597613428896
1201,1201,0.040412850000677736,0.29388265862961954,57.60360839268458
1202,1202,0.04046225800072989,0.293881951744887,57.603619164790736
1203,1203,0.040497966000714314,0.29388124607093485,57.60362992978192
1204,1204,0.04053184400072496,0.29388054160503296,57.603640687692405
1205,1205,0.04055957100069918,0.29387983834445863,57.603651438556255
1206,1206,0.0406363830007308,0.293879136286496,57.6036621824073
1207,1207,0.040667077000705376,0.29387843542843645,57.603672919279084
1208,1208,0.0406943570006888,0.2938777357675781,57.60368364920499
1209,1209,0.04072154200071054,0.2938770373012265,57.6036943722181
1210,1210,0.04074766600069779,0.2938763400266938,57.603705088351305
1211,1211,0.04077448300068909,0.2938756439412994,57.60371579763724
1212,1212,0.040800990000718684,0.29387494904236944,57.60372650010832
1213,1213,0.040827175000742955,0.293874255327237,57.60373719579673
1214,1214,0.040853068000728854,0.29387356279324217,57.603747884734425
1215,1215,0.04089442800074039,0.29387287143773194,57.60375856695313
1216,1216,0.040931834000730305,0.29387218125806003,57.603769242484354
1217,1217,0.04096043300074825,0.2938714922515871,57.60377991135937
1218,1218,0.04098715300074218,0.2938708044156806,57.60379057360924
1219,1219,0.04101410400073746,0.2938701177477148,57.60380122926478
1220,1220,0.04104013700072073,0.2938694322450708,57.603811878356616
1221,1221,0.041161998000745825,0.29386874790513656,57.60382252091515
1222,1222,0.041190867000750586,0.29386806472530635,57.60383315697055
1223,1223,0.04121855200077107,0.2938673827029816,57.60384378655277
1224,1224,0.04124531000076104,0.2938667018355704,57.603854409691564
1225,1225,0.04127210500075762,0.29386602212048735,57.60386502641644
1226,1226,0.041316970000764286,0.29386534355515387,57.603875636756726
1227,1227,0.04134381500074369,0.29386466613699797,57.60388624074154
1228,1228,0.041369749000750744,0.2938639898634542,57.60389683839974
1229,1229,0.041433066000763574,0.293863314731964,57.603907429760035
1230,1230,0.04146138000078281,0.29386264073997503,57.60391801485088
1231,1231,0.041488445000766205,0.29386196788494184,57.60392859370056
1232,1232,0.041514676000758755,0.2938612961643254,57.60393916633713
1233,1233,0.041540760000771115,0.2938606255755931,57.603949732788436
1234,1234,0.04156643100077417,0.29385995611621923,57.60396029308213
1235,1235,0.041592441000773306,0.2938592877836841,57.60397084724567
1236,1236,0.04161819200072614,0.2938586205754748,57.6039813953063
1237,1237,0.04164454300075704,0.29385795448908475,57.603991937291056
1238,1238,0.04167329900076311,0.29385728952201395,57.604002473226814
1239,1239,0.041737437000733735,0.29385662567176873,57.60401300314019
1240,1240,0.04176808700071888,0.2938559629358618,57.60402352705765
1241,1241,0.04179611700072883,0.2938553013118123,57.604034045005456
1242,1242,0.04182306500075583,0.29385464079714574,57.60404455700965
1243,1243,0.041878404000783576,0.29385398138939395,57.604055063096126
1244,1244,0.0419068610008253,0.2938533230860952,57.60406556329055
1245,1245,0.04193452600082992,0.2938526658847939,57.60407605761839
1246,1246,0.041963617000874365,0.293852009783041,57.60408654610496
1247,1247,0.041990988000918605,0.2938513547783933,57.60409702877536
1248,1248,0.042018002000929755,0.29385070086841436,57.604107505654504
1249,1249,0.04209248400093202,0.2938500480506737,57.604117976767114
1250,1250,0.042148877000897755,0.2938493963227472,57.60412844213774
1251,1251,0.0421866330008811,0.2938487456822168,57.60413890179074
1252,1252,0.04222030000090626,0.2938480961266706,57.60414935575029
1253,1253,0.042248426000924155,0.2938474476537032,57.60415980404038
1254,1254,0.042276357000901044,0.2938468002609149,57.60417024668481
1255,1255,0.042307988000914065,0.29384615394591257,57.60418068370723
1256,1256,0.04235141600094039,0.2938455087063089,57.60419111513106
1257,1257,0.04239532900089671,0.29384486453972275,57.6042015409796
1258,1258,0.04244114100089291,0.29384422144377914,57.60421196127593
1259,1259,0.0424774230008893,0.293843579416109,57.60422237604296
1260,1260,0.042513385000859216,0.2938429384543496,57.604232785303445
1261,1261,0.04255460100085884,0.2938422985561439,57.60424318907994
1262,1262,0.04260008700089202,0.2938416597191411,57.604253587394844
1263,1263,0.042636567000897685,0.29384102194099626,57.604263980270375
1264,1264,0.042673792000925914,0.29384038521937067,57.60427436772859
1265,1265,0.042708783000932726,0.2938397495519312,57.60428474979135
1266,1266,0.042742438000971106,0.29383911493635095,57.60429512648037
1267,1267,0.042777392000971304,0.29383848137030905,57.6043054978172
1268,1268,0.042817288000946974,0.2938378488514901,57.60431586382322
1269,1269,0.042863543000919435,0.29383721737758495,57.60432622451961
1270,1270,0.042898581000940794,0.2938365869462902,57.60433657992743
1271,1271,0.042933495000966104,0.2938359575553086,57.604346930067535
1272,1272,0.04297201600098788,0.2938353292023482,57.60435727496067
1273,1273,0.043006865000961625,0.2938347018851234,57.60436761462736
1274,1274,0.043045882000967595,0.2938340756013541,57.60437794908801
1275,1275,0.043079574000955745,0.293833450348766,57.604388278362826
1276,1276,0.04310710900097092,0.29383282612509093,57.6043986024719
1277,1277,0.04313385100095957,0.293832202928066,57.60440892143513
1278,1278,0.04316082100092444,0.2938315807554343,57.60441923527225
1279,1279,0.043186904000890536,0.2938309596049448,57.60442954400289
1280,1280,0.04321354200084215,0.293830339474352,57.60443984764646
1281,1281,0.04328468000085195,0.29382972036141597,57.604450146222256
1282,1282,0.0433142310008634,0.29382910226390285,57.60446043974939
1283,1283,0.04334155900085079,0.2938284851795841,57.60447072824686
1284,1284,0.043368564000843435,0.2938278691062368,57.60448101173347
1285,1285,0.04340379100085556,0.2938272540416442,57.6044912902279
1286,1286,0.04343932800082939,0.29382663998359454,57.60450156374867
1287,1287,0.043467170000837996,0.2938260269298819,57.604511832314145
1288,1288,0.04349391500085176,0.2938254148783061,57.60452209594256
1289,1289,0.04352313500089622,0.29382480382667225,57.60453235465199
1290,1290,0.04354976200090732,0.2938241937727912,57.60454260846034
1291,1291,0.043577942000922576,0.2938235847144792,57.60455285738541
1292,1292,0.04360456400092971,0.29382297664955837,57.60456310144483
1293,1293,0.04363046400095527,0.293822369575856,57.604573340656096
1294,1294,0.043657460000929404,0.2938217634912048,57.60458357503654
1295,1295,0.04368474400092737,0.2938211583934433,57.60459380460341
1296,1296,0.04371149300089883,0.29382055428041526,57.60460402937372
1297,1297,0.04373767000089401,0.29381995114996995,57.60461424936441
1298,1298,0.043770455000867514,0.2938193489999621,57.60462446459228
1299,1299,0.04379860300088012,0.2938187478282517,57.60463467507394
1300,1300,0.04382540700083837,0.2938181476327044,57.604644880825916
1301,1301,0.04385272000081386,0.293817548411191,57.604655081864585
1302,1302,0.04387999600078274,0.29381695016158793,57.604665278206156
1303,1303,0.04395005200075275,0.29381635288177677,57.60467546986675
1304,1304,0.04397879900079715,0.2938157565696443,57.604685656862294
1305,1305,0.0440078450008059,0.293815161223083,57.60469583920863
1306,1306,0.0440354000007801,0.29381456683999047,57.60470601692145
1307,1307,0.044061823000788536,0.29381397341826965,57.604716190016305
1308,1308,0.04408876500082215,0.2938133809558286,57.604726358508636
1309,1309,0.0441155500008108,0.29381278945058076,57.60473652241373
1310,1310,0.04414220000080604,0.293812198900445,57.60474668174676
1311,1311,0.04416811100082896,0.29381160930334527,57.60475683652275
1312,1312,0.04419578100083754,0.2938110206572105,57.60476698675662
1313,1313,0.044222568000861884,0.2938104329599753,57.60477713246315
1314,1314,0.04425533500085521,0.2938098462095792,57.604787273656996
1315,1315,0.04428878400085523,0.29380926040396677,57.60479741035266
1316,1316,0.044330171000808605,0.2938086755410882,57.60480754256457
1317,1317,0.044366275000811584,0.29380809161889837,57.60481767030699
1318,1318,0.04440176000082374,0.2938075086353576,57.60482779359409
1319,1319,0.044436694000808075,0.293806926588431,57.604837912439876
1320,1320,0.04449223100078825,0.2938063454760892,57.60484802685826
1321,1321,0.04452814600080046,0.29380576529630764,57.60485813686304
1322,1322,0.04456608400079176,0.29380518604706696,57.604868242467866
1323,1323,0.04460955900077579,0.2938046077263528,57.60487834368629
1324,1324,0.044663125000738546,0.2938040303321559,57.60488844053173
1325,1325,0.04470687200074508,0.2938034538624719,57.604898533017504
1326,1326,0.04474660700077493,0.2938028783153017,57.604908621156795
1327,1327,0.04478598000076772,0.2938023036886511,57.60491870496266
1328,1328,0.044822565000743,0.2938017299805309,57.60492878444807
1329,1329,0.044860132000735575,0.2938011571889567,57.60493885962586
1330,1330,0.04490626200072256,0.2938005853119493,57.60494893050874
1331,1331,0.04494507400073644,0.29380001434753433,57.60495899710934
1332,1332,0.044980911000777724,0.29379944429374255,57.604969059440144
1333,1333,0.04501812200078348,0.2937988751486094,57.60497911751354
1334,1334,0.045055861000776076,0.2937983069101754,57.604989171341785
1335,1335,0.04509461500077805,0.2937977395764858,57.604999220937046
1336,1336,0.04514034800075706,0.2937971731455909,57.60500926631138
1337,1337,0.04517990600072608,0.2937966076155457,57.60501930747671
1338,1338,0.04521960800070701,0.2937960429844105,57.605029344444866
1339,1339,0.04525784100070496,0.29379547925024974,57.605039377227584
1340,1340,0.04529600500069364,0.2937949164111332,57.60504940583646
1341,1341,0.045337498000719734,0.29379435446513535,57.60505943028299
1342,1342,0.04537670200073762,0.29379379341033535,57.6050694505786
1343,1343,0.04541705100075433,0.29379323324481743,57.60507946673456
1344,1344,0.04545362800075736,0.29379267396667025,57.60508947876206
1345,1345,0.04548842700074829,0.2937921155739875,57.60509948667219
1346,1346,0.04558388500072397,0.29379155806486745,57.605109490475904
1347,1347,0.04562478000070769,0.29379100143741327,57.6051194901841
1348,1348,0.04566529900068872,0.29379044568973284,57.60512948580754
1349,1349,0.04570359800067081,0.2937898908199384,57.6051394773569
1350,1350,0.045768706000671955,0.2937893368261475,57.60514946484275
1351,1351,0.04581213700066655,0.2937887837064817,57.605159448275536
1352,1352,0.04585162000068976,0.2937882314590678,57.60516942766565
1353,1353,0.045893757000669666,0.29378768008203693,57.60517940302336
1354,1354,0.045934961000682506,0.2937871295735251,57.60518937435881
1355,1355,0.04602672000066832,0.2937865799316726,57.60519934168209
1356,1356,0.046071050000648484,0.29378603115462487,57.60520930500317
1357,1357,0.04611311500065085,0.29378548324053133,57.60521926433193
1358,1358,0.046154305000641216,0.29378493618754653,57.605229219678144
1359,1359,0.04619156800060864,0.29378438999382933,57.605239171051494
1360,1360,0.046243379000657114,0.2937838446575432,57.60524911846158
1361,1361,0.046285059000638284,0.2937833001768563,57.60525906191789
1362,1362,0.04632412500063765,0.293782756549941,57.60526900142983
1363,1363,0.04636347600063573,0.29378221377497477,57.6052789370067
1364,1364,0.04640311000065367,0.29378167185013887,57.60528886865772
1365,1365,0.046442867000678234,0.2937811307736197,57.605298796392006
1366,1366,0.04649099000067736,0.29378059054360783,57.605308720218616
1367,1367,0.04653358400065599,0.2937800511582984,57.60531864014646
1368,1368,0.04657403200064891,0.293779512615891,57.6053285561844
1369,1369,0.046614449000685454,0.29377897491458976,57.6053384683412
1370,1370,0.046653936000723206,0.2937784380526032,57.605348376625535
1371,1371,0.04669396800073855,0.2937779020281442,57.60535828104599
1372,1372,0.046732835000739215,0.29377736683943,57.60536818161104
1373,1373,0.046769879000748915,0.2937768324846826,57.60537807832912
1374,1374,0.04680599200071356,0.2937762989621281,57.60538797120853
1375,1375,0.04684306500075763,0.29377576626999696,57.605397860257526
1376,1376,0.046881078000751586,0.29377523440652425,57.60540774548425
1377,1377,0.046930098000757425,0.2937747033699492,57.60541762689676
1378,1378,0.04697438100072304,0.2937741731585154,57.60542750450304
1379,1379,0.04701880200070718,0.29377364377047094,57.605437378310995
1380,1380,0.047048812000696216,0.293773115204068,57.60544724832844
1381,1381,0.04707746500071153,0.29377258745756324,57.60545711456309
1382,1382,0.0471225120006693,0.29377206052921767,57.60546697702259
1383,1383,0.04715171400067675,0.2937715344172963,57.60547683571453
1384,1384,0.04718148500069219,0.2937710091200688,57.60548669064638
1385,1385,0.047333226000660034,0.2937704846358089,57.60549654182555
1386,1386,0.04737505900067163,0.29376996096279456,57.60550638925936
1387,1387,0.04742117700067183,0.29376943809930806,57.605516232955054
1388,1388,0.04746756100070115,0.29376891604363575,57.60552607291981
1389,1389,0.04749817900068365,0.2937683947940686,57.60553590916071
1390,1390,0.047528186000647565,0.29376787434890134,57.60554574168476
1391,1391,0.047602667000660404,0.2937673547064331,57.605555570498886
1392,1392,0.04763395500066281,0.2937668358649671,57.60556539560996
1393,1393,0.0476644040006704,0.29376631782281104,57.60557521702474
1394,1394,0.047693292000701604,0.2937658005782764,57.60558503474996
1395,1395,0.047722039000689165,0.29376528412967895,57.60559484879221
1396,1396,0.04775101600068865,0.29376476847533867,57.60560465915808
1397,1397,0.0477807270006565,0.2937642536135796,57.60561446585402
1398,1398,0.04780711300065832,0.29376373954272983,57.605624268886444
1399,1399,0.04783391700067341,0.2937632262611217,57.605634068261686
1400,1400,0.04786074800068718,0.29376271376709173,57.605643863985996
1401,1401,0.0478966760006756,0.2937622020589802,57.60565365606559
1402,1402,0.04792652100070427,0.2937616911351316,57.60566344450654
1403,1403,0.047954382000739315,0.29376118099389464,57.60567322931492
1404,1404,0.04798162300073727,0.29376067163362196,57.60568301049668
1405,1405,0.04800801800070076,0.2937601630526702,57.605692788057745
1406,1406,0.04803634300071735,0.2937596552494001,57.60570256200393
1407,1407,0.04806534500073667,0.2937591482221763,57.605712332341
1408,1408,0.048091504000751684,0.2937586419693677,57.60572209907464
1409,1409,0.04812554900075838,0.2937581364893468,57.605731862210504
1410,1410,0.04815273300073386,0.2937576317804905,57.60574162175413
1411,1411,0.04817915300077402,0.29375712784117947,57.60575137771099
1412,1412,0.0482054880008036,0.29375662466979835,57.605761130086535
1413,1413,0.04823174200078029,0.29375612226473574,57.60577087888611
1414,1414,0.0482579780007768,0.2937556206243842,57.605780624115
1415,1415,0.04828379700080632,0.2937551197471401,57.60579036577845
1416,1416,0.04830963000080146,0.2937546196314041,57.60580010388159
1417,1417,0.048336093000784786,0.29375412027558023,57.60580983842953
1418,1418,0.04838501100078929,0.2937536216780767,57.6058195694273
1419,1419,0.04842174100082275,0.29375312383730595,57.60582929687985
1420,1420,0.048456884000813716,0.2937526267516837,57.605839020792104
1421,1421,0.04848484200084613,0.2937521304196298,57.6058487411689
1422,1422,0.04851106600085586,0.2937516348395679,57.60585845801499
1423,1423,0.04853742300082331,0.2937511400099258,57.60586817133512
1424,1424,0.048563479000847565,0.2937506459291346,57.605877881133935
1425,1425,0.048589340000830816,0.29375015259562975,57.60588758741601
1426,1426,0.0486235770008534,0.29374966000785,57.60589729018589
1427,1427,0.04865015200084599,0.29374916816423857,57.60590698944804
1428,1428,0.048675948000834524,0.29374867706324165,57.60591668520688
1429,1429,0.048701494000795265,0.29374818670331004,57.60592637746676
1430,1430,0.04872732500081156,0.2937476970828977,57.60593606623197
1431,1431,0.04875374300081603,0.29374720820046263,57.60594575150674
1432,1432,0.04877967200081912,0.29374672005446656,57.60595543329524
1433,1433,0.0488054080008169,0.293746232643375,57.60596511160163
1434,1434,0.04883177300081343,0.29374574596565695,57.605974786429904
1435,1435,0.04889006500081905,0.29374526001978557,57.60598445778411
1436,1436,0.04892062300081079,0.2937447748042372,57.60599412566818
1437,1437,0.048948402000803526,0.2937442903174924,57.606003790086014
1438,1438,0.04897521300080143,0.29374380655803506,57.60601345104145
1439,1439,0.049001783000790056,0.293743323524353,57.60602310853824
1440,1440,0.049028359000828914,0.2937428412149376,57.606032762580135
1441,1441,0.0490544140008069,0.29374235962828366,57.60604241317081
1442,1442,0.04908079400081533,0.29374187876289015,57.606052060313864
1443,1443,0.049106621000817086,0.2937413986172593,57.60606170401286
1444,1444,0.04913579600082585,0.2937409191898971,57.606071344271314
1445,1445,0.04916191300083028,0.29374044047931314,57.606080981092674
1446,1446,0.049187808000851874,0.2937399624840207,57.60609061448035
1447,1447,0.04921332400084566,0.29373948520253645,57.60610024443769
1448,1448,0.04923892400086061,0.2937390086333809,57.606109870968005
1449,1449,0.04926528800086771,0.2937385327750781,57.60611949407453
1450,1450,0.04929100100088135,0.2937380576261557,57.60612911376046
1451,1451,0.049316679000867225,0.29373758318514465,57.60613873002893
1452,1452,0.049342308000916546,0.2937371094505797,57.606148342883074
1453,1453,0.04940186600094876,0.2937366364209992,57.6061579523259
1454,1454,0.049431113000935056,0.2937361640949448,57.60616755836043
1455,1455,0.0494587450009476,0.2937356924709619,57.6061771609896
1456,1456,0.04948555800092436,0.29373522154759923,57.6061867602163
1457,1457,0.049511924000967156,0.2937347513234094,57.6061963560434
1458,1458,0.04953803700101389,0.29373428179694805,57.60620594847368
1459,1459,0.049599743001010665,0.29373381296677453,57.606215537509904
1460,1460,0.04962813500100083,0.2937333448314517,57.606225123154786
1461,1461,0.04965634400099361,0.2937328773895458,57.60623470541097
1462,1462,0.04968319000096244,0.29373241063962663,57.606244284281075
1463,1463,0.049709804000940494,0.2937319445802674,57.60625385976767
1464,1464,0.04973577500095416,0.29373147921004467,57.60626343187328
1465,1465,0.04976174400098898,0.29373101452753864,57.60627300060037
1466,1466,0.049787645001003966,0.2937305505313328,57.60628256595137
1467,1467,0.04981365100098856,0.29373008722001404,57.60629212792867
1468,1468,0.04983992700095996,0.2937296245921727,57.6063016865346
1469,1469,0.04986617000093929,0.2937291626464025,57.60631124177147
1470,1470,0.04989958900091551,0.2937287013813006,57.60632079364153
1471,1471,0.04992861100089385,0.29372824079546755,57.60633034214698
1472,1472,0.04997333800093884,0.2937277808875071,57.60633988728999
1473,1473,0.050000298000952625,0.29372732165602655,57.60634942907268
1474,1474,0.050026564000916096,0.29372686309963647,57.60635896749714
1475,1475,0.050052642000935066,0.2937264052169509,57.60636850256539
1476,1476,0.05007872100094346,0.29372594800658697,57.60637803427942
1477,1477,0.050104835000922776,0.29372549146716537,57.60638756264121
1478,1478,0.050138914000967816,0.29372503559731,57.60639708765265
1479,1479,0.050165468000955116,0.293724580395648,57.606406609315634
1480,1480,0.050191777000975435,0.2937241258608099,57.606416127631974
1481,1481,0.0502181030009865,0.29372367199142974,57.60642564260346
1482,1482,0.05024443300095527,0.2937232187861443,57.60643515423185
1483,1483,0.050270199000976845,0.29372276624359417,57.60644466251887
1484,1484,0.05029578000096535,0.29372231436242285,57.60645416746615
1485,1485,0.05032164600100941,0.2937218631412773,57.60646366907535
1486,1486,0.050347637000982104,0.2937214125788077,57.60647316734808
1487,1487,0.05039480900097715,0.2937209626736673,57.60648266228587
1488,1488,0.05043268300096315,0.29372051342451283,57.60649215389022
1489,1489,0.050467013000968564,0.293720064830004,57.60650164216266
1490,1490,0.050501966000922494,0.29371961688880405,57.60651112710459
1491,1491,0.05053034000093248,0.29371916959957894,57.60652060871743
1492,1492,0.050557099000911876,0.2937187229609984,57.60653008700255
1493,1493,0.050583517000916345,0.29371827697173486,57.60653956196128
1494,1494,0.050609664000944576,0.29371783163046417,57.6065490335949
1495,1495,0.050637579000976984,0.29371738693586535,57.60655850190468
1496,1496,0.050664356000993394,0.2937169428866206,57.60656796689185
1497,1497,0.0506904570009965,0.29371649948141504,57.60657742855758
1498,1498,0.05071643700097184,0.2937160567189372,57.60658688690304
1499,1499,0.050742167000976224,0.29371561459787876,57.60659634192933
1500,1500,0.05076800800094361,0.29371517311693435,57.60660579363755
1501,1501,0.050793950000922905,0.29371473227480166,57.60661524202873
1502,1502,0.050819801000898224,0.29371429207018185,57.6066246871039
1503,1503,0.05084562300089601,0.29371385250177884,57.60663412886403
1504,1504,0.05088619100087044,0.2937134135682997,57.60664356731008
1505,1505,0.050914283000906835,0.29371297526845486,57.60665300244295
1506,1506,0.05094118300092987,0.29371253760095745,57.60666243426352
1507,1507,0.050968143000943655,0.29371210056452396,57.606671862772636
1508,1508,0.0509944530009534,0.29371166415787375,57.60668128797113
1509,1509,0.05102035400096838,0.2937112283797293,57.60669070985977
1510,1510,0.05104626900100584,0.2937107932288162,57.60670012843933
1511,1511,0.05107216800104197,0.2937103587038631,57.606709543710494
1512,1512,0.0510981800010768,0.2937099248036014,57.60671895567398
1513,1513,0.05112487600104032,0.2937094915267659,57.60672836433043
1514,1514,0.05115115500103684,0.29370905887209425,57.60673776968048
1515,1515,0.05117688500104123,0.29370862683832705,57.60674717172473
1516,1516,0.05120282000109455,0.29370819542420784,57.60675657046372
1517,1517,0.05122952400108716,0.29370776462848347,57.60676596589802
1518,1518,0.05125541800106248,0.2937073344499035,57.60677535802812
1519,1519,0.05128136300106689,0.2937069048872205,57.6067847468545
1520,1520,0.05130750000108719,0.29370647593919,57.606794132377594
1521,1521,0.05133345200113126,0.29370604760457064,57.60680351459784
1522,1522,0.05136394400113886,0.29370561988212385,57.606812893515624
1523,1523,0.05139171900111705,0.29370519277061397,57.6068222691313
1524,1524,0.05141795300113472,0.29370476626880837,57.6068316414452
1525,1525,0.05144415300117089,0.2937043403754775,57.60684101045764
1526,1526,0.05146999600117397,0.29370391508939436,57.60685037616888
1527,1527,0.05149593700122068,0.2937034904093352,57.60685973857919
1528,1528,0.05152819400126418,0.293703066334079,57.60686909768877
1529,1529,0.0515559510012622,0.2937026428624077,57.60687845349784
1530,1530,0.051584823001235236,0.2937022199931061,57.60688780600655
1531,1531,0.05161113500122383,0.29370179772496185,57.606897155215044
1532,1532,0.05163709900125468,0.29370137605676566,57.606906501123454
1533,1533,0.05166296300126305,0.29370095498731075,57.60691584373185
1534,1534,0.05168884500125159,0.2937005345153937,57.606925183040296
1535,1535,0.05171460400123351,0.2937001146398134,57.60693451904885
1536,1536,0.05174071600123398,0.2936996953593719,57.6069438517575
1537,1537,0.05176687500119215,0.2936992766728741,57.60695318116624
1538,1538,0.05179272300119919,0.29369885857912764,57.60696250727506
1539,1539,0.05182695100120327,0.29369844107694293,57.60697183008386
1540,1540,0.051859110001203135,0.2936980241651333,57.606981149592556
1541,1541,0.051886452001213,0.293697607842515,57.60699046580106
1542,1542,0.05191305900120824,0.2936971921079067,57.60699977870924
1543,1543,0.05193919300120342,0.2936967769601302,57.6070090883169
1544,1544,0.05196547100121052,0.29369636239800995,57.60701839462389
1545,1545,0.051991524001209655,0.2936959484203733,57.60702769763
1546,1546,0.05201727200125106,0.2936955350260501,57.607036997334994
1547,1547,0.05205140700127231,0.29369512221387334,57.60704629373861
1548,1548,0.052077555001289966,0.2936947099826785,57.607055586840595
1549,1549,0.05210372800127061,0.2936942983313037,57.60706487664064
1550,1550,0.05212962900128559,0.29369388725859025,57.60707416313843
1551,1551,0.05215535700131113,0.2936934767633819,57.60708344633361
1552,1552,0.05218101300130229,0.2936930668445249,57.60709272622584
1553,1553,0.052206500001318545,0.2936926575008687,57.607102002814706
1554,1554,0.05223237800134939,0.2936922487312651,57.60711127609982
1555,1555,0.05225845000137497,0.29369184053456887,57.60712054608075
1556,1556,0.05231587500139767,0.2936914329096373,57.60712981275705
1557,1557,0.05235429100144984,0.29369102585533025,57.60713907612825
1558,1558,0.05238921500148308,0.2936906193705107,57.60714833619385
1559,1559,0.05241628400148102,0.2936902134540439,57.60715759295334
1560,1560,0.05244319900151595,0.2936898081047979,57.60716684640621
1561,1561,0.05246943800153758,0.2936894033216435,57.60717609655187
1562,1562,0.05249583500153676,0.29368899910345403,57.60718534338978
1563,1563,0.05252228700157957,0.2936885954491056,57.607194586919334
1564,1564,0.05254996700159609,0.29368819235747673,57.607203827139934
1565,1565,0.0525764660015966,0.2936877898274488,57.607213064050924
1566,1566,0.052602700001614267,0.2936873878579059,57.60722229765168
1567,1567,0.052630436001606995,0.2936869864477344,57.60723152794153
1568,1568,0.052658168001642025,0.2936865855958235,57.607240754919786
1569,1569,0.05268470300165973,0.29368618530106516,57.607249978585735
1570,1570,0.052737692001642245,0.29368578556235364,57.60725919893866
1571,1571,0.052766641001653625,0.29368538637858577,57.60726841597781
1572,1572,0.05281885100168893,0.29368498774866136,57.60727762970244
1573,1573,0.052848279001693754,0.29368458967148253,57.60728684011176
1574,1574,0.05287628000172617,0.293684192145954,57.60729604720498
1575,1575,0.05290290700168043,0.293683795170983,57.6073052509813
1576,1576,0.05292949900166377,0.29368339874547933,57.607314451439855
1577,1577,0.05295574700164707,0.2936830028683556,57.607323648579836
1578,1578,0.05298179100168454,0.2936826075385265,57.60733284240035
1579,1579,0.05300778400163608,0.29368221275490985,57.60734203290054
1580,1580,0.0530426770016561,0.2936818185164255,57.60735122007949
1581,1581,0.0530690920016923,0.29368142482199605,57.6073604039363
1582,1582,0.0530951800017192,0.2936810316705466,57.60736958447003
1583,1583,0.05312089400172226,0.2936806390610047,57.60737876167974
1584,1584,0.05314676000170948,0.2936802469923005,57.60738793556446
1585,1585,0.05317264200169802,0.2936798554633666,57.60739710612323
1586,1586,0.053264943001693155,0.29367946447313814,57.60740627335504
1587,1587,0.05332704900166618,0.29367907402055266,57.60741543725889
1588,1588,0.0533566820016631,0.2936786841045503,57.60742459783375
1589,1589,0.05338443300166773,0.2936782947240735,57.60743375507858
1590,1590,0.05341083900168542,0.2936779058780674,57.60744290899235
1591,1591,0.053437813001664836,0.2936775175654795,57.607452059573966
1592,1592,0.0534634780016745,0.2936771297852598,57.60746120682236
1593,1593,0.053527138001641106,0.2936767425363604,57.60747035073641
1594,1594,0.05355561400165243,0.29367635581773643,57.60747949131503
1595,1595,0.05358476000168366,0.2936759696283451,57.6074886285571
1596,1596,0.053611578001664384,0.29367558396714605,57.60749776246147
1597,1597,0.05363816800166887,0.2936751988331014,57.60750689302697
1598,1598,0.05366418800167594,0.29367481422517583,57.60751602025247
1599,1599,0.05369146900170563,0.29367443014233624,57.60752514413676
1600,1600,0.0537177460017233,0.2936740465835519,57.607534264678655
1601,1601,0.0537448350017371,0.2936736635477947,57.60754338187695
1602,1602,0.05377097700170452,0.29367328103403884,57.60755249573043
1603,1603,0.053815295001697905,0.2936728990412608,57.607561606237866
1604,1604,0.053845463001664484,0.2936725175684395,57.607570713398005
1605,1605,0.05387303300165058,0.29367213661455627,57.60757981720959
1606,1606,0.05389953500161937,0.29367175617859476,57.60758891767135
1607,1607,0.0539266250016226,0.2936713762595411,57.60759801478201
1608,1608,0.053952460001653435,0.29367099685638365,57.607607108540286
1609,1609,0.0539791110016381,0.2936706179681131,57.60761619894483
1610,1610,0.0540052970016518,0.2936702395937226,57.60762528599439
1611,1611,0.0540314470016483,0.2936698617322076,57.60763436968758
1612,1612,0.05406402800167598,0.29366948438256574,57.60764345002309
1613,1613,0.054091028001664654,0.29366910754379727,57.60765252699956
1614,1614,0.05411721500166777,0.29366873121490455,57.60766160061563
1615,1615,0.054144040001688154,0.2936683553948924,57.60767067086991
1616,1616,0.0541699760017309,0.2936679800827676,57.60767973776103
1617,1617,0.054200782001771586,0.29366760527753977,57.607688801287594
1618,1618,0.054226954001762806,0.2936672309782203,57.607697861448194
1619,1619,0.054253387001779174,0.29366685718382335,57.60770691824141
1620,1620,0.05427965000177437,0.2936664838933649,57.607715971665826
1621,1621,0.05431626200174833,0.29366611110586366,57.60772502171999
1622,1622,0.05435256500175001,0.29366573882034025,57.60773406840245
1623,1623,0.05439361200177473,0.2936653670358178,57.60774311171177
1624,1624,0.05442122400177141,0.29366499575132143,57.607752151646466
1625,1625,0.05444777900174813,0.293664624965879,57.607761188205075
1626,1626,0.054473722001773695,0.29366425467852,57.60777022138609
1627,1627,0.05451318300180219,0.2936638848882765,57.607779251188035
1628,1628,0.05454395100178999,0.293663515594183,57.60778827760939
1629,1629,0.05457919800176114,0.29366314679527583,57.60779730064865
1630,1630,0.05461592600175891,0.29366277849059375,57.60780632030428
1631,1631,0.0546429480017423,0.29366241067917787,57.60781533657476
1632,1632,0.05466910000171765,0.2936620433600711,57.60782434945854
1633,1633,0.05469572600168249,0.29366167653231906,57.60783335895408
1634,1634,0.0547214270016525,0.2936613101949692,57.60784236505981
1635,1635,0.05474768700162258,0.29366094434707146,57.60785136777417
1636,1636,0.05478244400165977,0.2936605789876776,57.60786036709558
1637,1637,0.0548104410016208,0.29366021411584203,57.60786936302246
1638,1638,0.054846372001634336,0.29365984973062087,57.60787835555321
1639,1639,0.05487343400164946,0.2936594858310728,57.607887344686254
1640,1640,0.05489951300165785,0.2936591224162585,57.607896330419955
1641,1641,0.05492585500167024,0.29365875948524073,57.60790531275271
1642,1642,0.05495155400166141,0.29365839703708463,57.60791429168291
1643,1643,0.054977928001676446,0.2936580350708573,57.6079232672089
1644,1644,0.055012061001662005,0.2936576735856281,57.60793223932907
1645,1645,0.05503904700168505,0.29365731258046845,57.607941208041744
1646,1646,0.05506512700168287,0.29365695205445197,57.60795017334529
1647,1647,0.055091356001639724,0.29365659200665445,57.60795913523805
1648,1648,0.0551172440016785,0.2936562324361537,57.60796809371835
1649,1649,0.05514368700164596,0.2936558733420296,57.60797704878451
1650,1650,0.05516944900165299,0.2936555147233644,57.60798600043488
1651,1651,0.05519562100164421,0.2936551565792421,57.60799494866775
1652,1652,0.05522129600160497,0.29365479890874935,57.60800389348142
1653,1653,0.055284878001600646,0.29365444171097416,57.60801283487422
1654,1654,0.05531732400157807,0.29365408498500734,57.608021772844424
1655,1655,0.05534449600156677,0.2936537287299413,57.608030707390334
1656,1656,0.055370601001527575,0.29365337294487076,57.60803963851021
1657,1657,0.055397063001521474,0.2936530176288925,57.608048566202356
1658,1658,0.055422752001504705,0.2936526627811054,57.60805749046503
1659,1659,0.05545670400152858,0.29365230840061013,57.608066411296505
1660,1660,0.05549228400150241,0.2936519544865099,57.60807532869502
1661,1661,0.05552023700153086,0.29365160103790944,57.60808424265885
1662,1662,0.05554691000151024,0.29365124805391607,57.608093153186246
1663,1663,0.05557737000145835,0.2936508955336388,57.60810206027544
1664,1664,0.055607239001460584,0.2936505434761887,57.608110963924666
1665,1665,0.05563417000149684,0.2936501918806791,57.60811986413218
1666,1666,0.0556601810014854,0.293649840746225,57.60812876089618
1667,1667,0.05568713200148068,0.29364949007194374,57.60813765421491
1668,1668,0.05574466300151926,0.29364913985695473,57.608146544086594
1669,1669,0.05577398800147648,0.29364879010037903,57.608155430509434
1670,1670,0.055801436001502225,0.2936484408013399,57.60816431348163
1671,1671,0.05584112800153207,0.2936480919589628,57.608173193001406
1672,1672,0.055868040001541885,0.2936477435723749,57.608182069066956
1673,1673,0.05589441200152123,0.2936473956407055,57.60819094167647
1674,1674,0.05592043000154945,0.2936470481630859,57.60819981082814
1675,1675,0.05594661600156314,0.29364670113864927,57.608208676520164
1676,1676,0.05598147500154482,0.29364635456653093,57.60821753875073
1677,1677,0.05600890900154809,0.2936460084458681,57.608226397517996
1678,1678,0.05603728200151181,0.29364566277579973,57.60823525282015
1679,1679,0.05606419100149651,0.2936453175554673,57.60824410465536
1680,1680,0.056090073001541896,0.2936449727840137,57.608252953021804
1681,1681,0.05611640000154239,0.2936446284605839,57.60826179791764
1682,1682,0.05614299000154688,0.2936442845843251,57.60827063934103
1683,1683,0.05617220300155168,0.2936439411543862,57.60827947729014
1684,1684,0.056198489001531016,0.29364359816991803,57.608288311763104
1685,1685,0.05623546300154203,0.2936432556300734,57.60829714275808
1686,1686,0.05628386700152532,0.29364291353400707,57.608305970273236
1687,1687,0.05631138500149291,0.2936425718808757,57.6083147943067
1688,1688,0.056337865001523824,0.29364223066983797,57.60832361485662
1689,1689,0.05636450200154286,0.29364188990005424,57.608332431921134
1690,1690,0.056390344001556514,0.293641549570687,57.60834124549837
1691,1691,0.05641700600159538,0.29364120968090074,57.60835005558648
1692,1692,0.05645092200154522,0.29364087022986135,57.60835886218358
1693,1693,0.05647801100150218,0.29364053121673717,57.608367665287794
1694,1694,0.056503935001501304,0.2936401926406982,57.60837646489727
1695,1695,0.056529989001489866,0.2936398545009161,57.60838526101011
1696,1696,0.056568901001469385,0.293639516796565,57.60839405362445
1697,1697,0.05659567100150298,0.2936391795268204,57.6084028427384
1698,1698,0.056622054001536526,0.2936388426908598,57.60841162835009
1699,1699,0.056648283001550226,0.2936385062878625,57.60842041045761
1700,1700,0.05668631100155608,0.2936381703170098,57.608429189059095
1701,1701,0.05672115400159328,0.29363783477748495,57.60843796415265
1702,1702,0.056749862001595375,0.2936374996684727,57.60844673573639
1703,1703,0.056779214001608125,0.2936371649891602,57.608455503808415
1704,1704,0.05680607300161,0.2936368307387357,57.608464268366816
1705,1705,0.05683463500156449,0.2936364969163898,57.60847302940972
1706,1706,0.05686075000159008,0.293636163521315,57.60848178693523
1707,1707,0.056887412001628945,0.29363583055270526,57.60849054094143
1708,1708,0.05693155700163288,0.2936354980097567,57.60849929142643
1709,1709,0.056959489001599195,0.29363516589166694,57.60850803838834
1710,1710,0.056986018001623506,0.2936348341976358,57.60851678182524
1711,1711,0.057012648001602884,0.2936345029268646,57.608525521735224
1712,1712,0.05703852500158746,0.2936341720785565,57.60853425811639
1713,1713,0.05707552700158658,0.29363384165191675,57.608542990966846
1714,1714,0.057102235001593726,0.293633511646152,57.608551720284666
1715,1715,0.057128512001554554,0.29363318206047084,57.60856044606796
1716,1716,0.057154239001533824,0.2936328528940838,57.6085691683148
1717,1717,0.0571915000015224,0.29363252414620306,57.608577887023294
1718,1718,0.05721920200147679,0.2936321958160425,57.608586602191515
1719,1719,0.05725376500151924,0.293631867902818,57.60859531381757
1720,1720,0.05727989900151442,0.2936315404057469,57.60860402189953
1721,1721,0.057306426001559885,0.29363121332404873,57.608612726435496
1722,1722,0.057382424001559684,0.29363088665694426,57.60862142742354
1723,1723,0.05741126900153404,0.29363056040365654,57.60863012486177
1724,1724,0.057439442001566476,0.2936302345634098,57.60863881874826
1725,1725,0.05746641300152078,0.29362990913543074,57.6086475090811
1726,1726,0.057492298001534436,0.2936295841189472,57.60865619585838
1727,1727,0.05752580500154636,0.2936292595131889,57.60866487907818
1728,1728,0.05756534200156693,0.2936289353173875,57.60867355873858
1729,1729,0.05759368000155973,0.2936286115307762,57.60868223483769
1730,1730,0.05765320000153906,0.29362828815258996,57.60869090737358
1731,1731,0.05768217800152797,0.29362796518206546,57.608699576344335
1732,1732,0.057709303001558965,0.2936276426184411,57.60870824174805
1733,1733,0.05773644100156616,0.2936273204609571,57.60871690358281
1734,1734,0.05776653500157636,0.2936269987088552,57.6087255618467
1735,1735,0.057801496001616215,0.29362667736137904,57.60873421653781
1736,1736,0.05787438800160771,0.29362635641777374,57.60874286765423
1737,1737,0.05793774100163773,0.2936260358772864,57.60875151519404
1738,1738,0.057971647001636484,0.2936257157391654,57.60876015915534
1739,1739,0.05800445600164039,0.2936253960026613,57.608768799536215
1740,1740,0.05806527000163442,0.2936250766670259,57.608777436334755
1741,1741,0.05810800100164215,0.2936247577315131,57.608786069549055
1742,1742,0.058141478001630276,0.2936244391953781,57.60879469917721
1743,1743,0.05816925800166928,0.29362412105787805,57.60880332521731
1744,1744,0.05819603600167511,0.2936238033182714,57.608811947667455
1745,1745,0.05822687600169729,0.2936234859758187,57.608820566525736
1746,1746,0.05825348100171368,0.2936231690297819,57.608829181790234
1747,1747,0.058288203001723105,0.2936228524794247,57.60883779345907
1748,1748,0.058314770001743454,0.2936225363240124,57.60884640153033
1749,1749,0.05834142200177439,0.29362222056281195,57.60885500600211
1750,1750,0.05837014900180293,0.2936219051950919,57.608863606872525
1751,1751,0.05839727000181938,0.2936215902201225,57.60887220413967
1752,1752,0.058422943001801286,0.29362127563717577,57.60888079780165
1753,1753,0.05844947500179387,0.293620961445525,57.60888938785656
1754,1754,0.05847519200176521,0.2936206476444455,57.608897974302515
1755,1755,0.058501602001740594,0.29362033423321393,57.60890655713763
1756,1756,0.05856935400174734,0.2936200212111086,57.608915136360004
1757,1757,0.05860021600176424,0.29361970857740954,57.60892371196775
1758,1758,0.05862715800179785,0.29361939633139833,57.608932283958985
1759,1759,0.05865871400175138,0.29361908447235824,57.60894085233182
1760,1760,0.05868530700172414,0.2936187729995739,57.60894941708436
1761,1761,0.058712435001723406,0.2936184619123319,57.60895797821475
1762,1762,0.0587390490017583,0.29361815120991985,57.60896653572108
1763,1763,0.05879533600176501,0.29361784089162773,57.6089750896015
1764,1764,0.058824512001763196,0.2936175309567466,57.60898363985411
1765,1765,0.05885217500173212,0.2936172214045691,57.608992186477046
1766,1766,0.058878991001733993,0.2936169122343895,57.609000729468434
1767,1767,0.058905954001716054,0.29361660344550383,57.60900926882642
1768,1768,0.05893180700167022,0.29361629503720943,57.609017804549104
1769,1769,0.05896087600166311,0.2936159870088054,57.60902633663464
1770,1770,0.05898713200167549,0.2936156793595924,57.60903486508116
1771,1771,0.059013851001679996,0.29361537208887223,57.609043389886814
1772,1772,0.059047197001689256,0.29361506519594893,57.60905191104973
1773,1773,0.05907638200164911,0.29361475868012754,57.60906042856806
1774,1774,0.05910378500163915,0.293614452540715,57.609068942439926
1775,1775,0.05913075300162518,0.2936141467770196,57.609077452663506
1776,1776,0.05915663200164545,0.2936138413883511,57.609085959236936
1777,1777,0.05918312300161688,0.29361353637402104,57.609094462158374
1778,1778,0.05921405500163246,0.2936132317333422,57.60910296142597
1779,1779,0.059242241001641105,0.2936129274656291,57.60911145703789
1780,1780,0.05926957700160074,0.29361262357019785,57.609119948992294
1781,1781,0.059296711001593394,0.29361232004636584,57.60912843728734
1782,1782,0.059323097001595215,0.29361201689345207,57.60913692192119
1783,1783,0.05934984500157725,0.2936117141107771,57.609145402892025
1784,1784,0.059375926001564494,0.2936114116976629,57.609153880198015
1785,1785,0.05940214100155572,0.2936111096534332,57.609162353837334
1786,1786,0.05942811300155881,0.29361080797741274,57.60917082380816
1787,1787,0.059454385001515675,0.29361050666892835,57.609179290108656
1788,1788,0.0594988140015289,0.2936102057273078,57.60918775273703
1789,1789,0.059528784001543045,0.29360990515188085,57.60919621169146
1790,1790,0.05955783700153461,0.2936096049419784,57.60920466697014
1791,1791,0.059588224001515755,0.2936093050969329,57.609213118571255
1792,1792,0.05961528500148461,0.2936090056160784,57.609221566493005
1793,1793,0.05964199800143888,0.2936087064987502,57.60923001073358
1794,1794,0.05966830400143408,0.2936084077442853,57.609238451291205
1795,1795,0.05969485400140684,0.29360810935202214,57.609246888164066
1796,1796,0.05972134300145626,0.29360781132130037,57.609255321350375
1797,1797,0.0597498260014504,0.2936075136514615,57.60926375084834
1798,1798,0.05977656600140335,0.29360721634184817,57.60927217665619
1799,1799,0.059802966001370805,0.2936069193918046,57.60928059877214
1800,1800,0.05982907800137127,0.2936066228006765,57.6092890171944
1801,1801,0.05985532800139026,0.2936063265678109,57.609297431921206
1802,1802,0.05988138400141452,0.29360603069255636,57.60930584295079
1803,1803,0.059907099001407005,0.29360573517426286,57.60931425028138
1804,1804,0.059933242001420695,0.2936054400122819,57.6093226539112
1805,1805,0.0599595140014344,0.2936051452059662,57.60933105383851
1806,1806,0.05999149400145143,0.29360485075467013,57.60933945006155
1807,1807,0.06002698500145698,0.2936045566577493,57.60934784257855
1808,1808,0.060058078001475224,0.29360426291456093,57.609356231387785
1809,1809,0.06008490100145991,0.2936039695244635,57.60936461648749
1810,1810,0.06011130900145645,0.29360367648681707,57.60937299787594
1811,1811,0.060143262001474795,0.2936033838009828,57.60938137555137
1812,1812,0.060176075001493246,0.29360309146632363,57.60938974951207
1813,1813,0.060205315001439885,0.2936027994822036,57.60939811975629
1814,1814,0.0602324750014418,0.29360250784798836,57.60940648628234
1815,1815,0.06025918600147406,0.2936022165630449,57.60941484908845
1816,1816,0.060285656001497046,0.29360192562674153,57.60942320817294
1817,1817,0.06031185200151867,0.2936016350384481,57.60943156353408
1818,1818,0.060338043001536334,0.2936013447975355,57.60943991517014
1819,1819,0.060364425001523614,0.2936010549033765,57.60944826307944
1820,1820,0.06039075300151353,0.2936007653553449,57.60945660726027
1821,1821,0.06041685600149549,0.29360047615281587,57.60946494771093
1822,1822,0.06044885700151781,0.2936001872951663,57.609473284429725
1823,1823,0.06047677800154361,0.29359989878177395,57.609481617414964
1824,1824,0.060502968001571844,0.2935996106120184,57.60948994666495
1825,1825,0.06052931100157366,0.2935993227852802,57.60949827217802
1826,1826,0.06055567800154904,0.2935990353009416,57.609506593952496
1827,1827,0.0605817960015429,0.29359874815838605,57.60951491198668
1828,1828,0.060607362001519505,0.29359846135699824,57.60952322627892
1829,1829,0.06063307600152257,0.29359817489616447,57.60953153682755
1830,1830,0.060670011001491275,0.29359788877527204,57.609539843630905
1831,1831,0.060696500001483855,0.29359760299370996,57.60954814668734
1832,1832,0.06072272500148301,0.2935973175508684,57.609556445995175
1833,1833,0.06075007700144397,0.2935970324461388,57.609564741552795
1834,1834,0.06077705100142339,0.2935967476789142,57.60957303335854
1835,1835,0.06080341800145561,0.29359646324858846,57.609581321410765
1836,1836,0.06082949500142831,0.29359617915455727,57.609589605707846
1837,1837,0.06085589700143146,0.29359589539621755,57.609597886248146
1838,1838,0.060881942001458356,0.2935956119729673,57.60960616303005
1839,1839,0.06093160600147485,0.293595328884206,57.60961443605192
1840,1840,0.060960494001449206,0.2935950461293344,57.60962270531215
1841,1841,0.06098728400144182,0.29359476370775467,57.60963097080913
1842,1842,0.06101351100147667,0.2935944816188702,57.60963923254125
1843,1843,0.061039397001479756,0.2935941998620856,57.6096474905069
1844,1844,0.061065853001480264,0.29359391843680693,57.6096557447045
1845,1845,0.06109195300149395,0.29359363734244137,57.60966399513242
1846,1846,0.06112476200149786,0.29359335657839775,57.60967224178912
1847,1847,0.061168092001480545,0.2935930761440857,57.609680484672985
1848,1848,0.06120871700147745,0.2935927960389164,57.60968872378244
1849,1849,0.06123847500151669,0.29359251626230237,57.609696959115915
1850,1850,0.061264972001538354,0.2935922368136574,57.609705190671825
1851,1851,0.06129197400156272,0.2935919576923963,57.60971341844863
1852,1852,0.06131793800153673,0.2935916788979356,57.60972164244475
1853,1853,0.06134428900151079,0.2935914004296926,57.60972986265863
1854,1854,0.06137031900146894,0.2935911222870863,57.60973807908873
1855,1855,0.06143803400146908,0.29359084446953665,57.6097462917335
1856,1856,0.06146694900144212,0.29359056697646513,57.60975450059139
1857,1857,0.06149353600142149,0.29359028980729424,57.609762705660884
1858,1858,0.06152043200142998,0.2935900129614479,57.60977090694043
1859,1859,0.0615464780014463,0.29358973643835107,57.609779104428526
1860,1860,0.06157621400143398,0.2935894602374303,57.60978729812362
1861,1861,0.06160283000144773,0.2935891843581132,57.60979548802421
1862,1862,0.06162894300149446,0.2935889087998285,57.60980367412879
1863,1863,0.061663785001485394,0.2935886335620064,57.609811856435854
1864,1864,0.06169027700144625,0.29358835864407823,57.609820034943894
1865,1865,0.061716475001446724,0.2935880840454763,57.60982820965142
1866,1866,0.06174265000146306,0.29358780976563476,57.60983638055693
1867,1867,0.061768662001441044,0.29358753580398855,57.609844547658945
1868,1868,0.06179516200143098,0.29358726215997377,57.609852710955984
1869,1869,0.0618216890014196,0.29358698883302803,57.60986087044658
1870,1870,0.06184777800143593,0.29358671582259,57.60986902612924
1871,1871,0.06187380300144696,0.2935864431280995,57.60987717800251
1872,1872,0.06192805500148779,0.29358617074899784,57.60988532606495
1873,1873,0.06196420700149474,0.2935858986847272,57.60989347031508
1874,1874,0.062001492001513725,0.29358562693473117,57.60990161075145
1875,1875,0.062028463001468026,0.2935853554984545,57.609909747372626
1876,1876,0.062054866001460596,0.29358508437534303,57.60991788017716
1877,1877,0.062081347001480935,0.29358481356484417,57.60992600916362
1878,1878,0.06210982500147111,0.2935845430664061,57.60993413433058
1879,1879,0.06213637300146502,0.2935842728794783,57.60994225567662
1880,1880,0.062163996001459054,0.2935840030035116,57.60995037320031
1881,1881,0.06219029800149656,0.2935837334379579,57.609958486900254
1882,1882,0.06221685300147328,0.29358346418227027,57.609966596775024
1883,1883,0.06224325000147246,0.29358319523590304,57.60997470282323
1884,1884,0.06226917500151785,0.29358292659831153,57.609982805043465
1885,1885,0.06229515400150376,0.2935826582689526,57.609990903434344
1886,1886,0.06232142400153862,0.2935823902472839,57.60999899799448
1887,1887,0.06234735400153113,0.2935821225327645,57.610007088722504
1888,1888,0.06237345500153424,0.2935818551248544,57.610015175617015
1889,1889,0.06241807500151708,0.29358158802301504,57.61002325867666
1890,1890,0.062447724001515326,0.2935813212267089,57.61003133790006
1891,1891,0.06247477000152912,0.2935810547353995,57.61003941328588
1892,1892,0.0625012310015336,0.2935807885485518,57.61004748483275
1893,1893,0.0625277360015275,0.2935805226656315,57.610055552539315
1894,1894,0.06255362200153058,0.293580257086106,57.61006361640424
1895,1895,0.06258019500148748,0.29357999180944333,57.61007167642619
1896,1896,0.0626062750014853,0.2935797268351129,57.61007973260382
1897,1897,0.06263414500148201,0.2935794621625851,57.61008778493582
1898,1898,0.06266068200147856,0.29357919779133196,57.61009583342086
1899,1899,0.06268744100145796,0.29357893372082594,57.610103878057636
1900,1900,0.06271374500147431,0.2935786699505411,57.61011191884481
1901,1901,0.06273962400143773,0.2935784064799526,57.61011995578111
1902,1902,0.06276660200148854,0.2935781433085365,57.610127988865216
1903,1903,0.06279293900149696,0.29357788043577004,57.61013601809584
1904,1904,0.0628270520015235,0.29357761786113196,57.61014404347169
1905,1905,0.06290159200153767,0.2935773555841016,57.61015206499149
1906,1906,0.06293907600155535,0.29357709360415957,57.61016008265396
1907,1907,0.06297549400159141,0.2935768319207878,57.61016809645783
1908,1908,0.06301141500159702,0.2935765705334693,57.610176106401845
1909,1909,0.06305907300162517,0.29357630944168783,57.61018411248473
1910,1910,0.0630998340016049,0.29357604864492864,57.610192114705235
1911,1911,0.06314020700159517,0.293575788142678,57.61020011306211
1912,1912,0.06317762100161417,0.2935755279344232,57.61020810755412
1913,1913,0.06321477500159745,0.29357526801965267,57.61021609818002
1914,1914,0.06326741800160107,0.29357500839785583,57.61022408493858
1915,1915,0.06332093300164843,0.2935747490685235,57.61023206782856
1916,1916,0.06335954500161733,0.29357449003114716,57.61024004684877
1917,1917,0.06339895200159162,0.29357423128521976,57.610248021997975
1918,1918,0.06343697400160409,0.2935739728302352,57.61025599327497
1919,1919,0.06347304000161103,0.29357371466568827,57.610263960678544
1920,1920,0.06352516200161062,0.29357345679107516,57.610271924207524
1921,1921,0.0635623610016296,0.293573199205893,57.61027988386068
1922,1922,0.06360021000159577,0.29357294190963984,57.61028783963686
1923,1923,0.0636368320016345,0.29357268490181504,57.610295791534874
1924,1924,0.06367560700164177,0.2935724281819189,57.610303739553544
1925,1925,0.06370895800165499,0.2935721717494529,57.61031168369169
1926,1926,0.06377378100165743,0.29357191560391943,57.610319623948165
1927,1927,0.06381130200162488,0.29357165974482213,57.610327560321814
1928,1928,0.06385373000165373,0.2935714041716654,57.610335492811465
1929,1929,0.06389373000166643,0.29357114888395497,57.610343421416
1930,1930,0.06393167200167227,0.2935708938811976,57.610351346134266
1931,1931,0.06397338500170235,0.29357063916290105,57.610359266965126
1932,1932,0.0640150260017549,0.29357038472857405,57.610367183907435
1933,1933,0.0640553940017412,0.2935701305777264,57.610375096960105
1934,1934,0.06409368300171536,0.29356987670986917,57.61038300612201
1935,1935,0.06413069000171845,0.2935696231245141,57.61039091139201
1936,1936,0.06427102500174442,0.2935693698211743,57.61039881276903
1937,1937,0.06430720400175005,0.2935691167993638,57.61040671025195
1938,1938,0.06433754900177746,0.29356886405859745,57.61041460383971
1939,1939,0.06436650200174654,0.29356861159839154,57.61042249353119
1940,1940,0.0643950780017235,0.2935683594182631,57.610430379325315
1941,1941,0.06442324400171628,0.2935681075177302,57.610438261221006
1942,1942,0.06446169100166799,0.293567855896312,57.61044613921721
1943,1943,0.06449027000167007,0.2935676045535287,57.610454013312854
1944,1944,0.06451893100165762,0.2935673534889016,57.61046188350686
1945,1945,0.06454721800167817,0.29356710270195285,57.6104697497982
1946,1946,0.06457501200168281,0.2935668521922056,57.610477612185825
1947,1947,0.06460299500167821,0.29356660195918416,57.61048547066867
1948,1948,0.06463058700165902,0.2935663520024139,57.61049332524573
1949,1949,0.06465890200166768,0.2935661023214208,57.610501175915964
1950,1950,0.06468702700169615,0.2935658529157323,57.61050902267835
1951,1951,0.064729718001729,0.2935656037848766,57.610516865531864
1952,1952,0.06476177900168523,0.2935653549283831,57.610524704475495
1953,1953,0.0647917590017073,0.2935651063457818,57.61053253950824
1954,1954,0.06482073500171737,0.29356485803660437,57.6105403706291
1955,1955,0.06484970500173404,0.29356461000038264,57.61054819783708
1956,1956,0.06488612600173838,0.29356436223665006,57.610556021131195
1957,1957,0.06492352100173093,0.29356411474494076,57.610563840510466
1958,1958,0.0649535370017702,0.2935638675247902,57.61057165597391
1959,1959,0.06498312200176315,0.29356362057573426,57.61057946752055
1960,1960,0.06501226200180099,0.29356337389731024,57.61058727514942
1961,1961,0.06504115200181104,0.2935631274890563,57.610595078859596
1962,1962,0.06506994000181976,0.2935628813505117,57.61060287865007
1963,1963,0.06509899700182586,0.29356263548121625,57.61061067451994
1964,1964,0.0651277580018359,0.29356238988071126,57.61061846646825
1965,1965,0.06518303400184777,0.29356214454853885,57.61062625449406
1966,1966,0.0652139530018303,0.2935618994842418,57.610634038596444
1967,1967,0.06524327600186552,0.29356165468736434,57.61064181877448
1968,1968,0.06527138500189267,0.2935614101574511,57.610649595027255
1969,1969,0.06529952600192246,0.29356116589404824,57.61065736735385
1970,1970,0.06532748100192975,0.2935609218967025,57.610665135753365
1971,1971,0.065355466001904,0.2935606781649619,57.61067290022489
1972,1972,0.06538332800192848,0.2935604346983749,57.61068066076754
1973,1973,0.06541124600192916,0.2935601914964914,57.61068841738044
1974,1974,0.06543920100193645,0.29355994855886197,57.61069617006268
1975,1975,0.06546630300192646,0.2935597058850384,57.61070391881341
1976,1976,0.06549355000191781,0.293559463474573,57.61071166363175
1977,1977,0.06552131900195945,0.2935592213270195,57.610719404516814
1978,1978,0.06554829800194284,0.29355897944193227,57.61072714146778
1979,1979,0.065575330001991,0.29355873781886666,57.610734874483775
1980,1980,0.06560274800199295,0.2935584964573789,57.610742603563956
1981,1981,0.06563050800195924,0.29355825535702645,57.61075032870749
1982,1982,0.06568118800197453,0.29355801451736735,57.610758049913535
1983,1983,0.06571173600195834,0.2935577739379607,57.61076576718127
1984,1984,0.06574136700191957,0.2935575336183665,57.610773480509856
1985,1985,0.06576961500189782,0.2935572935581458,57.61078118989849
1986,1986,0.06579811000193558,0.2935570537568605,57.61078889534636
1987,1987,0.06582649600193236,0.2935568142140732,57.61079659685266
1988,1988,0.06585456400193834,0.2935565749293478,57.61080429441659
1989,1989,0.06588297200192983,0.29355633590224894,57.61081198803735
1990,1990,0.0659083590019236,0.29355609713234204,57.61081967771417
1991,1991,0.06593604500193351,0.29355585861919364,57.610827363446255
1992,1992,0.06596173600195243,0.29355562036237115,57.61083504523283
1993,1993,0.0659869050019779,0.2935553823614427,57.61084272307314
1994,1994,0.06601191100196502,0.2935551446159775,57.610850396966406
1995,1995,0.06603694300196139,0.2935549071255457,57.610858066911874
1996,1996,0.06606235800194327,0.29355466988971823,57.61086573290879
1997,1997,0.06608806400197409,0.29355443290806693,57.61087339495642
1998,1998,0.06611414600195076,0.2935541961801647,57.61088105305401
1999,1999,0.06614041200191423,0.2935539597055851,57.610888707200836
2000,2000,0.06618830500190143,0.29355372348390263,57.610896357396165
