epoch,updates,time,train_loss,val_rmse
1,1,6.914599998708582e-05,0.45079188318371116,71.25767346654452
2,2,0.00010560899994516149,0.41923282625461333,69.07874104459262
3,3,0.0001341729999353447,0.39692407208387676,67.26113071747572
4,4,0.0001634949999811397,0.3807201752618025,65.97404680999668
5,5,0.00019174999999904685,0.36874909009664386,64.93715215322736
6,6,0.00021876799996789487,0.35975765654457964,64.1473865713301
7,7,0.00024587499996187034,0.35287817201004823,63.51282839994054
8,8,0.00027221999994253565,0.3475042375323206,63.006108582626965
9,9,0.0002988259999483489,0.34321076157669456,62.58967832138147
10,10,0.00032486799995012916,0.33969921938188785,62.24367578312597
11,11,0.0003509409999651325,0.33675958965568853,61.95029481838278
12,12,0.0003819489999727921,0.33424377928141574,61.69787248743652
13,13,0.00041025299998409537,0.33204704906214794,61.477218237281946
14,14,0.0004366089999621181,0.3300950274634582,61.28177596261878
15,15,0.00046318499994413287,0.32833462981682615,61.10654449322195
16,16,0.000488904999940587,0.32672770757012315,60.94780481899007
17,17,0.0005147849999502796,0.3252466060548739,60.80271061902107
18,18,0.0005405489999930069,0.3238710565092809,60.669082926836786
19,19,0.0005663709999907951,0.3225860009268177,60.54522425606082
20,20,0.0005919590000189601,0.3213800691115428,60.42979995109717
21,21,0.0006179460000339532,0.320244511772015,60.321745375997224
22,22,0.0006452670000385297,0.31917245251967463,60.22020099505109
23,23,0.0006713960000297448,0.31815836290447075,60.124463578710674
24,24,0.0006969210000420389,0.31719769346771365,60.033950670710006
25,25,0.0007225410000160082,0.31628661395752694,59.94817395861819
26,26,0.0007480360000045039,0.31542182994880097,59.86671939907447
27,27,0.0007738439999798175,0.3146004529637478,59.789232154442566
28,28,0.0007992170000079568,0.3138199080777956,59.715405113887435
29,29,0.0008458159999804593,0.31307786781119135,59.64497004390125
30,30,0.0008737149999547,0.312372204473178,59.57769070658572
31,31,0.0008998779999842554,0.311700955479127,59.513357452067225
32,32,0.0009280239999611695,0.31106229780639233,59.451782929130694
33,33,0.0009538739999470636,0.3104545289050223,59.39279864990005
34,34,0.000979387999905157,0.30987605218380215,59.33625221361151
35,35,0.0010050279998949918,0.3093253657545298,59.282005043441345
36,36,0.001030440999898019,0.3088010535107523,59.22993052652964
37,37,0.0010559679998891625,0.3083017778922962,59.17991247365049
38,38,0.00108119399988027,0.30782627387938133,59.13184383449536
39,39,0.00110673399984762,0.3073733438947879,59.08562561901408
40,40,0.0011399969998251436,0.30694185338682156,59.04116598612931
41,41,0.0011662399998613182,0.30653072693185707,58.998379469354354
42,42,0.0011922289998551605,0.3061389447415185,58.957186315113645
43,43,0.0012184879998358156,0.3057655394920249,58.91751191438944
44,44,0.001243921999844133,0.30540959341603086,58.87928631206684
45,45,0.0012694879998775832,0.30507023561333996,58.842443781285205
46,46,0.0012947299998700146,0.3047466395481815,58.806922452425574
47,47,0.0013411619999033064,0.30443802070874676,58.7726639882124
48,48,0.0013709859999266882,0.30414363441035763,58.739613297892426
49,49,0.0013989859999128385,0.3038627737277042,58.70771828465325
50,50,0.0014255339999067473,0.3035947675444982,58.676929621419696
51,51,0.0014516749998847445,0.30333897871100163,58.647200550964634
52,52,0.001477368999871942,0.30309480230144425,58.618486706926745
53,53,0.001503154999909384,0.30286166396448877,58.59074595286933
54,54,0.0015343409999104551,0.30263901836077306,58.56393823696345
55,55,0.0015624699998966207,0.3024263476822286,58.53802546025195
56,56,0.0015886999998997453,0.30222316024839835,58.512971356761994
57,57,0.0016165389998832325,0.3020289891753982,58.488741383994686
58,58,0.00164232399993125,0.30184339111351555,58.46530262253789
59,59,0.0016682669999568134,0.30166594504973054,58.44262368373207
60,60,0.0016937479999796778,0.3014962511716922,58.420674624473044
61,61,0.0017194069999391104,0.30133392978991,58.39942686836505
62,62,0.0017447429999606356,0.30117862031510984,58.37885313254796
63,63,0.001770458999942548,0.30102998028788286,58.358927359614306
64,64,0.0018174729999600459,0.30088768445791997,58.339624654110956
65,65,0.001845543999934307,0.30075142391027027,58.32092122318634
66,66,0.0018719629999282006,0.3006209052362009,58.3027943210011
67,67,0.0018982999998797823,0.3004958497463676,58.28522219656754
68,68,0.00192388499988283,0.3003759927241212,58.26818404472498
69,69,0.0019495879998885357,0.3002610827168949,58.251659959992345
70,70,0.0019751349998955448,0.30015088086371944,58.235630893069654
71,71,0.002000956999893333,0.3000451602570175,58.22007860978601
72,72,0.0020263259999069305,0.29994370533692233,58.2049856523129
73,73,0.002051859999937733,0.29984631131645784,58.19033530248152
74,74,0.00207700499998964,0.29975278363600155,58.176111547058845
75,75,0.0021100889999843275,0.29966293744553396,58.16229904485122
76,76,0.002136134000011225,0.299576597113253,58.14888309551702
77,77,0.0021620890000235704,0.29949359575920853,58.13584960998051
78,78,0.0021879430000240063,0.2994137748126768,58.1231850823484
79,79,0.002214008000009926,0.2993369835920629,58.110876563238975
80,80,0.0022397830000500107,0.2992630789061816,58.098911634441166
81,81,0.0022655450000570454,0.2991919246758229,58.08727838482702
82,82,0.0023111240000730504,0.29912339157456913,58.07596538744711
83,83,0.0023398030000976178,0.2990573566878788,58.064961677743455
84,84,0.002366251000125885,0.29899370318950597,58.05425673281906
85,85,0.0023925780001263774,0.29893232003437015,58.0438404517075
86,86,0.0024181060001069454,0.29887310166703784,58.03370313658946
87,87,0.0024441790001219488,0.29881594774501724,58.02383547490684
88,88,0.002469189000123606,0.2987607628761133,58.014228522327876
89,89,0.0024947010001028502,0.29870745636912405,58.00487368651971
90,90,0.0025200120001045434,0.2986559419971976,57.99576271168724
91,91,0.002545555000153854,0.2986061377732062,57.98688766383997
92,92,0.002570504000175333,0.298557965736522,57.97824091674988
93,93,0.002602767000212225,0.29851135175061533,57.96981513856646
94,94,0.0026292540002259557,0.2984662253109226,57.96160327905594
95,95,0.002655072000209202,0.2984225193624615,57.95359855743438
96,96,0.0026809560002334365,0.2983801701266951,57.9457944507652
97,97,0.002706865000277503,0.2983391169371762,57.93818468289381
98,98,0.002732189000255403,0.2982993020835212,57.930763213893066
99,99,0.0027577370002518364,0.29826067066329315,57.92352422999497
100,100,0.0027829010002164978,0.29822317044138713,57.916462133984886
101,101,0.002826496000238876,0.2981867517165396,57.90957153603627
102,102,0.0028536990002407947,0.29815136719459584,57.902847244964455
103,103,0.0028802270002756813,0.29811697186819375,57.89628425987968
104,104,0.0029062940002404503,0.29808352290253726,57.88987776221991
105,105,0.002932317000272633,0.2980509795269461,57.88362310814578
106,106,0.0029577190002783027,0.2980193029318941,57.87751582127994
107,107,0.0029832980002879594,0.2979884561712511,57.87155158577475
108,108,0.003008967000255325,0.2979584040694661,57.86572623969257
109,109,0.003034379000212084,0.2979291131334418,57.8600357686839
110,110,0.003061785000227246,0.29790055146885813,57.85447629994926
111,111,0.0030968410002287783,0.29787268870072375,57.84904409647136
112,112,0.003123338000250442,0.2978454958979347,57.843735551504906
113,113,0.003149559000235058,0.2978189455016422,57.83854718331186
114,114,0.0031750370002328054,0.29779301125723145,57.83347563013052
115,115,0.003200420000212034,0.29776766814973166,57.828517645367654
116,116,0.003225645000213717,0.2977428923424798,57.82367009300303
117,117,0.003250833000208786,0.2977186611188756,57.81892994319655
118,118,0.003297812000198519,0.29769495282706904,57.81429426808837
119,119,0.0033275330001742986,0.2976717468274314,57.80976023778315
120,120,0.003354743000159033,0.29764902344267136,57.80532511650983
121,121,0.0033807060001436184,0.2976267639104568,57.80098625894867
122,122,0.0034063920001017323,0.29760495033842094,57.79674110671786
123,123,0.0034320780001166895,0.2975835656614272,57.79258718501238
124,124,0.0034570980001262797,0.2975625936009819,57.788522099387905
125,125,0.0034901620001051015,0.2975420186266823,57.784543532683216
126,126,0.003518385000120361,0.2975218259196006,57.780649242074624
127,127,0.003544921000127488,0.2975020013375019,57.776837056256305
128,128,0.0035788580000826187,0.2974825313818079,57.773104872741
129,129,0.0036049070000672145,0.29746340316621256,57.76945065527525
130,130,0.003631254000026729,0.29744460438687037,57.765872431364066
131,131,0.0036579750000669264,0.2974261232940759,57.76236828990018
132,132,0.0036842970000634523,0.2974079486653588,57.7589363788928
133,133,0.0037104590000467397,0.29739006977992344,57.755574903291645
134,134,0.0037368770000512086,0.29737247639436504,57.752282122901775
135,135,0.003783095000017056,0.2973551587195975,57.74905635038514
136,136,0.0038114700000164703,0.2973381073989317,57.74589594934498
137,137,0.00383836200001042,0.29732131348724605,57.74279933248917
138,138,0.003864970999984507,0.29730476843119513,57.73976495986932
139,139,0.0038913179999440217,0.2972884640504019,57.736791337191775
140,140,0.003917100999956347,0.29727239251958654,57.733877014197695
141,141,0.003943010999989838,0.2972565463515819,57.73102058310889
142,142,0.003968844999974408,0.2972409183811931,57.72822067713655
143,143,0.003994683999962945,0.2972255017498573,57.72547596905018
144,144,0.004020607999962067,0.2972102898910639,57.72278516980387
145,145,0.004046561999984988,0.29719527651649674,57.720147027217564
146,146,0.00407925199993997,0.2971804556028622,57.717560324710824
147,147,0.004105314999947041,0.29716582137936787,57.7150238800867
148,148,0.004131107999967298,0.2971513683158196,57.712536544363765
149,149,0.0041568809999716905,0.2971370911113069,57.71009720065384
150,150,0.004183663999981491,0.29712298468344417,57.70770476308378
151,151,0.004209781999975348,0.2971090441581435,57.70535817575928
152,152,0.004235665000010158,0.29709526485988913,57.70305641176862
153,153,0.004277135999984694,0.2970816423024907,57.7007984722252
154,154,0.004306417999998757,0.29706817218028986,57.698583385346595
155,155,0.004332855000029667,0.2970548503597974,57.69641020556901
156,156,0.004359485000065888,0.2970416728717413,57.69427801269529
157,157,0.004384924000078172,0.2970286359035027,57.69218591107536
158,158,0.004411082000103761,0.2970157357919213,57.690133028817485
159,159,0.004436142000088239,0.29700296901645173,57.68811851702915
160,160,0.0044625430001019595,0.29699033219265436,57.68614154908633
161,161,0.004486965000069176,0.2969778220660011,57.68420131992983
162,162,0.004512039000076129,0.29696543550598387,57.682297045387784
163,163,0.0045363570000631626,0.2969531695005079,57.680427961523044
164,164,0.004566764000060175,0.2969410211505562,57.67859332400439
165,165,0.004592242000057922,0.2969289876651144,57.67679240750078
166,166,0.004617450000068857,0.29691706635633747,57.67502450509753
167,167,0.004641953000088961,0.29690525463495265,57.67328892773357
168,168,0.004666971000062858,0.2968935500058815,57.67158500365885
169,169,0.004691261000061786,0.29688195006407364,57.669912077911206
170,170,0.004716263000091203,0.29687045249053956,57.66826951181181
171,171,0.004740554000079555,0.2968590550485742,57.66665668247845
172,172,0.004785418000039954,0.296847755580161,57.66507298235591
173,173,0.004811861000064255,0.29683655200254705,57.663517818762855
174,174,0.004838596000070083,0.2968254423049814,57.66199061345443
175,175,0.004864692000069226,0.2968144245456097,57.6604908022001
176,176,0.00489098900004592,0.29680349684851437,57.65901783437594
177,177,0.004916588000071442,0.2967926574008961,57.65757117257098
178,178,0.004942707000054725,0.2967819044503885,57.65615029220697
179,179,0.004968954000048598,0.2967712363024985,57.654754681171056
180,180,0.004995325000095363,0.2967606513181685,57.65338383946081
181,181,0.005021527000110382,0.2967501479114516,57.652037278841235
182,182,0.00504787400012674,0.2967397245472965,57.65071452251324
183,183,0.005076170000108959,0.29672937973943597,57.6494151047931
184,184,0.005102691000104187,0.29671911204837287,57.64813857080256
185,185,0.005128569000078187,0.29670892007946104,57.64688447616903
186,186,0.00515475900004958,0.29669880248107394,57.64565238673575
187,187,0.005180389000031482,0.29668875794285887,57.644441878281306
188,188,0.005206157000031908,0.2966787851940712,57.64325253624821
189,189,0.005231806000040251,0.29666888300198563,57.64208395548026
190,190,0.0052782790000378554,0.2966590501703794,57.640935739968334
191,191,0.005307365000021491,0.29664928553808667,57.63980750260426
192,192,0.0053349460000049476,0.29663958797761636,57.63869886494251
193,193,0.005361289999996188,0.2966299563938349,57.63760945696945
194,194,0.005387592999966273,0.2966203897227077,57.63653891687976
195,195,0.005413185999941561,0.2966108869300974,57.63548689085989
196,196,0.005439535999926193,0.2966014470106165,57.634453032878255
197,197,0.00547108799992202,0.29659206898653173,57.63343700448193
198,198,0.005499501999906897,0.29658275190671646,57.6324384745995
199,199,0.005526397999915389,0.2965734948456508,57.631457119350124
200,200,0.005554753999888362,0.2965642969024658,57.63049262185824
201,201,0.00558110899987696,0.296555157200029,57.629544672073955
202,202,0.005608594999898742,0.2965460748840719,57.62861296659893
203,203,0.005640545999881397,0.29653704912235485,57.62769720851735
204,204,0.005666094999924098,0.2965280791038675,57.62679710723203
205,205,0.005691783999907329,0.2965191640380664,57.62591237830539
206,206,0.005717143999902419,0.2965103031541432,57.62504274330505
207,207,0.0057659389999003,0.29650149570032625,57.624187929654134
208,208,0.005793316999927356,0.2964927409432111,57.62334767048574
209,209,0.0058201809999332,0.2964840381671205,57.622521704501864
210,210,0.005847278999965511,0.29647538667349055,57.62170977583623
211,211,0.0058733519999236705,0.29646678578028457,57.62091163392122
212,212,0.005898712999965028,0.29645823482143013,57.620127033358564
213,213,0.005924719999939043,0.2964497331462802,57.61935573379372
214,214,0.005949612999927467,0.29644128011909776,57.61859749979384
215,215,0.005975149999926543,0.2964328751185602,57.61785210072923
216,216,0.006000324999945406,0.2964245175372859,57.61711931065807
217,217,0.006032104999974308,0.296416206781379,57.616398908214414
218,218,0.006057997999960207,0.29640794226999373,57.61569067649939
219,219,0.006083688999979131,0.2963997234349159,57.61499440297527
220,220,0.006108784999980799,0.2963915497201618,57.61430987936262
221,221,0.0061347640000235515,0.2963834205815929,57.61363690154018
222,222,0.006159964000005402,0.2963753354865465,57.612975269447574
223,223,0.00618557000001374,0.29636729391348016,57.61232478699056
224,224,0.0062107379999929435,0.2963592953516315,57.611685261949056
225,225,0.006242693999979565,0.2963513393006905,57.61105650588738
226,226,0.006269180000003871,0.2963434252704846,57.610438334067226
227,227,0.006295571000009659,0.2963355527806769,57.60983056536263
228,228,0.00632104400000344,0.29632772136047497,57.60923302217756
229,229,0.006347181000023738,0.2963199305483515,57.608645530365436
230,230,0.00637240000003203,0.29631217989177566,57.60806791915088
231,231,0.006398344000047018,0.2963044689469545,57.60750002105355
232,232,0.006423554000036802,0.2962967972785837,57.60694167181393
233,233,0.006449295000038546,0.29628916445960835,57.60639271032111
234,234,0.006475682000029792,0.2962815700709925,57.60585297854241
235,235,0.006502175000036914,0.2962740137014965,57.605322321454814
236,236,0.00653046800005086,0.29626649494746354,57.60480058697829
237,237,0.0065567600000804305,0.29625901341261335,57.60428762591061
238,238,0.006583040000123219,0.2962515687078434,57.60378329186411
239,239,0.006608750000168584,0.2962441604510375,57.603287441203854
240,240,0.00663458300016373,0.29623678826688105,57.60279993298744
241,241,0.006660184000168101,0.2962294517866828,57.60232062890638
242,242,0.006686213000136831,0.2962221506482031,57.60184939322892
243,243,0.006732868000142389,0.29621488449548755,57.601386092744235
244,244,0.006760802000144395,0.29620765297870744,57.60093059670817
245,245,0.006787362000125086,0.2962004557540047,57.60048277679018
246,246,0.00681385200010709,0.29619329248334264,57.600042507021705
247,247,0.006839946000127384,0.29618616283436155,57.59960966374574
248,248,0.006865811000125177,0.29617906648023923,57.59918412556773
249,249,0.0068911960001400985,0.2961720030995564,57.59876577330762
250,250,0.006917366000095626,0.2961649723761657,57.598354489953024
251,251,0.00694344700008287,0.29615797399906646,57.59795016061374
252,252,0.006969006000076661,0.29615100766228186,57.59755267247709
253,253,0.006994490000124642,0.2961440730647415,57.597161914764605
254,254,0.007022618000121383,0.2961371699101667,57.59677777868956
255,255,0.007048437000150898,0.2961302979069602,57.596400157415644
256,256,0.007074268000167194,0.29612345676809854,57.59602894601659
257,257,0.0071004590001848555,0.2961166462110286,57.59566404143678
258,258,0.007126667000193265,0.2961098659575672,57.59530534245271
259,259,0.0071525720001659465,0.2961031157338029,57.59495274963556
260,260,0.007178145000182212,0.2960963952700021,57.59460616531435
261,261,0.007223372000169093,0.2960897043005169,57.594265493540355
262,262,0.0072515100001737665,0.2960830425636966,57.59393064005192
263,263,0.007278110000186189,0.29607640980180105,57.5936015122405
264,264,0.007303903000149603,0.29606980576091735,57.59327801911717
265,265,0.007329930000139484,0.29606323019087766,57.59296007128021
266,266,0.0073560440001188,0.29605668284518144,57.59264758088312
267,267,0.007381654000084836,0.29605016348091767,57.59234046160366
268,268,0.007412557000122888,0.2960436718586913,57.59203862861346
269,269,0.007439916000123503,0.29603720774255027,57.59174199854833
270,270,0.007466468000131954,0.29603077089991514,57.59145048947927
271,271,0.007501174000140054,0.29602436110151115,57.591164020884186
272,272,0.007528072000127395,0.29601797812130126,57.590882513620144
273,273,0.007554525000102785,0.2960116217364217,57.59060588989637
274,274,0.007580575000133649,0.296005291727119,57.59033407324781
275,275,0.007606638000083876,0.2959989878766885,57.590066988509186
276,276,0.00763268300005393,0.2959927099714151,57.589804561789876
277,277,0.00765845400002263,0.29598645780051497,57.58954672044909
278,278,0.007705359000055978,0.2959802311560792,57.58929339307177
279,279,0.007733493000102953,0.2959740298330185,57.58904450944498
280,280,0.007759862000114026,0.2959678536290099,57.58880000053479
281,281,0.007786285000065618,0.29596170234444413,57.588559798463706
282,282,0.0078122460000713545,0.29595557578237525,57.588323836488605
283,283,0.007838370000058603,0.29594947374847014,57.58809204897912
284,284,0.0078644300000974,0.29594339605096104,57.587864371396535
285,285,0.007890535000058208,0.2959373425005978,57.587640740273066
286,286,0.00791644300011285,0.29593131291060165,57.587421093191715
287,287,0.007942442000114625,0.29592530709662107,57.58720536876649
288,288,0.007968385000083344,0.2959193248766871,57.58699350662299
289,289,0.00800371100007169,0.2959133660711709,57.58678544737957
290,290,0.008030039000061606,0.2959074305027423,57.58658113262875
291,291,0.008056150000072648,0.2959015179963286,57.58638050491911
292,292,0.008081732000107422,0.2958956283790746,57.586183507737594
293,293,0.0081074680001052,0.29588976148030466,57.585990085492064
294,294,0.008132955000121456,0.29588391713148343,57.58580018349439
295,295,0.008158835000131148,0.2958780951661797,57.58561374794382
296,296,0.00820572400010633,0.29587229542002974,57.58543072591062
297,297,0.00823547200008079,0.29586651773070194,57.58525106532024
298,298,0.00826297700007217,0.2958607619378621,57.58507471493765
299,299,0.008289246000060757,0.29585502788313955,57.58490162435209
300,300,0.008315557000059925,0.29584931541009424,57.58473174396212
301,301,0.008341608000080214,0.2958436243641839,57.58456502496095
302,302,0.008367733000056887,0.2958379545927329,57.58440141932216
303,303,0.008393601000079798,0.2958323059449007,57.5842408797856
304,304,0.008419323000055101,0.29582667827165204,57.584083359843646
305,305,0.00844496300010178,0.2958210714257269,57.58392881372778
306,306,0.008471178000093005,0.2958154852616116,57.58377719639535
307,307,0.00849887500010027,0.2958099196355101,57.58362846351667
308,308,0.008524914000076933,0.29580437440531665,57.58348257146235
309,309,0.008551390000093306,0.29579884943058826,57.58333947729092
310,310,0.008578754000097888,0.29579334457251766,57.58319913873665
311,311,0.008604962000106298,0.295787859693908,57.5830615141977
312,312,0.008631624000088323,0.29578239465914624,57.582926562724374
313,313,0.008657689000074242,0.2957769493341791,57.58279424400779
314,314,0.008705716000065422,0.2957715235864875,57.582664518368624
315,315,0.008734379000031822,0.29576611728506313,57.58253734674615
316,316,0.00876204200005759,0.29576073030038474,57.58241269068748
317,317,0.008788772000059453,0.2957553625043946,57.582290512337025
318,318,0.008815447000074528,0.2957500137704765,57.58217077442621
319,319,0.008840994000081537,0.295744683973433,57.582053440263266
320,320,0.008867106000082003,0.2957393729894637,57.58193847372339
321,321,0.008893044000046757,0.29573408069614404,57.58182583923893
322,322,0.00891948400004594,0.29572880697240433,57.58171550178992
323,323,0.008945436000090012,0.29572355169850906,57.58160742689469
324,324,0.008971329000075912,0.2957183147560368,57.581501580600694
325,325,0.008998551000104271,0.2957130960278607,57.58139792947553
326,326,0.009025030000145762,0.29570789539812814,57.58129644059813
327,327,0.009050350000165963,0.2957027127522432,57.58119708155008
328,328,0.009076817000163828,0.2956975479768465,57.581099820407225
329,329,0.009102693000158979,0.2956924009597979,57.58100462573122
330,330,0.009128945000156818,0.29568727159015795,57.5809114665615
331,331,0.009154176000151892,0.29568215975817047,57.58082031240722
332,332,0.009187016000169024,0.29567706535524513,57.58073113323941
333,333,0.009214499000165688,0.2956719882739404,57.580643899483285
334,334,0.00924156900015305,0.2956669284079471,57.580558582010724
335,335,0.009267227000123057,0.29566188565207147,57.580475152132784
336,336,0.009293644000081258,0.2956568599022196,57.58039358159253
337,337,0.009319216000051256,0.29565185105538133,57.58031384255784
338,338,0.009372768000048382,0.29564685900961485,57.5802359076144
339,339,0.009400738000067577,0.2956418836640312,57.58015974975892
340,340,0.009428118000073482,0.29563692491877935,57.58008534239229
341,341,0.009454670000081933,0.295631982675032,57.58001265931304
342,342,0.009482754000089244,0.2956270568349703,57.57994167471084
343,343,0.009508887000095001,0.29562214730177017,57.57987236316009
344,344,0.009534857000062402,0.295617253979588,57.57980469961375
345,345,0.009560453000062807,0.29561237677354735,57.57973865939713
346,346,0.00958722500007525,0.29560751558972503,57.579674218201895
347,347,0.009612681000021439,0.29560267033513815,57.57961135208014
348,348,0.009638653000024533,0.29559784091773084,57.57955003743866
349,349,0.009671732000015254,0.29559302724636183,57.57949025103313
350,350,0.009699754000052963,0.29558822923079126,57.5794319699626
351,351,0.009725803000094402,0.29558344678166903,57.57937517166398
352,352,0.00975223800008962,0.295578679810522,57.579319833906666
353,353,0.00977820000008478,0.2955739282297424,57.57926593478717
354,354,0.00980477500007737,0.295569191952576,57.57921345272403
355,355,0.00983161000004884,0.29556447089311044,57.579162366452636
356,356,0.009857930000009674,0.295559764966264,57.579112655020204
357,357,0.00988446799999565,0.2955550740877745,57.57906429778089
358,358,0.009910923000006733,0.29555039817418777,57.57901727439095
359,359,0.009937502000013865,0.29554573714284754,57.578971564803965
360,360,0.009964289000038207,0.2955410909118844,57.57892714926619
361,361,0.009990820000041367,0.2955364594002055,57.57888400831197
362,362,0.010017000000061671,0.2955318425274841,57.57884212275922
363,363,0.01004359000006616,0.29552724021414956,57.57880147370502
364,364,0.010069263000048068,0.29552265238137726,57.578762042521284
365,365,0.010095527000089533,0.29551807895107896,57.57872381085042
366,366,0.010121305000097891,0.29551351984589314,57.57868676060124
367,367,0.010154073000137487,0.2955089749891752,57.57865087394473
368,368,0.010181590000115648,0.2955044443049888,57.57861613331008
369,369,0.01020824000011089,0.29549992771809575,57.57858252138067
370,370,0.01023426300008623,0.2954954251539479,57.578550021090145
371,371,0.010260984000069584,0.2954909365386775,57.578518615618606
372,372,0.010286697000083223,0.2954864617990889,57.57848828838879
373,373,0.010312865000059901,0.2954820008626496,57.57845902306243
374,374,0.010338942000032603,0.29547755365748224,57.57843080353649
375,375,0.010365600000000086,0.2954731201123556,57.578403613939685
376,376,0.010390923000045404,0.29546870015667703,57.5783774386289
377,377,0.010417096000082893,0.2954642937204838,57.578352262185746
378,378,0.01044415000006893,0.29545990073443557,57.578328069413125
379,379,0.010470758000110436,0.29545552112980616,57.578304845331935
380,380,0.01049648600007913,0.2954511548384762,57.57828257517769
381,381,0.010522884000067734,0.2954468017929252,57.578261244397375
382,382,0.01054870900009064,0.29544246192622436,57.57824083864622
383,383,0.010574940000140032,0.29543813517202877,57.57822134378455
384,384,0.01060026600009678,0.29543382146457076,57.57820274587473
385,385,0.010632313000087379,0.2954295207386521,57.57818503117815
386,386,0.010659687000099893,0.2954252329296374,57.57816818615223
387,387,0.010686644000088563,0.29542095797344703,57.57815219744753
388,388,0.010713166000130059,0.2954166958065504,57.57813705190477
389,389,0.010739709000120001,0.2954124463659587,57.57812273655214
390,390,0.010765410000146858,0.2954082095892192,57.57810923860242
391,391,0.010791840000138109,0.2954039854144079,57.57809654545026
392,392,0.010817716000190103,0.2953997737801235,57.57808464466953
393,393,0.010843770000178665,0.29539557462548094,57.5780735240106
394,394,0.010869823000177803,0.2953913878901053,57.57806317139779
395,395,0.010896125000158463,0.2953872135141252,57.578053574926784
396,396,0.011097799000197028,0.2953830514381676,57.57804472286213
397,397,0.011129501000198161,0.29537890160335106,57.578036603634686
398,398,0.011206782000158455,0.29537476395127976,57.57802920583932
399,399,0.011239270000203305,0.29537063842403866,57.57802251823234
400,400,0.011267756000222562,0.29536652496418675,57.578016529729275
401,401,0.011295626000219272,0.29536242351475206,57.57801122940246
402,402,0.011410337000199888,0.2953583340192258,57.578006606478795
403,403,0.011439316000178223,0.295354256421557,57.57800265033745
404,404,0.011466419000157657,0.29535019066614715,57.57799935050774
405,405,0.011500978000185569,0.295346136697845,57.5779966966668
406,406,0.011528347000194117,0.29534209446194093,57.5779946786376
407,407,0.011554317000161518,0.29533806390416223,57.57799328638673
408,408,0.011580945000162046,0.2953340449706676,57.577992510022334
409,409,0.011606836000169096,0.29533003760804294,57.57799233979211
410,410,0.011632876000135184,0.2953260417632953,57.577992766081266
411,411,0.01165852000013956,0.2953220573838487,57.577993779410534
412,412,0.01168504500014933,0.2953180844175393,57.577995370434245
413,413,0.011719764000133637,0.2953141228126106,57.57799752993839
414,414,0.011748683000121218,0.2953101725177085,57.57800024883873
415,415,0.011776259000100708,0.2953062334818772,57.57800351817896
416,416,0.011803453000084119,0.2953023056545542,57.578007329128845
417,417,0.011829591000093842,0.29529838898556615,57.57801167298244
418,418,0.011855843000091681,0.2952944834251243,57.57801654115633
419,419,0.011882323000122597,0.2952905889238203,57.578021925187834
420,420,0.011907884000095237,0.29528670543262153,57.578027816733346
421,421,0.011933795000061309,0.29528283290286733,57.578034207566596
422,422,0.011959970000020803,0.29527897128626474,57.578041089576985
423,423,0.011993112000027395,0.29527512053488403,57.57804845476798
424,424,0.01201986000000943,0.29527128060115493,57.57805629525547
425,425,0.01204695499995978,0.295267451437863,57.578064603266185
426,426,0.012072477999936382,0.2952636329981449,57.5780733711361
427,427,0.012098848999926304,0.29525982523548494,57.57808259130893
428,428,0.012125596999908339,0.29525602810371143,57.578092256334614
429,429,0.012151156999891555,0.2952522415569925,57.578102358867746
430,430,0.012183283999888772,0.2952484655498327,57.57811289166621
431,431,0.012211255999886816,0.29524470003706893,57.57812384758965
432,432,0.01223767499988071,0.2952409449738673,57.57813521959803
433,433,0.012263815999858707,0.2952372003157191,57.57814700075033
434,434,0.01229042999983676,0.2952334660184377,57.57815918420299
435,435,0.012315916999853016,0.29522974203815455,57.57817176320873
436,436,0.01234236999988525,0.29522602833131634,57.57818473111506
437,437,0.012368503999880431,0.2952223248546809,57.57819808136303
438,438,0.012394181999866305,0.29521863156531464,57.57821180748588
439,439,0.012420046999864098,0.2952149484205886,57.5782259031078
440,440,0.012452409999866632,0.2952112753781756,57.578240361942626
441,441,0.012478753999857872,0.29520761239604687,57.5782551777926
442,442,0.012504807999846435,0.2952039594324688,57.57827034454714
443,443,0.012531384999817874,0.295200316446,57.57828585618166
444,444,0.012557089999802429,0.29519668339548794,57.5783017067563
445,445,0.012583205999760594,0.2951930602400662,57.57831789041482
446,446,0.01261005899976908,0.29518944693915156,57.578334401383444
447,447,0.012635552999768151,0.29518584345244026,57.57835123396964
448,448,0.012669300999732513,0.2951822497399062,57.57836838256108
449,449,0.012697702999730609,0.2951786657617972,57.578385841624495
450,450,0.01272425499973906,0.2951750914786323,57.57840360570458
451,451,0.012750365999750102,0.2951715268511995,57.57842166942293
452,452,0.01277703799974006,0.29516797184055216,57.57844002747695
453,453,0.012803090999739197,0.2951644264080068,57.578458674638874
454,454,0.012829312999770082,0.2951608905151401,57.57847760575464
455,455,0.012855628999773216,0.29515736412378674,57.57849681574295
456,456,0.012881478999815954,0.295153847196036,57.57851629959427
457,457,0.012907553999809807,0.2951503396942298,57.57853605236979
458,458,0.0129404479998243,0.2951468415809599,57.578556069200495
459,459,0.012967215999822201,0.2951433528190652,57.57857634528619
460,460,0.012992730999826563,0.2951398733716294,57.57859687589456
461,461,0.013018765999788684,0.29513640320197876,57.578617656360265
462,462,0.013043699999798264,0.2951329422736791,57.578638682083955
463,463,0.01306913599978543,0.29512949055053395,57.57865994853145
464,464,0.013094928999748845,0.29512604799658193,57.57868145123278
465,465,0.013120779999724164,0.29512261457609423,57.57870318578136
466,466,0.013153508999721453,0.2951191902535726,57.57872514783308
467,467,0.013180238999723315,0.29511577499374697,57.57874733310549
468,468,0.013206113999729041,0.29511236876157304,57.57876973737691
469,469,0.013231651999774385,0.2951089715222302,57.57879235648568
470,470,0.013257352999801242,0.2951055832411194,57.578815186329244
471,471,0.013282976999789753,0.2951022038838607,57.57883822286344
472,472,0.013340293999760888,0.2950988334162914,57.57886146210161
473,473,0.013368075999721896,0.2950954718044636,57.578884900113906
474,474,0.013394062999736889,0.29509211901464283,57.57890853302648
475,475,0.013419640999757121,0.2950887750133048,57.57893235702069
476,476,0.013446391999764273,0.29508543976713447,57.57895636833241
477,477,0.013471929999752774,0.2950821132430233,57.57898056325125
478,478,0.013497397999799432,0.29507879540806775,57.57900493811984
479,479,0.01352319099981969,0.29507548622956703,57.5790294893331
480,480,0.013548707999859744,0.29507218567502125,57.57905421333754
481,481,0.013574255999856177,0.29506889371212947,57.579079106630594
482,482,0.013599569999826144,0.2950656103087877,57.57910416575984
483,483,0.013647235999826535,0.29506233543308724,57.579129387322425
484,484,0.01367490499978885,0.29505906905331286,57.57915476796432
485,485,0.013701009999806502,0.29505581113794044,57.57918030437969
486,486,0.01372639499976458,0.2950525616556361,57.579205993310254
487,487,0.013751840999759679,0.2950493205752534,57.5792318315446
488,488,0.013777090999781194,0.2950460878658324,57.57925781591759
489,489,0.013802330999737933,0.2950428634965974,57.579283943309726
490,490,0.013827295999760736,0.29503964743695543,57.57931021064652
491,491,0.013852716999792847,0.29503643965649456,57.579336614897905
492,492,0.01387835299976814,0.29503324012498217,57.57936315307764
493,493,0.01390367699974604,0.2950300488123634,57.57938982224266
494,494,0.013935416999743211,0.29502686568875913,57.57941661949257
495,495,0.013960932999736997,0.29502369072446505,57.579443541969056
496,496,0.013986286999738695,0.29502052388994937,57.579470586855265
497,497,0.014011649999702058,0.29501736515585164,57.5794977513753
498,498,0.014036852999709026,0.2950142144929811,57.57952503279365
499,499,0.01406231499970545,0.2950110718723152,57.579552428414615
500,500,0.014087526999674083,0.2950079372649976,57.579579935581854
501,501,0.014135401999681108,0.2950048106423376,57.57960755167776
502,502,0.014166317999695366,0.29500169197580783,57.57963527412301
503,503,0.01419334799970784,0.2949985812370431,57.579663100375974
504,504,0.014219271999706962,0.2949954783978389,57.5796910279323
505,505,0.01424493599967036,0.29499238343015,57.57971905432435
506,506,0.014270300999669416,0.294989296306089,57.57974717712071
507,507,0.014296035999620926,0.29498621699792493,57.57977539392574
508,508,0.01432121699963318,0.29498314547808185,57.57980370237905
509,509,0.014346637999608447,0.29498008171913753,57.57983210015505
510,510,0.014372151999623384,0.29497702569382206,57.579860584962475
511,511,0.014397499999631691,0.29497397737501646,57.57988915454392
512,512,0.014430897999659464,0.2949709367357514,57.579917806675404
513,513,0.014456664999670465,0.2949679037492061,57.579946539165896
514,514,0.014482121999719766,0.29496487838870655,57.57997534985689
515,515,0.01450756899970429,0.2949618606277249,57.580004236621946
516,516,0.014533232999724532,0.2949588504398773,57.58003319736629
517,517,0.014558349999674647,0.29495584779892364,57.580062230026385
518,518,0.014583763999667099,0.29495285267876564,57.580091332569474
519,519,0.014609245999679388,0.2949498650534459,57.5801205029932
520,520,0.014642860999686036,0.2949468848971467,57.580149739325186
521,521,0.014670438999644375,0.2949439121841885,57.58017903962265
522,522,0.014697816999614588,0.2949409468890292,57.580208401971994
523,523,0.014724336999620391,0.29493798898626283,57.58023782448839
524,524,0.014750241999649916,0.2949350384506182,57.580267305315445
525,525,0.014776331999655667,0.29493209525695796,57.58029684262476
526,526,0.014802615999656155,0.29492915938027753,57.58032643461561
527,527,0.014828218999639375,0.2949262307957037,57.580356079514516
528,528,0.014853652999647693,0.29492330947849377,57.58038577557494
529,529,0.014879061999636178,0.29492039540403453,57.58041552107688
530,530,0.014904224999668259,0.29491748854784094,57.58044531432651
531,531,0.014930606999655538,0.2949145888855551,57.580475153655875
532,532,0.014955807999626813,0.29491169639294545,57.580505037422476
533,533,0.014981191999595467,0.29490881104590555,57.580534964009004
534,534,0.015006375999632837,0.2949059328204529,57.58056493182292
535,535,0.015032262999625345,0.2949030616927283,57.580594939296184
536,536,0.015065110999614717,0.29490019763899433,57.58062498488492
537,537,0.015137591999632605,0.294897340635635,57.58065506706905
538,538,0.015176501999633274,0.29489449065915413,57.58068518435202
539,539,0.015203942999676201,0.2948916476861749,57.58071533526044
540,540,0.015229606999696443,0.29488881169343845,57.58074551834383
541,541,0.015255321999688931,0.29488598265780325,57.58077573217424
542,542,0.015280700999710461,0.29488316055624414,57.58080597534602
543,543,0.015312187999711568,0.294880345365851,57.58083624647546
544,544,0.015339418999758436,0.29487753706382835,57.58086654420053
545,545,0.01536523299972714,0.2948747356274942,57.580896867180584
546,546,0.015391983999734293,0.29487194103427916,57.58092721409604
547,547,0.015417480999758482,0.29486915326172547,57.58095758364818
548,548,0.015443158999744355,0.2948663722874863,57.58098797455872
549,549,0.015474201999722936,0.29486359808932483,57.5810183855697
550,550,0.015499744999715404,0.29486083064511304,57.58104881544311
551,551,0.015524859999743512,0.2948580699328317,57.58107926296064
552,552,0.015550058999735938,0.2948553159305684,57.58110972692344
553,553,0.015587458999732462,0.29485256861651765,57.5811402061518
554,554,0.015615113999729147,0.2948498279689797,57.58117069948498
555,555,0.015657244999715658,0.2948470939663594,57.58120120578086
556,556,0.015683012999716084,0.2948443665871661,57.581231723915764
557,557,0.015708672999721784,0.2948416458100124,57.581262252784136
558,558,0.015734266999686497,0.29483893161361313,57.581292791298395
559,559,0.015759711999692172,0.2948362239767853,57.58132333838858
560,560,0.01578486499971632,0.2948335228784465,57.5813538930022
561,561,0.01581086299972867,0.29483082829761476,57.581384454103954
562,562,0.015836155999693347,0.2948281402134074,57.58141502067551
563,563,0.015870637999739756,0.2948254586050406,57.58144559171526
564,564,0.01589614199974676,0.29482278345182833,57.58147616623811
565,565,0.01592154399975243,0.2948201147331818,57.58150674327528
566,566,0.015947051999717132,0.29481745242860885,57.581537321874016
567,567,0.015972517999671254,0.2948147965177129,57.58156790109743
568,568,0.015997993999690152,0.2948121469801926,57.58159848002428
569,569,0.01602340899967203,0.2948095037958407,57.581629057748714
570,570,0.016048748999708096,0.2948068669445439,57.58165963338011
571,571,0.016081372999735777,0.2948042364062817,57.58169020604285
572,572,0.01610910199974569,0.2948016121611259,57.5817207748761
573,573,0.016135232999715754,0.29479899418923977,57.58175133903365
574,574,0.016161628999725508,0.29479638247087797,57.581781897683655
575,575,0.01618722399973649,0.29479377698638476,57.58181245000851
576,576,0.016212439999776507,0.2947911777161946,57.58184299520459
577,577,0.01623763099973985,0.2947885846408307,57.581873532482106
578,578,0.016263024999716436,0.2947859977409045,57.58190406106489
579,579,0.016287991999718088,0.29478341699711536,57.581934580190214
580,580,0.01631338499970525,0.2947808423902494,57.58196508910863
581,581,0.016345658999682655,0.2947782739011794,57.58199558708373
582,582,0.016371786999684446,0.294775711510864,57.58202607339206
583,583,0.016397408999694107,0.2947731552003469,57.58205654732282
584,584,0.016422788999705062,0.2947706049507566,57.58208700817783
585,585,0.016448491999710768,0.29476806074330525,57.582117455271245
586,586,0.016473771999699238,0.2947655225592889,57.582147887929416
587,587,0.016499148999685076,0.2947629903800861,57.58217830549078
588,588,0.016524300999662955,0.2947604641871578,57.582208707305604
589,589,0.016559702999643378,0.2947579439620464,57.58223909273587
590,590,0.01658890299961513,0.2947554296863759,57.582269461155136
591,591,0.016615407999609033,0.2947529213418503,57.582299811948324
592,592,0.016641052999602834,0.2947504189102539,57.5823301445116
593,593,0.01666670799960457,0.2947479223734506,57.58236045825222
594,594,0.016693167999562775,0.29474543171338263,57.582390752588324
595,595,0.01671926999955531,0.2947429469120711,57.58242102694887
596,596,0.016745064999554415,0.2947404679516147,57.582451280773434
597,597,0.016770871999540304,0.29473799481418944,57.58248151351205
598,598,0.0167961789995843,0.2947355274820482,57.582511724625085
599,599,0.016821549999576746,0.2947330659375199,57.582541913583135
600,600,0.01684892199961041,0.29473061016300933,57.5825720798668
601,601,0.016874809999649187,0.29472816014099656,57.5826022229666
602,602,0.016900125999654847,0.2947257158540362,57.58263234238286
603,603,0.01692550199965126,0.2947232772847571,57.582662437625466
604,604,0.01695070099970053,0.294720844415862,57.58269250821389
605,605,0.016984164999712448,0.29471841723012665,57.58272255367691
606,606,0.0170338099997025,0.29471599571039964,57.58275257355259
607,607,0.017072377999681976,0.29471357983960184,57.582782567388065
608,608,0.01710216299966305,0.2947111696007258,57.58281253473945
609,609,0.0171285309996847,0.2947087649768355,57.58284247517176
610,610,0.017166348999694492,0.29470636595106575,57.5828723882587
611,611,0.01719219799969096,0.2947039725066216,57.58290227358259
612,612,0.017239742999663576,0.29470158462677826,57.58293213073425
613,613,0.017274423999651844,0.29469920229488017,57.58296195931286
614,614,0.017319999999642732,0.294696825494341,57.58299175892587
615,615,0.017353081999601727,0.2946944542086428,57.583021529188834
616,616,0.017384519999609438,0.29469208842133576,57.583051269725374
617,617,0.01741328399964459,0.29468972811603794,57.58308098016695
618,618,0.017438752999680673,0.2946873732764345,57.583110660152876
619,619,0.017464016999724663,0.29468502388627765,57.58314030933013
620,620,0.017526882999732152,0.29468267992938546,57.58316992735327
621,621,0.0175582519997306,0.29468034138964283,57.583199513884324
622,622,0.017584427999736363,0.29467800825099943,57.583229068592665
623,623,0.017610248999744726,0.2946756804974705,57.58325859115496
624,624,0.017635928999766293,0.294673358113136,57.58328808125498
625,625,0.017661434999752146,0.29467104108214004,57.583317538583614
626,626,0.017686781999714185,0.2946687293886909,57.58334696283865
627,627,0.01771306799969352,0.29466642301706014,57.58337635372474
628,628,0.01773888799971246,0.2946641219515828,57.5834057109533
629,629,0.017764598999690406,0.29466182617665637,57.58343503424242
630,630,0.017790335999734452,0.29465953567674075,57.58346432331672
631,631,0.01782253199974093,0.294657250436358,57.58349357790729
632,632,0.01784828299975061,0.29465497044009165,57.58352279775161
633,633,0.017874195999752374,0.2946526956725863,57.58355198259346
634,634,0.017899643999726322,0.2946504261185477,57.583581132182786
635,635,0.01792497499974388,0.2946481617627419,57.583610246275626
636,636,0.017950744999723156,0.2946459025899951,57.58363932463406
637,637,0.017976454999711677,0.2946436485851933,57.58366836702609
638,638,0.01802779299970325,0.29464139973328174,57.58369737322555
639,639,0.01805750199969225,0.2946391560192648,57.58372634301203
640,640,0.018083977999708623,0.29463691742820564,57.58375527617082
641,641,0.01810959999966144,0.29463468394522535,57.58378417249275
642,642,0.018135317999679046,0.2946324555555035,57.58381303177419
643,643,0.018160958999658305,0.2946302322442769,57.583841853816956
644,644,0.018186286999650747,0.2946280139968399,57.583870638428166
645,645,0.018211781999696086,0.2946258007985437,57.583899385420246
646,646,0.018237022999699093,0.29462359263479615,57.58392809461079
647,647,0.018262409999692863,0.2946213894910613,57.58395676582251
648,648,0.018287785999689277,0.2946191913528593,57.5839853988832
649,649,0.01832276399966304,0.29461699820576565,57.58401399362554
650,650,0.01844961399967815,0.29461481003541146,57.58404254988718
651,651,0.018478788999686913,0.2946126268274828,57.58407106751054
652,652,0.018505329999698006,0.29461044856772023,57.5840995463428
653,653,0.01853146999968658,0.29460827524191857,57.584127986235835
654,654,0.01856479899970509,0.29460610683592703,57.5841563870461
655,655,0.018593541999734953,0.29460394333564827,57.58418474863461
656,656,0.01862028599975929,0.2946017847270385,57.584213070866845
657,657,0.01864655899976242,0.294599630996107,57.58424135361268
658,658,0.018677798999760853,0.29459748212891584,57.58426959674633
659,659,0.01870380199977717,0.29459533811157945,57.58429780014629
660,660,0.01872938899981591,0.2945931989302647,57.58432596369526
661,661,0.018754911999792512,0.2945910645711905,57.58435408728006
662,662,0.01878072599981806,0.29458893502062694,57.584382170791635
663,663,0.01880637099981186,0.2945868102648958,57.58441021412492
664,664,0.01883269399979781,0.2945846902903698,57.58443821717881
665,665,0.018858039999770426,0.29458257508347246,57.58446617985609
666,666,0.01888318099980779,0.29458046463067766,57.584494102063424
667,667,0.01890858099977777,0.2945783589185096,57.584521983711184
668,668,0.018938598999795886,0.29457625793354236,57.584549824713534
669,669,0.018971275999831505,0.29457416166239975,57.584577624988235
670,670,0.01903768699980901,0.29457207009175473,57.58460538445672
671,671,0.019066940999778126,0.29456998320832967,57.58463310304395
672,672,0.019093020999775945,0.2945679009988955,57.58466078067834
673,673,0.01911899099980019,0.29456582345027194,57.584688417291815
674,674,0.019145933999823228,0.2945637505493269,57.58471601281964
675,675,0.019171818999780044,0.2945616822829761,57.58474356720043
676,676,0.019204574999776014,0.29455961863818353,57.58477108037607
677,677,0.019231987999773992,0.2945575596019604,57.584798552291716
678,678,0.01925831999977845,0.2945555051613652,57.58482598289567
679,679,0.01929266699977461,0.29455345530350346,57.58485337213937
680,680,0.019319005999818728,0.29455141001552754,57.58488071997732
681,681,0.019344847999832382,0.2945493692846362,57.584908026367096
682,682,0.019370452999851295,0.29454733309807457,57.58493529126923
683,683,0.019396222999887414,0.2945453014431338,57.58496251464718
684,684,0.01942195899988519,0.29454327430715066,57.58498969646733
685,685,0.0194472619998578,0.29454125167750755,57.58501683669887
686,686,0.019473200999868823,0.29453923354163236,57.5850439353138
687,687,0.019503647999840723,0.2945372198869976,57.58507099228688
688,688,0.019544175999840263,0.294535210701121,57.585098007595576
689,689,0.01957065299984606,0.29453320597156474,57.58512498122
690,690,0.01960108999981003,0.29453120568593527,57.585151913142894
691,691,0.019643808999774137,0.2945292098318832,57.585178803349585
692,692,0.019671290999781377,0.29452721839710316,57.585205651827934
693,693,0.01969713899978842,0.2945252313693334,57.585232458568264
694,694,0.019722585999772946,0.29452324873635555,57.58525922356341
695,695,0.019748604999790587,0.29452127048599436,57.58528594680857
696,696,0.019783004999794684,0.2945192966061178,57.585312628301324
697,697,0.019808633999787162,0.2945173270846365,57.58533926804159
698,698,0.019845873999770447,0.29451536190950367,57.58536586603157
699,699,0.019872680999810655,0.2945134010687148,57.585392422275746
700,700,0.019901007999806097,0.29451144455030775,57.58541893678077
701,701,0.01992679299979727,0.294509492342362,57.58544540955552
702,702,0.019952560999797697,0.2945075444329988,57.585471840611
703,703,0.01998370099983049,0.294505600810381,57.5854982299603
704,704,0.020011731999829863,0.2945036614627128,57.58552457761861
705,705,0.020038203999831694,0.2945017263782391,57.58555088360312
706,706,0.020063764999861178,0.2944997955452462,57.585577147933066
707,707,0.02008993199984843,0.29449786895206076,57.5856033706296
708,708,0.020115594999822406,0.2944959465870497,57.58562955171583
709,709,0.020141028999830723,0.29449402843862077,57.58565569121677
710,710,0.02016660999981923,0.2944921144952214,57.585681789159274
711,711,0.02019255999982761,0.294490204745339,57.58570784557204
712,712,0.02021816799987164,0.2944882991775005,57.58573386048556
713,713,0.020251600999870334,0.2944863977802726,57.585759833932094
714,714,0.020277479999890602,0.294484500542261,57.585785765945644
715,715,0.02030315699988705,0.29448260745211086,57.5858116565619
716,716,0.02032887599989408,0.2944807184985057,57.58583750581825
717,717,0.020354430999930173,0.29447883367016836,57.585863313753705
718,718,0.020379773999934514,0.29447695295585974,57.5858890804089
719,719,0.02040526299992962,0.2944750763443793,57.58591480582605
720,720,0.02043516599991335,0.2944732038245647,57.58594049004891
721,721,0.02046714199991584,0.29447133538529136,57.5859661331228
722,722,0.02049544799990599,0.29446947101547283,57.585991735094524
723,723,0.02052410299990015,0.2944676107040599,57.58601729601233
724,724,0.0205495619999283,0.294465754440041,57.58604281592593
725,725,0.020575458999928742,0.29446390221244195,57.58606829488646
726,726,0.02060153499991202,0.2944620540103252,57.58609373294643
727,727,0.02062736699991774,0.2944602098227906,57.586119130159716
728,728,0.020653432999949928,0.2944583696389744,57.58614448658156
729,729,0.020680032999905507,0.2944565334480497,57.58616980226846
730,730,0.020705611999915163,0.2944547012392255,57.586195077278255
731,731,0.020740269999919292,0.29445287300174755,57.586220311670004
732,732,0.020766539999954148,0.29445104872489736,57.58624550550404
733,733,0.02079217399995059,0.2944492283979923,57.58627065884187
734,734,0.02081774399994174,0.29444741201038555,57.586295771746215
735,735,0.020843751999962024,0.29444559955146576,57.58632084428096
736,736,0.020868983999946522,0.294443791010657,57.586345876511125
737,737,0.020898704999922302,0.2944419863774185,57.586370868502854
738,738,0.020935966999900302,0.29444018564124474,57.586395820323375
739,739,0.020963418999883743,0.29443838879166473,57.58642073204101
740,740,0.020993844999850353,0.2944365958182425,57.58644560372511
741,741,0.02102000699983364,0.29443480671057654,57.58647043544608
742,742,0.021045660999789106,0.2944330214582998,57.58649522727531
743,743,0.021078450999766574,0.29443124005107946,57.58651997928519
744,744,0.021106164999764587,0.2944294624786167,57.58654469154908
745,745,0.02113218999977562,0.29442768873064684,57.58656936414128
746,746,0.021166668999740068,0.2944259187969389,57.58659399713703
747,747,0.021193724999704955,0.2944241526672955,57.58661859061245
748,748,0.02122040199969888,0.2944223903315528,57.58664314464456
749,749,0.021246815999688806,0.2944206317795802,57.58666765931126
750,750,0.021272454999689216,0.29441887700128044,57.58669213469127
751,751,0.021297934999665813,0.29441712598658926,57.58671657086417
752,752,0.021323532999645067,0.2944153787254751,57.586740967910316
753,753,0.021381080999617552,0.2944136352079394,57.586765325910896
754,754,0.021411621999618546,0.29441189542401613,57.58678964494783
755,755,0.02143845099965347,0.2944101593637716,57.58681392510383
756,756,0.021464583999659226,0.2944084270173045,57.586838166462314
757,757,0.021489924999684717,0.2944066983747457,57.58686236910746
758,758,0.021515599999645474,0.29440497342625815,57.5868865331241
759,759,0.021541143999627366,0.2944032521620366,57.58691065859781
760,760,0.02156641699963302,0.29440153457230755,57.58693474561478
761,761,0.021592455999666527,0.29439982064732917,57.5869587942619
762,762,0.021618331999661677,0.29439811037739094,57.58698280462667
763,763,0.02164381699964224,0.29439640375281395,57.587006776797224
764,764,0.02167129699967063,0.2943947007639502,57.58703071086231
765,765,0.021697994999669845,0.29439300140118285,57.587054606911224
766,766,0.02172852999967745,0.29439130565492605,57.587078465033905
767,767,0.021754388999625007,0.29438961351562487,57.587102285320796
768,768,0.0217840699996259,0.29438792497375454,57.587126067862926
769,769,0.021809508999638183,0.2943862400198214,57.58714981275182
770,770,0.021835397999666384,0.2943845586443617,57.58717352007953
771,771,0.021877252999615848,0.2943828808379423,57.587197189938635
772,772,0.021905427999627136,0.29438120659116007,57.58722082242218
773,773,0.021931939999603856,0.29437953589464194,57.58724441762368
774,774,0.021957795999639984,0.29437786873904465,57.58726797563713
775,775,0.021983595999643057,0.29437620511505463,57.58729149655695
776,776,0.02200948299969241,0.29437454501338806,57.58731498047803
777,777,0.022035240999684902,0.2943728884247906,57.58733842749563
778,778,0.022063347999733196,0.2943712353400372,57.58736183770546
779,779,0.022093041999710294,0.2943695857499322,57.587385211203625
780,780,0.022127810999734265,0.29436793964530905,57.587408548086586
781,781,0.022164050999720075,0.29436629701702993,57.58743184845121
782,782,0.02219033899967826,0.2943646578559863,57.58745511239468
783,783,0.02221635399968136,0.29436302215309823,57.58747834001457
784,784,0.022241894999638134,0.2943613898993144,57.587501531408776
785,785,0.022267953999630663,0.294359761085612,57.58752468667549
786,786,0.02229372799962448,0.29435813570299657,57.58754780591328
787,787,0.022328988999618105,0.29435651374250216,57.58757088922094
788,788,0.02236577999963174,0.29435489519519087,57.58759393669761
789,789,0.02240562199966689,0.2943532800521527,57.58761694844268
790,790,0.022442012999704275,0.2943516683045058,57.58763992455583
791,791,0.022475693999695068,0.2943500599433962,57.58766286513698
792,792,0.02250236599974187,0.29434845495999745,57.58768577028631
793,793,0.02252781999970921,0.2943468533455106,57.58770864010424
794,794,0.02255352799971888,0.29434525509116455,57.58773147469139
795,795,0.02258921999970198,0.29434366018821523,57.58775427414864
796,796,0.022627236999710476,0.2943420686279461,57.58777703857705
797,797,0.022657386999696882,0.2943404804016676,57.587799768077886
798,798,0.022683304999702614,0.29433889550071723,57.587822462752605
799,799,0.022713833999716826,0.2943373139164594,57.58784512270283
800,800,0.022762217999741097,0.2943357356402855,57.58786774803038
801,801,0.02279871999974148,0.2943341606636134,57.58789033883722
802,802,0.022827324999752818,0.2943325889778877,57.58791289522546
803,803,0.022854210999753377,0.2943310205745795,57.58793541729735
804,804,0.02289417599973831,0.29432945544518635,57.58795790515531
805,805,0.022923845999741843,0.2943278935812318,57.58798035890185
806,806,0.022956223999699432,0.294326334974266,57.588002778639606
807,807,0.022994330999665635,0.29432477961586484,57.58802516447134
808,808,0.02303985899965255,0.2943232274976304,57.588047516499884
809,809,0.023066687999687474,0.2943216786111906,57.588069834828204
810,810,0.02310529999965638,0.29432013294819886,57.58809211955932
811,811,0.023134495999670435,0.29431859050033454,57.58811437079634
812,812,0.023164555999699132,0.2943170512593025,57.58813658864245
813,813,0.023190561999683723,0.2943155152168331,57.58815877320088
814,814,0.023243130999674122,0.2943139823646819,57.58818092457494
815,815,0.023271303999649717,0.29431245269462997,57.588203042867974
816,816,0.02329767499963964,0.2943109261984832,57.58822512818335
817,817,0.023323590999609678,0.29430940286807294,57.58824718062451
818,818,0.02334957399961013,0.2943078826952552,57.588269200294896
819,819,0.023375445999590738,0.29430636567191104,57.58829118729797
820,820,0.023401038999566026,0.29430485178994603,57.58831314173721
821,821,0.023426778999578346,0.29430334104129097,57.58833506371611
822,822,0.02345272999957615,0.2943018334179005,57.58835695333814
823,823,0.02347801599955801,0.29430032891175417,57.588378810706814
824,824,0.02350401399957036,0.29429882751485603,57.58840063592558
825,825,0.02353954299957195,0.29429732921923407,57.58842242909789
826,826,0.023565539999594876,0.29429583401694087,57.58844419032718
827,827,0.023591171999555627,0.29429434190005266,57.588465919716846
828,828,0.023617026999545487,0.29429285286067003,57.58848761737023
829,829,0.023642572999563072,0.2942913668909174,57.588509283390664
830,830,0.023668399999564826,0.294289883982943,57.58853091788143
831,831,0.02369402199957449,0.29428840412891877,57.58855252094572
832,832,0.023725451999553115,0.29428692732104034,57.58857409268669
833,833,0.023752796999531256,0.29428545355152697,57.588595633207454
834,834,0.023779119999517206,0.29428398281262125,57.58861714261103
835,835,0.0238048479994859,0.2942825150965891,57.588638621000364
836,836,0.023831090999465232,0.2942810503957199,57.588660068478305
837,837,0.023857188999443224,0.2942795887023262,57.58868148514766
838,838,0.023882507999474,0.29427813000874364,57.58870287111112
839,839,0.023908642999458607,0.29427667430733084,57.58872422647128
840,840,0.023934397999482826,0.29427522159046926,57.58874555133063
841,841,0.02395952399945145,0.2942737718505636,57.58876684579157
842,842,0.02398559099947306,0.29427232508004075,57.5887881099564
843,843,0.024012519999473625,0.2942708812713508,57.58880934392727
844,844,0.02404583299943397,0.29426944041696623,57.588830547806246
845,845,0.024081421999483155,0.294268002509382,57.58885172169526
846,846,0.024107893999484986,0.2942665675411154,57.588872865696096
847,847,0.02413364099948012,0.2942651355047064,57.588893979910466
848,848,0.02415989499945681,0.29426370639271676,57.588915064439895
849,849,0.02422047699946006,0.2942622801977309,57.58893611938576
850,850,0.024248123999484505,0.294260856912355,57.58895714484934
851,851,0.024274960999491668,0.29425943652921743,57.588978140931744
852,852,0.024301286999502736,0.2942580190409682,57.58899910773392
853,853,0.024326883999492566,0.29425660444027985,57.58902004535669
854,854,0.024360959999512488,0.2942551927198457,57.589040953900685
855,855,0.024395323999499396,0.29425378387238144,57.5890618334664
856,856,0.0244242119995306,0.2942523778906244,57.58908268415414
857,857,0.024450056999512526,0.2942509747673331,57.58910350606407
858,858,0.02447623699953283,0.29424957449528766,57.58912429929615
859,859,0.02450312299953339,0.2942481770672896,57.589145063950205
860,860,0.024529088999486248,0.2942467824761617,57.589165800125826
861,861,0.02455513099948803,0.294245390714748,57.589186507922484
862,862,0.024598537999509063,0.2942440017759135,57.58920718743941
863,863,0.024625057999514866,0.2942426156525445,57.589227838775685
864,864,0.02465111399953912,0.29424123233754806,57.589248462030184
865,865,0.024716755999577344,0.2942398518238524,57.58926905730155
866,866,0.02474823499960621,0.2942384741044065,57.589289624688305
867,867,0.024775421999606806,0.29423709917217983,57.58931016428872
868,868,0.024801684999602003,0.2942357270201628,57.589330676200866
869,869,0.024828107999610438,0.2942343576413663,57.58935116052261
870,870,0.024854077999634683,0.29423299102882206,57.589371617351624
871,871,0.024919184999646404,0.2942316271755818,57.58939204678534
872,872,0.024947063999661623,0.2942302660747179,57.589412448921024
873,873,0.024973843999646306,0.29422890771932303,57.58943282385567
874,874,0.02500785399962524,0.29422755210250995,57.58945317168608
875,875,0.02503454699962049,0.2942261992174119,57.58947349250886
876,876,0.025060943999619667,0.29422484905718177,57.58949378642033
877,877,0.025086864999593672,0.294223501614993,57.58951405351664
878,878,0.02511257399959277,0.2942221568840384,57.58953429389367
879,879,0.02513831999959848,0.29422081485753104,57.58955450764711
880,880,0.025163850999604165,0.29421947552870376,57.58957469487239
881,881,0.025189709999608567,0.29421813889080906,57.589594855664714
882,882,0.025220870999589806,0.29421680493711905,57.58961499011903
883,883,0.02524900899959448,0.2942154736609256,57.58963509833009
884,884,0.025294310999584013,0.29421414505553994,57.58965518039234
885,885,0.0253206249996083,0.2942128191142929,57.589675236400055
886,886,0.025350791999642297,0.2942114958305346,57.58969526644721
887,887,0.02537656499964669,0.29421017519763454,57.58971527062756
888,888,0.025402500999689437,0.2942088572089814,57.589735249034604
889,889,0.025427682999691115,0.2942075418579831,57.589755201761584
890,890,0.025469559999692137,0.29420622913806665,57.5897751289015
891,891,0.02550188099968409,0.2942049190426782,57.5897950305471
892,892,0.025528086999656807,0.29420361156528274,57.58981490679087
893,893,0.02555391199962287,0.29420230669936437,57.589834757725036
894,894,0.025579626999615357,0.2942010044384257,57.58985458344157
895,895,0.025605072999610456,0.29419970477598845,57.58987438403218
896,896,0.02563096699958578,0.29419840770559286,57.58989415958832
897,897,0.02565661199957958,0.29419711322079806,57.58991391020117
898,898,0.025686733999577882,0.29419582131518157,57.58993363596166
899,899,0.025720123999576572,0.29419453198233947,57.58995333696043
900,900,0.02574847299956673,0.29419324521588625,57.5899730132879
901,901,0.02577500999956328,0.2941919610094548,57.589992665034146
902,902,0.02580089699955579,0.2941906793566966,57.59001229228906
903,903,0.02582686799956946,0.2941894002512812,57.59003189514219
904,904,0.02585266599953684,0.294188123686896,57.59005147368285
905,905,0.025878787999488395,0.29418684965724734,57.59007102800009
906,906,0.025904447999494096,0.29418557815605884,57.590090558182645
907,907,0.02592992899951696,0.2941843091770727,57.59011006431901
908,908,0.025955914999485685,0.29418304271404866,57.5901295464974
909,909,0.025989306999463224,0.29418177876076473,57.59014900480573
910,910,0.026015091999511242,0.2941805173110165,57.590168439331656
911,911,0.02604076499949315,0.29417925835861736,57.59018785016254
912,912,0.026066586999490937,0.2941780018973985,57.59020723738549
913,913,0.026091984999482065,0.2941767479212089,57.590226601087316
914,914,0.02611768199949438,0.29417549642391455,57.59024594135452
915,915,0.026143441999522565,0.29417424739939957,57.59026525827337
916,916,0.02616900899954544,0.2941730008415654,57.59028455192982
917,917,0.026201857999524236,0.2941717567443307,57.590303822409545
918,918,0.026229004999549943,0.2941705151016317,57.590323069797925
919,919,0.026255422999554412,0.29416927590742176,57.59034229418008
920,920,0.02628141099955883,0.29416803915567147,57.59036149564083
921,921,0.026317998999559222,0.29416680484036883,57.59038067426469
922,922,0.02634407299956365,0.2941655729555186,57.59039983013591
923,923,0.026369857999554824,0.2941643434951429,57.59041896333844
924,924,0.02639552499954334,0.2941631164532808,57.59043807395596
925,925,0.02642148099954511,0.294161891823988,57.59045716207182
926,926,0.026447513999528383,0.29416066960133747,57.59047622776912
927,927,0.026482795999527298,0.29415944977941894,57.590495271130656
928,928,0.026508628999522443,0.2941582323523387,57.59051429223893
929,929,0.02653421499957176,0.29415701731421995,57.59053329117614
930,930,0.026560102999553692,0.29415580465920255,57.59055226802422
931,931,0.026585727999531628,0.29415459438144276,57.590571222864796
932,932,0.026611389999516177,0.2941533864751136,57.59059015577919
933,933,0.02663736199951927,0.2941521809344045,57.59060906684845
934,934,0.026662829999509086,0.29415097775352134,57.59062795615332
935,935,0.026695158999530122,0.29414977692668637,57.590646823774264
936,936,0.026722285999539963,0.2941485784481382,57.59066566979143
937,937,0.0267480949995047,0.2941473823121316,57.59068449428468
938,938,0.02677399699950911,0.2941461885129377,57.59070329733359
939,939,0.026799935999463287,0.29414499704484387,57.590722079017425
940,940,0.026838511999471848,0.29414380790215316,57.5907408394152
941,941,0.026881766999451884,0.2941426210791851,57.59075957860555
942,942,0.026919388999488092,0.29414143657027525,57.5907782966669
943,943,0.026946101999499206,0.29414025436977476,57.59079699367732
944,944,0.026981752999517994,0.2941390744720509,57.59081566971464
945,945,0.027012568999509767,0.2941378968714869,57.59083432485632
946,946,0.027041005999535628,0.2941367215624815,57.59085295917961
947,947,0.027067285999521573,0.2941355485394493,57.59087157276138
948,948,0.02709327599950484,0.2941343777968208,57.59089016567827
949,949,0.027119190999485454,0.2941332093290418,57.59090873800659
950,950,0.02715381999945521,0.29413204313057384,57.59092728982236
951,951,0.027182129999459903,0.2941308791958941,57.590945821201316
952,952,0.027208476999419418,0.2941297175194949,57.59096433221889
953,953,0.02723496299938688,0.29412855809588445,57.590982822950195
954,954,0.02726084599942169,0.29412740091958606,57.59100129347008
955,955,0.027286523999407564,0.29412624598513826,57.591019743853096
956,956,0.027312257999426492,0.2941250932870952,57.591038174173484
957,957,0.02733836999942696,0.29412394282002596,57.591056584505196
958,958,0.02736373999942998,0.2941227945785149,57.59107497492189
959,959,0.027389585999401334,0.2941216485571618,57.59109334549692
960,960,0.02741546699940045,0.2941205047505808,57.59111169630336
961,961,0.02744247699939706,0.2941193631534019,57.591130027413975
962,962,0.027468231999364434,0.2941182237602694,57.59114833890122
963,963,0.02749412199938206,0.29411708656584323,57.59116663083731
964,964,0.027519892999407602,0.29411595156479736,57.591184903294106
965,965,0.027545570999393476,0.29411481875182127,57.591203156343205
966,966,0.027571436999437537,0.294113688121619,57.591221390055914
967,967,0.02759720299940227,0.29411255966890937,57.59123960450322
968,968,0.027644999999381525,0.29411143338842577,57.59125779975585
969,969,0.027673591999416658,0.2941103092749163,57.591275975884216
970,970,0.02769973799939862,0.2941091873231439,57.59129413295843
971,971,0.027725988999407036,0.2941080675278855,57.591312271048324
972,972,0.027752140999439234,0.2941069498839331,57.591330390223455
973,973,0.027777512999421106,0.29410583438609283,57.59134849055305
974,974,0.027805034999403233,0.29410472102918556,57.591366572106075
975,975,0.02783092499942086,0.2941036098080459,57.59138463495118
976,976,0.02785655999946357,0.2941025007175234,57.59140267915675
977,977,0.027882158999489093,0.29410139375248173,57.591420704790856
978,978,0.02790786799948819,0.2941002889077985,57.59143871192131
979,979,0.027935487999513953,0.2940991861783659,57.59145670061559
980,980,0.027961464999521013,0.2940980855590899,57.59147467094091
981,981,0.02798711599956505,0.2940969870448908,57.5914926229642
982,982,0.028012104999561416,0.29409589063070274,57.59151055675211
983,983,0.028037340999560456,0.29409479631147417,57.59152847237095
984,984,0.028062963999559543,0.29409370408216723,57.5915463698868
985,985,0.02808834199959165,0.294092613937758,57.59156424936543
986,986,0.028133319999540163,0.2940915258732365,57.591582110872324
987,987,0.028160435999552647,0.2940904398836065,57.59159995447266
988,988,0.028186275999530608,0.29408935596388563,57.59161778023138
989,989,0.028211751999492662,0.2940882741091052,57.59163558821309
990,990,0.028236962999528714,0.29408719431431013,57.59165337848213
991,991,0.028262408999523814,0.2940861165745592,57.59167115110257
992,992,0.028287683999508317,0.2940850408849245,57.591688906138174
993,993,0.02832688299952224,0.29408396724049196,57.59170664365242
994,994,0.028352863999543843,0.29408289563636086,57.591724363708536
995,995,0.02837795799956666,0.29408182606764394,57.591742066369434
996,996,0.02840306199954057,0.29408075852946763,57.59175975169775
997,997,0.028436322999539243,0.29407969301697134,57.591777419755864
998,998,0.028461932999562123,0.29407862952530806,57.59179507060583
999,999,0.02848720099956381,0.29407756804964413,57.59181270430948
1000,1000,0.028512339999565484,0.29407650858515894,57.59183032092831
1001,1001,0.028538014999583083,0.2940754511270453,57.59184792052357
1002,1002,0.028563019999580774,0.2940743956705092,57.59186550315622
1003,1003,0.028588828999602356,0.2940733422107695,57.59188306888694
1004,1004,0.028614102999597435,0.2940722907430585,57.591900617776155
1005,1005,0.028645463999623644,0.2940712412626214,57.59191814988399
1006,1006,0.028673297999603164,0.2940701937647163,57.59193566527029
1007,1007,0.028699194999603606,0.29406914824461455,57.591953163994646
1008,1008,0.028724704999604,0.29406810469760003,57.591970646116366
1009,1009,0.028749903999596427,0.2940670631189699,57.59198811169447
1010,1010,0.028775011999584876,0.29406602350403405,57.592005560787726
1011,1011,0.028832823999550783,0.29406498584811497,57.59202299345462
1012,1012,0.028860497999517065,0.29406395014654807,57.59204040975336
1013,1013,0.028887169999507023,0.2940629163946817,57.592057809741895
1014,1014,0.028912921999506125,0.29406188458787663,57.59207519347789
1015,1015,0.028939807999506684,0.2940608547215062,57.59209256101875
1016,1016,0.028978485999459735,0.2940598267909567,57.5921099124216
1017,1017,0.029004686999428486,0.2940588007916268,57.59212724774332
1018,1018,0.02903015299943945,0.2940577767189274,57.59214456704049
1019,1019,0.029055701999482153,0.2940567545682826,57.592161870369445
1020,1020,0.02908077299946399,0.2940557343351284,57.59217915778624
1021,1021,0.029106277999460417,0.2940547160149132,57.59219642934667
1022,1022,0.02913636199946268,0.2940536996030981,57.59221368510627
1023,1023,0.029162836999489627,0.2940526850951562,57.592230925120305
1024,1024,0.02918852299944774,0.2940516724865734,57.59224814944378
1025,1025,0.02921402799944417,0.2940506617728472,57.59226535813142
1026,1026,0.029239604999474977,0.2940496529494878,57.592282551237716
1027,1027,0.02926539699950581,0.2940486460120174,57.59229972881687
1028,1028,0.029290589999504846,0.2940476409559704,57.592316890922845
1029,1029,0.029316169999503927,0.2940466377768933,57.59233403760933
1030,1030,0.029341735999480534,0.2940456364703446,57.59235116892975
1031,1031,0.02936723499948357,0.29404463703189504,57.592368284937294
1032,1032,0.029392581999502454,0.2940436394571271,57.59238538568488
1033,1033,0.029418881999504265,0.29404264374163536,57.59240247122514
1034,1034,0.029444161999492735,0.2940416498810262,57.59241954161052
1035,1035,0.029469353999502346,0.29404065787091827,57.59243659689313
1036,1036,0.029494795999539747,0.29403966770694145,57.59245363712488
1037,1037,0.029520067999555977,0.294038679384738,57.59247066235741
1038,1038,0.02954544799956693,0.2940376928999615,57.59248767264209
1039,1039,0.02957071999958316,0.29403670824827777,57.592504668030074
1040,1040,0.029615053999577867,0.29403572542536394,57.592521648572216
1041,1041,0.02964257299959172,0.29403474442690886,57.59253861431917
1042,1042,0.0296686189995512,0.29403376524861313,57.59255556532129
1043,1043,0.02969443199953048,0.29403278788618886,57.59257250162873
1044,1044,0.029719932999512366,0.29403181233535985,57.59258942329136
1045,1045,0.029745561999561687,0.29403083859186135,57.59260633035879
1046,1046,0.02977131399956079,0.2940298666514398,57.59262322288044
1047,1047,0.029796775999557212,0.29402889650985387,57.59264010090543
1048,1048,0.02982235899958141,0.29402792816287276,57.59265696448264
1049,1049,0.029847854999616175,0.2940269616062775,57.59267381366074
1050,1050,0.02987329099960334,0.2940259968358606,57.59269064848813
1051,1051,0.02990605999963236,0.2940250338474256,57.59270746901296
1052,1052,0.029932840999663313,0.29402407263678754,57.592724275283146
1053,1053,0.029958713999633346,0.29402311319977237,57.59274106734638
1054,1054,0.029984186999627127,0.2940221555322177,57.592757845250084
1055,1055,0.030009693999602405,0.294021199629972,57.59277460904144
1056,1056,0.030034815999556486,0.29402024548889505,57.592791358767435
1057,1057,0.030060060999574034,0.29401929310485764,57.59280809447476
1058,1058,0.030086056999550692,0.29401834247374165,57.592824816209905
1059,1059,0.030119101999559916,0.29401739359143997,57.59284152401911
1060,1060,0.030146451999598867,0.29401644645385683,57.592858217948375
1061,1061,0.030172445999596675,0.2940155010569068,57.59287489804348
1062,1062,0.030198567999605075,0.29401455739651605,57.59289156434995
1063,1063,0.030223981999597527,0.2940136154686212,57.5929082169131
1064,1064,0.030249771999592667,0.29401267526916985,57.592924855777994
1065,1065,0.03027502199955734,0.29401173679412074,57.59294148098947
1066,1066,0.030300151999540503,0.29401080003944285,57.59295809259212
1067,1067,0.0303254289995607,0.29400986500111664,57.592974690630335
1068,1068,0.030350893999525397,0.2940089316751327,57.592991275148265
1069,1069,0.03037622399955353,0.2940080000574927,57.59300784618981
1070,1070,0.03040328399953296,0.2940070701442088,57.593024403798665
1071,1071,0.030428814999538645,0.2940061419313039,57.59304094801831
1072,1072,0.030454430999554916,0.29400521541481156,57.593057478891964
1073,1073,0.03047988399953283,0.2940042905907757,57.593073996462635
1074,1074,0.030505021999488235,0.2940033674552512,57.59309050077312
1075,1075,0.03053055899948731,0.2940024460043029,57.59310699186596
1076,1076,0.03056387799949789,0.2940015262340067,57.593123469783514
1077,1077,0.030612286999541993,0.2940006081404486,57.59313993456788
1078,1078,0.03064838899950928,0.29399969171972506,57.59315638626097
1079,1079,0.030682096999498754,0.29399877696794313,57.59317282490445
1080,1080,0.030711628999540608,0.29399786388122007,57.59318925053977
1081,1081,0.03078966199950628,0.29399695245568336,57.593205663208174
1082,1082,0.03082366199947728,0.2939960426874711,57.59322206295067
1083,1083,0.030850246999477804,0.2939951345727313,57.593238449808055
1084,1084,0.0308848799994621,0.29399422810762244,57.593254823820935
1085,1085,0.030914015999428557,0.29399332328831324,57.59327118502964
1086,1086,0.030940278999423754,0.2939924201109824,57.59328753347435
1087,1087,0.030965963999392443,0.29399151857181893,57.59330386919501
1088,1088,0.030994792999365472,0.29399061866702203,57.59332019223131
1089,1089,0.031020259999365862,0.29398972039280064,57.593336502622805
1090,1090,0.031058459999371735,0.29398882374537394,57.59335280040876
1091,1091,0.031085349999329992,0.2939879287209715,57.59336908562828
1092,1092,0.031111596999323865,0.2939870353158322,57.59338535832025
1093,1093,0.031139915999290224,0.29398614352620556,57.59340161852333
1094,1094,0.031165850999286704,0.2939852533483506,57.59341786627599
1095,1095,0.031191398999283138,0.2939843647785362,57.59343410161648
1096,1096,0.031216998999298085,0.2939834778130415,57.59345032458286
1097,1097,0.031242784999335527,0.2939825924481553,57.59346653521296
1098,1098,0.03127532499934205,0.2939817086801761,57.59348273354442
1099,1099,0.03130073099936226,0.2939808265054123,57.59349891961468
1100,1100,0.03132748599938395,0.29397994592018206,57.593515093460965
1101,1101,0.03135324599941214,0.2939790669208133,57.59353125512029
1102,1102,0.03138060299937706,0.29397818950364357,57.5935474046295
1103,1103,0.03140652799936561,0.29397731366502017,57.593563542025215
1104,1104,0.03143283299931454,0.2939764394012999,57.59357966734386
1105,1105,0.03145904099932295,0.2939755667088495,57.59359578062165
1106,1106,0.03148546999932478,0.29397469558404477,57.59361188189461
1107,1107,0.03151907499932349,0.29397382602327166,57.593627971198586
1108,1108,0.031552541999303685,0.2939729580229253,57.59364404856919
1109,1109,0.0315790989993161,0.29397209157941023,57.59366011404187
1110,1110,0.03161782699936566,0.29397122668914083,57.59367616765186
1111,1111,0.031643892999341006,0.29397036334854065,57.59369220943421
1112,1112,0.03167018799933885,0.2939695015540428,57.59370823942376
1113,1113,0.03169639199933272,0.29396864130208966,57.59372425765518
1114,1114,0.03172251499933054,0.293967782589133,57.593740264162946
1115,1115,0.03174794399933489,0.29396692541163405,57.59375625898132
1116,1116,0.03177392999930362,0.2939660697660632,57.59377224214439
1117,1117,0.03180092599927775,0.2939652156489002,57.59378821368604
1118,1118,0.03182702299932316,0.29396436305663404,57.593804173639995
1119,1119,0.03185295899930907,0.2939635119857629,57.593820122039766
1120,1120,0.031879131999346555,0.2939626624327942,57.593836058918676
1121,1121,0.03190510899929677,0.29396181439424457,57.593851984309865
1122,1122,0.0319313969993118,0.2939609678666396,57.59386789824632
1123,1123,0.031957200999329416,0.29396012284651435,57.59388380076079
1124,1124,0.03199167599933617,0.2939592793304126,57.59389969188587
1125,1125,0.032019730999309104,0.2939584373148874,57.59391557165398
1126,1126,0.032046286999332096,0.29395759679650074,57.59393144009732
1127,1127,0.03207213299936029,0.2939567577718238,57.593947297247944
1128,1128,0.03209815199932109,0.2939559202374364,57.593963143137714
1129,1129,0.03212444799930836,0.2939550841899278,57.5939789777983
1130,1130,0.032150838999314146,0.2939542496258956,57.593994801261225
1131,1131,0.03217646499928151,0.2939534165419471,57.59401061355779
1132,1132,0.03220268299929785,0.2939525849346975,57.594026414719146
1133,1133,0.03222892399929833,0.29395175480077174,57.594042204776265
1134,1134,0.032254717999308014,0.29395092613680307,57.59405798375994
1135,1135,0.03228224099933641,0.2939500989394337,57.59407375170077
1136,1136,0.032308663999288,0.29394927320531455,57.59408950862921
1137,1137,0.03233462599928316,0.2939484489311055,57.59410525457554
1138,1138,0.03237395899930107,0.29394762611347486,57.59412098956982
1139,1139,0.032406421999326085,0.2939468047490999,57.594136713641994
1140,1140,0.03243955699934986,0.29394598483466633,57.59415242682181
1141,1141,0.03250344199932442,0.29394516636686885,57.594168129138836
1142,1142,0.03253237799930275,0.2939443493424102,57.59418382062249
1143,1143,0.03255917699931388,0.29394353375800236,57.594199501302015
1144,1144,0.03258566399932761,0.29394271961036555,57.59421517120648
1145,1145,0.03261186699933205,0.29394190689622857,57.594230830364765
1146,1146,0.03263834699930612,0.2939410956123288,57.594246478805644
1147,1147,0.03267322699929309,0.293940285755412,57.59426211655765
1148,1148,0.03270185499928857,0.2939394773222325,57.5942777436492
1149,1149,0.03272874699928252,0.2939386703095533,57.594293360108544
1150,1150,0.03276344699929723,0.2939378647141453,57.59430896596374
1151,1151,0.03279049399930045,0.29393706053278823,57.594324561242715
1152,1152,0.03281755899928385,0.29393625776227,57.5943401459732
1153,1153,0.03284373899930415,0.29393545639938706,57.59435572018279
1154,1154,0.032870258999309954,0.29393465644094396,57.594371283898916
1155,1155,0.03289621799933684,0.29393385788375376,57.59438683714884
1156,1156,0.03292225999933862,0.2939330607246376,57.594402379959654
1157,1157,0.032965019999323886,0.29393226496042507,57.59441791235832
1158,1158,0.032994705999328744,0.2939314705879538,57.59443343437162
1159,1159,0.03302235199930692,0.29393067760406977,57.59444894602619
1160,1160,0.03304897999930745,0.293929886005627,57.5944644473485
1161,1161,0.03307562899931327,0.29392909578948795,57.59447993836488
1162,1162,0.03310164199928067,0.29392830695252287,57.59449541910146
1163,1163,0.03312775199930229,0.29392751949161045,57.59451088958428
1164,1164,0.033153735999292167,0.2939267334036372,57.59452634983919
1165,1165,0.03317930899930843,0.29392594868549776,57.59454179989189
1166,1166,0.03322115799932135,0.29392516533409496,57.59455723976793
1167,1167,0.033247357999300675,0.2939243833463395,57.5945726694927
1168,1168,0.033275236999315894,0.2939236027191502,57.594588089091445
1169,1169,0.03330159799929788,0.2939228234494537,57.59460349858928
1170,1170,0.03332781299934595,0.29392204553418466,57.59461889801113
1171,1171,0.03335364499929483,0.2939212689702857,57.5946342873818
1172,1172,0.03337951699927544,0.29392049375470736,57.59464966672595
1173,1173,0.033405471999287784,0.293919719884408,57.59466503606807
1174,1174,0.03343145899930278,0.2939189473563538,57.59468039543254
1175,1175,0.03348156699928495,0.29391817616751903,57.594695744843534
1176,1176,0.03350953499926845,0.2939174063148854,57.594711084325155
1177,1177,0.03353620799930468,0.2939166377954427,57.594726413901284
1178,1178,0.03356219999932364,0.2939158706061883,57.594741733595725
1179,1179,0.03358771099931346,0.2939151047441274,57.59475704343211
1180,1180,0.03361371899933374,0.29391434020627305,57.59477234343391
1181,1181,0.03363970999930643,0.2939135769896459,57.5947876336245
1182,1182,0.033665707999318784,0.293912815091274,57.59480291402708
1183,1183,0.03369166299933113,0.2939120545081937,57.5948181846647
1184,1184,0.03371747199935271,0.29391129523744824,57.59483344556031
1185,1185,0.03374317299937957,0.2939105372760892,57.5948486967367
1186,1186,0.03377780399932817,0.2939097806211751,57.5948639382165
1187,1187,0.03380435999929432,0.29390902526977253,57.59487917002224
1188,1188,0.03383051299931594,0.29390827121895524,57.594894392176286
1189,1189,0.033856545999299215,0.2939075184658049,57.59490960470089
1190,1190,0.03388259799930893,0.29390676700741036,57.594924807618135
1191,1191,0.03390884899931734,0.29390601684086815,57.59494000095001
1192,1192,0.03393468999928473,0.2939052679632821,57.59495518471834
1193,1193,0.03397695299929637,0.2939045203717636,57.59497035894482
1194,1194,0.034008408999284256,0.2939037740634315,57.59498552365103
1195,1195,0.03403677499926516,0.293903029035412,57.59500067885841
1196,1196,0.03406396799925915,0.29390228528483847,57.59501582458826
1197,1197,0.03409041399925172,0.29390154280885206,57.59503096086173
1198,1198,0.03411636999925349,0.2939008016046009,57.595046087699885
1199,1199,0.03414210999926581,0.29390006166924065,57.59506120512364
1200,1200,0.0341684539993139,0.29389932299993404,57.59507631315376
1201,1201,0.03419426699935002,0.2938985855938514,57.59509141181093
1202,1202,0.034220080999318725,0.29389784944817,57.59510650111565
1203,1203,0.03424598399931256,0.2938971145600745,57.59512158108833
1204,1204,0.03427899999928741,0.29389638092675674,57.59513665174924
1205,1205,0.03430571699931306,0.2938956485454157,57.59515171311854
1206,1206,0.03433155999931614,0.2938949174132577,57.59516676521624
1207,1207,0.034357222999290116,0.2938941875274959,57.595181808062236
1208,1208,0.03438752699929637,0.29389345888535096,57.59519684167633
1209,1209,0.034413714999288914,0.29389273148405054,57.59521186607813
1210,1210,0.03443983699929731,0.29389200532082915,57.595226881287196
1211,1211,0.03448947799927282,0.29389128039292856,57.595241887322935
1212,1212,0.03451849799927231,0.29389055669759767,57.595256884204616
1213,1213,0.034545514999251736,0.29388983423209225,57.595271871951404
1214,1214,0.03457229099922188,0.29388911299367515,57.59528685058235
1215,1215,0.03459883499925809,0.2938883929796162,57.595301820116376
1216,1216,0.034624814999290265,0.2938876741871923,57.59531678057229
1217,1217,0.03467710399928592,0.2938869566136871,57.59533173196878
1218,1218,0.03470647299928942,0.29388624025639126,57.59534667432441
1219,1219,0.03473349999933362,0.2938855251126024,57.59536160765764
1220,1220,0.03475986899934469,0.2938848111796251,57.595376531986794
1221,1221,0.03478783199938107,0.2938840984547706,57.595391447330094
1222,1222,0.034817902999407124,0.29388338693535715,57.595406353705656
1223,1223,0.03484410799944726,0.2938826766187099,57.59542125113146
1224,1224,0.03487026999943055,0.2938819675021606,57.595436139625384
1225,1225,0.03489650299945879,0.29388125958304784,57.59545101920519
1226,1226,0.03492246099943941,0.29388055285871717,57.59546588988853
1227,1227,0.03494888699941612,0.2938798473265208,57.595480751692946
1228,1228,0.034981653999409446,0.2938791429838176,57.59549560463585
1229,1229,0.03500912499941933,0.2938784398279731,57.595510448734565
1230,1230,0.03505439099939167,0.2938777378563598,57.595525284006285
1231,1231,0.03508180299934338,0.29387703706635665,57.595540110468114
1232,1232,0.03510806999935312,0.2938763374553494,57.595554928137034
1233,1233,0.035147112999368346,0.2938756390207303,57.595569737029926
1234,1234,0.03517716899932566,0.29387494175989826,57.59558453716353
1235,1235,0.03520312599931685,0.293874245670259,57.59559932855454
1236,1236,0.035229034999304076,0.2938735507492245,57.59561411121951
1237,1237,0.035268910999320724,0.29387285699421356,57.59562888517485
1238,1238,0.03529604899932792,0.29387216440265135,57.59564365043693
1239,1239,0.035322346999350884,0.29387147297196975,57.59565840702197
1240,1240,0.03534832199932225,0.29387078269960704,57.5956731549461
1241,1241,0.0353742319992989,0.2938700935830081,57.59568789422536
1242,1242,0.03540003599925967,0.29386940561962394,57.59570262487566
1243,1243,0.03542596799928788,0.29386871880691257,57.59571734691282
1244,1244,0.03545193799931212,0.2938680331423382,57.59573206035256
1245,1245,0.03548465099930809,0.29386734862337105,57.59574676521049
1246,1246,0.03551608399931183,0.29386666524748856,57.595761461502136
1247,1247,0.03554365799931247,0.29386598301217376,57.59577614924289
1248,1248,0.03557067599928132,0.2938653019149167,57.59579082844807
1249,1249,0.03559639799931347,0.2938646219532133,57.59580549913288
1250,1250,0.035623176999308725,0.29386394312456604,57.595820161312446
1251,1251,0.0356497149992947,0.29386326542648367,57.59583481500179
1252,1252,0.03567581199934011,0.2938625888564812,57.595849460215796
1253,1253,0.0357016339993379,0.29386191341208007,57.595864096969315
1254,1254,0.03572763499937537,0.2938612390908078,57.59587872527704
1255,1255,0.035754999999369375,0.29386056589019827,57.595893345153605
1256,1256,0.035781436999400285,0.2938598938077914,57.59590795661356
1257,1257,0.03580711099942846,0.29385922284113364,57.5959225596713
1258,1258,0.035833000999446085,0.29385855298777736,57.595937154341186
1259,1259,0.035858444999462336,0.2938578842452812,57.59595174063745
1260,1260,0.03588453299948924,0.29385721661121,57.595966318574256
1261,1261,0.03590990899948565,0.2938565500831346,57.59598088816564
1262,1262,0.035955325999452725,0.2938558846586321,57.59599544942557
1263,1263,0.03598290099944279,0.29385522033528577,57.596010002367926
1264,1264,0.036009302999445936,0.29385455711068476,57.59602454700647
1265,1265,0.03603507699943975,0.2938538949824245,57.5960390833549
1266,1266,0.036061260999417755,0.29385323394810603,57.59605361142681
1267,1267,0.03608718399942745,0.2938525740053373,57.59606813123571
1268,1268,0.0361130939994041,0.2938519151517314,57.59608264279501
1269,1269,0.036138653999387316,0.2938512573849079,57.596097146118026
1270,1270,0.036164466999366596,0.29385060070249214,57.59611164121801
1271,1271,0.036190055999384185,0.29384994510211565,57.596126128108104
1272,1272,0.03621624399943357,0.2938492905814157,57.59614060680137
1273,1273,0.036248520999436096,0.29384863713803555,57.59615507731078
1274,1274,0.036275112999419434,0.29384798476962454,57.59616953964924
1275,1275,0.03630019499939863,0.2938473334738378,57.59618399382952
1276,1276,0.036325858999362026,0.29384668324833607,57.596198439864345
1277,1277,0.0363511669993386,0.2938460340907867,57.59621287776636
1278,1278,0.03637689899932184,0.293845385998862,57.59622730754809
1279,1279,0.03640234199929182,0.2938447389702408,57.596241729222
1280,1280,0.036428321999267155,0.29384409300260744,57.59625614280046
1281,1281,0.03646195799922225,0.29384344809365215,57.59627054829578
1282,1282,0.03648997099924145,0.2938428042410709,57.59628494572015
1283,1283,0.03651614099925382,0.29384216144256553,57.5962993350857
1284,1284,0.036542169999279395,0.29384151969584354,57.596313716404495
1285,1285,0.03656758999926524,0.2938408789986181,57.59632808968847
1286,1286,0.03659352899927626,0.2938402393486085,57.596342454949514
1287,1287,0.036649922999288265,0.2938396007435392,57.59635681219943
1288,1288,0.03667895399928511,0.29383896318114067,57.59637116144995
1289,1289,0.036705618999292255,0.2938383266591491,57.59638550271271
1290,1290,0.0367320699992888,0.2938376911753063,57.59639983599926
1291,1291,0.03675943599927223,0.29383705672735944,57.596414161321086
1292,1292,0.0367856209992965,0.29383642331306176,57.59642847868961
1293,1293,0.036811176999322015,0.29383579093017187,57.596442788116136
1294,1294,0.036837182999306606,0.29383515957645406,57.59645708961194
1295,1295,0.03686318799930177,0.29383452924967807,57.59647138318815
1296,1296,0.03688958999930492,0.2938338999476195,57.59648566885592
1297,1297,0.036915025999292084,0.2938332716680591,57.59649994662622
1298,1298,0.036962229999289775,0.29383264440878354,57.59651421651001
1299,1299,0.036989732999302305,0.29383201816758486,57.596528478518174
1300,1300,0.03701626899930943,0.2938313929422606,57.59654273266148
1301,1301,0.03704206999935877,0.2938307687306137,57.59655697895068
1302,1302,0.03706834599933018,0.2938301455304529,57.59657121739639
1303,1303,0.03709397999932662,0.29382952333959195,57.59658544800919
1304,1304,0.0371199489993046,0.29382890215585034,57.596599670799584
1305,1305,0.03714574699932882,0.29382828197705313,57.596613885778
1306,1306,0.037171716999353066,0.2938276628010303,57.596628092954795
1307,1307,0.03719715999932305,0.2938270446256178,57.596642292340235
1308,1308,0.037222782999322135,0.2938264274486566,57.59665648394454
1309,1309,0.037255941999319475,0.29382581126799323,57.596670667777865
1310,1310,0.037281891999327854,0.2938251960814794,57.59668484385026
1311,1311,0.03730735299933485,0.29382458188697236,57.59669901217174
1312,1312,0.0373330599993551,0.29382396868233457,57.596713172752224
1313,1313,0.03735851499936871,0.29382335646543384,57.59672732560157
1314,1314,0.03738431599941805,0.29382274523414337,57.59674147072958
1315,1315,0.03740984299940919,0.2938221349863413,57.59675560814598
1316,1316,0.03743570099942417,0.29382152571991155,57.59676973786042
1317,1317,0.037466726999412,0.29382091743274297,57.596783859882486
1318,1318,0.03749475699942195,0.2938203101227296,57.59679797422171
1319,1319,0.03752074099941183,0.29381970378777117,57.59681208088753
1320,1320,0.03754693999940173,0.2938190984257718,57.596826179889334
1321,1321,0.03757242399939287,0.2938184940346417,57.59684027123646
1322,1322,0.0375984039993682,0.2938178906122958,57.59685435493817
1323,1323,0.03762405699939109,0.2938172881566541,57.59686843100363
1324,1324,0.03765006499941137,0.2938166866656421,57.59688249944198
1325,1325,0.0376759829994171,0.2938160861371901,57.59689656026228
1326,1326,0.037701983999397726,0.2938154865692339,57.59691061347353
1327,1327,0.03773297899942918,0.293814887959714,57.596924659084664
1328,1328,0.03776008299945488,0.29381429030657635,57.596938697104555
1329,1329,0.03778560499944206,0.2938136936077719,57.59695272754201
1330,1330,0.03781168999944384,0.2938130978612564,57.59696675040578
1331,1331,0.03783718499943234,0.29381250306499107,57.59698076570454
1332,1332,0.037863179999476415,0.2938119092169419,57.59699477344691
1333,1333,0.03788841999949,0.29381131631508006,57.59700877364146
1334,1334,0.037914149999494384,0.29381072435738165,57.597022766296696
1335,1335,0.03794849099949715,0.2938101333418279,57.59703675142105
1336,1336,0.03797603899948854,0.29380954326640474,57.5970507290229
1337,1337,0.03800225599945861,0.2938089541291033,57.59706469911056
1338,1338,0.03802880799946706,0.2938083659279198,57.59707866169231
1339,1339,0.03805434599945556,0.29380777866085506,57.59709261677633
1340,1340,0.03808015999942427,0.29380719232591523,57.59710656437078
1341,1341,0.038105809999422036,0.293806606921111,57.59712050448374
1342,1342,0.03813209499946879,0.2938060224444582,57.59713443712322
1343,1343,0.038157583999463895,0.2938054388939776,57.59714836229722
1344,1344,0.038183467999431286,0.2938048562676946,57.59716228001362
1345,1345,0.03820903099943962,0.2938042745636398,57.597176190280294
1346,1346,0.03823685299943236,0.2938036937798483,57.59719009310504
1347,1347,0.038263044999439444,0.2938031139143602,57.59720398849559
1348,1348,0.03828949899940426,0.2938025349652208,57.59721787645965
1349,1349,0.03831514399939806,0.29380195693047956,57.59723175700483
1350,1350,0.038347764999400624,0.2938013798081911,57.5972456301387
1351,1351,0.038375668999435675,0.29380080359641486,57.59725949586882
1352,1352,0.03840297599947462,0.2938002282932148,57.59727335420261
1353,1353,0.038434364999488935,0.29379965389666013,57.59728720514752
1354,1354,0.038462967999521425,0.29379908040482433,57.59730104871089
1355,1355,0.038489915999491586,0.29379850781578576,57.59731488490003
1356,1356,0.0385167549994776,0.2937979361276276,57.59732871372219
1357,1357,0.03854262199945424,0.2937973653384377,57.59734253518458
1358,1358,0.03856873399945471,0.2937967954463086,57.59735634929434
1359,1359,0.038601700999493005,0.29379622644933745,57.59737015605856
1360,1360,0.03863021699947922,0.29379565834562615,57.59738395548429
1361,1361,0.03865700999949695,0.29379509113328134,57.59739774757854
1362,1362,0.038690003999477085,0.29379452481041424,57.597411532348225
1363,1363,0.03871644499952254,0.2937939593751406,57.59742530980025
1364,1364,0.03874289099951511,0.2937933948255808,57.597439079941445
1365,1365,0.03876829299952078,0.29379283115986016,57.597452842778615
1366,1366,0.03879438599949481,0.29379226837610817,57.5974665983185
1367,1367,0.03882024899945691,0.2937917064724592,57.59748034656778
1368,1368,0.038846230999467934,0.29379114544705204,57.5974940875331
1369,1369,0.038871703999461715,0.29379058529803004,57.59750782122107
1370,1370,0.03890330299947209,0.29379002602354126,57.59752154763822
1371,1371,0.03893023099948323,0.2937894676217381,57.597535266791056
1372,1372,0.03895687299950623,0.2937889100907776,57.59754897868602
1373,1373,0.03898250999952779,0.2937883534288212,57.59756268332952
1374,1374,0.039008863999526966,0.29378779763403506,57.59757638072791
1375,1375,0.03903432599952339,0.2937872427045897,57.5975900708875
1376,1376,0.039060347999509304,0.29378668863865987,57.597603753814546
1377,1377,0.03908531799947923,0.2937861354344253,57.597617429515275
1378,1378,0.03911105799949155,0.29378558309006975,57.597631097995844
1379,1379,0.03913657999947873,0.2937850316037815,57.59764475926239
1380,1380,0.03916263199948844,0.2937844809737535,57.59765841332097
1381,1381,0.03918990299945335,0.2937839311981828,57.59767206017766
1382,1382,0.03921664199947372,0.293783382275271,57.59768569983839
1383,1383,0.039242353999497936,0.2937828342032241,57.59769933230915
1384,1384,0.03926865499948917,0.29378228698025244,57.59771295759583
1385,1385,0.0392943589994843,0.29378174060457085,57.59772657570428
1386,1386,0.03932031299950722,0.29378119507439826,57.59774018664032
1387,1387,0.03934596099952614,0.2937806503879582,57.597753790409726
1388,1388,0.039380089999554,0.2937801065434784,57.59776738701822
1389,1389,0.03940752799957181,0.29377956353919094,57.59778097647146
1390,1390,0.039434017999553816,0.2937790213733322,57.597794558775135
1391,1391,0.039459549999548926,0.2937784800441429,57.59780813393482
1392,1392,0.03948562099952824,0.2937779395498681,57.59782170195607
1393,1393,0.03951108099948897,0.29377739988875684,57.59783526284441
1394,1394,0.039536776999455014,0.29377686105906287,57.59784881660532
1395,1395,0.03956228399943029,0.29377632305904383,57.597862363244225
1396,1396,0.03958825399945454,0.2937757858869616,57.59787590276652
1397,1397,0.039618936999488596,0.2937752495410828,57.59788943517757
1398,1398,0.03965251799951375,0.2937747140196775,57.59790296048267
1399,1399,0.03967845499948908,0.2937741793210206,57.597916478687125
1400,1400,0.039704295999513306,0.29377364544339085,57.59792998979613
1401,1401,0.039729714999509724,0.2937731123850713,57.59794349381491
1402,1402,0.03975587399952474,0.29377258014434926,57.597956990748614
1403,1403,0.03978512899948328,0.293772048719516,57.59797048060235
1404,1404,0.039811192999536615,0.2937715181088671,57.5979839633812
1405,1405,0.039836386999525075,0.29377098831070214,57.59799743909022
1406,1406,0.03986787399952618,0.293770459323325,57.598010907734405
1407,1407,0.03989495999951487,0.29376993114504363,57.5980243693187
1408,1408,0.039925182999468234,0.29376940377416993,57.59803782384807
1409,1409,0.03995215099945426,0.2937688772090201,57.59805127132737
1410,1410,0.03997828399946002,0.2937683514479143,57.59806471176148
1411,1411,0.04000459299948034,0.2937678264891768,57.598078145155206
1412,1412,0.04003062599946361,0.29376730233113596,57.59809157151332
1413,1413,0.0400565249994429,0.2937667789721241,57.59810499084058
1414,1414,0.040081948999443284,0.29376625641047777,57.59811840314171
1415,1415,0.04010746699947276,0.2937657346445373,57.59813180842136
1416,1416,0.04014092899950583,0.29376521367264724,57.59814520668416
1417,1417,0.04016723599949046,0.29376469349315604,57.59815859793475
1418,1418,0.04019286499953978,0.2937641741044162,57.598171982177654
1419,1419,0.04021862199954285,0.293763655504784,57.598185359417435
1420,1420,0.04024407999958157,0.29376313769262014,57.598198729658584
1421,1421,0.040270030999579376,0.29376262066628894,57.59821209290557
1422,1422,0.040295602999549374,0.29376210442415873,57.59822544916282
1423,1423,0.04032145499951412,0.2937615889646018,57.598238798434735
1424,1424,0.04035210999950323,0.2937610742859945,57.59825214072568
1425,1425,0.04037967599953163,0.2937605603867168,57.598265476039984
1426,1426,0.040405411999529406,0.293760047265153,57.59827880438194
1427,1427,0.04043149299951665,0.29375953491969087,57.598292125755826
1428,1428,0.04045681799954082,0.2937590233487224,57.59830544016587
1429,1429,0.04048243999955048,0.29375851255064334,57.59831874761627
1430,1430,0.04053735899952926,0.2937580025238532,57.5983320481112
1431,1431,0.04056567999953131,0.2937574932667556,57.5983453416548
1432,1432,0.040591717999575394,0.29375698477775786,57.59835862825116
1433,1433,0.04061794599959967,0.293756477055271,57.59837190790438
1434,1434,0.0406446809996055,0.2937559700977102,57.59838518061849
1435,1435,0.04067076599960728,0.2937554639034942,57.5983984463975
1436,1436,0.040696431999606375,0.29375495847104577,57.59841170524541
1437,1437,0.04072195499958298,0.29375445379879106,57.59842495716615
1438,1438,0.040747411999575434,0.29375394988516057,57.59843820216366
1439,1439,0.04077366699954155,0.2937534467285881,57.598451440241824
1440,1440,0.04079885799956173,0.2937529443275116,57.59846467140451
1441,1441,0.04084669799954099,0.2937524426803724,57.59847789565553
1442,1442,0.04087452699951655,0.2937519417856159,57.59849111299873
1443,1443,0.04090114299947345,0.29375144164169115,57.598504323437844
1444,1444,0.040927164999459364,0.29375094224705084,57.59851752697665
1445,1445,0.040953034999461124,0.2937504436001515,57.598530723618836
1446,1446,0.040978329999461494,0.2937499456994532,57.598543913368125
1447,1447,0.041004031999477775,0.2937494485434199,57.598557096228156
1448,1448,0.04103038599947695,0.29374895213051905,57.598570272202565
1449,1449,0.04105697499949201,0.293748456459222,57.59858344129496
1450,1450,0.04108309799948984,0.29374796152800375,57.598596603508916
1451,1451,0.04110918499947047,0.29374746733534274,57.598609758848006
1452,1452,0.04113680299946054,0.29374697387972126,57.59862290731572
1453,1453,0.041163219999475587,0.2937464811596251,57.59863604891558
1454,1454,0.04118879599951697,0.29374598917354383,57.598649183651055
1455,1455,0.04121467899955178,0.29374549791997057,57.59866231152558
1456,1456,0.041240008999579914,0.29374500739740217,57.59867543254258
1457,1457,0.04126589899959754,0.29374451760433873,57.59868854670544
1458,1458,0.041291702999615154,0.29374402853928433,57.59870165401753
1459,1459,0.04133686799957559,0.29374354020074633,57.59871475448219
1460,1460,0.04136619599955793,0.2937430525872361,57.59872784810273
1461,1461,0.041393166999569075,0.2937425656972681,57.59874093488245
1462,1462,0.04141948499955106,0.29374207952936054,57.59875401482462
1463,1463,0.04144551699954491,0.29374159408203526,57.598767087932465
1464,1464,0.04147086599954264,0.2937411093538175,57.5987801542092
1465,1465,0.04149668099955761,0.2937406253432361,57.59879321365803
1466,1466,0.04152198399953022,0.29374014204882337,57.59880626628212
1467,1467,0.04154767299951345,0.29373965946911507,57.598819312084586
1468,1468,0.041573348999520476,0.2937391776026508,57.59883235106859
1469,1469,0.04159881399954202,0.2937386964479731,57.59884538323718
1470,1470,0.04162627199951885,0.2937382160036285,57.59885840859347
1471,1471,0.04166085799954544,0.2937377362681667,57.59887142714049
1472,1472,0.04169439499952432,0.29373725724014094,57.598884438881264
1473,1473,0.041721054999527496,0.293736778918108,57.59889744381879
1474,1474,0.04174678799950016,0.29373630130062794,57.598910441956065
1475,1475,0.04177269499950853,0.2937358243862644,57.59892343329603
1476,1476,0.04184195799950885,0.29373534817358427,57.59893641784162
1477,1477,0.04187163499955204,0.29373487266115816,57.59894939559576
1478,1478,0.041897847999507576,0.29373439784755984,57.59896236656133
1479,1479,0.04192411099950277,0.2937339237313664,57.5989753307412
1480,1480,0.04194992299949263,0.2937334503111587,57.59898828813821
1481,1481,0.041975834999448125,0.29373297758552064,57.59900123875521
1482,1482,0.0420012839994115,0.2937325055530394,57.59901418259497
1483,1483,0.042026893999377535,0.2937320342123061,57.599027119660306
1484,1484,0.04205239799938454,0.29373156356191454,57.59904004995395
1485,1485,0.04207803999935322,0.2937310936004623,57.59905297347868
1486,1486,0.04210343999938004,0.29373062432655006,57.599065890237185
1487,1487,0.042131359999359574,0.29373015573878203,57.59907880023217
1488,1488,0.04215702499936924,0.29372968783576553,57.59909170346633
1489,1489,0.04218282799934059,0.29372922061611145,57.59910459994231
1490,1490,0.04220845199938594,0.2937287540784337,57.59911748966276
1491,1491,0.04223414999938768,0.29372828822134955,57.5991303726303
1492,1492,0.042267547999415456,0.2937278230434797,57.59914324884752
1493,1493,0.04229532799945446,0.2937273585434481,57.59915611831701
1494,1494,0.04232598099946472,0.2937268947198819,57.59916898104133
1495,1495,0.04235359499944025,0.2937264315714114,57.599181837023025
1496,1496,0.042386434999400535,0.2937259690966703,57.599194686264624
1497,1497,0.0424130429993852,0.29372550729429564,57.599207528768616
1498,1498,0.04243894599937903,0.2937250461629274,57.59922036453751
1499,1499,0.042495291999387064,0.293724585701209,57.59923319357375
1500,1500,0.04252331099934281,0.29372412590778707,57.599246015879814
1501,1501,0.0425501639993513,0.29372366678131134,57.599258831458116
1502,1502,0.042575973999362304,0.29372320832043486,57.59927164031106
1503,1503,0.04260380899938809,0.29372275052381375,57.59928444244107
1504,1504,0.042629596999404384,0.2937222933901075,57.5992972378505
1505,1505,0.042655529999422015,0.29372183691797854,57.59931002654172
1506,1506,0.042681246999450195,0.29372138110609247,57.59932280851709
1507,1507,0.042706828999428126,0.29372092595311833,57.59933558377891
1508,1508,0.0427320409994536,0.293720471457728,57.59934835232951
1509,1509,0.0427576089994659,0.2937200176185968,57.59936111417116
1510,1510,0.042804090999482014,0.29371956443440284,57.59937386930614
1511,1511,0.04283251199944971,0.29371911190382766,57.59938661773674
1512,1512,0.042858927999418484,0.29371866002555574,57.599399359465174
1513,1513,0.04288495199938325,0.2937182087982747,57.59941209449368
1514,1514,0.04292740699941078,0.29371775822067525,57.59942482282446
1515,1515,0.042953560999421825,0.2937173082914513,57.59943754445972
1516,1516,0.04297895999945922,0.29371685900929967,57.59945025940162
1517,1517,0.043004425999470186,0.2937164103729204,57.59946296765234
1518,1518,0.043029949999493056,0.29371596238101655,57.59947566921403
1519,1519,0.04305574999949613,0.2937155150322943,57.599488364088806
1520,1520,0.04308106999945949,0.2937150683254627,57.599501052278804
1521,1521,0.04310850699943103,0.29371462225923395,57.599513733786104
1522,1522,0.04313448099941297,0.2937141768323234,57.5995264086128
1523,1523,0.043160265999404146,0.2937137320434493,57.59953907676098
1524,1524,0.04318589999940059,0.29371328789133294,57.599551738232684
1525,1525,0.04321177899942086,0.2937128443746987,57.599564393029965
1526,1526,0.043239359999404314,0.29371240149227357,57.599577041154845
1527,1527,0.04326538999941931,0.29371195924278837,57.59958968260933
1528,1528,0.04329819699944437,0.29371151762497605,57.59960231739543
1529,1529,0.043325996999442395,0.2937110766375729,57.59961494551513
1530,1530,0.04335235899941381,0.2937106362793183,57.5996275669704
1531,1531,0.043378991999418304,0.2937101965489544,57.5996401817632
1532,1532,0.04340512699940291,0.2937097574452264,57.59965278989546
1533,1533,0.04343103899935841,0.2937093189668825,57.59966539136913
1534,1534,0.04345656199939185,0.2937088811126736,57.59967798618613
1535,1535,0.043482403999405506,0.29370844388135386,57.59969057434835
1536,1536,0.043507914999395325,0.29370800727168017,57.59970315585769
1537,1537,0.04353350299942349,0.29370757128241237,57.59971573071602
1538,1538,0.043566872999406314,0.2937071359123132,57.599728298925214
1539,1539,0.04359375199942406,0.29370670116014835,57.59974086048711
1540,1540,0.043619372999444295,0.29370626702468633,57.59975341540357
1541,1541,0.04364531899943813,0.2937058335046988,57.599765963676404
1542,1542,0.04367087899947819,0.2937054005989598,57.59977850530744
1543,1543,0.043696934999502446,0.2937049683062468,57.59979104029847
1544,1544,0.043722569999488314,0.29370453662533974,57.59980356865129
1545,1545,0.04374831299946891,0.2937041055550215,57.59981609036768
1546,1546,0.0437809009994794,0.29370367509407813,57.59982860544941
1547,1547,0.04380842699947607,0.29370324524129793,57.59984111389822
1548,1548,0.04383449599947653,0.29370281599547254,57.599853615715865
1549,1549,0.043860645999473036,0.2937023873553964,57.599866110904095
1550,1550,0.043898621999460374,0.29370195931986637,57.599878599464596
1551,1551,0.04392490699950713,0.29370153188768255,57.5998910813991
1552,1552,0.04395059499955778,0.2937011050576476,57.5999035567093
1553,1553,0.04397658899955559,0.29370067882856715,57.59991602539689
1554,1554,0.04400198999957183,0.29370025319924953,57.59992848746352
1555,1555,0.0440276249995577,0.29369982816850576,57.5999409429109
1556,1556,0.04405293699954882,0.2936994037351499,57.59995339174065
1557,1557,0.044079172999545335,0.2936989798979986,57.59996583395442
1558,1558,0.04410468499952458,0.2936985566558712,57.59997826955386
1559,1559,0.04413320499952533,0.29369813400759004,57.59999069854057
1560,1560,0.04415902599947685,0.29369771195197986,57.6000031209162
1561,1561,0.04418528599944693,0.2936972904878685,57.60001553668231
1562,1562,0.04421088599946188,0.29369686961408653,57.600027945840516
1563,1563,0.04423633599947152,0.2936964493294668,57.600040348392405
1564,1564,0.04426776999946469,0.29369602963284547,57.600052744339536
1565,1565,0.044296016999453514,0.2936956105230609,57.60006513368349
1566,1566,0.04432242899946459,0.2936951919989546,57.60007751642581
1567,1567,0.044348608999484895,0.29369477405937044,57.60008989256805
1568,1568,0.04437435899950515,0.2936943567031552,57.60010226211174
1569,1569,0.04439992599947118,0.2936939399291582,57.6001146250584
1570,1570,0.044433123999510826,0.29369352373623153,57.600126981409566
1571,1571,0.04446094999951811,0.2936931081232299,57.60013933116672
1572,1572,0.04448737999950936,0.29369269308901075,57.60015167433139
1573,1573,0.044520379999482884,0.2936922786324342,57.60016401090504
1574,1574,0.044546318999493906,0.29369186475236286,57.60017634088917
1575,1575,0.044572144999506236,0.2936914514476622,57.60018866428524
1576,1576,0.044597600999452425,0.2936910387172001,57.60020098109472
1577,1577,0.0446269729994242,0.2936906265598473,57.60021329131908
1578,1578,0.044661200999428274,0.293690214974477,57.60022559495975
1579,1579,0.04469423899939784,0.293689803959965,57.60023789201818
1580,1580,0.044734931999414584,0.29368939351519,57.60025018249578
1581,1581,0.04477211799945735,0.2936889836390329,57.60026246639401
1582,1582,0.044808688999466995,0.2936885743303774,57.600274743714245
1583,1583,0.044842236999500074,0.29368816558811006,57.60028701445792
1584,1584,0.04487619599944992,0.29368775741111947,57.60029927862643
1585,1585,0.04490335899947695,0.2936873497982971,57.60031153622117
1586,1586,0.04493041499944184,0.29368694274853696,57.600323787243504
1587,1587,0.04495685299946217,0.2936865362607357,57.600336031694845
1588,1588,0.044985005999478744,0.29368613033379254,57.60034826957652
1589,1589,0.045011018999502994,0.293685724966609,57.60036050088993
1590,1590,0.04503765799950088,0.29368532015808946,57.600372725636404
1591,1591,0.04506394099951194,0.2936849159071405,57.60038494381731
1592,1592,0.04509011799950713,0.2936845122126717,57.600397155433974
1593,1593,0.045116827999493125,0.29368410907359477,57.60040936048774
1594,1594,0.04514337899951215,0.29368370648882397,57.60042155897993
1595,1595,0.04521226599950978,0.29368330445727636,57.60043375091186
1596,1596,0.04524230999948031,0.2936829029778711,57.60044593628486
1597,1597,0.04533383799946478,0.2936825020495303,57.60045811510023
1598,1598,0.045362658999465566,0.29368210167117803,57.600470287359265
1599,1599,0.04539004099945032,0.29368170184174136,57.60048245306326
1600,1600,0.045416478999470655,0.2936813025601497,57.60049461221352
1601,1601,0.04544230999948695,0.29368090382533457,57.60050676481131
1602,1602,0.04546894899948484,0.2936805056362305,57.60051891085789
1603,1603,0.045504265999454674,0.29368010799177413,57.600531050354576
1604,1604,0.04553039899940359,0.29367971089090467,57.6005431833026
1605,1605,0.04555684399940674,0.2936793143325638,57.60055530970323
1606,1606,0.04558306399940193,0.2936789183156955,57.600567429557714
1607,1607,0.04560901299936404,0.2936785228392464,57.600579542867294
1608,1608,0.045635271999344695,0.29367812790216535,57.60059164963322
1609,1609,0.045661353999321364,0.2936777335034038,57.600603749856724
1610,1610,0.045686918999308546,0.2936773396419156,57.600615843539046
1611,1611,0.045719221999320325,0.29367694631665686,57.6006279306814
1612,1612,0.04574704499930249,0.2936765535265861,57.600640011285016
1613,1613,0.04577378999931625,0.2936761612706646,57.60065208535108
1614,1614,0.04580051499937099,0.29367576954785557,57.60066415288084
1615,1615,0.0458268449993966,0.29367537835712476,57.60067621387546
1616,1616,0.04585257999940495,0.29367498769744055,57.60068826833618
1617,1617,0.04587887499945964,0.29367459756777325,57.60070031626416
1618,1618,0.045905593999464145,0.2936742079670959,57.60071235766061
1619,1619,0.04593159499944477,0.2936738188943839,57.60072439252671
1620,1620,0.045958082999447925,0.2936734303486146,57.60073642086363
1621,1621,0.04599214799947049,0.2936730423287682,57.600748442672575
1622,1622,0.04601842299945247,0.2936726548338269,57.60076045795467
1623,1623,0.046045075999415985,0.29367226786277545,57.60077246671111
1624,1624,0.04607134799942969,0.2936718814146009,57.600784468943054
1625,1625,0.04609712099943408,0.2936714954882924,57.60079646465166
1626,1626,0.046132399999464724,0.29367111008284186,57.600808453838084
1627,1627,0.04616740699947286,0.293670725197243,57.60082043650346
1628,1628,0.04620272999949293,0.2936703408304922,57.60083241264894
1629,1629,0.046230852999485705,0.2936699569815881,57.600844382275675
1630,1630,0.04625797299951273,0.29366957364953145,57.6008563453848
1631,1631,0.0462841729995489,0.29366919083332543,57.600868301977435
1632,1632,0.04631052399952296,0.2936688085319755,57.60088025205472
1633,1633,0.04633674499950757,0.29366842674448956,57.60089219561778
1634,1634,0.046374864999506826,0.2936680454698774,57.60090413266773
1635,1635,0.04640333099951022,0.2936676647071514,57.600916063205695
1636,1636,0.04643041599950948,0.2936672844553259,57.600927987232794
1637,1637,0.04645789699952729,0.293666904713418,57.600939904750135
1638,1638,0.04648452899954236,0.29366652548044664,57.60095181575882
1639,1639,0.0465108599995574,0.2936661467554329,57.600963720259955
1640,1640,0.046536588999515516,0.29366576853740056,57.600975618254644
1641,1641,0.046562884999502785,0.29366539082537524,57.60098750974398
1642,1642,0.04658925099948874,0.29366501361838504,57.600999394729065
1643,1643,0.04661493399947858,0.29366463691546013,57.601011273211
1644,1644,0.04664965199947346,0.2936642607156329,57.60102314519085
1645,1645,0.04667855699943857,0.293663885017938,57.60103501066972
1646,1646,0.046705506999444424,0.29366350982141226,57.60104686964868
1647,1647,0.04673186299942245,0.2936631351250948,57.60105872212882
1648,1648,0.046758236999437486,0.29366276092802673,57.60107056811121
1649,1649,0.046784245999447194,0.2936623872292516,57.60108240759693
1650,1650,0.04681074999945167,0.29366201402781494,57.60109424058705
1651,1651,0.04683721599940327,0.2936616413227647,57.60110606708264
1652,1652,0.04686306499939974,0.29366126911315055,57.60111788708477
1653,1653,0.04688910699940152,0.2936608973980249,57.6011297005945
1654,1654,0.046915283999396706,0.2936605261764418,57.601141507612894
1655,1655,0.04694246799942903,0.29366015544745794,57.60115330814101
1656,1656,0.04696886899944275,0.29365978521013175,57.601165102179905
1657,1657,0.04699535799943533,0.293659415463524,57.601176889730645
1658,1658,0.0470211579994384,0.2936590462066975,57.60118867079426
1659,1659,0.047047215999441505,0.29365867743871743,57.60120044537182
1660,1660,0.04707304899943665,0.29365830915865093,57.60121221346437
1661,1661,0.04709843399939473,0.29365794136556694,57.60122397507295
1662,1662,0.04715400999936037,0.29365757405853726,57.601235730198624
1663,1663,0.047184914999320426,0.2936572072366352,57.60124747884241
1664,1664,0.047211584999331535,0.2936568408989363,57.601259221005364
1665,1665,0.047238376999303,0.2936564750445183,57.60127095668853
1666,1666,0.047264906999316736,0.29365610967246103,57.60128268589293
1667,1667,0.04729076699931056,0.2936557447818465,57.60129440861961
1668,1668,0.047317489999272766,0.2936553803717585,57.601306124869595
1669,1669,0.047343779999266644,0.293655016441283,57.60131783464394
1670,1670,0.047369619999244605,0.2936546529895084,57.60132953794365
1671,1671,0.047395821999259624,0.2936542900155248,57.601341234769784
1672,1672,0.04742810299927669,0.29365392751842434,57.60135292512334
1673,1673,0.04745469599924945,0.2936535654973016,57.601364609005365
1674,1674,0.047481265999238076,0.2936532039512528,57.60137628641687
1675,1675,0.047507402999258375,0.29365284287937626,57.60138795735889
1676,1676,0.047532876999298423,0.2936524822807727,57.601399621832456
1677,1677,0.04755920999929231,0.2936521221545444,57.60141127983857
1678,1678,0.0475853229992822,0.2936517624997961,57.60142293137827
1679,1679,0.047610936999262776,0.29365140331563416,57.60143457645257
1680,1680,0.047643982999261425,0.2936510446011675,57.60144621506249
1681,1681,0.04767286999924636,0.2936506863555064,57.60145784720905
1682,1682,0.047699177999277254,0.2936503285777637,57.601469472893264
1683,1683,0.04772545599928435,0.2936499712670539,57.601481092116146
1684,1684,0.047751612999320514,0.29364961442249377,57.601492704878716
1685,1685,0.047777637999331546,0.2936492580432019,57.60150431118199
1686,1686,0.04780406599934395,0.2936489021282989,57.60151591102698
1687,1687,0.04782998599932853,0.2936485466769075,57.6015275044147
1688,1688,0.047855852999362014,0.2936481916881521,57.601539091346154
1689,1689,0.04788210899931755,0.29364783716115944,57.60155067182237
1690,1690,0.0479082629993286,0.29364748309505795,57.60156224584435
1691,1691,0.04793523899934371,0.2936471294889783,57.60157381341312
1692,1692,0.04796134199932567,0.2936467763420529,57.60158537452968
1693,1693,0.047987439999360504,0.29364642365341614,57.601596929195026
1694,1694,0.048013376999392676,0.29364607142220456,57.601608477410174
1695,1695,0.04803979199937203,0.29364571964755637,57.60162001917616
1696,1696,0.04806601799936061,0.2936453683286119,57.60163155449396
1697,1697,0.04809168299937028,0.2936450174645134,57.601643083364614
1698,1698,0.04812457899936362,0.293644667054405,57.60165460578911
1699,1699,0.0481551899993633,0.2936443170974328,57.60166612176845
1700,1700,0.04818168999935324,0.2936439675927449,57.60167763130367
1701,1701,0.0482218209993448,0.29364361853949106,57.601689134395755
1702,1702,0.04824874599933082,0.29364326993682327,57.60170063104572
1703,1703,0.04827510299935511,0.2936429217838953,57.60171212125459
1704,1704,0.04830813999933525,0.29364257407986266,57.60172360502336
1705,1705,0.04833587399934913,0.293642226823883,57.60173508235304
1706,1706,0.04836262399936686,0.2936418800151159,57.601746553244624
1707,1707,0.048391392999349137,0.2936415336527224,57.60175801769914
1708,1708,0.048417860999336426,0.29364118773586606,57.6017694757176
1709,1709,0.04844385199936596,0.2936408422637119,57.601780927301014
1710,1710,0.048469978999321484,0.2936404972354268,57.60179237245037
1711,1711,0.04849631799930876,0.2936401526501796,57.60180381116671
1712,1712,0.04852186799928404,0.2936398085071413,57.60181524345103
1713,1713,0.04854816799928585,0.29363946480548425,57.60182666930433
1714,1714,0.0485971199993287,0.2936391215443829,57.60183808872764
1715,1715,0.048626295999326885,0.29363877872301375,57.601849501721965
1716,1716,0.04865381499934074,0.29363843634055464,57.60186090828831
1717,1717,0.048680522999347886,0.2936380943961858,57.6018723084277
1718,1718,0.04871282699934909,0.29363775288908917,57.60188370214116
1719,1719,0.0487515119993418,0.29363741181844805,57.60189508942967
1720,1720,0.04878944499938598,0.2936370711834482,57.60190647029428
1721,1721,0.04881894199940007,0.29363673098327686,57.60191784473598
1722,1722,0.048846218999415214,0.2936363912171232,57.6019292127558
1723,1723,0.04887294199943426,0.2936360518841782,57.60194057435476
1724,1724,0.04889911499947175,0.29363571298363456,57.60195192953387
1725,1725,0.048925658999451116,0.29363537451468696,57.601963278294164
1726,1726,0.04895212199943444,0.2936350364765317,57.601974620636646
1727,1727,0.04901620299943943,0.29363469886836707,57.60198595656233
1728,1728,0.049046961999465566,0.2936343616893928,57.601997286072276
1729,1729,0.04907406299946615,0.29363402493881086,57.60200860916747
1730,1730,0.04910018899948909,0.2936336886158248,57.60201992584894
1731,1731,0.04912681099949623,0.2936333527196399,57.602031236117725
1732,1732,0.0491525679994993,0.2936330172494631,57.602042539974846
1733,1733,0.0491783349995103,0.29363268220450356,57.60205383742133
1734,1734,0.049204388999555704,0.29363234758397183,57.60206512845821
1735,1735,0.049230434999572026,0.29363201338708017,57.60207641308649
1736,1736,0.049256040999580364,0.2936316796130429,57.60208769130724
1737,1737,0.04928241099958086,0.29363134626107584,57.60209896312146
1738,1738,0.04930970799955503,0.29363101333039665,57.60211022853021
1739,1739,0.04933571999953301,0.2936306808202249,57.602121487534504
1740,1740,0.04936171699955594,0.29363034872978155,57.60213274013539
1741,1741,0.049387425999555035,0.2936300170582896,57.60214398633389
1742,1742,0.049413013999526356,0.29362968580497356,57.60215522613107
1743,1743,0.04943965199953482,0.29362935496905995,57.602166459527936
1744,1744,0.04946550099953129,0.29362902454977663,57.60217768652555
1745,1745,0.04951434199955429,0.29362869454635343,57.60218890712496
1746,1746,0.04954495399960024,0.293628364958022,57.602200121327186
1747,1747,0.049571736999553195,0.29362803578401553,57.60221132913331
1748,1748,0.04959797099951402,0.29362770702356883,57.602222530544346
1749,1749,0.049624980999510626,0.2936273786759186,57.602233725561355
1750,1750,0.04965156199949661,0.29362705074030304,57.6022449141854
1751,1751,0.04967730999953801,0.29362672321596234,57.60225609641752
1752,1752,0.04970358099950545,0.29362639610213814,57.602267272258764
1753,1753,0.04972944999951778,0.29362606939807373,57.6022784417102
1754,1754,0.04975510599950894,0.2936257431030142,57.602289604772885
1755,1755,0.04978125599950545,0.2936254172162065,57.60230076144787
1756,1756,0.04988073699951201,0.2936250917368988,57.60231191173623
1757,1757,0.04991026099952478,0.29362476666434145,57.60232305563901
1758,1758,0.04994183299947963,0.2936244419977859,57.60233419315728
1759,1759,0.04997566499946515,0.2936241177364857,57.602345324292116
1760,1760,0.05004111099947295,0.293623793879696,57.602356449044585
1761,1761,0.05007631799946921,0.2936234704266734,57.60236756741574
1762,1762,0.05010408699945401,0.29362314737667633,57.60237867940667
1763,1763,0.05013079699944001,0.2936228247289648,57.60238978501845
1764,1764,0.050158362999411565,0.2936225024828004,57.60240088425215
1765,1765,0.0501844499993922,0.2936221806374465,57.602411977108844
1766,1766,0.05021710099936172,0.293621859192168,57.60242306358962
1767,1767,0.050245049999375624,0.2936215381462315,57.60243414369556
1768,1768,0.05027224199932334,0.2936212174989049,57.60244521742774
1769,1769,0.05030627899930096,0.29362089724945845,57.60245628478725
1770,1770,0.050333424999280396,0.2936205773971632,57.60246734577519
1771,1771,0.05036001399923862,0.2936202579412922,57.602478400392634
1772,1772,0.05038596299925757,0.29361993888112015,57.60248944864068
1773,1773,0.05041194299928975,0.29361962021592347,57.60250049052043
1774,1774,0.050437824999335135,0.29361930194497954,57.60251152603297
1775,1775,0.050463535999369924,0.29361898406756826,57.60252255517941
1776,1776,0.050507010999410795,0.29361866658297026,57.60253357796085
1777,1777,0.05053804099941317,0.29361834949046844,57.60254459437839
1778,1778,0.05056662099946152,0.29361803278934684,57.602555604433114
1779,1779,0.050594275999458205,0.2936177164788912,57.602566608126175
1780,1780,0.050620705999449456,0.29361740055838886,57.602577605458656
1781,1781,0.050652521999438704,0.29361708502712885,57.60258859643168
1782,1782,0.05067948699945646,0.2936167698844016,57.60259958104635
1783,1783,0.050708943999438816,0.2936164551294992,57.6026105593038
1784,1784,0.05073526499944592,0.2936161407617151,57.60262153120513
1785,1785,0.05076184099942793,0.2936158267803447,57.60263249675148
1786,1786,0.050795265999454386,0.29361551318468454,57.602643455943976
1787,1787,0.05083311599946683,0.293615199974033,57.60265440878373
1788,1788,0.05086002899946607,0.2936148871476898,57.60266535527188
1789,1789,0.05088608999949429,0.2936145747049563,57.60267629540957
1790,1790,0.05091299199949617,0.29361426264513557,57.60268722919792
1791,1791,0.05093990099953771,0.29361395096753173,57.60269815663807
1792,1792,0.05096626599959109,0.293613639671451,57.60270907773117
1793,1793,0.05101896799959604,0.2936133287562008,57.602719992478356
1794,1794,0.05104696899957162,0.2936130182210901,57.602730900880765
1795,1795,0.05107412799958411,0.29361270806542933,57.60274180293955
1796,1796,0.05110034199958591,0.2936123982885307,57.60275269865587
1797,1797,0.051126387999545386,0.2936120888897077,57.602763588030854
1798,1798,0.05115245199954188,0.2936117798682753,57.60277447106569
1799,1799,0.051178387999527786,0.2936114712235502,57.602785347761525
1800,1800,0.051204152999503094,0.2936111629548504,57.60279621811952
1801,1801,0.05122983799952863,0.2936108550614955,57.60280708214083
1802,1802,0.05125543999952242,0.2936105475428065,57.60281793982663
1803,1803,0.05128156699953479,0.29361024039810596,57.60282879117808
1804,1804,0.051310396999554087,0.29360993362671794,57.602839636196364
1805,1805,0.05134739999954263,0.2936096272279678,57.60285047488264
1806,1806,0.05137353399953781,0.2936093212011827,57.602861307238115
1807,1807,0.051403672999583705,0.2936090155456911,57.60287213326395
1808,1808,0.05143011699959743,0.29360871026082286,57.60288295296132
1809,1809,0.051456304999589975,0.2936084053459093,57.60289376633143
1810,1810,0.051488921999578,0.2936081008002835,57.602904573375454
1811,1811,0.0515167939996104,0.2936077966232797,57.60291537409458
1812,1812,0.051543000999629385,0.2936074928142335,57.60292616849003
1813,1813,0.05156892799959678,0.2936071893724823,57.60293695656298
1814,1814,0.0515948389996197,0.2936068862973649,57.602947738314626
1815,1815,0.05162085799963734,0.2936065835882212,57.60295851374618
1816,1816,0.051646797999637784,0.2936062812443928,57.60296928285886
1817,1817,0.051672390999669915,0.29360597926522286,57.602980045653844
1818,1818,0.05169796999967957,0.29360567765005585,57.60299080213238
1819,1819,0.05172383799970248,0.2936053763982373,57.60300155229566
1820,1820,0.051749408999683055,0.2936050755091149,57.603012296144904
1821,1821,0.051777243999708844,0.29360477498203724,57.60302303368134
1822,1822,0.05180348199968421,0.29360447481635443,57.603033764906186
1823,1823,0.0518295949996741,0.293604175011418,57.603044489820675
1824,1824,0.05185528199967848,0.2936038755665811,57.60305520842604
1825,1825,0.05188119799964852,0.293603576481198,57.6030659207235
1826,1826,0.051906802999667434,0.2936032777546246,57.6030766267143
1827,1827,0.05193289499970888,0.293602979386218,57.60308732639968
1828,1828,0.0519818309997504,0.29360268137533674,57.60309801978089
1829,1829,0.052010197999777574,0.2936023837213411,57.603108706859146
1830,1830,0.052037497999833704,0.2936020864235922,57.603119387635736
1831,1831,0.05206384499985006,0.29360178948145305,57.60313006211189
1832,1832,0.05209015799988492,0.29360149289428766,57.60314073028886
1833,1833,0.05211603899988404,0.29360119666146156,57.6031513921679
1834,1834,0.05217308899989348,0.29360090078234186,57.6031620477503
1835,1835,0.052201845999888974,0.2936006052562967,57.60317269703729
1836,1836,0.05222883899989483,0.29360031008269594,57.60318334003016
1837,1837,0.05225491799990323,0.2936000152609105,57.60319397673017
1838,1838,0.05228232099989327,0.2935997207903128,57.60320460713859
1839,1839,0.05230841499985672,0.29359942667027683,57.60321523125671
1840,1840,0.052334290999851873,0.2935991329001776,57.60322584908581
1841,1841,0.05236056599983385,0.29359883947939147,57.60323646062716
1842,1842,0.05238637899981313,0.2935985464072965,57.60324706588204
1843,1843,0.05241242599981888,0.2935982536832719,57.60325766485176
1844,1844,0.05243809299986424,0.293597961306698,57.603268257537614
1845,1845,0.05248625199988055,0.2935976692769571,57.603278843940885
1846,1846,0.0525147479998509,0.2935973775934321,57.60328942406288
1847,1847,0.05254177499983825,0.2935970862555076,57.603299997904884
1848,1848,0.05256787199982682,0.29359679526256965,57.60331056546823
1849,1849,0.0525938689997929,0.2935965046140055,57.60332112675422
1850,1850,0.05261977299977616,0.2935962143092036,57.603331681764146
1851,1851,0.05264571699979115,0.2935959243475539,57.60334223049936
1852,1852,0.0526716659998101,0.2935956347284476,57.60335277296114
1853,1853,0.052697255999817116,0.2935953454512773,57.60336330915084
1854,1854,0.05272302799977524,0.29359505651543677,57.60337383906978
1855,1855,0.05274914999978364,0.29359476792032113,57.60338436271929
1856,1856,0.05277898199977926,0.29359447966532687,57.60339488010067
1857,1857,0.0528054669997573,0.2935941917498519,57.60340539121531
1858,1858,0.052831467999737924,0.2935939041732951,57.60341589606451
1859,1859,0.05285741999972515,0.293593616935057,57.603426394649624
1860,1860,0.052883093999696484,0.2935933300345391,57.603436886972005
1861,1861,0.052908646999696884,0.2935930434711444,57.60344737303299
1862,1862,0.052935290999698736,0.2935927572442773,57.60345785283394
1863,1863,0.052981630999681784,0.2935924713533432,57.603468326376216
1864,1864,0.05301027799964686,0.29359218579774893,57.60347879366116
1865,1865,0.05303698099965004,0.2935919005769026,57.60348925469015
1866,1866,0.053063636999638675,0.2935916156902136,57.60349970946455
1867,1867,0.05309001099959687,0.29359133113709246,57.60351015798573
1868,1868,0.05311592499958806,0.29359104691695126,57.603520600255045
1869,1869,0.0531420999996044,0.2935907630292031,57.6035310362739
1870,1870,0.05316779299960217,0.29359047947326244,57.60354146604366
1871,1871,0.05319395399959603,0.293590196248545,57.6035518895657
1872,1872,0.053219682999610995,0.29358991335446766,57.60356230684143
1873,1873,0.05324561399959293,0.2935896307904488,57.60357271787222
1874,1874,0.053278583999599505,0.2935893485559078,57.60358312265948
1875,1875,0.053304728999592044,0.2935890666502654,57.6035935212046
1876,1876,0.05333466999962866,0.29358878507294345,57.60360391350898
1877,1877,0.05336056499965025,0.2935885038233653,57.60361429957401
1878,1878,0.053386536999653345,0.2935882229009555,57.60362467940112
1879,1879,0.053412528999672304,0.2935879423051395,57.60363505299172
1880,1880,0.05343841699965424,0.29358766203534437,57.603645420347206
1881,1881,0.05348809099962182,0.2935873820909983,57.603655781469
1882,1882,0.05351653199960538,0.29358710247153047,57.60366613635855
1883,1883,0.05354386799956501,0.29358682317637175,57.60367648501725
1884,1884,0.05356954199953634,0.2935865442049538,57.60368682744655
1885,1885,0.05359520899952486,0.29358626555670975,57.603697163647865
1886,1886,0.05362091499955568,0.2935859872310737,57.603707493622636
1887,1887,0.05364668999953892,0.2935857092274813,57.603717817372306
1888,1888,0.0536720409995155,0.29358543154536926,57.603728134898326
1889,1889,0.05369751899951325,0.2935851541841753,57.60373844620212
1890,1890,0.05372286199951759,0.2935848771433388,57.60374875128516
1891,1891,0.05374859399950083,0.2935846004222997,57.60375905014888
1892,1892,0.053781994999496874,0.29358432402049983,57.60376934279475
1893,1893,0.05380886899945381,0.2935840479373817,57.60377962922423
1894,1894,0.05383451599942646,0.2935837721723892,57.60378990943877
1895,1895,0.053859980999391155,0.2935834967249675,57.60380018343986
1896,1896,0.05388845499942363,0.29358322159456285,57.603810451228945
1897,1897,0.05391447599942012,0.29358294678062263,57.60382071280752
1898,1898,0.05394016699943904,0.2935826722825955,57.60383096817705
1899,1899,0.05399043299939876,0.29358239809993136,57.60384121733904
1900,1900,0.0540186249994008,0.293582124232081,57.60385146029494
1901,1901,0.054045481999366984,0.29358185067849685,57.603861697046256
1902,1902,0.054071649999400506,0.293581577438632,57.60387192759449
1903,1903,0.054097702999399644,0.2935813045119411,57.60388215194113
1904,1904,0.05412359099943842,0.2935810318978797,57.603892370087664
1905,1905,0.05417700499941702,0.29358075959590474,57.60390258203561
1906,1906,0.054207634999443144,0.29358048760547406,57.60391278778646
1907,1907,0.054234954999458296,0.29358021592604694,57.60392298734175
1908,1908,0.05426134599946408,0.2935799445570836,57.60393318070296
1909,1909,0.05428891399947133,0.2935796734980454,57.603943367871636
1910,1910,0.054317259999436374,0.29357940274839517,57.60395354884927
1911,1911,0.054348596999432175,0.2935791323075965,57.60396372363742
1912,1912,0.05437526199943932,0.29357886217511425,57.6039738922376
1913,1913,0.05440129499947943,0.29357859235041434,57.60398405465133
1914,1914,0.05442744699945479,0.29357832283296403,57.60399421088015
1915,1915,0.0544535179994341,0.2935780536222318,57.60400436092561
1916,1916,0.054485573999443204,0.2935777847176868,57.604014504789234
1917,1917,0.054514127999425455,0.2935775161187996,57.60402464247258
1918,1918,0.05455641999947147,0.2935772478250421,57.60403477397721
1919,1919,0.05458310299945879,0.2935769798358867,57.60404489930465
1920,1920,0.05460888899943939,0.29357671215080766,57.60405501845647
1921,1921,0.05463519899944913,0.29357644476928,57.60406513143423
1922,1922,0.05466120899944826,0.2935761776907797,57.60407523823951
1923,1923,0.05468706099946985,0.2935759109147841,57.60408533887385
1924,1924,0.05471282199948746,0.29357564444077155,57.60409543333883
1925,1925,0.05473864399948525,0.29357537826822167,57.60410552163602
1926,1926,0.05477155999949446,0.29357511239661477,57.60411560376701
1927,1927,0.05479711899948825,0.29357484682543283,57.604125679733386
1928,1928,0.054823081999472834,0.2935745815541584,57.6041357495367
1929,1929,0.05484872299945209,0.29357431658227556,57.60414581317859
1930,1930,0.05487426599944456,0.2935740519092691,57.60415587066062
1931,1931,0.05490009199945689,0.2935737875346253,57.60416592198438
1932,1932,0.054925968999441466,0.2935735234578311,57.604175967151484
1933,1933,0.05495148899939295,0.29357325967837494,57.60418600616353
1934,1934,0.05498228099941116,0.29357299619574595,57.60419603902211
1935,1935,0.05501016999943431,0.2935727330094347,57.60420606572887
1936,1936,0.055036565999444065,0.29357247011893256,57.6042160862854
1937,1937,0.05506319299945517,0.2935722075237322,57.604226100693324
1938,1938,0.05508999799945968,0.29357194522332714,57.60423610895425
1939,1939,0.05511682799948403,0.29357168321721216,57.60424611106981
1940,1940,0.05514330399944356,0.2935714215048831,57.60425610704165
1941,1941,0.05516956399941364,0.2935711600858366,57.60426609687138
1942,1942,0.055195306999394234,0.2935708989595707,57.60427608056065
1943,1943,0.05522104399943828,0.2935706381255843,57.60428605811108
1944,1944,0.05525376599945275,0.2935703775833777,57.60429602952433
1945,1945,0.05528030399943873,0.2935701173324515,57.604305994802054
1946,1946,0.0553058319994193,0.2935698573723081,57.60431595394587
1947,1947,0.05533163599943691,0.2935695977024506,57.60432590695747
1948,1948,0.05535707999945316,0.2935693383223834,57.60433585383848
1949,1949,0.05538299699946947,0.2935690792316116,57.60434579459057
1950,1950,0.05540854099945136,0.29356882042964155,57.60435572921541
1951,1951,0.055434598999454465,0.2935685619159806,57.60436565771468
1952,1952,0.05546730599945704,0.29356830369013714,57.604375580090014
1953,1953,0.0554951739994749,0.29356804575162077,57.60438549634312
1954,1954,0.05552141199950711,0.2935677880999416,57.60439540647567
1955,1955,0.05554765399955386,0.29356753073461145,57.60440531048932
1956,1956,0.05557398399957947,0.2935672736551427,57.6044152083858
1957,1957,0.05559968899956402,0.29356701686104886,57.604425100166765
1958,1958,0.05562539799956312,0.2935667603518446,57.60443498583393
1959,1959,0.055651325999576784,0.2935665041270454,57.60444486538896
1960,1960,0.0556770529996129,0.293566248186168,57.604454738833596
1961,1961,0.05570286999960672,0.2935659925287299,57.60446460616951
1962,1962,0.05573547099965026,0.2935657371542498,57.604474467398425
1963,1963,0.05576175599964017,0.2935654820622473,57.60448432252205
1964,1964,0.055787773999611545,0.2935652272522432,57.604494171542086
1965,1965,0.05581348599963576,0.29356497272375903,57.60450401446027
1966,1966,0.05583931999962033,0.2935647184763175,57.6045138512783
1967,1967,0.055880205999642385,0.29356446450944224,57.604523681997925
1968,1968,0.055907104999675994,0.29356421082265793,57.604533506620854
1969,1969,0.05595767099970317,0.2935639574154903,57.604543325148825
1970,1970,0.055986748999714564,0.2935637042874659,57.60455313758358
1971,1971,0.05601410799971518,0.29356345143811247,57.60456294392686
1972,1972,0.056040488999713034,0.2935631988669587,57.604572744180395
1973,1973,0.056066392999753134,0.29356294657353404,57.604582538345916
1974,1974,0.056092591999743036,0.29356269455736933,57.60459232642522
1975,1975,0.0561637779997568,0.29356244281799593,57.604602108420025
1976,1976,0.05619499799973937,0.2935621913549466,57.604611884332094
1977,1977,0.05622184399976504,0.29356194016775483,57.60462165416318
1978,1978,0.05625595999975985,0.2935616892559551,57.604631417915066
1979,1979,0.0562823899997511,0.29356143861908296,57.60464117558951
1980,1980,0.05630803799971318,0.29356118825667493,57.60465092718825
1981,1981,0.05633383799971625,0.2935609381682684,57.60466067271312
1982,1982,0.05635949099973914,0.29356068835340177,57.60467041216586
1983,1983,0.056385420999788494,0.2935604388116145,57.60468014554826
1984,1984,0.05641084699982457,0.2935601895424468,57.604689872862096
1985,1985,0.056436853999798586,0.29355994054544005,57.604699594109164
1986,1986,0.05647078799978544,0.29355969182013647,57.60470930929126
1987,1987,0.056500044999779675,0.29355944336607925,57.604719018410165
1988,1988,0.05652693299975908,0.2935591951828126,57.60472872146769
1989,1989,0.05655345799976885,0.29355894726988163,57.60473841846562
1990,1990,0.05657940699978781,0.29355869962683234,57.60474810940579
1991,1991,0.05660548399976051,0.29355845225321187,57.60475779428998
1992,1992,0.056631673999788745,0.2935582051485679,57.60476747312001
1993,1993,0.05665770699977202,0.2935579583124496,57.604777145897714
1994,1994,0.0566835929997751,0.29355771174440665,57.60478681262488
1995,1995,0.05670936499979007,0.29355746544399,57.60479647330336
1996,1996,0.05674235799978078,0.2935572194107511,57.60480612793495
1997,1997,0.05676884099977997,0.2935569736442427,57.60481577652151
1998,1998,0.05679447599976584,0.29355672814401834,57.60482541906486
1999,1999,0.05682053199979009,0.29355648290963265,57.60483505556683
2000,2000,0.05684636199976012,0.29355623794064084,57.60484468602926
