epoch,updates,time,train_loss,val_rmse
1,1,9.362700001247504e-05,0.4143373607987481,67.93226078957318
2,2,0.00014194600004202584,0.3752777723027897,65.53475970962815
3,3,0.00018558800002210774,0.35529499172914786,63.01760976027537
4,4,0.00022868400003517309,0.3446514525192489,62.6698093436533
5,5,0.0002697630000625395,0.33753753156089633,61.43370158337718
6,6,0.0003110760000595292,0.33256480601472477,61.44320916789682
7,7,0.0003522930000485758,0.3284451180618517,60.63325108878934
8,8,0.00039254800003618584,0.32498427453438483,60.71636600846432
9,9,0.00047111900005347707,0.32195183301310354,60.089771273683596
10,10,0.0005162140000152249,0.3192886857364311,60.19583769753385
11,11,0.0005587590000004639,0.31693373450446694,59.67557364611752
12,12,0.0005993720000105895,0.3148503197300481,59.78983069825725
13,13,0.0006397309999783829,0.31300385878479753,59.34589869020999
14,14,0.0006882729999801995,0.3113669713988857,59.46171524740099
15,15,0.0007313140000064777,0.30991408114635993,59.07837242454186
16,16,0.0007730890000061663,0.3086241640470322,59.19209395345784
17,17,0.0008136019999938071,0.30747743927286114,58.85895266398544
18,18,0.0008538339999972777,0.3064577065296753,58.968424070432086
19,19,0.000893693999955758,0.3055495524821703,58.67764355564388
20,20,0.0009395319999612184,0.30474049156532274,58.78161542488845
21,21,0.0010152989999596684,0.3040184826902731,58.52687289070313
22,22,0.0010632029999442238,0.3033739071449925,58.62469506104599
23,23,0.0011052719999611327,0.3027973391698111,58.400738766427985
24,24,0.0011459409999474701,0.30228137328970794,58.49217140093863
25,25,0.0011859119999826362,0.3018186158101564,58.29458135901568
26,26,0.0012261239999702411,0.3014033697441169,58.37966573894566
27,27,0.0012663339999789969,0.30102982281949386,58.20469798990932
28,28,0.0013170579999837173,0.3006935964435392,58.283663787932575
29,29,0.001357476000009683,0.3003901111643521,58.12813517431024
30,30,0.0013977060000343045,0.3001160051455528,58.20133275879401
31,31,0.0014381630000457335,0.2998676618095108,58.06252993762494
32,32,0.0014781710000306703,0.29964250276419324,58.130380864121356
33,33,0.001518126000007669,0.29943766504473207,58.0059863653371
34,34,0.0015909789999568602,0.29925117322834294,58.06894739777011
35,35,0.0016505099999903905,0.2990807555449604,57.95697877595362
36,36,0.0016961680000235901,0.29892489997081206,58.01551605859831
37,37,0.00173763200001531,0.2987817996825809,57.914275486740515
38,38,0.0017778569999791216,0.29865029818680866,57.96884635609129
39,39,0.001818924000019706,0.29852895529122875,57.87687865269146
40,40,0.001858917000049587,0.2984168867562184,57.92791921233353
41,41,0.0019007180000585322,0.2983129422792459,57.84397669690704
42,42,0.001941107000050124,0.29821644568781747,57.891893751549716
43,43,0.001981010000065453,0.298126476498611,57.81490662806771
44,44,0.0020202730000846714,0.29804251724017755,57.860072923164786
45,45,0.0020776380001166217,0.29796383007273985,57.78912414352498
46,46,0.0021718010000881804,0.2978900183589844,57.831876110560536
47,47,0.002216316000101415,0.29782048972055153,57.766179886382496
48,48,0.0022587790001011854,0.2977549393954888,57.806817273005606
49,49,0.002299612000115303,0.29769289105377267,57.745700587704164
50,50,0.002339630000165016,0.297634109732978,57.7844874768094
51,51,0.002379614000176389,0.29757821180401184,57.72737410104613
52,52,0.0024190070001850472,0.29752501532728776,57.7645409120705
53,53,0.002468626000165841,0.29747421078784103,57.71093754432315
54,54,0.002509510000152204,0.29742565655443237,57.74668367866916
55,55,0.002550149000114743,0.2973791023969187,57.696167920662674
56,56,0.0026090000001204317,0.29733443737729365,57.73066477194211
57,57,0.002648962000080246,0.2972914587027669,57.682874710175405
58,58,0.0027362810000681748,0.29725007886720867,57.71626881467152
59,59,0.0027816500000881206,0.2972101330447849,57.67089401995524
60,60,0.002822793000063939,0.2971715516798644,57.70331017494477
61,61,0.0028630960000555206,0.2971342003442937,57.660083957878825
62,62,0.0029033550000576724,0.2970980232929975,57.69162818423589
63,63,0.0029530080000768066,0.2970629104494151,57.650320961432314
64,64,0.002995470000030309,0.2970288167475515,57.68108323026902
65,65,0.0030387550000341434,0.29699565163724634,57.6414968681544
66,66,0.0030801230000747637,0.2969633783572442,57.67155354741941
67,67,0.00312152700007573,0.29693192203651453,57.63351656049647
68,68,0.0031619670000964106,0.2969012524125219,57.66293256562598
69,69,0.003201840000087941,0.29687130722825106,57.62629605574571
70,70,0.003241672000115159,0.2968420613408164,57.65512670879334
71,71,0.0032907250001130706,0.29681346266650016,57.619760941952876
72,72,0.0033337160000996846,0.2967854901243095,57.64805355701366
73,73,0.003374909000115167,0.2967580998605465,57.61384508452844
74,74,0.003415305000146418,0.29673127404078725,57.641640305015805
75,75,0.0034563140001182546,0.2967049754936025,57.608489546387815
76,76,0.003495808000081979,0.2966791889993169,57.63582246321548
77,77,0.0035358740000788202,0.29665388283498245,57.603641678302125
78,78,0.003586114000086127,0.2966290439032642,57.630542758550995
79,79,0.0036271510000460694,0.29660464494480177,57.599254346419016
80,80,0.0036669730000653544,0.2965806745985445,57.625750200692366
81,81,0.003706437000062124,0.296557109280962,57.59528527158181
82,82,0.0037460770000734556,0.2965339390627247,57.62139928578889
83,83,0.003786133000062364,0.29651114340445944,57.59169646076724
84,84,0.0038525500000332613,0.29648871356672885,57.6174493151039
85,85,0.003911863000041649,0.29646663154624053,57.58845371519827
86,86,0.003963417000022673,0.29644488960015536,57.61386381000421
87,87,0.004005725000013172,0.2964234718511182,57.585526202862205
88,88,0.004067721000012625,0.29640237139733444,57.6106100080664
89,89,0.004108908999967298,0.2963815741549325,57.58288608556308
90,90,0.004160279999950944,0.2963610739371109,57.607658427716
91,91,0.0042007149999676585,0.29634085818276196,57.58050819247146
92,92,0.004241192999984378,0.29632092131721627,57.604982490965064
93,93,0.004281660999993164,0.2963012520805736,57.57836973355459
94,94,0.004322586000000683,0.2962818454257667,57.60255819556424
95,95,0.0043631230000187315,0.296262691211804,57.57645004738445
96,96,0.004465268999979344,0.29624378484926767,57.60036382931584
97,97,0.004509296999970047,0.2962251171652226,57.574730378706704
98,98,0.004551235999997516,0.29620668396960814,57.59837972047009
99,99,0.004591948999973283,0.29618847693197703,57.57319368186784
100,100,0.004632525999966219,0.2961704922127184,57.59658801909429
101,101,0.004672070999959033,0.29615272221871464,57.57182444677854
102,102,0.0047117129999492136,0.2961351634194997,57.594972505105034
103,103,0.004777817999922718,0.2961178088706789,57.57060854457151
104,104,0.004819219999944835,0.2961006553158215,57.59351841931717
105,105,0.004859766999970816,0.2960836963841378,57.569533090509175
106,106,0.004918308000014804,0.2960669290632063,57.59221231441531
107,107,0.004959290999977384,0.29605034749177267,57.56858632203207
108,108,0.005036567999923136,0.2960339488755955,57.59104192321425
109,109,0.005079585999908431,0.2960177278079868,57.56775749012009
110,110,0.005124389999878076,0.2960016816905434,57.58999604196009
111,111,0.005183346999899641,0.2959858055237143,57.567036762379026
112,112,0.005239596999899732,0.2959700968855071,57.589064426747775
113,113,0.005283765999934076,0.29595455114235963,57.56641513646987
114,114,0.005326924999963012,0.2959391660317162,57.58823770140277
115,115,0.005386759999964852,0.29592393725012084,57.56588436267399
116,116,0.005435345999956098,0.2959088626795549,57.5875072754053
117,117,0.005482528999948499,0.29589393831522526,57.56543687453888
118,118,0.005578989999946771,0.29587916217051696,57.586865270629986
119,119,0.005623371999945448,0.29586453051162115,57.56506572668031
120,120,0.0056657939999240625,0.29585004147170446,57.586304455839695
121,121,0.00570721199989066,0.2958356915634746,57.56476453892992
122,122,0.005748533999906158,0.29582147902955686,57.58581818801312
123,123,0.005788984999924196,0.29580740060746263,57.564527446116166
124,124,0.005829461999894647,0.2957934546400762,57.58540035970672
125,125,0.0058810669999047605,0.2957796380703739,57.564349052852
126,126,0.005922135999867351,0.29576594933327427,57.58504535175391
127,127,0.0059625309998523335,0.2957523855599379,57.56422439277788
128,128,0.006003032999842617,0.2957389452699432,57.584747990694204
129,129,0.006043002999888358,0.2957256257671454,57.56414889177388
130,130,0.006083889999899839,0.2957124256491535,57.58450351040045
131,131,0.006143798999914907,0.29569934237859397,57.56411833471179
132,132,0.006205330999875969,0.2956863746251305,57.58430751743854
133,133,0.006249217999879875,0.2956735199976145,57.56412883536827
134,134,0.006290032999856976,0.29566077723236533,57.58415595975088
135,135,0.006330955999828802,0.29564814407312445,57.564176809164024
136,136,0.006371238999804518,0.2956356193179783,57.58404509830446
137,137,0.0064252209998585386,0.29562320083529714,57.564258948432325
138,138,0.00647379299982731,0.2956108874804984,57.58397148138684
139,139,0.0065138959998307655,0.29559867723727157,57.564372199954306
140,140,0.006554338999876563,0.2955865690143317,57.58393192127124
141,141,0.006593755999858786,0.2955745609022257,57.56451374452791
142,142,0.006633803999875454,0.2955626518592924,57.58392347300394
143,143,0.006733717999907185,0.2955508400752304,57.564680978363754
144,144,0.0067777829999045025,0.29553912455464965,57.58394341509606
145,145,0.0068183039998643835,0.2955275035793719,57.56487149612415
146,146,0.006859701999815115,0.29551597619721326,57.583989231926346
147,147,0.006899626999825159,0.29550454077569777,57.56508307544192
148,148,0.006939919999808808,0.295493196403041,57.58405859768358
149,149,0.006979745999842635,0.295481941526594,57.56531366277327
150,150,0.007033110999884684,0.29547077527239846,57.58414936169613
151,151,0.007074777999889648,0.295459696162248,57.565561360455376
152,152,0.007115965999901164,0.29544870335764734,57.58425953501328
153,153,0.007156309999913901,0.29543779544989224,57.56582441485263
154,154,0.007196955999916099,0.2954269716337758,57.58438727811739
155,155,0.007237568999926225,0.2954162305655573,57.566101205488465
156,156,0.0072905149999655805,0.29540557147131574,57.58453088965923
157,157,0.007333299999913834,0.29539499306809724,57.566390235070116
158,158,0.007374924999908217,0.29538449461141963,57.58468879612033
159,159,0.007415519999938169,0.2953740748752691,57.566690120323784
160,160,0.007494870999948944,0.29536373314289643,57.58485954231602
161,161,0.007539551999911964,0.2953534682416798,57.56699958356591
162,162,0.007590186999948401,0.29534327948102507,57.58504178266232
163,163,0.007632118999993054,0.2953331657384269,57.56731744494406
164,164,0.007672625999987304,0.29532312634798524,57.585234273137395
165,165,0.00771233199998278,0.29531316023428267,57.56764261528774
166,166,0.007753062000006139,0.29530326675475904,57.585435863875404
167,167,0.007793385000013586,0.2952934448782826,57.56797408951518
168,168,0.007860329000038746,0.2952836939843759,57.58564549233712
169,169,0.007906706000028407,0.2952740130835965,57.568310940547924
170,170,0.00797212800006264,0.29526440157638145,57.5858621770068
171,171,0.008019115000024613,0.29525485851257016,57.56865231368939
172,172,0.008060929999999189,0.2952453833124271,57.58608501157014
173,173,0.008101517999989483,0.29523597506283844,57.568997421428
174,174,0.008142629000019497,0.29522663320288384,57.586313159532466
175,175,0.008192124999993666,0.2952173568544191,57.569345538629356
176,176,0.008234206999986782,0.29520814547439495,57.58654584923989
177,177,0.008274672000027294,0.2951989982177051,57.56969599808519
178,178,0.008314724000058504,0.29518991455829047,57.58678236927036
179,179,0.008354945000064617,0.2951808936822836,57.57004818638973
180,180,0.008421726000108265,0.29517193507979217,57.58702206416395
181,181,0.008484854000073483,0.2951630379665113,57.57040154011718
182,182,0.008540760000073533,0.2951542018479459,57.58726433046509
183,183,0.008583698000052209,0.2951454259677895,57.57075554227613
184,184,0.00862405800006627,0.2951367098462233,57.587508613051625
185,185,0.008664045000045917,0.29512805275347914,57.57110971901899
186,186,0.008703683000021556,0.2951194542237395,57.58775440172806
187,187,0.00875504200001842,0.29511091355241015,57.57146363658641
188,188,0.008795509000037782,0.29510243028704064,57.588001228062204
189,189,0.008835335000071609,0.2950940037469351,57.571816898468754
190,190,0.008874430000105349,0.2950856334924153,57.5882486624464
191,191,0.008913729000141757,0.29507731886548894,57.57216914276773
192,192,0.008952641000121275,0.2950690594386916,57.58849631136615
193,193,0.009051835000093433,0.29506085457561537,57.57252003974317
194,194,0.009095459000093342,0.2950527038604834,57.58874381486026
195,195,0.009137617000078535,0.2950446066774236,57.57286928953098
196,196,0.009178191000103197,0.2950365626218516,57.588990844158204
197,197,0.009218849000092177,0.29502857109744657,57.57321662001967
198,198,0.009259412000119482,0.29502063171035087,57.58923709948149
199,199,0.009300806000112516,0.29501274388287013,57.57356178487358
200,200,0.00934534400010989,0.2950049072314337,57.58948230799695
201,201,0.009386832000132017,0.2949971211961054,57.5739045616923
202,202,0.009428279000132989,0.2949893854031864,57.58972622191076
203,203,0.009468456000092829,0.2949816993096819,57.574244750296266
204,204,0.009508784000104242,0.2949740625513732,57.58996861669303
205,205,0.009548430000108965,0.2949664746014377,57.57458217112964
206,206,0.009598023000137346,0.29495893510476695,57.5902092894237
207,207,0.009640922000130558,0.29495144354998654,57.57491666377195
208,208,0.009681507000095735,0.29494399959074746,57.590448057250846
209,209,0.009721511000122973,0.29493660273044164,57.57524808555092
210,210,0.00979667000012796,0.29492925263114794,57.59068475595363
211,211,0.00984276000014006,0.29492194881038114,57.57557631024938
212,212,0.009892377000142005,0.29491469093833383,57.59091923860246
213,213,0.009938589000171305,0.29490747854603655,57.57590122689961
214,214,0.009997118000171668,0.29490031131149774,57.591151374309575
215,215,0.01005669000016951,0.29489318877869064,57.576222738659204
216,216,0.010119351000128063,0.2948861106331569,57.591381047063834
217,217,0.01017200700016474,0.29487907643127065,57.576540761762715
218,218,0.010214272000155233,0.29487208586583896,57.591608154643815
219,219,0.010254953000128353,0.2948651385051246,57.576855224543955
220,220,0.01029378800012637,0.2948582340489452,57.59183260760395
221,221,0.010333073000140303,0.29485137207696777,57.57716606652415
222,222,0.01037272000013445,0.2948445522957786,57.59205432832865
223,223,0.010411373000124513,0.29483777429599023,57.57747323756142
224,224,0.010453985000140165,0.2948310377907271,57.592273250149894
225,225,0.010494725000114613,0.2948243423811132,57.57777669705763
226,226,0.010533701000099427,0.29481768778659195,57.592489316523846
227,227,0.010572456000090824,0.294811073618387,57.57807641321842
228,228,0.01061184500008494,0.2948044996020521,57.592702480262766
229,229,0.010650901000076374,0.29479796535852026,57.578372362363304
230,230,0.010719994000112365,0.2947914706192565,57.59291270281824
231,231,0.01077788500015231,0.2947850150145334,57.57866452828211
232,232,0.010834096000166937,0.2947785982815369,57.59311995361264
233,233,0.010888916000169502,0.2947722200595279,57.578952901634906
234,234,0.01093453400017097,0.2947658800912326,57.59332420941525
235,235,0.010976461000154814,0.2947595780245657,57.5792374793925
236,236,0.011030027000174414,0.2947533136076213,57.59352545376044
237,237,0.011071657000172763,0.29474708649665105,57.5795182643148
238,238,0.011112651000189544,0.29474089644495105,57.59372367640488
239,239,0.011153327000158697,0.2947347431168084,57.579795264464515
240,240,0.0111934620001648,0.294728626270564,57.59391887282129
241,241,0.011234017000219865,0.29472254557825334,57.58006849275404
242,242,0.011291548000201601,0.29471650080311085,57.59411104372653
243,243,0.011335606000216103,0.2947104916246474,57.5803379665231
244,244,0.011376856000197222,0.2947045178108466,57.59430019464135
245,245,0.011418150000224614,0.29469857904843505,57.580603707145414
246,246,0.011458176000246567,0.2946926751100069,57.5944863354802
247,247,0.011498873000277854,0.29468680568925654,57.580865739662215
248,248,0.011538942000299812,0.29468097056325665,57.59466948016887
249,249,0.011589435000303183,0.2946751694324333,57.58112409244118
250,250,0.011630311000317306,0.29466940207821046,57.59484964628819
251,251,0.011670810000339316,0.2946636682075208,57.58137879685875
252,252,0.011722623000366639,0.2946579676060178,57.595026854742144
253,253,0.01179809400036902,0.29465229998692605,57.58162988700472
254,254,0.011869765000369625,0.2946466651400115,57.595201129448824
255,255,0.011915033000320818,0.2946410627845857,57.58187739940735
256,256,0.011957327000345686,0.2946354927144151,57.59537249705269
257,257,0.011999314000377126,0.29462995465470204,57.5821213727777
258,258,0.012048991000369824,0.2946244484031057,57.59554098665676
259,259,0.012091636000377548,0.29461897369053264,57.58236184777219
260,260,0.01213473000035492,0.2946135303184308,57.59570662957352
261,261,0.012182319000316966,0.29460811802323195,57.582598866771875
262,262,0.012223469000332443,0.2946027366100736,57.59586945909324
263,263,0.012264415000345252,0.2945973858207417,57.58283247367751
264,264,0.012457184000368215,0.2945920654639673,57.59602951026862
265,265,0.012595325000347657,0.29458677528672705,57.58306271371946
266,266,0.012642287000346641,0.29458151510125347,57.59618681971477
267,267,0.01268504700038875,0.2945762846595569,57.58328963328126
268,268,0.012728553000386,0.294571083777283,57.59634142542335
269,269,0.012770167000383026,0.2945659122113258,57.58351327973618
270,270,0.012812514000358988,0.29456076978065804,57.596493366590195
271,271,0.012853229000370447,0.2945556562469143,57.583733701295806
272,272,0.012894406000384606,0.294550571432312,57.59664268345534
273,273,0.012998676000393061,0.2945455151030882,57.583950946869884
274,274,0.013061055000378019,0.29454048708462577,57.59678941715479
275,275,0.013106567000363611,0.29453548714763206,57.58416506593666
276,276,0.013148064000347404,0.29453051512057854,57.59693360958316
277,277,0.013188542000364123,0.29452557077851665,57.58437610842321
278,278,0.013228900000399335,0.2945206539529324,57.597075303266585
279,279,0.013280206000388262,0.2945157644230993,57.58458412459473
280,280,0.013321124000412965,0.29451090202344665,57.59721454124515
281,281,0.013360872000419022,0.2945060665373535,57.58478916495265
282,282,0.013400417000411835,0.2945012578021232,57.59735136696422
283,283,0.01344026200041526,0.29449647560512815,57.58499128014068
284,284,0.013479843000425262,0.29449171978647937,57.597485824174186
285,285,0.01356319800044048,0.2944869901374346,57.585190520858305
286,286,0.01360904400041818,0.29448228650084796,57.597617956837944
287,287,0.013651841000410059,0.29447760867175915,57.58538693778143
288,288,0.01369323100038855,0.29447295649570315,57.5977478090457
289,289,0.013733195000384057,0.2944683297714017,57.585580581489424
290,290,0.013772702000380832,0.2944637283470102,57.59787542493655
291,291,0.01381251900039615,0.29445915202483686,57.58577150239834
292,292,0.0138622900003611,0.29445460065559914,57.59800084862643
293,293,0.013903499000321062,0.2944500740450991,57.58595975069983
294,294,0.013945731000319483,0.29444557204656,57.598124124142075
295,295,0.01405839100027606,0.29444109446918876,57.58614537630536
296,296,0.01412024900025699,0.2944366411686594,57.59824529536037
297,297,0.014163420000272708,0.2944322119574985,57.586328428795404
298,298,0.01420470100026705,0.29442780669377794,57.59836440595303
299,299,0.014245245000267914,0.2944234251932609,57.58650895737326
300,300,0.01433143100024381,0.2944190673163656,57.598481499336
301,301,0.014375016000258256,0.2944147328820127,57.58668701082314
302,302,0.014431077000267578,0.2944104217529167,57.59859661862344
303,303,0.014472047000253951,0.29440613375107894,57.58686263747231
304,304,0.014512428000273303,0.2944018687414619,57.59870980658584
305,305,0.014552076000256875,0.29439762654907337,57.587035885157015
306,306,0.014592235000236542,0.294393407041077,57.59882110561208
307,307,0.014631917000258454,0.29438921004541546,57.58720680119175
308,308,0.014700005000293004,0.294385035431408,57.59893055767522
309,309,0.014742479000290132,0.294380883029863,57.587375432341986
310,310,0.014783624000301643,0.2943767527122111,57.599038204301515
311,311,0.014825058000269564,0.2943726443120599,57.58754182479965
312,312,0.01486457100025973,0.29436855770290826,57.599144086542765
313,313,0.014905050000265874,0.29436449272109844,57.58770602416167
314,314,0.01494481100030498,0.29436044924215576,57.5992482449515
315,315,0.014985019000334887,0.29435642710509496,57.58786807541094
316,316,0.015026631000353063,0.294352426187427,57.599350719558984
317,317,0.015067412000348668,0.29434844633077883,57.588028022899756
318,318,0.015106552000361262,0.2943444874146077,57.59945154985575
319,319,0.015146659000322416,0.29434054928309455,57.58818591033559
320,320,0.015186170000333732,0.2943366318176043,57.599550774774436
321,321,0.015226448000305481,0.29433273486481504,57.58834178076878
322,322,0.015284091000353328,0.2943288583079625,57.59964843267491
323,323,0.015343790000372337,0.29432500199616746,57.588495676582305
324,324,0.015387146000364282,0.29432116581449963,57.59974456133142
325,325,0.015429178000374577,0.2943173496144694,57.588647639483256
326,326,0.015469108000388587,0.2943135532829456,57.599839197921575
327,327,0.015510070000345877,0.2943097766737769,57.588797710496
328,328,0.01556253800038121,0.294306019675596,57.59993237901721
329,329,0.015604264000387502,0.2943022821445405,57.58894592995689
330,330,0.01564368700041996,0.2942985639709738,57.60002414057669
331,331,0.015683872000408883,0.29429486501327407,57.58909233751033
332,332,0.015723165000395056,0.2942911851635023,57.60011451793895
333,333,0.015763228000423624,0.29428752428223065,57.5892369721062
334,334,0.015847022000400557,0.294283882263186,57.600203545818715
335,335,0.015893134000407372,0.29428025896908894,57.58937987199847
336,336,0.015933991000451897,0.29427665429530114,57.600291258303145
337,337,0.015975515000491214,0.29427306810664755,57.58952107474489
338,338,0.016015027000491955,0.29426950030009447,57.600377688849626
339,339,0.016055131000484835,0.2942659507425284,57.58966061720779
340,340,0.01609436700044853,0.2942624193324905,57.60046287028461
341,341,0.01614251300043179,0.2942589059388875,57.58979853555569
342,342,0.016183812000406306,0.2942554104618066,57.600546834803545
343,343,0.016224504000376783,0.2942519327721343,57.58993486526584
344,344,0.01626379000038014,0.29424847277147564,57.60062961397167
345,345,0.016304229000411397,0.29424503033265775,57.59006964112754
346,346,0.01634297200041601,0.2942416053587762,57.60071123872567
347,347,0.0163828560004049,0.2942381977245606,57.59020289724619
348,348,0.016429374000381358,0.29423480733456986,57.60079173937616
349,349,0.016471936000357346,0.29423143406539914,57.59033466704795
350,350,0.01651229900033968,0.2942280778230446,57.60087114561078
351,351,0.016553084000292984,0.29422473848593117,57.590464983284974
352,352,0.016629669000280956,0.29422141596146656,57.60094948649809
353,353,0.016674743000294256,0.29421811012986987,57.59059387804132
354,354,0.016724504000308116,0.2942148208999357,57.60102679049183
355,355,0.016767127000321125,0.29421154815364353,57.59072138273917
356,356,0.016808517000299616,0.29420829180115005,57.601103085436065
357,357,0.016849444000285985,0.2942050517261619,57.59084752814559
358,358,0.016890173000263076,0.29420182784017407,57.60117839857042
359,359,0.01693003200023213,0.29419862002858777,57.59097234437972
360,360,0.017065553000236378,0.2941954282042132,57.60125275653606
361,361,0.0171198260002825,0.2941922522541148,57.591095860920184
362,362,0.01718430600027432,0.29418909209239485,57.60132618538197
363,363,0.01722632800027668,0.2941859476077505,57.59121810661293
364,364,0.017267356000274958,0.29418281871555363,57.6013987105715
365,365,0.017310022000287972,0.294179705306104,57.59133910967929
366,366,0.017352016000245385,0.29417660729602163,57.60147035698942
367,367,0.017392483000264747,0.29417352457717977,57.59145889772437
368,368,0.017432892000272204,0.29417045706742495,57.6015411489491
369,369,0.017472209000288785,0.2941674046601755,57.59157749774551
370,370,0.017512382000290927,0.29416436727448353,57.601611110199975
371,371,0.017564878000314366,0.29416134480528483,57.59169493614105
372,372,0.017608148000363144,0.29415833717281664,57.60168026393531
373,373,0.017649306000407705,0.2941553442735053,57.591811238719195
374,374,0.017690444000379557,0.29415236602875305,57.60174863280006
375,375,0.01773074700037114,0.2941494023364498,57.59192643070704
376,376,0.017771636000361468,0.2941464531191439,57.60181623889898
377,377,0.017811222000318594,0.2941435182761632,57.5920405367597
378,378,0.017855460000305357,0.2941405977311822,57.60188310380475
379,379,0.01789563700032204,0.29413769138494206,57.59215358096948
380,380,0.017936180000276636,0.2941347991622247,57.60194924856644
381,381,0.017975283000282616,0.2941319209651597,57.592265586875214
382,382,0.018015785000329743,0.29412905671961825,57.60201469371781
383,383,0.01805546100030142,0.2941262063290943,57.59237657747158
384,384,0.01810569600030476,0.2941233697205301,57.60207945928587
385,385,0.018147235000299133,0.29412054679876065,57.59248657521842
386,386,0.018188233000330456,0.2941177374917817,57.602143564799434
387,387,0.01823341100032394,0.29411494170574637,57.59259560205018
388,388,0.018274454000334117,0.2941121593696865,57.60220702929777
389,389,0.018314781000299263,0.2941093903910511,57.59270367938526
390,390,0.018355500000325264,0.294106634699891,57.60226987133918
391,391,0.018411853000316114,0.2941038922049292,57.59281082813539
392,392,0.018452805000322314,0.2941011628372189,57.60233210900967
393,393,0.018492674000299303,0.2940984465067357,57.592917068715
394,394,0.018532771000309367,0.2940957431455192,57.602393759931665
395,395,0.018590526000309637,0.2940930526647765,57.59302242105055
396,396,0.01863192000030267,0.2940903749975172,57.602454841272525
397,397,0.01867827800026589,0.2940877100561598,57.593126904589745
398,398,0.018720789000269633,0.2940850577746685,57.60251536975329
399,399,0.01876123600027313,0.29408241806665275,57.59323053831087
400,400,0.01880187500023567,0.294079790867016,57.60257536165721
401,401,0.018882075000249188,0.2940771760905394,57.5933333407318
402,402,0.018925930000250446,0.2940745736730505,57.60263483283829
403,403,0.018976948000272387,0.29407198353048275,57.59343532991925
404,404,0.01903621600030192,0.2940694055995731,57.60269379872979
405,405,0.01908183100027827,0.2940668397973887,57.59353652349768
406,406,0.01914187800025502,0.29406428606156115,57.60275227435268
407,407,0.019187338000278942,0.2940617443102732,57.59363693865829
408,408,0.019248871000286272,0.29405921448203703,57.60281027432401
409,409,0.019315815000254588,0.29405669649613264,57.59373659216783
410,410,0.019376271000226097,0.2940541902919387,57.60286781286517
411,411,0.01943852500022558,0.29405169578981505,57.593835500377395
412,412,0.019514527000239923,0.29404921292999353,57.602924903810184
413,413,0.019592231000217453,0.2940467416338964,57.593933679231036
414,414,0.019648072000222783,0.29404428184259473,57.602981560613806
415,415,0.01970196800021995,0.2940418334785567,57.594031144274325
416,416,0.01976999100025978,0.29403939648367966,57.60303779635955
417,417,0.019830184000284135,0.29403697078146074,57.59412791066284
418,418,0.019886289000282886,0.2940345563146108,57.60309362376773
419,419,0.019941759000289494,0.2940321530076398,57.59422399317046
420,420,0.02000270100029411,0.294029760804059,57.603149055203254
421,421,0.020063049000327737,0.2940273796293757,57.59431940619759
422,422,0.02012204400034534,0.29402500942788934,57.60320410268343
423,423,0.020181626000351116,0.2940226501260882,57.594414163779305
424,424,0.02024165700032654,0.29402030166904797,57.60325877788563
425,425,0.02031243100032043,0.2940179639842231,57.594508279593335
426,426,0.020375316000297516,0.29401563701745287,57.60331309215484
427,427,0.020436801000300875,0.29401332069714325,57.594601766967884
428,428,0.02049329800030364,0.29401101496988535,57.603367056511125
429,429,0.02056715500032169,0.2940087197650217,57.59469463888951
430,430,0.020626871000331448,0.29400643502988383,57.603420681656964
431,431,0.020685464000280263,0.2940041606947366,57.594786908010626
432,432,0.020744105000289892,0.2940018967076403,57.60347397798452
433,433,0.0208201890002897,0.29399964299976783,57.59487858665712
434,434,0.02088768300029642,0.29399739951989745,57.60352695558273
435,435,0.02094659000027832,0.293995166200096,57.594969686835654
436,436,0.021014221000314137,0.2939929429898488,57.60357962424433
437,437,0.02107570900028577,0.2939907298221033,57.59506022024104
438,438,0.021138754000332938,0.2939885266470405,57.60363199347277
439,439,0.021198215000310938,0.2939863333984754,57.59515019826327
440,440,0.021302285000331267,0.29398415002727435,57.60368407248896
441,441,0.02136672200032308,0.2939819764681064,57.59523963199462
442,442,0.021425330000283793,0.29397981267251294,57.603735870238005
443,443,0.021487030000287177,0.29397765857600444,57.595328532236515
444,444,0.02154662300029031,0.2939755141307868,57.60378739539571
445,445,0.021620488000280602,0.29397337927319933,57.59541690950631
446,446,0.02168106900029443,0.2939712539561026,57.60383865637505
447,447,0.021737748000305146,0.29396913811665215,57.59550477404393
448,448,0.021795743000325274,0.29396703170835337,57.603889661332474
449,449,0.021898265000345418,0.29396493466916607,57.595592135818386
450,450,0.021961958000360937,0.2939628469532304,57.60394041817413
451,451,0.0220221600004038,0.2939607684992987,57.595679004534254
452,452,0.022081683000408248,0.29395869926213647,57.603990934562
453,453,0.022140112000386125,0.2939566391812767,57.595765389637855
454,454,0.022202405000371073,0.2939545882121008,57.60404121791979
455,455,0.022261652000395316,0.29395254629491085,57.59585130032352
456,456,0.022319888000424726,0.293950513385695,57.604091275438925
457,457,0.0223777930004303,0.2939484894255132,57.595936745539554
458,458,0.022452645000441862,0.29394647437095145,57.604141114084214
459,459,0.02251448500044262,0.29394446816381614,57.596021733994235
460,460,0.02257329800045227,0.293942470761282,57.60419074059954
461,461,0.022632613000439505,0.2939404821058913,57.596106274161556
462,462,0.022707752000428627,0.29393850215539896,57.6042401615134
463,463,0.02276777500043181,0.2939365308530721,57.596190374286984
464,464,0.022825628000418874,0.2939345681572369,57.604289383144305
465,465,0.02288270400043757,0.2939326140118752,57.59627404239301
466,466,0.022989198000402666,0.2939306683758759,57.604338411606165
467,467,0.023052139000355965,0.2939287311939253,57.5963572862846
468,468,0.02311174400034588,0.2939268024254666,57.6043872528134
469,469,0.023187613000345664,0.2939248820158802,57.59644011355459
470,470,0.023253299000373318,0.2939229699251556,57.60443591248613
471,471,0.023315434000323876,0.2939210660993573,57.5965225315889
472,472,0.023373122000350577,0.293919170499013,57.60448439615516
473,473,0.023474095000381112,0.2939172830708614,57.59660454757168
474,474,0.023545659000376418,0.2939154037759604,57.60453270916684
475,475,0.023609447000410455,0.29391353256171365,57.596686168490336
476,476,0.023670329000424317,0.29391166938970115,57.60458085668791
477,477,0.023729109000441895,0.2939098142079819,57.596767401140426
478,478,0.023794703000476147,0.2939079669786506,57.60462884371015
479,479,0.02385330500044347,0.2939061276504119,57.59684825213055
480,480,0.023912024000424026,0.293904296185868,57.604676675055
481,481,0.023970271000450794,0.2939024725343601,57.596928727886976
482,482,0.024041465000493645,0.29390065665899,57.60472435537805
483,483,0.024102219000496916,0.29389884850972664,57.597008834658304
484,484,0.024160683000445715,0.29389704805016437,57.60477188917343
485,485,0.024221221000459536,0.29389525523089083,57.59708857851996
486,486,0.02429344000046285,0.29389347001598554,57.60481928077811
487,487,0.024351801000420892,0.2938916923566464,57.597167965378596
488,488,0.024411010000449096,0.29388992221743104,57.60486653437613
489,489,0.02446721900042803,0.29388815955013875,57.59724700097645
490,490,0.024578722000455855,0.29388640431979834,57.60491365400269
491,491,0.02465377700048066,0.2938846564788023,57.59732569089553
492,492,0.024715684000454985,0.2938829159926437,57.60496064354817
493,493,0.024775256000452828,0.29388118281429987,57.59740404056172
494,494,0.0248341040004334,0.2938794569097215,57.605007506762085
495,495,0.02489532200041822,0.2938777382324624,57.59748205524887
496,496,0.024954801000433235,0.2938760267489244,57.60505424725694
497,497,0.025021615000412112,0.2938743224132298,57.5975597400827
498,498,0.025151329000436817,0.29387262519222473,57.60510086851195
499,499,0.02521509700045499,0.2938709350405926,57.59763710004467
500,500,0.02527532400046084,0.2938692519256173,57.60514737387673
501,501,0.025345795000475846,0.293867575802535,57.59771413997575
502,502,0.025412813000514234,0.2938659066390614,57.60519376657491
503,503,0.02547379900050828,0.29386424439097814,57.59779086458008
504,504,0.025531389000491345,0.2938625890264262,57.60524004970759
505,505,0.0256395520004844,0.29386094050172507,57.59786727842859
506,506,0.02570617300051481,0.29385929878543515,57.605286226256815
507,507,0.025767319000522093,0.2938576638344061,57.5979433859625
508,508,0.025827859000571607,0.2938560356176116,57.60533229908891
509,509,0.025884804000554595,0.2938544140924246,57.59801919149677
510,510,0.025955981000549855,0.2938527992282261,57.60537827095771
511,511,0.02601377200051047,0.2938511909829051,57.59809469922345
512,512,0.026071414000455206,0.2938495893262438,57.60542414450779
513,513,0.026129778000438364,0.29384799421664015,57.598169913214925
514,514,0.026236429000448425,0.29384640562427244,57.60546992227761
515,515,0.026299254000434757,0.2938448235080404,57.598244837427146
516,516,0.02635817300040344,0.2938432478385123,57.605515606702475
517,517,0.026415343000394387,0.29384167857508303,57.598319475702766
518,518,0.02647370800036697,0.2938401156887054,57.60556120011757
519,519,0.026534568000386116,0.29383855913926277,57.59839383177413
520,520,0.026594068000406423,0.29383700889808695,57.60560670476083
521,521,0.026650912000434346,0.2938354649255432,57.59846790926633
522,522,0.026708854000446536,0.2938339271933367,57.605652122775794
523,523,0.026771930000450084,0.2938323956623081,57.59854171170007
524,524,0.0268306560004703,0.29383087030453114,57.60569745621436
525,525,0.0268864340005166,0.2938293510813149,57.59861524249446
526,526,0.026941696000506,0.29382783796509643,57.60574270703945
527,527,0.026996509000525748,0.2938263309176474,57.59868850496991
528,528,0.027050090000500404,0.2938248299117627,57.605787877127675
529,529,0.02710409600052799,0.2938233349096702,57.59876150235071
530,530,0.027159124000547763,0.2938218458845179,57.605832968271905
531,531,0.02721356600056879,0.2938203627989837,57.59883423776771
532,532,0.027285980000556265,0.2938188856265634,57.605877982183735
533,533,0.027347185000564878,0.29381741433037944,57.59890671426094
534,534,0.027405543000554644,0.29381594888427004,57.60592292049596
535,535,0.027473362000591806,0.29381448925179604,57.59897893478204
536,536,0.027536358000588734,0.29381303540713405,57.605967784764935
537,537,0.02759021400055417,0.2938115873142769,57.59905090219677
538,538,0.02765198800051394,0.2938101449477346,57.60601257647293
539,539,0.027712516000519827,0.29380870827192684,57.599122619287414
540,540,0.027781705000506918,0.293807277261692,57.60605729703032
541,541,0.027837815000509636,0.2938058518818708,57.59919408875502
542,542,0.027894451000463505,0.29380443210762575,57.60610194777789
543,543,0.027937623000468648,0.2938030179042128,57.5992653132218
544,544,0.027979398000468336,0.2938016092471138,57.60614652998892
545,545,0.028034049000495997,0.29380020610199464,57.59933629523325
546,546,0.028075669000543257,0.29379880844465234,57.606191044871316
547,547,0.02811698300052967,0.29379741624115707,57.599407037260356
548,548,0.028183231000525666,0.29379602946761624,57.60623549356963
549,549,0.028239338000503267,0.29379464809049927,57.59947754170172
550,550,0.02830432100051894,0.29379327208621986,57.60627987716706
551,551,0.028361754000513884,0.29379190142164124,57.59954781088557
552,552,0.02841833400049154,0.2937905360734788,57.606324196687446
553,553,0.02847472300049958,0.2937891760089846,57.599617847071805
554,554,0.02854351000053157,0.2937878212051718,57.606368453097055
555,555,0.028604364000557325,0.2937864716296758,57.59968765245396
556,556,0.028664000000560463,0.2937851272598035,57.60641264730652
557,557,0.02872196100054225,0.2937837880635688,57.59975722916104
558,558,0.02882133800056863,0.2937824540185679,57.606456780172614
559,559,0.028882439000540217,0.2937811250931885,57.599826579259506
560,560,0.028939968000543104,0.2937798012653119,57.60650085249998
561,561,0.028996708000590843,0.2937784825036947,57.59989570475496
562,562,0.02905264600059354,0.2937771687864997,57.60654486504285
563,563,0.02912207700057934,0.29377586008284723,57.599964607593954
564,564,0.029178172000570157,0.2937745563711777,57.6065888185067
565,565,0.029237157000522984,0.29377325762097056,57.60003328966578
566,566,0.02929570400050352,0.29377196381093995,57.60663271354988
567,567,0.029397065000523526,0.29377067491091974,57.60010175280404
568,568,0.029457654000566436,0.29376939089989396,57.60667655078519
569,569,0.029514253000570534,0.2937681117480464,57.60016999878835
570,570,0.029631840000547527,0.29376683743462717,57.6067203307814
571,571,0.029701407000573,0.29376556793016523,57.60023802934592
572,572,0.02975962600061166,0.29376430321417357,57.606764054064755
573,573,0.029817320000631753,0.2937630432575218,57.600305846153056
574,574,0.02986979300061421,0.2937617880399816,57.60680772112042
575,575,0.029969011000616774,0.2937605375327592,57.60037345083675
576,576,0.030050977000598778,0.29375929171588167,57.60685133239391
577,577,0.030116625000630393,0.2937580505608871,57.600440844976134
578,578,0.03017499600065321,0.2937568140480545,57.60689488829245
579,579,0.03023097300064137,0.2937555821492498,57.60050803010386
580,580,0.03029035000059821,0.293754354845,57.60693838918633
581,581,0.030347378000612935,0.293753132107495,57.60057500770754
582,582,0.03040429800057609,0.2937519139175066,57.606981835410224
583,583,0.030459735000533783,0.293750700247544,57.60064177923111
584,584,0.030526245000487506,0.2937494910786206,57.607025227264415
585,585,0.030591514000491316,0.2937482863835611,57.60070834607614
586,586,0.03065795100047808,0.2937470861436169,57.60706856501607
587,587,0.030715365000503425,0.2937458903319241,57.60077470960314
588,588,0.030790922000505816,0.293744698929969,57.60711184890043
589,589,0.03085689300047534,0.2937435119111952,57.60084087113279
590,590,0.03091538700050478,0.29374232925732047,57.60715507912199
591,591,0.03097347400051831,0.2937411509420918,57.600906831947185
592,592,0.031070616000477003,0.2937399769474558,57.607198255855586
593,593,0.031128298000510313,0.29373880724745877,57.60097259329102
594,594,0.03118423800049186,0.29373764182427287,57.6072413792476
595,595,0.031228587000498464,0.2937364806522402,57.60103815637276
596,596,0.031270482000536504,0.2937353237137549,57.60728444941692
597,597,0.031325011000546965,0.2937341709834513,57.60110352236575
598,598,0.031401326000548124,0.29373302244394295,57.60732746645611
599,599,0.03145701400052303,0.2937318780701522,57.6011686924093
600,600,0.031538974000511644,0.2937307378449091,57.60737043043229
601,601,0.03164172400050802,0.2937296017434207,57.601233667609804
602,602,0.031701497000483414,0.29372846974873024,57.607413341388224
603,603,0.031756438000513754,0.29372734183632565,57.60129844904174
604,604,0.0318450860004873,0.2937262179894609,57.60745619934326
605,605,0.03190388700051017,0.29372509818390147,57.601363037748705
606,606,0.03196410300051866,0.29372398240310854,57.60749900429426
607,607,0.032021322000503005,0.29372287062312197,57.60142743474436
608,608,0.03207815300049788,0.2937217628276074,57.60754175621647
609,609,0.03213447000052838,0.29372065899287525,57.60149164101343
610,610,0.03219910300049378,0.29371955910279346,57.60758445506448
611,611,0.032256926000513886,0.2937184631339394,57.60155565751264
612,612,0.032313023000483554,0.29371737107038026,57.607627100773
613,613,0.032367586000532356,0.29371628288895707,57.601619485171554
614,614,0.03242224400048599,0.29371519857393363,57.60766969325775
615,615,0.032479667000473,0.29371411810241155,57.601683124893576
616,616,0.03253977300045108,0.29371304145884836,57.60771223241623
617,617,0.03259565600046699,0.29371196862060306,57.60174657755667
618,618,0.032692355000449425,0.2937108995723244,57.607754718128554
619,619,0.03275395800045544,0.29370983429162517,57.60180984401431
620,620,0.03281337800046913,0.293708772763343,57.60779715025815
621,621,0.03286764900047956,0.2937077149653417,57.60187292509622
622,622,0.03292570800050498,0.2937066608826445,57.60783952865254
623,623,0.03299251600049047,0.2937056104933633,57.601935821609196
624,624,0.033034898000494195,0.29370456378270504,57.60788185314407
625,625,0.033075785000505675,0.2937035207290258,57.601998534337845
626,626,0.03311840700052926,0.2937024813177141,57.60792412355057
627,627,0.03316058000052635,0.2937014455273673,57.60206106404537
628,628,0.03320200000052864,0.29370041334355285,57.60796633967604
629,629,0.03325959700049452,0.29369938474510665,57.602123411474274
630,630,0.033303487000523546,0.29369835971777214,57.60800850131136
631,631,0.033364015000529434,0.2936973382406212,57.60218557734702
632,632,0.033407511000575596,0.2936963202995712,57.608050608234834
633,633,0.03344859200058181,0.2936953058739266,57.602247562366834
634,634,0.03348903700060646,0.29369429494977634,57.608092660212904
635,635,0.03362055400060626,0.2936932875066547,57.602309367218204
636,636,0.033664301000612795,0.29369228353082,57.60813465700069
637,637,0.0337058200005913,0.2936912830020335,57.60237099256769
638,638,0.03374711100059358,0.29369028590672047,57.60817659834258
639,639,0.03378743800055872,0.2936892922248665,57.602432439064444
640,640,0.03384247400055074,0.2936883019430615,57.608218483972806
641,641,0.03389069500053665,0.2936873150415126,57.60249370734087
642,642,0.03394931700051984,0.29368633150697226,57.60826031361602
643,643,0.03406503300055874,0.2936853513198662,57.602554798013166
644,644,0.034139788000572935,0.29368437446710743,57.60830208698775
645,645,0.03420348800057127,0.2936834009293377,57.602615711681985
646,646,0.03426947100058442,0.29368243069362826,57.60834380379499
647,647,0.034332018000554854,0.29368146374083415,57.602676448932904
648,648,0.034401604000549924,0.2936805000581829,57.608385463736646
649,649,0.03447139400054766,0.29367953962674026,57.60273701033703
650,650,0.03452890000056641,0.29367858243388784,57.60842706650405
651,651,0.03457616500054428,0.2936776284608995,57.602797396451486
652,652,0.03463033900055734,0.293676677695309,57.608468611781426
653,653,0.034672732000558426,0.2936757301185956,57.602857607819935
654,654,0.034714125000562035,0.2936747857184434,57.60851009924632
655,655,0.03475584600056436,0.29367384447653466,57.60291764497312
656,656,0.034796568000558636,0.29367290638070137,57.60855152857007
657,657,0.03483720000053836,0.2936719714128264,57.60297750842926
658,658,0.03490009200049826,0.293671039560888,57.60859289941819
659,659,0.03497133800050278,0.2936701108069673,57.603037198694594
660,660,0.03503481500047201,0.2936691851391864,57.60863421145084
661,661,0.03509220700050264,0.29366826253982214,57.60309671626379
662,662,0.03513463800049976,0.29366734299713915,57.60867546432317
663,663,0.035178297000527436,0.29366642649360764,57.60315606162041
664,664,0.035220108000544315,0.2936655130176323,57.60871665768574
665,665,0.03526180500057308,0.29366460255187454,57.60321523523733
666,666,0.03530215900059375,0.2936636950848778,57.60875779118484
667,667,0.03534304800064092,0.29366279059949174,57.60327423757716
668,668,0.03538353200065103,0.29366188908439667,57.60879886446295
669,669,0.03543406100067159,0.29366099052262884,57.603333069092635
670,670,0.03548962100069275,0.2936600949030034,57.60883987715897
671,671,0.0355321260007031,0.2936592022087404,57.603391730226996
672,672,0.0355740940007081,0.29365831242878837,57.60888082890868
673,673,0.03561570300070116,0.2936574255465495,57.6034502214144
674,674,0.035657428000661184,0.2936565415511033,57.60892171934494
675,675,0.0357097090006846,0.29365566042603203,57.60350854308026
676,676,0.03575219500072535,0.2936547821605446,57.608962548098084
677,677,0.03579350600074349,0.29365390673840075,57.60356669564162
678,678,0.03583456600074442,0.2936530341489375,57.60900331479623
679,679,0.0358755450007493,0.2936521643760901,57.60362467950747
680,680,0.03591558300075803,0.2936512974093217,57.609044019065536
681,681,0.035990155000718005,0.29365043323274076,57.60368249507912
682,682,0.036048983000739554,0.2936495718359352,57.60908466053048
683,683,0.03610348000074737,0.29364871320318475,57.603740142750496
684,684,0.036146716000757806,0.2936478573242002,57.609125238814165
685,685,0.036196145000758406,0.29364700418343037,57.60379762290845
686,686,0.036248532000797695,0.2936461537707075,57.6091657535386
687,687,0.03629644700077961,0.2936453060706477,57.603854935933086
688,688,0.0363377110007832,0.2936444610732028,57.60920620432488
689,689,0.03637838400078408,0.293643618763154,57.60391208219802
690,690,0.03641906000081008,0.2936427791305717,57.60924659079349
691,691,0.03645934400077522,0.2936419421603998,57.60396906207072
692,692,0.03654480700078011,0.2936411078428256,57.60928691256455
693,693,0.03658925100074839,0.29364027616295457,57.604025875912725
694,694,0.03663113500073223,0.29363944711108847,57.609327169257995
695,695,0.036672067000722564,0.29363862067249247,57.604082524079935
696,696,0.036712918000716854,0.29363779683758207,57.60936736049384
697,697,0.03677566700071111,0.29363697559177954,57.60413900692287
698,698,0.036816576000717305,0.2936361569256128,57.60940748589238
699,699,0.0368606400007252,0.2936353408246594,57.604195324786936
700,700,0.036901956000747305,0.2936345272795583,57.609447545074374
701,701,0.03694242000074155,0.2936337162760406,57.604251478012635
702,702,0.036982974000750346,0.29363290780485435,57.609487537661266
703,703,0.03702315300074588,0.2936321018518828,57.6043074669358
704,704,0.037063514000749365,0.2936312984079817,57.609527463275356
705,705,0.03711713800078087,0.29363049745918435,57.60436329188787
706,706,0.037173169000823236,0.2936296989964529,57.609567321540005
707,707,0.03721677400085355,0.29362890300596906,57.60441895319605
708,708,0.037258186000826754,0.29362810947879997,57.60960711207979
709,709,0.037298844000815734,0.293627318401274,57.604474451183556
710,710,0.03733968600079152,0.29362652976456194,57.60964683452067
711,711,0.03738058800075805,0.2936257435551368,57.6045297861698
712,712,0.03742336900074861,0.2936249597642719,57.609686488490176
713,713,0.03746388300072567,0.2936241783785833,57.60458495847061
714,714,0.03750490200070544,0.2936233993894454,57.609726073617516
715,715,0.037545633000718226,0.29362262278361567,57.6046399683984
716,716,0.03758587800075475,0.29362184855256834,57.60976558953379
717,717,0.03762627300073973,0.2936210766832004,57.60469481626239
718,718,0.03767741300077887,0.2936203071670846,57.60980503587204
719,719,0.03772146000073917,0.2936195399912561,57.60474950236869
720,720,0.037763305000737546,0.29361877514738494,57.60984441226751
721,721,0.037804495000784755,0.29361801262264253,57.60480402702061
722,722,0.03785081800077705,0.2936172524087949,57.609883718357665
723,723,0.03790500100075178,0.2936164944931485,57.60485839051874
724,724,0.03796343600072305,0.2936157388675638,57.609922953782366
725,725,0.038006618000736125,0.2936149855194809,57.60491259316109
726,726,0.03804793500069081,0.2936142344408535,57.60996211818397
727,727,0.03810178400067343,0.2936134856192532,57.60496663524333
728,728,0.03814822500066839,0.2936127390467265,57.6100012112075
729,729,0.038200121000670606,0.29361199471097504,57.60502051705884
730,730,0.03824277600062942,0.29361125260413623,57.61004023250068
731,731,0.03828407500066078,0.29361051271404043,57.60507423889893
732,732,0.03832478300068942,0.29360977503291524,57.61007918171408
733,733,0.038407626000662276,0.29360903954871787,57.60512780105295
734,734,0.03845116300067275,0.29360830625376483,57.6101180585012
735,735,0.0385024380007053,0.293607575136139,57.60518120380843
736,736,0.03854378200071551,0.2936068461882445,57.610156862518586
737,737,0.03858525400073631,0.29360611939828873,57.605234447451174
738,738,0.0386256880007636,0.2936053947587619,57.61019559342591
739,739,0.03866595800076311,0.2936046722579944,57.60528753226544
740,740,0.03870723400075349,0.29360395188856203,57.61023425088603
741,741,0.038757718000795194,0.29360323363891616,57.60534045853404
742,742,0.03880107200080829,0.29360251750171723,57.61027283456511
743,743,0.03884218000081319,0.29360180346553655,57.60539322653842
744,744,0.03888326300079825,0.2936010915231175,57.610311344132676
745,745,0.03892365200078984,0.29360038166315017,57.6054458365588
746,746,0.03896607300077903,0.29359967387846025,57.61034977926172
747,747,0.03900817400079859,0.29359896815785497,57.6054982888743
748,748,0.03905818400079397,0.2935982644942411,57.6103881396287
749,749,0.039100483000822805,0.2935975628765415,57.605550583763005
750,750,0.03914147100078935,0.29359686329774337,57.61042642491369
751,751,0.03918254500081275,0.293596165746884,57.60560272150206
752,752,0.03922363400084805,0.2935954702170297,57.61046463480039
753,753,0.039264371000854226,0.2935947766973308,57.605654702367815
754,754,0.03933068700087006,0.29359408518093166,57.61050276897619
755,755,0.0393892730008929,0.2935933956570947,57.60570652663586
756,756,0.03944187600092164,0.2935927081190415,57.61054082713226
757,757,0.03948366100092926,0.2935920225561447,57.60575819458115
758,758,0.039524503000961886,0.2935913389617021,57.61057880896353
759,759,0.039565285000946915,0.2935906573251958,57.60580970647804
760,760,0.03960559100090677,0.29358997763999867,57.61061671416882
761,761,0.03965891100091312,0.29358929989570093,57.60586106260043
762,762,0.0397012460009023,0.29358862408574954,57.610654542450845
763,763,0.03974290400088876,0.2935879501998415,57.60591226322179
764,764,0.039783937000891,0.29358727823149744,57.610692293516244
765,765,0.03982452600092756,0.2935866081705196,57.60596330861526
766,766,0.039923797000938066,0.2935859400105009,57.61072996707565
767,767,0.03997478700091506,0.29358527374134813,57.6060141990537
768,768,0.04001814800091097,0.29358460935672576,57.61076756284371
769,769,0.04006015400091201,0.29358394684664363,57.60606493480979
770,770,0.040101218000927474,0.29358328620483676,57.61080508053912
771,771,0.04014212400090855,0.29358262742141683,57.606115516156045
772,772,0.04018238200092128,0.29358197049018875,57.61084251988467
773,773,0.040232129000912664,0.29358131540136495,57.60616594336492
774,774,0.0402729200009162,0.29358066214881934,57.61087988060725
775,775,0.040313571000922366,0.29358001072286377,57.606216216708845
776,776,0.04035818900092636,0.29357936111744004,57.61091716243789
777,777,0.04041555200092262,0.2935787133229587,57.6062663364603
778,778,0.040459501000896125,0.29357806733342867,57.61095436511178
779,779,0.040509314000871655,0.2935774231393579,57.606316302891834
780,780,0.04055225900088999,0.29357678073482146,57.61099148836828
781,781,0.04059345800089886,0.2935761401104236,57.60636611627616
782,782,0.04063472200090246,0.29357550126030496,57.61102853195099
783,783,0.04068537400092964,0.29357486417516476,57.606415776886166
784,784,0.040728732000900436,0.2935742288492084,57.611065495607676
785,785,0.04077210800090825,0.2935735952732294,57.60646528499498
786,786,0.04081293100085759,0.2935729634414967,57.6111023790904
787,787,0.04085361800088094,0.29357233334489696,57.606514640876014
788,788,0.04089454000092019,0.29357170497776214,57.61113918215539
789,789,0.04095584500089444,0.2935710783310708,57.606563844803
790,790,0.04102942500088602,0.2935704533992173,57.6111759045632
791,791,0.04107476700085044,0.2935698301732711,57.606612897050006
792,792,0.041156624000848296,0.2935692086476881,57.61121254607864
793,793,0.041199121000829564,0.2935685888136273,57.606661797891526
794,794,0.041240163000850316,0.29356797066560575,57.61124910647076
795,795,0.04128068800088158,0.29356735419487134,57.60671054760249
796,796,0.041321509000852075,0.2935667393960007,57.6112855855129
797,797,0.041364165000857156,0.29356612626032996,57.60675914645826
798,798,0.041404754000836874,0.2935655147824947,57.61132198298271
799,799,0.04144486200078745,0.2935649049539181,57.60680759473471
800,800,0.04148525300075789,0.29356429676929435,57.61135829866208
801,801,0.04152525500074944,0.2935636902201324,57.60685589270824
802,802,0.041565389000709274,0.2935630853011842,57.611394532337236
803,803,0.04162046900069072,0.2935624820040435,57.60690404065583
804,804,0.041678296000668524,0.29356188032351954,57.61143068379862
805,805,0.04172085000067227,0.2935612802512901,57.606952038854985
806,806,0.041761855000629566,0.2935606817822206,57.61146675284103
807,807,0.04180254200065292,0.29356008490807184,57.60699988758384
808,808,0.041842683000652414,0.29355948962376505,57.611502739263486
809,809,0.04188265800064528,0.2935588959211431,57.60704758712118
810,810,0.04192456000066613,0.293558303795182,57.611538642869284
811,811,0.0419651810006485,0.29355771323780616,57.60709513774639
812,812,0.04200581400067449,0.2935571242440457,57.61157446346602
813,813,0.04204600600070307,0.29355653680590527,57.607142539739556
814,814,0.04208629900068672,0.29355595091846864,57.61161020086551
815,815,0.042126213000642565,0.29355536657381986,57.607189793381444
816,816,0.042175312000608756,0.29355478376709565,57.61164585488383
817,817,0.042218115000594025,0.29355420249045866,57.60723689895349
818,818,0.04225959900060161,0.29355362273909796,57.611681425341295
819,819,0.042300670000599894,0.2935530445052536,57.607283856737894
820,820,0.04234072800056765,0.29355246778416644,57.611716912062434
821,821,0.04240450100058979,0.29355189256815334,57.60733066701756
822,822,0.04245628000057877,0.2935513188525062,57.611752314876014
823,823,0.04249861500056795,0.29355074662961766,57.60737733007614
824,824,0.04253904900059524,0.2935501758948302,57.611787633614966
825,825,0.04257954200056702,0.29354960664061147,57.60742384619803
826,826,0.04261980900054141,0.29354903886235373,57.61182286811643
827,827,0.04265967600053955,0.29354847255259897,57.60747021566843
828,828,0.042731445000526946,0.2935479077067884,57.6118580182217
829,829,0.042776559000515135,0.29354734431753743,57.60751643877327
830,830,0.04281936100051098,0.2935467823803361,57.611893083776245
831,831,0.04286116800051332,0.29354622188787244,57.60756251579928
832,832,0.04290182100049833,0.2935456628356843,57.611928064629645
833,833,0.04295051200051603,0.29354510521653143,57.607608447033996
834,834,0.04299340100055815,0.29354454902599936,57.61196296063558
835,835,0.04304414700055759,0.29354399425691863,57.60765423276574
836,836,0.04308431800058088,0.2935434409049216,57.611997771651886
837,837,0.043123306000552475,0.2935428889629092,57.607699873283636
838,838,0.043162575000565084,0.29354233842655986,57.61203249754044
839,839,0.04320150700056047,0.2935417892888441,57.60774536887761
840,840,0.0432402080005545,0.293541241545486,57.61206713816714
841,841,0.04330796800053349,0.29354069518952464,57.6077907198384
842,842,0.043350251000561,0.2935401502167295,57.612101693401996
843,843,0.043390768000563185,0.2935396066202074,57.60783592645758
844,844,0.043430570000566604,0.2935390643957724,57.612136163118976
845,845,0.04346950600057653,0.29353852353659843,57.60788098902751
846,846,0.04350877900054684,0.2935379840385439,57.61217054719605
847,847,0.043548995000548985,0.29353744589484904,57.60792590784136
848,848,0.04358829300059597,0.29353690910141567,57.61220484551518
849,849,0.04362963700060618,0.2935363736515498,57.607970683193166
850,850,0.04366965700063474,0.29353583954119616,57.61223905796224
851,851,0.04370858900063013,0.29353530676372597,57.60801531537773
852,852,0.043747967000626886,0.2935347753151263,57.612273184427025
853,853,0.04378703900061964,0.29353424518883264,57.60805980469066
854,854,0.043825924000657324,0.29353371638087405,57.61230722480326
855,855,0.04387462100066841,0.2935331888847494,57.60810415142845
856,856,0.04393165700065538,0.2935326626965296,57.6123411789885
857,857,0.04397368500065113,0.2935321378097762,57.608148355888304
858,858,0.044014027000628175,0.293531614220601,57.612375046884154
859,859,0.04405337000065401,0.2935310919226278,57.60819241836831
860,860,0.04409298500064551,0.2935305709120089,57.61240882839547
861,861,0.04413205100064488,0.2935300511824296,57.60823633916733
862,862,0.044181827000613794,0.2935295327300822,57.61244252343146
863,863,0.04422211300055778,0.2935290155487127,57.60828011858503
864,864,0.04426146300056644,0.29352849963455296,57.61247613190492
865,865,0.04430082800058699,0.2935279849814094,57.60832375692185
866,866,0.04434026400059565,0.29352747158555287,57.61250965373235
867,867,0.04437910700056591,0.2935269594408489,57.608367254479035
868,868,0.04446500800059994,0.2935264485436071,57.612543088833995
869,869,0.04450851800061173,0.29352593888775214,57.60841061155862
870,870,0.044549125000628464,0.29352543046963153,57.61257643713375
871,871,0.04458855500064374,0.2935249232832282,57.60845382846341
872,872,0.0446280250006339,0.29352441732492723,57.61260969855919
873,873,0.04466739800062669,0.2935239125887693,57.60849690549696
874,874,0.04470649100062474,0.29352340907117663,57.61264287304149
875,875,0.044745139000610834,0.2935229067662468,57.608539842963616
876,876,0.0447855420006249,0.29352240567043897,57.612675960515425
877,877,0.04482475800062957,0.29352190577790693,57.60858264116846
878,878,0.0448639810006739,0.29352140708514607,57.61270896091934
879,879,0.04490294700070763,0.2935209095863662,57.608625300417316
880,880,0.04494166600073868,0.2935204132780986,57.61274187419511
881,881,0.04498050400076181,0.2935199181546078,57.60866782101677
882,882,0.0450280780007688,0.29351942421246097,57.61277470028811
883,883,0.045068966000769706,0.29351893144597707,57.608710203274086
884,884,0.045108908000713654,0.2935184398517584,57.61280743914718
885,885,0.04514795700072227,0.29351794942417775,57.60875244749731
886,886,0.04518739400072036,0.29351746015987207,57.61284009072465
887,887,0.04523245000075349,0.2935169720532675,57.60879455399515
888,888,0.04527327400080594,0.2935164851010354,57.612872654976215
889,889,0.04531496900079901,0.2935159992976546,57.60883652307704
890,890,0.04535483100079318,0.29351551463983017,57.61290513186097
891,891,0.04539361300078326,0.29351503112209326,57.608878355053086
892,892,0.045432625000785265,0.2935145487411825,57.61293752134138
893,893,0.04547074800075279,0.29351406749168063,57.60892005023407
894,894,0.04552997700074002,0.29351358737035915,57.6129698233832
895,895,0.045577795000724564,0.293513108371852,57.60896160893149
896,896,0.045619626000700464,0.29351263049296344,57.61300203795551
897,897,0.04565962600065632,0.29351215372837797,57.609003031457426
898,898,0.045698828000638514,0.29351167807493195,57.613034165030626
899,899,0.04573763800067354,0.29351120352736,57.60904431812465
900,900,0.045777030000692776,0.2935107300825305,57.61306620458411
901,901,0.045815986000661724,0.2935102577352273,57.60908546924658
902,902,0.04586357100066607,0.29350978648235043,57.61309815659471
903,903,0.04590311300069061,0.2935093163187327,57.609126485137224
904,904,0.04594230400073229,0.2935088472413053,57.61313002104435
905,905,0.04598111200073163,0.2935083792449494,57.60916736611122
906,906,0.04602007100072569,0.293507912326627,57.61316179791808
907,907,0.04605958000075816,0.29350744648126725,57.609208112483806
908,908,0.04609988800075371,0.2935069817058625,57.61319348720409
909,909,0.0461574940007381,0.29350651799538924,57.6092487245708
910,910,0.04620789800071634,0.29350605534687,57.61322508889357
911,911,0.04624915800070539,0.2935055937553282,57.60928920268859
912,912,0.0462898940006653,0.29350513321781607,57.61325660298085
913,913,0.046329953000679325,0.29350467372940325,57.60932954715414
914,914,0.04637074000066832,0.2935042152871715,57.61328802946319
915,915,0.046410669000692906,0.2935037578862364,57.60936975828497
916,916,0.04645355700068876,0.2935033015237087,57.61331936834087
917,917,0.04649398200069754,0.2935028461947493,57.60940983639911
918,918,0.04653390200070362,0.2935023918964977,57.6133506196171
919,919,0.04657360500073082,0.2935019386241598,57.609449781815144
920,920,0.04661407300073961,0.2935014863749034,57.613381783298024
921,921,0.0466538350007113,0.29350103514397896,57.60948959485216
922,922,0.046702238000705165,0.2935005849285822,57.613412859392675
923,923,0.04675416400073118,0.29350013572400746,57.609529275829736
924,924,0.04679623400073751,0.2934996875274784,57.61344384791291
925,925,0.04683663600070531,0.2934992403343329,57.60956882506793
926,926,0.04687726700069561,0.2934987941418218,57.61347474887345
927,927,0.04691768200069646,0.293498348945326,57.60960824288731
928,928,0.04695826000073566,0.29349790474212367,57.613505562291785
929,929,0.04700066500072353,0.29349746152763834,57.60964752960885
930,930,0.0470411110007376,0.29349701929917466,57.613536288188165
931,931,0.047081059000731784,0.2934965780521984,57.60968668555401
932,932,0.04712140100070883,0.2934961377840407,57.613566926585605
933,933,0.04716154200070832,0.2934956984902091,57.609725711044675
934,934,0.04720144300068796,0.293495260168061,57.613597477509764
935,935,0.04725015400066468,0.2934948228131449,57.60976460640315
936,936,0.04729358200063416,0.29349438642284426,57.61362794098902
937,937,0.04733534300066822,0.29349395099274833,57.609803371952125
938,938,0.047375897000677014,0.29349351652026623,57.613658317054366
939,939,0.04745156600068867,0.29349308300102755,57.609842008014716
940,940,0.04749612800065961,0.2934926504324666,57.61368860573942
941,941,0.04754693600062865,0.293492218810253,57.60988051491439
942,942,0.047589975000619233,0.2934917881318461,57.61371880708035
943,943,0.047631775000638754,0.2934913583929551,57.609918892975
944,944,0.047673411000630495,0.29349092959106393,57.613748921115906
945,945,0.04771350200064717,0.29349050172192104,57.609957142520756
946,946,0.04775328900063869,0.29349007478303474,57.613778947887326
947,947,0.04783789000066463,0.293489648770192,57.609995263876186
948,948,0.04788201700063155,0.2934892236809256,57.61380888743836
949,949,0.04792401600059293,0.29348879951106077,57.61003325736615
950,950,0.04796543200058068,0.29348837625815394,57.6138387398152
951,951,0.04800628500055382,0.2934879539180684,57.61007112331583
952,952,0.0480472490005468,0.2934875324883842,57.61386850506649
953,953,0.048087891000534455,0.29348711196500216,57.61010886205071
954,954,0.04813743200054432,0.2934866923455256,57.61389818324323
955,955,0.04817869500055849,0.2934862736258924,57.61014647389654
956,956,0.04821912800053951,0.29348585580372916,57.61392777439882
957,957,0.04825924800053372,0.29348543887501044,57.61018395917936
958,958,0.04829968100051474,0.29348502283738553,57.61395727858899
959,959,0.04833987300054332,0.29348460768686535,57.61022131822547
960,960,0.048403296000515184,0.2934841934211218,57.613986695871795
961,961,0.048466271000563665,0.29348378003620174,57.6102585513614
962,962,0.048513106000541484,0.2934833675297995,57.614016026307546
963,963,0.048554590000492226,0.29348295589799744,57.610295658913934
964,964,0.048595355000486506,0.2934825451385119,57.61404526995882
965,965,0.04863578600048868,0.29348213524746064,57.61033264121005
966,966,0.04867698400050813,0.2934817262225815,57.61407442689043
967,967,0.04872842700052615,0.2934813180600273,57.610369498576965
968,968,0.048769360000562756,0.2934809107575575,57.61410349716936
969,969,0.04880945000053316,0.29348050431135936,57.61040623134204
970,970,0.048849402000541886,0.2934800987192136,57.614132480864775
971,971,0.048889416000520214,0.2934796939773416,57.610442839832885
972,972,0.048929847000522386,0.2934792900835453,57.614161378047974
973,973,0.04903048600050397,0.29347888703407976,57.61047932437721
974,974,0.04907750900048313,0.29347848482676775,57.614190188792364
975,975,0.04912004900052125,0.29347808345789794,57.610515685302914
976,976,0.0491624770005501,0.2934776829253135,57.61421891317344
977,977,0.04920345200054044,0.29347728322533617,57.61055192293804
978,978,0.04924430900052812,0.29347688435582986,57.61424755126875
979,979,0.04928448600048796,0.2934764863131486,57.61058803761076
980,980,0.049327989000516936,0.2934760890951767,57.61427610315787
981,981,0.049368353000488696,0.29347569269830076,57.61062402964933
982,982,0.04940887900050939,0.2934752971204246,57.61430456892237
983,983,0.04944859300053395,0.29347490235796714,57.61065989938215
984,984,0.04960693900051183,0.2934745084088519,57.6143329486458
985,985,0.04965735200050858,0.2934741152695298,57.61069564713769
986,986,0.04970086400049922,0.2934737229379435,57.61436124241365
987,987,0.04974178700047105,0.2934733314105752,57.61073127324449
988,988,0.04978263200047195,0.29347294068538726,57.61438945031334
989,989,0.04983032800049614,0.2934725507588928,57.61076677803119
990,990,0.04988330500049187,0.29347216162907314,57.61441757243416
991,991,0.04992492000053517,0.2934717732924724,57.610802161826456
992,992,0.04996629100054406,0.29347138574709064,57.614445608867285
993,993,0.050006167000503865,0.2934709989895024,57.610837424958994
994,994,0.050046809000548365,0.2934706130177265,57.61447355970573
995,995,0.050086195000517364,0.29347022782836746,57.61087256775756
996,996,0.050153942000520146,0.2934698434194626,57.61450142504431
997,997,0.05019854300053339,0.2934694597876463,57.610907590550894
998,998,0.05024057400055426,0.29346907693097424,57.61452920497964
999,999,0.05028089900054056,0.29346869484611027,57.61094249366779
1000,1000,0.05032156500055862,0.29346831353112796,57.614556899610086
1001,1001,0.05036138000059509,0.29346793298272056,57.61097727743699
1002,1002,0.05040228800061186,0.29346755319897944,57.61458450903576
1003,1003,0.05044190100062451,0.29346717417662677,57.61101194218725
1004,1004,0.050491147000627734,0.29346679591377145,57.61461203335848
1005,1005,0.05053158500061272,0.2934664184071646,57.61104648824726
1006,1006,0.050572138000632094,0.29346604165493223,57.61463947268175
1007,1007,0.05061194900059718,0.29346566565385396,57.61108091594571
1008,1008,0.050652146000572884,0.2934652904020732,57.61466682711076
1009,1009,0.05069159600054718,0.29346491589639734,57.61111522561123
1010,1010,0.05075793000054318,0.2934645421349871,57.614694096752295
1011,1011,0.0508157660005395,0.29346416911467765,57.611149417572356
1012,1012,0.0508607180005356,0.29346379683364626,57.61472128171478
1013,1013,0.05090182900056561,0.293463425288756,57.61118349215757
1014,1014,0.05094282800058636,0.29346305447820076,57.61474838210821
1015,1015,0.05098259600060828,0.29346268439887063,57.61121744969526
1016,1016,0.05102296900059855,0.29346231504897624,57.614775398044166
1017,1017,0.0510733240005834,0.29346194642543444,57.61125129051374
1018,1018,0.051114226000549934,0.29346157852647226,57.61480232963576
1019,1019,0.05115413800052693,0.2934612113490333,57.611285014941195
1020,1020,0.05119414800054756,0.2934608448913608,57.61482917699761
1021,1021,0.051233620000516567,0.2934604791504245,57.611318623305685
1022,1022,0.05127352600050017,0.2934601141244837,57.61485594024584
1023,1023,0.05136083500053701,0.2934597498105346,57.61135211593515
1024,1024,0.05140435200053162,0.29345938620685197,57.61488261949805
1025,1025,0.05144515100056424,0.2934590233104579,57.61138549315739
1026,1026,0.051486609000562567,0.2934586611196429,57.61490921487325
1027,1027,0.05152702500055284,0.29345829963145487,57.61141875530007
1028,1028,0.05156712300055233,0.2934579388441994,57.61493572649194
1029,1029,0.05160704800056237,0.29345757875494977,57.61145190269066
1030,1030,0.05165605500053516,0.29345721936202723,57.614962154475954
1031,1031,0.05169650000055981,0.29345686066253,57.61148493565649
1032,1032,0.05173681500053817,0.29345650265479445,57.61498849894855
1033,1033,0.051776094000558714,0.29345614533594344,57.61151785452468
1034,1034,0.05181629300057011,0.29345578870432854,57.61501476003431
1035,1035,0.05185564600054704,0.2934554327570973,57.61155065962218
1036,1036,0.05193141900053888,0.29345507749261585,57.61504093785919
1037,1037,0.051975814000513765,0.2934547229080563,57.61158335127573
1038,1038,0.052018147000524095,0.2934543690017993,57.615067032550435
1039,1039,0.05205855700052098,0.29345401577104113,57.61161592981188
1040,1040,0.05209928600049807,0.29345366321417704,57.615093044236566
1041,1041,0.05214994200048295,0.29345331132842695,57.61164839555692
1042,1042,0.05219407200047499,0.29345296011220057,57.61511897304741
1043,1043,0.05224219500047411,0.29345260956274155,57.611680748836946
1044,1044,0.05228394300047512,0.2934522596784737,57.615144819114
1045,1045,0.05232417400043232,0.293451910456664,57.611712989977775
1046,1046,0.05236472300043715,0.2934515618957504,57.61517058256866
1047,1047,0.05240448800043396,0.2934512139930231,57.61174511930502
1048,1048,0.05244466000038983,0.2934508667469336,57.615196263544846
1049,1049,0.05249413800038383,0.29345052015479545,57.611777137143996
1050,1050,0.052538071000412856,0.2934501742150738,57.615221862177265
1051,1051,0.052581069000382286,0.29344982892510474,57.61180904381978
1052,1052,0.05262326100040582,0.29344948428336703,57.61524737860175
1053,1053,0.05268463100037479,0.2934491402872194,57.61184083965716
1054,1054,0.052726172000348015,0.29344879693515397,57.615272812955304
1055,1055,0.0527774550003528,0.2934484542245517,57.61187252498063
1056,1056,0.05281900800036965,0.29344811215391803,57.615298165376025
1057,1057,0.052859083000328155,0.29344777072065586,57.61190410011442
1058,1058,0.05289999600034889,0.293447429923284,57.615323436003145
1059,1059,0.05293976200033512,0.2934470897592272,57.61193556538241
1060,1060,0.05298036400034789,0.29344675022701705,57.61534862497698
1061,1061,0.053054672000371284,0.2934464113241,57.611966921108205
1062,1062,0.05311493900040887,0.2934460730490206,57.615373732438904
1063,1063,0.05315908100038769,0.2934457353992467,57.611998167615084
1064,1064,0.05320104900033584,0.2934453983733355,57.61539875853134
1065,1065,0.053241148000324756,0.29344506196877596,57.61202930522599
1066,1066,0.053281353000329545,0.2934447261841381,57.615423703397745
1067,1067,0.0533207950003316,0.29344439101693176,57.61206033426353
1068,1068,0.05337269600033778,0.2934440564657395,57.615448567182575
1069,1069,0.053413055000305576,0.2934437225280918,57.612091255049975
1070,1070,0.053453440000282626,0.29344338920258367,57.61547335003129
1071,1071,0.05349375700029668,0.2934430564867662,57.61212206790722
1072,1072,0.05353381700030013,0.29344272437924646,57.61549805209032
1073,1073,0.05357346100026916,0.293442392877596,57.61215277315685
1074,1074,0.05363077300023633,0.293442061980434,57.61552267350704
1075,1075,0.05369282200024372,0.29344173168535215,57.61218337112002
1076,1076,0.05373496900023156,0.2934414019909815,57.615547214429775
1077,1077,0.05377566700025227,0.29344107289493393,57.61221386211755
1078,1078,0.05383413000026849,0.2934407443958521,57.61557167500775
1079,1079,0.05387530600029322,0.29344041649136776,57.61224424646986
1080,1080,0.05392652600033898,0.29344008918013537,57.61559605539112
1081,1081,0.053967330000318725,0.29343976245980613,57.61227452449698
1082,1082,0.05400789000032091,0.29343943632904607,57.615620355730904
1083,1083,0.05404734800032429,0.293439110785526,57.61230469651856
1084,1084,0.05408776200027887,0.29343878582792315,57.61564457617898
1085,1085,0.0541272840002307,0.2934384614539275,57.61233476285381
1086,1086,0.05420303500022783,0.29343813766222804,57.61566871688808
1087,1087,0.05424643000026208,0.29343781445053346,57.612364723821564
1088,1088,0.05428854900026181,0.2934374918175438,57.615692778011784
1089,1089,0.05432875500031287,0.293437169760987,57.612394579740204
1090,1090,0.05436966600029791,0.29343684827957406,57.61571675970447
1091,1091,0.05442166300031204,0.29343652737105125,57.61242433092773
1092,1092,0.05446515500034366,0.29343620703414103,57.61574066212132
1093,1093,0.0545077240003593,0.2934358872666079,57.612453977701634
1094,1094,0.05454903300034175,0.2934355680671853,57.61576448541829
1095,1095,0.05458907700034388,0.2934352494336561,57.61248352037905
1096,1096,0.05462957300034077,0.2934349313647641,57.615788229752106
1097,1097,0.0546693200003574,0.29343461385831066,57.612512959276614
1098,1098,0.054709543000342364,0.2934342969130502,57.615811895280274
1099,1099,0.05475909700032844,0.29343398052680186,57.612542294710515
1100,1100,0.05480327600031387,0.2934336646983307,57.61583548216098
1101,1101,0.05484465200032673,0.2934333494254738,57.61257152699651
1102,1102,0.05488665000035553,0.29343303470700643,57.615858990553164
1103,1103,0.05492753900034586,0.2934327205407832,57.612600656449864
1104,1104,0.05496733000035192,0.29343240692559,57.615882420616444
1105,1105,0.05500758300036068,0.29343209385929864,57.61262968338537
1106,1106,0.05505682200038109,0.29343178134070524,57.61590577251116
1107,1107,0.05509774900036746,0.293431469367699,57.61265860811735
1108,1108,0.055137984000396045,0.293431157939086,57.6159290463983
1109,1109,0.055178806000412806,0.29343084705277267,57.612687430959646
1110,1110,0.05521846900040828,0.293430536707575,57.6159522424395
1111,1111,0.05525856300045007,0.2934302269014165,57.6127161522256
1112,1112,0.05532506100047385,0.293429917633123,57.615975360797066
1113,1113,0.055384812000511374,0.2934296089006346,57.61274477222807
1114,1114,0.05542803600053503,0.2934293007027872,57.615998401633895
1115,1115,0.05546888500055047,0.29342899303753733,57.6127732912794
1116,1116,0.055508380000560464,0.2934286859037306,57.61602136511355
1117,1117,0.055548698000563945,0.29342837929934024,57.61280170969144
1118,1118,0.05558823400053825,0.29342807322322123,57.61604425140013
1119,1119,0.055641444000514184,0.29342776767336304,57.61283002777551
1120,1120,0.05568187800048463,0.2934274626486304,57.616067060658374
1121,1121,0.05572212300046431,0.29342715814702874,57.612858245842425
1122,1122,0.055761669000446545,0.29342685416743225,57.61608979305354
1123,1123,0.055801351000411614,0.2934265507078623,57.612886364202474
1124,1124,0.055840746000455965,0.29342624776720244,57.61611244875148
1125,1125,0.05593141400049717,0.2934259453434899,57.61291438316541
1126,1126,0.055974851000542,0.29342564343561744,57.616135027918574
1127,1127,0.05601672400058533,0.2934253420416379,57.61294230304047
1128,1128,0.05605726000061395,0.2934250411604533,57.616157530721736
1129,1129,0.0560978010005897,0.29342474079013203,57.61297012413633
1130,1130,0.056137412000566655,0.29342444092958486,57.616179957328384
1131,1131,0.05617750700054103,0.2934241415768958,57.61299784676114
1132,1132,0.05622756900049808,0.2934238427309846,57.61620230790645
1133,1133,0.0562688190004792,0.2934235443899504,57.613025471222485
1134,1134,0.05630846400043765,0.29342324655272184,57.61622458262436
1135,1135,0.05634882700047683,0.2934229492174132,57.61305299782742
1136,1136,0.056388340000467,0.29342265238296183,57.61624678165099
1137,1137,0.05642843700047706,0.2934223560474969,57.61308042688242
1138,1138,0.05649779200047078,0.2934220602099645,57.61626890515572
1139,1139,0.05654177700046148,0.29342176486850885,57.613107758693396
1140,1140,0.056583007000483576,0.2934214700220843,57.61629095330835
1141,1141,0.056623819000492404,0.29342117566884973,57.613134993565716
1142,1142,0.05666366600047468,0.2934208818077683,57.61631292627911
1143,1143,0.056713717000491215,0.29342058843701313,57.613162131804145
1144,1144,0.05675619600049231,0.29342029555555577,57.61633482423869
1145,1145,0.056799767000541124,0.29342000316158406,57.61318917371291
1146,1146,0.05684111700054473,0.2934197112540778,57.616356647358174
1147,1147,0.056881715000542954,0.29341941983123876,57.61321611959561
1148,1148,0.056922765000535946,0.29341912889205524,57.61637839580904
1149,1149,0.05696298400056321,0.29341883843474326,57.6132429697553
1150,1150,0.057002806000582495,0.29341854845829907,57.61640006976317
1151,1151,0.057050913000580294,0.2934182589609528,57.613269724494444
1152,1152,0.05709282700058793,0.29341796994170866,57.61642166939285
1153,1153,0.057133132000615205,0.29341768139881075,57.613296384114875
1154,1154,0.05717278800062786,0.2934173933312714,57.61644319487065
1155,1155,0.05721260100062864,0.2934171057373483,57.61332294891787
1156,1156,0.0572523920006347,0.2934168186160616,57.61646464636957
1157,1157,0.05729236500059187,0.29341653196568274,57.61334941920409
1158,1158,0.05734409500058746,0.2934162457852397,57.61648602406293
1159,1159,0.05738916000058225,0.2934159600730175,57.6133757952736
1160,1160,0.057428879000553934,0.29341567482805186,57.616507328124385
1161,1161,0.05747927000055597,0.2934153900486409,57.61340207742584
1162,1162,0.05752223700051218,0.29341510573382823,57.616528558727914
1163,1163,0.05760754900052234,0.29341482188192525,57.61342826595966
1164,1164,0.057688848000566395,0.293414538491983,57.616549716047786
1165,1165,0.05773624600055882,0.29341425556232625,57.613454361173275
1166,1166,0.057796498000584506,0.29341397309201345,57.6165708002586
1167,1167,0.057838416000606685,0.29341369107938226,57.6134803633643
1168,1168,0.05787852700058238,0.2934134095234988,57.616591811535216
1169,1169,0.057944830000622005,0.29341312842271333,57.61350627282973
1170,1170,0.05798635000064678,0.2934128477760996,57.616612750052795
1171,1171,0.058032567000680046,0.2934125675820205,57.6135320898659
1172,1172,0.058073343000671684,0.29341228783955725,57.61663361598674
1173,1173,0.058114020000687105,0.29341200854708516,57.61355781476856
1174,1174,0.05818843200069068,0.29341172970369267,57.616654409512755
1175,1175,0.058238793000725764,0.29341145130776786,57.61358344783281
1176,1176,0.0582849700007273,0.2934111733584061,57.61667513080674
1177,1177,0.05832604600072955,0.29341089585400804,57.61360898935311
1178,1178,0.058366247000719795,0.29341061879367625,57.61669578004487
1179,1179,0.058406454000703434,0.2934103421758233,57.613634439623276
1180,1180,0.05844629200072404,0.293410065999559,57.616716357403526
1181,1181,0.05849599400073657,0.29340979026330816,57.613659798936546
1182,1182,0.0585369280007626,0.29340951496618745,57.61673686305932
1183,1183,0.05857746200075553,0.2934092401066338,57.61368506758542
1184,1184,0.058617131000744394,0.2934089656837706,57.616757297189075
1185,1185,0.05865732100079413,0.29340869169604705,57.613710245861796
1186,1186,0.05869691000083321,0.2934084181425933,57.61677765996979
1187,1187,0.058766363000813726,0.2934081450218701,57.61373533405697
1188,1188,0.05881182000081253,0.2934078723330147,57.61679795157868
1189,1189,0.05885411900078452,0.29340760007449934,57.61376033246148
1190,1190,0.05889411300080383,0.29340732824546806,57.61681817219312
1191,1191,0.058934543000816575,0.29340705684440477,57.61378524136532
1192,1192,0.05898513800082128,0.2934067858704601,57.61683832199068
1193,1193,0.05902890800081195,0.2934065153221294,57.61381006105777
1194,1194,0.059072105000780084,0.2934062451985699,57.61685840114907
1195,1195,0.059113802000752,0.2934059754982886,57.613834791827436
1196,1196,0.0591545550007595,0.29340570622044904,57.616878409846144
1197,1197,0.05919483000076298,0.2934054373635694,57.613859433962325
1198,1198,0.05923445600080868,0.2934051689268199,57.61689834825994
1199,1199,0.05927503600082673,0.2934049009087298,57.6138839877497
1200,1200,0.05932529700083933,0.2934046333084756,57.616918216568585
1201,1201,0.05936803900084442,0.29340436612459786,57.61390845347624
1202,1202,0.05940906400081758,0.2934040993562794,57.61693801495038
1203,1203,0.0594497710008568,0.2934038330020718,57.613932831427896
1204,1204,0.05948956500088798,0.29340356706116383,57.6169577435837
1205,1205,0.05954963400085944,0.2934033015321182,57.61395712188997
1206,1206,0.059590749000847154,0.29340303641412996,57.61697740264705
1207,1207,0.0596339060008404,0.29340277170577245,57.61398132514709
1208,1208,0.05967802000083111,0.29340250740624707,57.616996992319045
1209,1209,0.059718660000783075,0.29340224351413763,57.61400544148321
1210,1210,0.05977344700079357,0.2934019800286517,57.61701651277839
1211,1211,0.05981514800078003,0.2934017169483838,57.61402947118162
1212,1212,0.05989096600075072,0.2934014542725474,57.617035964203865
1213,1213,0.05995131100075923,0.29340119199974746,57.61405341452489
1214,1214,0.05999457400076835,0.29340093012920365,57.61705534677433
1215,1215,0.060055385000794104,0.29340066865953124,57.61407727179498
1216,1216,0.06009709100078453,0.29340040758995567,57.61707466066872
1217,1217,0.0601378770007841,0.29340014691910266,57.6141010432731
1218,1218,0.06018995500079427,0.29339988664620364,57.61709390606604
1219,1219,0.0602311070007886,0.2933996267698943,57.61412472923981
1220,1220,0.06027129900081718,0.2933993672894119,57.617113083145334
1221,1221,0.06031166600081406,0.2933991082034025,57.61414832997499
1222,1222,0.060351743000808256,0.2933988495111089,57.6171321920857
1223,1223,0.06039226800083952,0.2933985912111872,57.61417184575779
1224,1224,0.06048719000085612,0.293398333302886,57.61715123306627
1225,1225,0.06053084900082695,0.29339807578487126,57.61419527686673
1226,1226,0.06057190900082787,0.29339781865639736,57.61717020626623
1227,1227,0.06061249000083535,0.29339756191613997,57.61421862357961
1228,1228,0.060652301000800435,0.29339730556335897,57.61718911186475
1229,1229,0.06069246600077349,0.29339704959674007,57.61424188617354
1230,1230,0.0607322010007465,0.2933967940155486,57.61720795004107
1231,1231,0.06078280700074856,0.29339653881847977,57.61426506492493
1232,1232,0.06083709300077089,0.29339628400480455,57.6172267209744
1233,1233,0.060894302000804146,0.29339602957322786,57.61428816010951
1234,1234,0.0609514960008255,0.2933957755230259,57.61724542484398
1235,1235,0.06104300900085491,0.2933955218529131,57.61431117200232
1236,1236,0.06110483800085831,0.29339526856217124,57.61726406182902
1237,1237,0.06116029200080675,0.29339501564952397,57.614334100877656
1238,1238,0.061266247000787644,0.29339476311425833,57.61728263210875
1239,1239,0.06132435500080646,0.29339451095510766,57.614356947009185
1240,1240,0.06137835500078381,0.2933942591713642,57.61730113586237
1241,1241,0.061431603000755786,0.2933940077617702,57.61437971066983
1242,1242,0.06148579300077017,0.29339375672562346,57.61731957326904
1243,1243,0.06153907800074876,0.2933935060616753,57.61440239213183
1244,1244,0.06159616900072251,0.29339325576922864,57.61733794450795
1245,1245,0.06164010600070924,0.29339300584704414,57.61442499166671
1246,1246,0.06168350600069061,0.29339275629442957,57.61735624975818
1247,1247,0.06172542000069825,0.29339250711015463,57.61444750954529
1248,1248,0.06176744600065831,0.2933922582935325,57.61737448919881
1249,1249,0.06182402600069281,0.2933920098433416,57.61446994603773
1250,1250,0.061879369000735096,0.29339176175889986,57.61739266300886
1251,1251,0.06192146000074672,0.29339151403899477,57.61449230141342
1252,1252,0.06196325800073055,0.2933912666829497,57.61741077136731
1253,1253,0.062004582000724895,0.29339101968956044,57.614514575941094
1254,1254,0.06205622900074559,0.29339077305815514,57.61742881445308
1255,1255,0.06214311100075065,0.2933905267875388,57.614536769888744
1256,1256,0.0622045680007659,0.2933902808770442,57.617446792444994
1257,1257,0.06225977000076455,0.29339003532548485,57.61455888352369
1258,1258,0.062302523000766996,0.2933897901321986,57.617464705521854
1259,1259,0.06234404900072832,0.29338954529600747,57.61458091711252
1260,1260,0.06238495700074509,0.29338930081625403,57.61748255386233
1261,1261,0.06242656600073815,0.29338905669176885,57.61460287092112
1262,1262,0.0624700380007539,0.2933888129218993,57.61750033764505
1263,1263,0.06252649800075005,0.29338856950548414,57.614624745214684
1264,1264,0.06258298100073034,0.2933883264418756,57.61751805704853
1265,1265,0.06263599700071154,0.293388083729921,57.61464654025766
1266,1266,0.06273313700074823,0.293387841368977,57.61753571225121
1267,1267,0.06279729700077041,0.293387599357899,57.61466825631383
1268,1268,0.06285790000077895,0.2933873576960485,57.61755330343142
1269,1269,0.06290695900077026,0.29338711638228926,57.61468989364621
1270,1270,0.06296794300072861,0.29338687541598735,57.61757083076739
1271,1271,0.06303517800074587,0.2933866347960141,57.61471145251716
1272,1272,0.06309279900074216,0.2933863945217406,57.61758829443723
1273,1273,0.06314760100070771,0.2933861545920463,57.6147329331883
1274,1274,0.0631987620006953,0.29338591500630656,57.617605694618945
1275,1275,0.0632877290007059,0.29338567576340885,57.614754335920544
1276,1276,0.06335113900070155,0.29338543686273305,57.61762303149042
1277,1277,0.06341139300064924,0.29338519830317455,57.61477566097409
1278,1278,0.0635376610006233,0.29338496008411746,57.6176403052294
1279,1279,0.06361109800064924,0.29338472220446526,57.61479690860841
1280,1280,0.06366756900064274,0.2933844846636064,57.61765751601353
1281,1281,0.06372160900065182,0.293384247460452,57.61481807908231
1282,1282,0.06377504900063968,0.29338401059439484,57.61767466402027
1283,1283,0.06387018000060607,0.2933837740643539,57.614839172653824
1284,1284,0.06393007200057355,0.2933835378697262,57.617691749426996
1285,1285,0.06399307200058502,0.29338330200943835,57.61486018958031
1286,1286,0.06405463800058442,0.2933830664828917,57.61770877241091
1287,1287,0.06411403400062454,0.2933828312890202,57.61488113011839
1288,1288,0.06418748200064783,0.29338259642722964,57.61772573314905
1289,1289,0.06424573600065742,0.29338236189646144,57.61490199452399
1290,1290,0.06430433700063531,0.2933821276961255,57.617742631818345
1291,1291,0.06441094900060307,0.29338189382517077,57.61492278305231
1292,1292,0.06447469700060537,0.2933816602830113,57.617759468595516
1293,1293,0.06453462200062177,0.2933814270686034,57.614943495957846
1294,1294,0.06459448300063286,0.29338119418136516,57.61777624365715
1295,1295,0.06465267800064112,0.2933809616202601,57.61496413349436
1296,1296,0.06471514400061551,0.29338072938471077,57.61779295717965
1297,1297,0.06477447800062919,0.29338049747368766,57.61498469591493
1298,1298,0.06483067700060019,0.2933802658866173,57.617809609339275
1299,1299,0.06487458200064111,0.29338003462247764,57.615005183471894
1300,1300,0.06494647300064571,0.2933798036806989,57.617826200312074
1301,1301,0.06499414000063553,0.29337957306026635,57.615025596416864
1302,1302,0.06503796200064471,0.2933793427606141,57.617842730273935
1303,1303,0.06508016400061933,0.2933791127807346,57.615045935000786
1304,1304,0.06512144400062425,0.2933788831200658,57.61785919940057
1305,1305,0.06516214900062778,0.293378653777607,57.61506619947385
1306,1306,0.06521413600063397,0.2933784247528004,57.617875607867475
1307,1307,0.06525593300062837,0.29337819604465204,57.61508639008554
1308,1308,0.06529663200063851,0.29337796765260793,57.61789195584997
1309,1309,0.06533763700065265,0.2933777395756811,57.615106507084626
1310,1310,0.06537799100061648,0.29337751181332133,57.61790824352319
1311,1311,0.06541809500060936,0.2933772843645484,57.61512655071918
1312,1312,0.06549416800061181,0.2933770572288161,57.61792447106205
1313,1313,0.06553858100062371,0.2933768304051508,57.615146521236554
1314,1314,0.06558034300064719,0.2933766038930101,57.61794063864126
1315,1315,0.06562070200067183,0.2933763776914271,57.615166418883355
1316,1316,0.06566126700067798,0.2933761517998632,57.61795674643534
1317,1317,0.06571081300069181,0.2933759262173581,57.61518624390553
1318,1318,0.06575362100068105,0.29337570094337667,57.61797279461859
1319,1319,0.0657969280006796,0.29337547597696545,57.61520599654826
1320,1320,0.06583830800065016,0.29337525131759307,57.617988783365085
1321,1321,0.06587944200060747,0.2933750269643124,57.61522567705605
1322,1322,0.06592037800061235,0.29337480291659573,57.61800471284871
1323,1323,0.0659615760006318,0.29337457917350246,57.615245285672685
1324,1324,0.06600192600058108,0.29337435573450843,57.61802058324308
1325,1325,0.06605368600060046,0.29337413259867956,57.61526482264123
1326,1326,0.06609723500059772,0.29337390976549527,57.618036394721635
1327,1327,0.06613863400059472,0.2933736872340277,57.615284288204045
1328,1328,0.06617973700059565,0.2933734650037599,57.618052147457554
1329,1329,0.06622009800059914,0.29337324307377044,57.61530368260278
1330,1330,0.06626086500057227,0.29337302144354566,57.61806784162379
1331,1331,0.06630145400060883,0.2933728001121706,57.61532300607836
1332,1332,0.06635167300061084,0.29337257907913494,57.618083477393064
1333,1333,0.06639258600063158,0.2933723583435299,57.61534225887102
1334,1334,0.06643310200064434,0.29337213790484884,57.618099054937865
1335,1335,0.06647351400062007,0.29337191776218885,57.615361441220266
1336,1336,0.0665139580006553,0.29337169791504697,57.61811457443043
1337,1337,0.06655431300066539,0.29337147836252625,57.61538055336492
1338,1338,0.06660566600066886,0.29337125910412715,57.61813003604275
1339,1339,0.0666695740006844,0.29337104013895865,57.61539959554307
1340,1340,0.06672170900071706,0.29337082146652477,57.618145439946574
1341,1341,0.06676356700069164,0.29337060308594054,57.615418567992094
1342,1342,0.06680428100071367,0.2933703849967131,57.618160786313396
1343,1343,0.0668452430007278,0.2933701671979635,57.6154374709487
1344,1344,0.06689689900071016,0.29336994968920216,57.618176075314445
1345,1345,0.06694022300069946,0.29336973246955605,57.615456304648845
1346,1346,0.06698195600068857,0.2933695155385391,57.61819130712072
1347,1347,0.06702300800066041,0.293369298895284,57.61547506932779
1348,1348,0.06706396000066661,0.2933690825393076,57.61820648190294
1349,1349,0.06710517500067681,0.29336886646974875,57.61549376522013
1350,1350,0.0672060180007179,0.2933686506861275,57.61822159983156
1351,1351,0.06725242900068906,0.29336843518758837,57.61551239255971
1352,1352,0.06729558100067834,0.2933682199736546,57.61823666107677
1353,1353,0.06733757100067805,0.2933680050434764,57.61553095157966
1354,1354,0.06737841500068953,0.2933677903965803,57.618251665808515
1355,1355,0.06741904000068644,0.29336757603212205,57.61554944251245
1356,1356,0.06745980100066618,0.2933673619496314,57.61826661419643
1357,1357,0.06750505800067685,0.2933671481482696,57.61556786558984
1358,1358,0.06754671000066992,0.29336693462756963,57.618281506409915
1359,1359,0.06758759300066686,0.2933667213866983,57.615586221042854
1360,1360,0.06762843100068494,0.2933665084251916,57.618296342618066
1361,1361,0.06766934600068453,0.2933662957422219,57.61560450910184
1362,1362,0.06774221100067734,0.29336608333732833,57.61831112298972
1363,1363,0.06778567000071689,0.29336587120968866,57.615622729996446
1364,1364,0.06782689900074956,0.29336565935884495,57.6183258476934
1365,1365,0.06786774000073592,0.29336544778398066,57.61564088395562
1366,1366,0.06790855700074871,0.2933652364846405,57.61834051689738
1367,1367,0.06795855600074674,0.2933650254600136,57.6156589712076
1368,1368,0.06800163100075451,0.29336481470964776,57.61835513076965
1369,1369,0.0680454680007756,0.293364604232737,57.61567699197993
1370,1370,0.06808673300082546,0.2933643940288325,57.61836968947788
1371,1371,0.0681278150008211,0.29336418409713355,57.61569494649948
1372,1372,0.06816858700085504,0.293363974437194,57.61838419318947
1373,1373,0.06820950200085463,0.2933637650482185,57.61571283499237
1374,1374,0.06825011100085021,0.2933635559297638,57.618398642071526
1375,1375,0.06830291800088162,0.29336334708103984,57.61573065768409
1376,1376,0.0683458990008603,0.2933631385016063,57.618413036290875
1377,1377,0.06838778300084414,0.2933629301906782,57.61574841479939
1378,1378,0.06842835800085822,0.29336272214781806,57.61842737601401
1379,1379,0.0684689300008472,0.2933625143722461,57.61576610656234
1380,1380,0.0685097070008851,0.2933623068635275,57.61844166140714
1381,1381,0.06855025700087936,0.2933620996208877,57.61578373319632
1382,1382,0.06859389400091231,0.2933618926438949,57.618455892636185
1383,1383,0.06863467500090792,0.2933616859317792,57.615801294924
1384,1384,0.06867485400090345,0.29336147948411184,57.618470069866746
1385,1385,0.06871531400094,0.29336127330012796,57.6158187919674
1386,1386,0.06875559200096859,0.29336106737940115,57.61848419326414
1387,1387,0.06879614100097342,0.2933608617211719,57.61583622454782
1388,1388,0.06887023500092937,0.2933606563250165,57.618498262993334
1389,1389,0.0689465340009292,0.29336045119018034,57.61585359288586
1390,1390,0.06901043100094739,0.29336024631624247,57.61851227921905
1391,1391,0.06907773000096995,0.29336004170245306,57.615870897201475
1392,1392,0.06913736800095194,0.29335983734839377,57.618526242105624
1393,1393,0.06919156300097029,0.29335963325331976,57.61588813771388
1394,1394,0.06924512000097138,0.2933594294168156,57.618540151817136
1395,1395,0.06929821000096581,0.2933592258381407,57.61590531464165
1396,1396,0.06939901900096856,0.2933590225168826,57.61855400851735
1397,1397,0.06946882600095705,0.29335881945230563,57.61592242820266
1398,1398,0.06952708400092433,0.2933586166439997,57.61856781236965
1399,1399,0.06958777100089719,0.2933584140912339,57.61593947861409
1400,1400,0.06964605100085919,0.29335821179360083,57.61858156353719
1401,1401,0.06971162200085246,0.29335800975037424,57.61595646609245
1402,1402,0.06976840800086848,0.2933578079611493,57.61859526218273
1403,1403,0.06982607200086477,0.2933576064252044,57.61597339085357
1404,1404,0.06994584100084467,0.29335740514213726,57.61860890846876
1405,1405,0.07001290900086587,0.29335720411123106,57.61599025311258
1406,1406,0.07007668600090255,0.2933570033320859,57.61862250255739
1407,1407,0.07015231300090363,0.29335680280398946,57.61600705308397
1408,1408,0.070233499000949,0.29335660252654455,57.6186360446105
1409,1409,0.07029628200098159,0.29335640249904327,57.61602379098151
1410,1410,0.07033945000102904,0.293356202721091,57.61864953478951
1411,1411,0.07038153500104727,0.2933560031919843,57.61604046701834
1412,1412,0.07047816600100987,0.293355803911331,57.61866297325564
1413,1413,0.07053589500100088,0.2933556048784322,57.616057081406865
1414,1414,0.07057934000101795,0.29335540609289823,57.61867636016971
1415,1415,0.07062109300102293,0.29335520755403455,57.61607363435886
1416,1416,0.07066147000102774,0.29335500926145386,57.61868969569221
1417,1417,0.07070155100103648,0.29335481121446616,57.616090126085425
1418,1418,0.07074167500104522,0.29335461341268637,57.618702979983325
1419,1419,0.07078446000105032,0.29335441585542904,57.61610655679697
1420,1420,0.07082475200104454,0.2933542185423117,57.61871621320289
1421,1421,0.07086558700109435,0.29335402147265266,57.61612292670325
1422,1422,0.07090570000110574,0.2933538246460722,57.6187293955104
1423,1423,0.07094611600115286,0.293353628061893,57.616139236013325
1424,1424,0.07098636700118277,0.29335343171973743,57.61874252706503
1425,1425,0.07105461900118826,0.29335323561893273,57.616155484935625
1426,1426,0.07109956800115924,0.2933530397591033,57.6187556080256
1427,1427,0.0711416110011669,0.29335284413958074,57.61617167367788
1428,1428,0.07118279700114272,0.2933526487599919,57.618768638550605
1429,1429,0.0712365590011359,0.2933524536196724,57.61618780244718
1430,1430,0.07127858100113826,0.2933522587182515,57.61878161879818
1431,1431,0.07132009400112338,0.29335206405506886,57.616203871449926
1432,1432,0.07136088200115864,0.29335186962975623,57.618794548926154
1433,1433,0.07140162600120448,0.29335167544165724,57.61621988089188
1434,1434,0.07144657200120719,0.2933514814904058,57.61880742909196
1435,1435,0.07151445000118883,0.2933512877753499,57.61623583097812
1436,1436,0.0715708680011744,0.2933510942961256,57.61882025945275
1437,1437,0.07163200400117375,0.2933509010520849,57.61625172191308
1438,1438,0.07167551700121066,0.29335070804286617,57.61883304016528
1439,1439,0.07171659600118119,0.2933505152678253,57.61626755390053
1440,1440,0.07178220600115992,0.2933503227266029,57.61884577138596
1441,1441,0.07182479900114913,0.29335013041855906,57.616283327143556
1442,1442,0.07186548300114737,0.2933499383433365,57.6188584532709
1443,1443,0.07191277700115961,0.2933497465002991,57.616299041844655
1444,1444,0.07195398400119757,0.293349554889092,57.61887108597583
1445,1445,0.07203822600115473,0.2933493635090828,57.6163146982056
1446,1446,0.07208809600115273,0.2933491723599189,57.61888366965613
1447,1447,0.07213167700115264,0.293348981440972,57.616330296427535
1448,1448,0.07217292600114433,0.2933487907518913,57.618896204466814
1449,1449,0.0722135960011201,0.2933486002920525,57.61634583671097
1450,1450,0.07228047100113599,0.293348410061107,57.618908690562584
1451,1451,0.07234552300110408,0.2933482200584343,57.616361319255724
1452,1452,0.07240908900109844,0.29334803028368794,57.61892112809776
1453,1453,0.07248285000110855,0.29334784073625125,57.616376744261004
1454,1454,0.07252950800113922,0.29334765141577984,57.618933517226324
1455,1455,0.07257286200115232,0.29334746232166065,57.616392111925336
1456,1456,0.07261455900112423,0.2933472734535516,57.618945858101895
1457,1457,0.07265584800114766,0.2933470848108435,57.61640742244665
1458,1458,0.07270879100110506,0.293346896393196,57.61895815087774
1459,1459,0.0727513260011392,0.2933467082000037,57.616422676022154
1460,1460,0.07279223000108459,0.2933465202309285,57.618970395706775
1461,1461,0.07283340700109875,0.2933463324853685,57.6164378728485
1462,1462,0.07287387800107581,0.2933461449629877,57.618982592741546
1463,1463,0.07291465800102515,0.29334595766318794,57.61645301312161
1464,1464,0.07300745900101901,0.2933457705856352,57.61899474213426
1465,1465,0.07308992800102487,0.29334558372973485,57.61646809703683
1466,1466,0.07313979100104007,0.2933453970951549,57.61900684403677
1467,1467,0.07318210100106626,0.2933452106813045,57.61648312478883
1468,1468,0.07322212100103798,0.2933450244878535,57.61901889860052
1469,1469,0.0732625220010732,0.29334483851421456,57.61649809657166
1470,1470,0.07330583200104002,0.2933446527600596,57.61903090597667
1471,1471,0.07334690700105284,0.293344467224805,57.61651301257872
1472,1472,0.07338684400104967,0.29334428190812434,57.61904286631597
1473,1473,0.0734269890010637,0.29334409680943757,57.61652787300279
1474,1474,0.07346686600106977,0.2933439119284204,57.619054779768824
1475,1475,0.0735068180010785,0.29334372726449603,57.61654267803599
1476,1476,0.07356014100110997,0.29334354281734243,57.619066646485265
1477,1477,0.07361653800114709,0.293343358586386,57.61655742786984
1478,1478,0.07367334800113667,0.29334317457130665,57.61907846661498
1479,1479,0.0737155400011602,0.2933429907715343,57.61657212269522
1480,1480,0.07375611000117033,0.29334280718675076,57.61909024030729
1481,1481,0.07379650900116985,0.29334262381638926,57.61658676270233
1482,1482,0.07384788300117862,0.2933424406601336,57.61910196771112
1483,1483,0.07388928100118619,0.2933422577174204,57.61660134808083
1484,1484,0.07392950700119627,0.2933420749879352,57.6191136489751
1485,1485,0.07397007200120242,0.29334189247111814,57.616615879019676
1486,1486,0.0740095640011873,0.29334171016665656,57.619125284247424
1487,1487,0.07404979500120135,0.29334152807399394,57.61663035570723
1488,1488,0.07414057000119101,0.2933413461928194,57.61913687367597
1489,1489,0.07418517200119368,0.29334116452257986,57.61664477833124
1490,1490,0.0742269910011828,0.29334098306296624,57.619148417408226
1491,1491,0.07426814800118109,0.2933408018134286,57.61665914707882
1492,1492,0.07435090400116451,0.2933406207736597,57.619159915591325
1493,1493,0.07439675900116072,0.29334043994311304,57.616673462136454
1494,1494,0.07444880900112594,0.29334025932148305,57.61917136837203
1495,1495,0.07449006400111102,0.29334007890822655,57.61668772369002
1496,1496,0.07453030600106558,0.29333989870303967,57.619182775896746
1497,1497,0.07457055400107038,0.29333971870538234,57.61670193192477
1498,1498,0.0746105250010487,0.2933395389149527,57.619194138311485
1499,1499,0.07465099000108921,0.29333935933121386,57.616716087025345
1500,1500,0.07472235500108582,0.29333917995386555,57.61920545576194
1501,1501,0.07476710700109379,0.293339000782374,57.61673018917576
1502,1502,0.07484299100104863,0.2933388218164409,57.619216728393404
1503,1503,0.07490048400103433,0.29333864305553564,57.61674423855943
1504,1504,0.07495613900107401,0.29333846449936135,57.61922795635077
1505,1505,0.07503031600106169,0.2933382861473906,57.61675823535916
1506,1506,0.07508613600106173,0.2933381079993285,57.619239139778635
1507,1507,0.07513887700105215,0.29333793005465064,57.61677217975712
1508,1508,0.07519146900102669,0.29333775231306364,57.61925027882118
1509,1509,0.07528357800100594,0.2933375747740463,57.6167860719349
1510,1510,0.07534288100100639,0.29333739743730697,57.619261373622216
1511,1511,0.07539768900102217,0.29333722030232734,57.616799912073446
1512,1512,0.0754507340009809,0.2933370433688176,57.61927242432521
1513,1513,0.07550429200097142,0.29333686663626235,57.616813700353156
1514,1514,0.07556097400095041,0.2933366901043736,57.61928343107324
1515,1515,0.07562163100095631,0.2933365137726388,57.61682743695378
1516,1516,0.07569361900095828,0.2933363376407716,57.61929439400903
1517,1517,0.07575249100096926,0.2933361617082626,57.616841122054446
1518,1518,0.0758638940009746,0.29333598597482685,57.61930531327493
1519,1519,0.0759247500009792,0.29333581043995816,57.61685475583374
1520,1520,0.07598577100100101,0.2933356351033732,57.6193161890129
1521,1521,0.07604376700101056,0.29333545996456845,57.6168683384696
1522,1522,0.07608741500104088,0.29333528502326234,57.61932702136455
1523,1523,0.07613315800102782,0.2933351102789543,57.61688187013938
1524,1524,0.07617405100097585,0.29333493573136443,57.619337810471116
1525,1525,0.07621435000100973,0.293334761379995,57.61689535101986
1526,1526,0.07625411500100654,0.29333458722456746,57.61934855647346
1527,1527,0.07629455600101664,0.2933344132645873,57.61690878128718
1528,1528,0.0763351550010043,0.29333423949977755,57.61935925951209
1529,1529,0.07639168700097798,0.2933340659296462,57.616922161116925
1530,1530,0.07643409400100154,0.2933338925539182,57.61936991972711
1531,1531,0.07647527500103024,0.29333371937210423,57.61693549068405
1532,1532,0.07651566200104298,0.29333354638393067,57.61938053725829
1533,1533,0.07663017700105001,0.2933333735889114,57.61694877016296
1534,1534,0.07670688000104064,0.29333320098677373,57.619391112245
1535,1535,0.07676654400103189,0.2933330285770348,57.61696199972746
1536,1536,0.07682549700103891,0.29333285635942363,57.61940164482625
1537,1537,0.07688358900105641,0.2933326843334596,57.61697517955074
1538,1538,0.07695310400106337,0.29333251249887343,57.619412135140685
1539,1539,0.07703493600104139,0.29333234085518733,57.61698830980543
1540,1540,0.07709187300105214,0.2933321694021336,57.61942258332657
1541,1541,0.0771488020010338,0.2933319981392371,57.61700139066358
1542,1542,0.07720231700102431,0.29333182706623157,57.619432989521805
1543,1543,0.07725883900104691,0.2933316561826445,57.61701442229664
1544,1544,0.07731297900102163,0.2933314854882114,57.619443353863915
1545,1545,0.07736743600099771,0.2933313149824623,57.61702740487547
1546,1546,0.07741930800096952,0.29333114466513405,57.61945367649006
1547,1547,0.07748496300098395,0.2933309745357596,57.61704033857038
1548,1548,0.07754569300095682,0.2933308045940771,57.619463957537015
1549,1549,0.07760168300092118,0.29333063483962213,57.617053223551096
1550,1550,0.07764908800089643,0.2933304652721344,57.6194741971412
1551,1551,0.07770227300085253,0.2933302958911521,57.61706605998673
1552,1552,0.07774749900084998,0.29333012669641634,57.619484395438654
1553,1553,0.0777885310008628,0.2933299576874679,57.61707884804588
1554,1554,0.07782931500088353,0.2933297888640494,57.61949455256505
1555,1555,0.07786960300092005,0.2933296202257042,57.61709158789651
1556,1556,0.07791785400092976,0.2933294517721763,57.61950466865569
1557,1557,0.078014320000932,0.29332928350301163,57.617104279706055
1558,1558,0.07807592700089572,0.2933291154179556,57.61951474384551
1559,1559,0.07812100600091298,0.29332894751655686,57.617116923641355
1560,1560,0.07816235600091659,0.2933287797985621,57.61952477826905
1561,1561,0.07820404100090173,0.29332861226352225,57.617129519868676
1562,1562,0.07824486200092906,0.2933284449111857,57.61953477206052
1563,1563,0.07829701200091677,0.29332827774110604,57.617142068553775
1564,1564,0.07833781100089254,0.29332811075303267,57.619544725353705
1565,1565,0.07837872400091328,0.2933279439465218,57.61715456986175
1566,1566,0.0784189090009022,0.2933277773213243,57.61955463828209
1567,1567,0.07845904100094003,0.2933276108769989,57.617167023957215
1568,1568,0.07849877000091965,0.29332744461329774,57.61956451097873
1569,1569,0.07858857700091448,0.29332727852978185,57.61717943100418
1570,1570,0.07863532300092402,0.2933271126262049,57.619574343576346
1571,1571,0.07867771700097137,0.2933269469021305,57.61719179116609
1572,1572,0.07871800000100393,0.2933267813573135,57.619584136207266
1573,1573,0.07875823300099682,0.2933266159913198,57.61720410460587
1574,1574,0.07880507000101034,0.2933264508039059,57.619593889003454
1575,1575,0.07885430600100563,0.29332628579463993,57.617216371485846
1576,1576,0.07889577100104361,0.29332612096327965,57.61960360209652
1577,1577,0.0789362520010286,0.2933259563093957,57.617228591967795
1578,1578,0.07897626800104263,0.2933257918327471,57.61961327561768
1579,1579,0.07901654100106725,0.2933256275329069,57.617240766212966
1580,1580,0.07905620800107727,0.2933254634096354,57.6196229096978
1581,1581,0.07911873000102787,0.2933252994625081,57.61725289438202
1582,1582,0.07916936200103919,0.2933251356912865,57.619632504467376
1583,1583,0.07921251100106019,0.2933249720955484,57.6172649766351
1584,1584,0.07925312200109147,0.2933248086750566,57.61964206005652
1585,1585,0.07929452600109244,0.2933246454293913,57.617277013131755
1586,1586,0.07933727200105523,0.29332448235831665,57.619651576595
1587,1587,0.07937773500106005,0.2933243194614151,57.617289004031036
1588,1588,0.07941810300104635,0.29332415673845186,57.61966105421217
1589,1589,0.07946058400108313,0.29332399418901184,57.617300949491415
1590,1590,0.0795013760010761,0.29332383181286165,57.619670493037084
1591,1591,0.079541126001061,0.29332366960958817,57.61731284967082
1592,1592,0.0795820630010553,0.2933235075789596,57.61967989319838
1593,1593,0.07962195400108385,0.2933233457205648,57.61732470472665
1594,1594,0.0796615970011203,0.2933231840341733,57.61968925482434
1595,1595,0.0797138750011186,0.29332302251937636,57.617336514815754
1596,1596,0.07978169500114518,0.2933228611759444,57.61969857804288
1597,1597,0.07982549900111735,0.2933227000034712,57.61734828009443
1598,1598,0.07986747200112632,0.2933225390017285,57.619707862981535
1599,1599,0.07990877300113652,0.2933223781703119,57.617360000718456
1600,1600,0.07995005700115598,0.2933222175089945,57.61971710976752
1601,1601,0.08000191500116216,0.2933220570173744,57.617371676843064
1602,1602,0.08004367100113541,0.2933218966952255,57.61972631852762
1603,1603,0.08008353900117982,0.29332173654214827,57.61738330862294
1604,1604,0.08012436900116882,0.29332157655791796,57.619735489388304
1605,1605,0.08016422600115902,0.2933214167421368,57.617394896212254
1606,1606,0.08020929100115382,0.2933212570945815,57.619744622475665
1607,1607,0.08027725100117777,0.2933210976148566,57.61740643976463
1608,1608,0.08036938800114513,0.29332093830273964,57.619753717915394
1609,1609,0.08044360400111827,0.2933207791578375,57.617417939433174
1610,1610,0.0805046360010806,0.2933206201799289,57.61976277583287
1611,1611,0.08056364100104929,0.29332046136862266,57.617429395370436
1612,1612,0.08060570000100142,0.29332030272369886,57.61977179635308
1613,1613,0.08065233000104399,0.2933201442447684,57.617440807728464
1614,1614,0.0807066280010531,0.2933199859316124,57.61978077960066
1615,1615,0.08074869000103035,0.29331982778384397,57.61745217665877
1616,1616,0.08080728200104659,0.29331966980124546,57.61978972569985
1617,1617,0.0808518710010162,0.2933195119834318,57.61746350231234
1618,1618,0.0808941510010186,0.2933193543301865,57.61979863477458
1619,1619,0.08093453700098507,0.29331919684112684,57.617474784839644
1620,1620,0.08098665800099525,0.2933190395160375,57.619807506948376
1621,1621,0.08103052500104013,0.2933188823545373,57.617486024390615
1622,1622,0.08107394700101622,0.2933187253564123,57.6198163423444
1623,1623,0.08111498900098013,0.2933185685212836,57.61749722111469
1624,1624,0.08115652900096393,0.2933184118489381,57.6198251410855
1625,1625,0.0811970070009238,0.293318255338999,57.61750837516076
1626,1626,0.08123683300090079,0.2933180989912542,57.6198339032941
1627,1627,0.08127637600091475,0.2933179428053291,57.6175194866772
1628,1628,0.08132634400089955,0.2933177867810127,57.6198426290923
1629,1629,0.08136991500089152,0.29331763091793234,57.6175305558119
1630,1630,0.081410802000903,0.29331747521587803,57.619851318601825
1631,1631,0.08145089300091968,0.29331731967447894,57.617541582712214
1632,1632,0.08149125200088747,0.2933171642935266,57.61985997194406
1633,1633,0.08153185600087909,0.2933170090726519,57.617552567524974
1634,1634,0.08157184100087989,0.2933168540116473,57.61986858924001
1635,1635,0.08162090500087515,0.2933166991101459,57.61756351039653
1636,1636,0.08166153700085488,0.2933165443679412,57.61987717061032
1637,1637,0.08170151800084113,0.2933163897846682,57.617574411472674
1638,1638,0.08174130100087496,0.2933162353601212,57.6198857161753
1639,1639,0.08178081000090742,0.29331608109393753,57.617585270898765
1640,1640,0.08182082000092805,0.29331592698591247,57.61989422605487
1641,1641,0.08188732200090953,0.29331577303568496,57.617596088819575
1642,1642,0.08194444600087536,0.29331561924305166,57.619902700368606
1643,1643,0.08200255200085849,0.2933154656076533,57.617606865379415
1644,1644,0.08206094000087205,0.2933153121292876,57.61991113923574
1645,1645,0.08212077300089504,0.2933151588075972,57.617617600722106
1646,1646,0.08218836800091367,0.2933150056423806,57.61991954277512
1647,1647,0.08223921100091047,0.29331485263328255,57.61762829499093
1648,1648,0.08228112000091414,0.29331469978010266,57.61992791110528
1649,1649,0.08232137500090175,0.2933145470824874,57.617638948328675
1650,1650,0.08236145700089992,0.2933143945402375,57.61993624434434
1651,1651,0.08244717800090484,0.29331424215300106,57.617649560877666
1652,1652,0.08250216600089288,0.29331408992057995,57.61994454261011
1653,1653,0.0825452450009152,0.29331393784262416,57.6176601327797
1654,1654,0.0825869350009043,0.29331378591893664,57.61995280602003
1655,1655,0.08262721000085094,0.2933136341491691,57.61767066417607
1656,1656,0.08266783600083727,0.29331348253312534,57.619961034691194
1657,1657,0.08270832000084738,0.29331333107045904,57.6176811552076
1658,1658,0.08275883200082035,0.2933131797609751,57.61996922874031
1659,1659,0.08279968200082521,0.29331302860432884,57.6176916060146
1660,1660,0.08284055100085652,0.293312877600326,57.619977388283786
1661,1661,0.08288034500083086,0.2933127267486241,57.61770201673693
1662,1662,0.08292020300081049,0.2933125760490296,57.61998551343763
1663,1663,0.08295952700080989,0.2933124255012016,57.617712387513876
1664,1664,0.08306321600082356,0.293312275104948,57.61999360431755
1665,1665,0.08310990800083573,0.2933121248599294,57.617722718484345
1666,1666,0.08315183400083015,0.29331197476595466,57.62000166103883
1667,1667,0.08319211000082305,0.2933118248226862,57.61773300978667
1668,1668,0.0832796930008044,0.2933116750299336,57.62000968371646
1669,1669,0.08332376900079908,0.29331152538736127,57.61774326155876
1670,1670,0.08337667100079216,0.2933113758947799,57.62001767246507
1671,1671,0.08341758500074548,0.2933112265518553,57.617753473937974
1672,1672,0.08345812000078467,0.2933110773583992,57.62002562739892
1673,1673,0.08349795700075902,0.2933109283140791,57.61776364706126
1674,1674,0.08354274900074188,0.29331077941870776,57.62003354863194
1675,1675,0.08363437000070917,0.29331063067195445,57.61777378106503
1676,1676,0.08369699400071795,0.29331048207363264,57.6200414362777
1677,1677,0.08375490400072749,0.2933103336234134,57.61778387608525
1678,1678,0.08381231200075945,0.29331018532111125,57.62004929044943
1679,1679,0.08386688200073422,0.29331003716639886,57.617793932257406
1680,1680,0.08393391600071709,0.2933098891590914,57.62005711126001
1681,1681,0.08398733200073139,0.29330974129886356,57.617803949716496
1682,1682,0.0840394080007627,0.29330959358553155,57.62006489882198
1683,1683,0.0840917200007425,0.29330944601877124,57.617813928597045
1684,1684,0.0841445310007316,0.2933092985984001,57.62007265324751
1685,1685,0.08420723100073246,0.2933091513240957,57.61782386903312
1686,1686,0.08428509300068754,0.2933090041956759,57.62008037464846
1687,1687,0.08434530200071322,0.29330885721282035,57.61783377115828
1688,1688,0.0844047860007322,0.29330871037534806,57.62008806313631
1689,1689,0.0844835540007125,0.2933085636829398,57.617843635105665
1690,1690,0.08454006800070601,0.29330841713541556,57.62009571882221
1691,1691,0.08459700700069561,0.29330827073245785,57.617853461007904
1692,1692,0.08465505700070253,0.29330812447388743,57.620103341816986
1693,1693,0.08477056100065283,0.2933079783593886,57.61786324899719
1694,1694,0.08482997600066255,0.29330783238878305,57.62011093223109
1695,1695,0.0848865340006455,0.2933076865617564,57.617872999205225
1696,1696,0.08494142100062163,0.29330754087813116,57.62011849017464
1697,1697,0.08498330000065835,0.29330739533759487,57.61788271176326
1698,1698,0.08503725300067799,0.29330724993997076,57.62012601575743
1699,1699,0.08507844600069348,0.29330710468494786,57.61789238680209
1700,1700,0.0851195830006759,0.2933069595723503,57.620133509088895
1701,1701,0.08516385300066531,0.2933068146018688,57.617902024452036
1702,1702,0.08520399200062911,0.2933066697733283,57.620140970278115
1703,1703,0.08524380800065501,0.2933065250864209,57.61791162484297
1704,1704,0.08534557000069753,0.2933063805409727,57.62014839943387
1705,1705,0.08540839200065875,0.2933062361366771,57.61792118810429
1706,1706,0.08545197800066262,0.293306091873361,57.62015579666457
1707,1707,0.08549281200066616,0.29330594775071944,57.61793071436497
1708,1708,0.08554874600065432,0.29330580376858023,57.6201631620783
1709,1709,0.0856023730006541,0.29330565992663993,57.61794020375348
1710,1710,0.08564495800061422,0.293305516224727,57.6201704957828
1711,1711,0.08568614700061516,0.29330537266253975,57.61794965639787
1712,1712,0.08572752900062142,0.29330522923990726,57.62017779788547
1713,1713,0.08576805700062096,0.2933050859565294,57.61795907242574
1714,1714,0.08580825000058212,0.2933049428122363,57.620185068493385
1715,1715,0.0858822620005526,0.29330479980672897,57.61796845196423
1716,1716,0.08592715100058967,0.2933046569398386,57.620192307713275
1717,1717,0.08598988500057203,0.2933045142112676,57.617977795140035
1718,1718,0.08603129400052012,0.2933043716208479,57.620199515651535
1719,1719,0.08607176000055006,0.2933042291682836,57.617987102079375
1720,1720,0.08611301200051003,0.29330408685340725,57.620206692414236
1721,1721,0.08615299200050686,0.29330394467592436,57.61799637290808
1722,1722,0.0862018860005378,0.2933038026356685,57.6202138381071
1723,1723,0.08624298600051361,0.2933036607323466,57.618005607751485
1724,1724,0.08628388700049072,0.2933035189657929,57.62022095283552
1725,1725,0.08632385800052589,0.29330337733571576,57.61801480673449
1726,1726,0.08636387100051479,0.29330323584195034,57.620228036704546
1727,1727,0.08640333200048644,0.29330309448420633,57.618023969981586
1728,1728,0.08647292100044979,0.29330295326231975,57.62023508981894
1729,1729,0.08653464900044128,0.29330281217600185,57.618033097616774
1730,1730,0.08658556500046188,0.29330267122508913,57.62024211228308
1731,1731,0.08662787700046692,0.29330253040929427,57.61804218976366
1732,1732,0.08666966700047851,0.2933023897284549,57.62024910420104
1733,1733,0.08671034700051905,0.293302249182285,57.6180512465454
1734,1734,0.08675079100049743,0.2933021087706226,57.62025606567656
1735,1735,0.08679352700050913,0.29330196849318335,57.61806026808467
1736,1736,0.08683516700051541,0.29330182834980617,57.62026299681305
1737,1737,0.08687583300053348,0.29330168834020803,57.61806925450378
1738,1738,0.0869163820005383,0.2933015484642285,57.620269897713584
1739,1739,0.08695586800052979,0.2933014087215859,57.61807820592458
1740,1740,0.0869965360005267,0.2933012691121207,57.62027676848092
1741,1741,0.08705506200055879,0.2933011296355525,57.618087122468474
1742,1742,0.08709884400059309,0.2933009902917227,57.62028360921748
1743,1743,0.08714039400058482,0.2933008510803521,57.61809600425643
1744,1744,0.08718193600054747,0.2933007120012827,57.620290420025384
1745,1745,0.08722275000053514,0.29330057305423696,57.61810485140902
1746,1746,0.08726246500054913,0.29330043423905755,57.620297201006395
1747,1747,0.08730252400056315,0.29330029555546816,57.61811366404636
1748,1748,0.08806602100054306,0.2933001570033123,57.62030395226194
1749,1749,0.08811861000054932,0.2933000185823149,57.61812244228816
1750,1750,0.08817180600055963,0.29329988029232024,57.62031067389318
1751,1751,0.08821388900054217,0.29329974213305476,57.618131186253684
1752,1752,0.0882559160005485,0.29329960410436323,57.6203173660009
1753,1753,0.0882972230005521,0.29329946620597347,57.618139896061784
1754,1754,0.08835674700054597,0.29329932843773104,57.62032402868557
1755,1755,0.08845604200058688,0.29329919079936495,57.6181485718309
1756,1756,0.08852651100056619,0.2932990532907217,57.620330662047365
1757,1757,0.08860604400058492,0.29329891591153145,57.61815721367902
1758,1758,0.08866722900057766,0.29329877866164134,57.62033726618611
1759,1759,0.08872696500054644,0.293298641540783,57.61816582172376
1760,1760,0.08878920400053403,0.29329850454880413,57.62034384120133
1761,1761,0.08884581300054606,0.29329836768543777,57.618174396082274
1762,1762,0.08890314500058594,0.29329823095053237,57.62035038719221
1763,1763,0.08901740300058236,0.2932980943438221,57.618182936871314
1764,1764,0.08908379800061539,0.2932979578651561,57.620356904257626
1765,1765,0.08914849000058211,0.29329782151427,57.61819144420723
1766,1766,0.08920818400054031,0.29329768529101347,57.62036339249615
1767,1767,0.08925910400057546,0.2932975491951234,57.61819991820594
1768,1768,0.08931559800055311,0.2932974132264503,57.620369852006014
1769,1769,0.08936163500055727,0.29329727738473227,57.61820835898296
1770,1770,0.08941736600053218,0.29329714166982046,57.62037628288513
1771,1771,0.08946036200052276,0.2932970060814541,57.618216766653404
1772,1772,0.08950125700050648,0.29329687061948523,57.62038268523112
1773,1773,0.08960392500046055,0.2932967352836543,57.61822514133194
1774,1774,0.08966224700043313,0.293296600073814,57.62038905914126
1775,1775,0.08972180400041907,0.2932964649897058,57.61823348313286
1776,1776,0.08976586900041639,0.2932963300311833,57.620395404712546
1777,1777,0.08980705600038164,0.2932961951979893,57.61824179217006
1778,1778,0.08984740200037322,0.2932960604899779,57.62040172204164
1779,1779,0.08989168700037453,0.29329592590689313,57.618250068557
1780,1780,0.0899335470003848,0.2932957914485897,57.62040801122487
1781,1781,0.0899737610004081,0.2932956571148129,57.61825831240674
1782,1782,0.09001378100037982,0.2932955229054182,57.620414272358296
1783,1783,0.09005349800037266,0.29329538882015216,57.61826652383196
1784,1784,0.0900940390003484,0.2932952548588706,57.62042050553764
1785,1785,0.0901582550003468,0.2932951210213213,57.618274702944916
1786,1786,0.09021944900035805,0.29329498730736103,57.620426710858304
1787,1787,0.0902766830003543,0.2932948537167388,57.61828284985747
1788,1788,0.09034619800036126,0.2932947202493117,57.6204328884154
1789,1789,0.09040278900039311,0.2932945869048298,57.61829096468109
1790,1790,0.0904614940003512,0.2932944536831514,57.62043903830373
1791,1791,0.09052328000035459,0.29329432058402743,57.61829904752684
1792,1792,0.09056686900038358,0.2932941876073167,57.62044516061776
1793,1793,0.09066733000037175,0.2932940547527716,57.618307098505404
1794,1794,0.09072571600034962,0.2932939220202514,57.620451255451684
1795,1795,0.09078104100035489,0.29329378940950956,57.61831511772704
1796,1796,0.09082377000032693,0.29329365692040626,57.62045732289938
1797,1797,0.09086493000035034,0.29329352455269597,57.61832310530165
1798,1798,0.09090519100038819,0.29329339230623935,57.6204633630544
1799,1799,0.09095849800036149,0.29329326018079227,57.61833106133871
1800,1800,0.09099964700038754,0.29329312817621594,57.62046937600999
1801,1801,0.09104030100041882,0.29329299629226724,57.61833898594732
1802,1802,0.09108387300040022,0.2932928645288081,57.62047536185913
1803,1803,0.09112414200035346,0.29329273288559654,57.618346879236206
1804,1804,0.09116361400032247,0.2932926013624951,57.620481320694466
1805,1805,0.09122243400031493,0.29329246995926295,57.618354741313674
1806,1806,0.09128537400027881,0.29329233867576326,57.62048725260833
1807,1807,0.09132772000032219,0.29329220751175633,57.61836257228767
1808,1808,0.09136871000032443,0.2932920764671058,57.62049315769277
1809,1809,0.09140935800030547,0.29329194554157306,57.618370372265744
1810,1810,0.09144963000034068,0.29329181473502264,57.620499036039526
1811,1811,0.09149970400034135,0.29329168404721684,57.61837814135507
1812,1812,0.09154157700032783,0.29329155347802083,57.62050488774004
1813,1813,0.09158233400029303,0.293291423027198,57.61838587966242
1814,1814,0.09162273200030313,0.293291292694614,57.620510712885455
1815,1815,0.0916630620002934,0.29329116248003356,57.6183935872942
1816,1816,0.09170259200027431,0.2932910323833228,57.62051651156661
1817,1817,0.09178665700028432,0.2932909024042475,57.61840126435642
1818,1818,0.09183562000026768,0.2932907725426744,57.62052228387405
1819,1819,0.09188032500031795,0.29329064279837036,57.61840891095475
1820,1820,0.09192220900030179,0.2932905131712028,57.62052802989801
1821,1821,0.09196327600028553,0.29329038366093946,57.61841652719444
1822,1822,0.09201240500027552,0.29329025426744854,57.620533749728445
1823,1823,0.09207911200030594,0.2932901249904987,57.618424113180374
1824,1824,0.09213860400029716,0.29328999582995885,57.620539443454994
1825,1825,0.09219308800027193,0.29328986678559865,57.61843166901707
1826,1826,0.09224811300026659,0.2932897378572875,57.62054511116702
1827,1827,0.09230163400030733,0.2932896090447963,57.61843919480868
1828,1828,0.09236689100032436,0.2932894803479948,57.620550752953584
1829,1829,0.09242791800033956,0.29328935176665505,57.618446690658956
1830,1830,0.09253832300032627,0.2932892233006476,57.62055636890343
1831,1831,0.09261911500033193,0.2932890949497453,57.6184541566713
1832,1832,0.09268135400031952,0.2932889667138192,57.620561959105046
1833,1833,0.09273724700034336,0.2932888385926432,57.618461592948734
1834,1834,0.09279125000034583,0.293288710586089,57.62056752364662
1835,1835,0.09288112700033935,0.29328858269393177,57.61846899959393
1836,1836,0.09293927200036478,0.29328845491604344,57.62057306261601
1837,1837,0.09299377400037656,0.29328832725220016,57.61847637670916
1838,1838,0.09305298500038361,0.29328819970227465,57.62057857610083
1839,1839,0.09310853700037569,0.2932880722660439,57.61848372439637
1840,1840,0.09318166100035796,0.2932879449433814,57.62058406418839
1841,1841,0.09324272000031897,0.293287817734065,57.6184910427571
1842,1842,0.0933010850003484,0.2932876906379686,57.62058952696568
1843,1843,0.09335584300032451,0.2932875636548713,57.61849833189256
1844,1844,0.09345785300035914,0.2932874367846475,57.62059496451945
1845,1845,0.09351961700031097,0.29328731002707725,57.61850559190356
1846,1846,0.09357798500030867,0.29328718338203547,57.62060037693613
1847,1847,0.09363458800027047,0.29328705684930323,57.61851282289061
1848,1848,0.09369440300031329,0.293286930428756,57.62060576430186
1849,1849,0.09375537800030997,0.29328680412017594,57.61852002495379
1850,1850,0.09381598800030133,0.2932866779234388,57.620611126702514
1851,1851,0.09387200800034634,0.29328655183832786,57.61852719819287
1852,1852,0.093924145000301,0.2932864258647196,57.62061646422368
1853,1853,0.09402869400031477,0.2932863000023979,57.61853434270724
1854,1854,0.09407446200032155,0.29328617425124004,57.620621776950635
1855,1855,0.09412362000034591,0.29328604861103086,57.61854145859595
1856,1856,0.09416523200036409,0.293285923081648,57.62062706496839
1857,1857,0.09420655300033332,0.2932857976628774,57.61854854595767
1858,1858,0.0942476630003739,0.29328567235459724,57.62063232836167
1859,1859,0.09429784600035873,0.29328554715659433,57.61855560489074
1860,1860,0.09434005000036905,0.2932854220687474,57.62063756721492
1861,1861,0.09438125300039246,0.29328529709084433,57.61856263549314
1862,1862,0.09442199000039864,0.2932851722227642,57.620642781612304
1863,1863,0.09446167900040336,0.29328504746429584,57.618569637862485
1864,1864,0.09450121400038825,0.293284922815319,57.6206479716377
1865,1865,0.09458649900039973,0.2932847982756233,57.618576612096085
1866,1866,0.09467016700040176,0.29328467384508916,57.6206531373747
1867,1867,0.09472977100040225,0.293284549523507,57.618583558290844
1868,1868,0.0948587100003806,0.29328442531075766,57.62065827890663
1869,1869,0.09492766500034122,0.29328430120663285,57.61859047654334
1870,1870,0.094979737000358,0.29328417721101363,57.62066339631653
1871,1871,0.09503019200036533,0.2932840533236926,57.618597366949814
1872,1872,0.09508301500034122,0.2932839295445515,57.62066848968716
1873,1873,0.09518518600032166,0.29328380587338365,57.61860422960617
1874,1874,0.09525802500030522,0.2932836823100715,57.620673559101
1875,1875,0.0953161310003452,0.2932835588544093,57.61861106460793
1876,1876,0.09537145200033592,0.29328343550627983,57.62067860464028
1877,1877,0.0954253510003582,0.2932833122654782,57.61861787205033
1878,1878,0.09549253300036753,0.2932831891318879,57.620683626386906
1879,1879,0.09554619100032369,0.29328306610530497,57.61862465202819
1880,1880,0.09559889300032864,0.2932829431856131,57.62068862442254
1881,1881,0.09565094400034013,0.2932828203726094,57.61863140463606
1882,1882,0.0957488400003399,0.2932826976661781,57.62069359882858
1883,1883,0.09581322900032774,0.29328257506611705,57.618638129968126
1884,1884,0.09589267600034646,0.2932824525723112,57.620698549686125
1885,1885,0.09595227900030068,0.2932823301845592,57.61864482811821
1886,1886,0.09602546900032394,0.2932822079027463,57.62070347707601
1887,1887,0.09608132500034117,0.29328208572667225,57.618651499179826
1888,1888,0.09613554900033705,0.2932819636562228,57.62070838107881
1889,1889,0.09619192900032658,0.2932818416911983,57.61865814324615
1890,1890,0.09630196300031457,0.2932817198314852,57.62071326177482
1891,1891,0.09636530400030097,0.29328159807688475,57.61866476041003
1892,1892,0.09642486400031203,0.2932814764272838,57.62071811924404
1893,1893,0.09648333100028594,0.2932813548824845,57.61867135076394
1894,1894,0.09654172500023606,0.29328123344237417,57.62072295356625
1895,1895,0.09660331700024472,0.2932811121067558,57.61867791440008
1896,1896,0.09666349700023602,0.2932809908755171,57.62072776482093
1897,1897,0.09672299900023518,0.2932808697484621,57.61868445141028
1898,1898,0.09677913900020485,0.29328074872547893,57.62073255308728
1899,1899,0.09683078300020043,0.2932806278063723,57.61869096188605
1900,1900,0.09687308400020811,0.29328050699103103,57.62073731844427
1901,1901,0.09691431100020509,0.29328038627926056,57.61869744591857
1902,1902,0.09701972500022293,0.2932802656709501,57.62074206097057
1903,1903,0.0970690520002222,0.2932801451659062,57.61870390359871
1904,1904,0.09711341300021559,0.2932800247640184,57.620746780744604
1905,1905,0.09715532900020207,0.29327990446509383,57.61871033501697
1906,1906,0.09719585600021219,0.29327978426902274,57.62075147784453
1907,1907,0.09723605400023416,0.2932796641756132,57.61871674026358
1908,1908,0.09727551200023754,0.2932795441847557,57.62075615234822
1909,1909,0.0973156340002106,0.2932794242962593,57.61872311942841
1910,1910,0.0973663400001783,0.29327930451001477,57.62076080433331
1911,1911,0.09743071200017539,0.29327918482583204,57.618729472601004
1912,1912,0.09747151100015117,0.2932790652436025,57.62076543387714
1913,1913,0.09751250200014283,0.29327894576313673,57.61873579987061
1914,1914,0.09755278500011855,0.29327882638432656,57.62077004105684
1915,1915,0.09759289600009424,0.2932787071069835,57.61874210132614
1916,1916,0.09763232800008836,0.2932785879309997,57.62077462594924
1917,1917,0.09767428300006031,0.2932784688561876,57.618748377056185
1918,1918,0.09771465700009685,0.2932783498824397,57.620779188630905
1919,1919,0.09775462400006063,0.2932782310095693,57.61875462714903
1920,1920,0.09779399700005342,0.29327811223746936,57.62078372917816
1921,1921,0.09783406900004366,0.29327799356595374,57.618760851692606
1922,1922,0.09787370900005499,0.2932778749949163,57.620788247667065
1923,1923,0.09793000000007623,0.29327775652417143,57.618767050774586
1924,1924,0.09798086000006379,0.29327763815361324,57.62079274417342
1925,1925,0.09802339100008339,0.2932775198830571,57.6187732244823
1926,1926,0.09806450400009226,0.29327740171239775,57.62079721877276
1927,1927,0.09810502200008386,0.2932772836414511,57.61877937290273
1928,1928,0.09814459700010048,0.2932771656701123,57.62080167154039
1929,1929,0.09820091500006356,0.2932770477981982,57.618785496122605
1930,1930,0.09826034500008518,0.2932769300256043,57.62080610255133
1931,1931,0.09832058200009897,0.2932768123521481,57.61879159422829
1932,1932,0.09837800200006086,0.29327669477772567,57.62081051188034
1933,1933,0.09847504200007506,0.29327657730215545,57.618797667305884
1934,1934,0.09852149800008192,0.29327645992533363,57.620814899601974
1935,1935,0.09857270700007348,0.29327634264707947,57.61880371544115
1936,1936,0.09862915600007227,0.2932762254672897,57.62081926579047
1937,1937,0.0986715530000879,0.29327610838578433,57.61880973871955
1938,1938,0.09871177600007286,0.2932759914024605,57.620823610519864
1939,1939,0.09875587700008737,0.293275874517139,57.61881573722623
1940,1940,0.09879733700006454,0.2932757577297173,57.6208279338639
1941,1941,0.0988379300000588,0.2932756410400169,57.61882171104603
1942,1942,0.09887835100005304,0.29327552444793586,57.62083223589611
1943,1943,0.09893545600004927,0.29327540795329643,57.61882766026351
1944,1944,0.09898306900004172,0.29327529155599685,57.62083651668972
1945,1945,0.09903989900004717,0.2932751752558603,57.61883358496291
1946,1946,0.09908356100004312,0.2932750590527854,57.62084077631776
1947,1947,0.09912521100005733,0.2932749429465961,57.61883948522814
1948,1948,0.09916581300001326,0.2932748269371914,57.620845014853
1949,1949,0.09925198700005922,0.29327471102439606,57.61884536114285
1950,1950,0.0992952550000723,0.2932745952081095,57.62084923236795
1951,1951,0.09934666600008768,0.29327447948815694,57.618851212790396
1952,1952,0.09938736400010839,0.29327436386443834,57.620853428934865
1953,1953,0.09942854200011197,0.29327424833677984,57.61885704025376
1954,1954,0.09946856300007312,0.2932741329050818,57.620857604625755
1955,1955,0.09950834900007521,0.29327401756917076,57.6188628436157
1956,1956,0.09954834100005883,0.29327390232894773,57.62086175951242
1957,1957,0.09961715700006835,0.29327378718424,57.618868622958665
1958,1958,0.09966014900004438,0.2932736721349488,57.62086589366636
1959,1959,0.09970145500000172,0.2932735571809023,57.61887437836477
1960,1960,0.09974178999999594,0.29327344232200214,57.62087000715887
1961,1961,0.09978330099994537,0.29327332755807695,57.618880109915885
1962,1962,0.09982366699995282,0.293273212889029,57.62087410006098
1963,1963,0.09986420799992857,0.29327309831468773,57.61888581769354
1964,1964,0.09990394099992272,0.29327298383495554,57.62087817244349
1965,1965,0.09994633499991323,0.29327286944966263,57.618891501779
1966,1966,0.09998725199994851,0.2932727551587119,57.62088222437695
1967,1967,0.10002745299993876,0.29327264096193423,57.61889716225322
1968,1968,0.10006725899995672,0.29327252685923283,57.620886255931666
1969,1969,0.10010728499997867,0.29327241285043937,57.618902799196874
1970,1970,0.10014691100002437,0.29327229893545737,57.6208902671777
1971,1971,0.10020516999998108,0.2932721851141192,57.61890841269037
1972,1972,0.1002688819999662,0.2932720713863288,57.6208942581849
1973,1973,0.10031372399993188,0.29327195775191933,57.61891400281377
1974,1974,0.1003551749999474,0.29327184421079494,57.62089822902284
1975,1975,0.10039598499992053,0.2932717307627894,57.6189195696469
1976,1976,0.10043637399991212,0.29327161740780755,57.62090217976088
1977,1977,0.10047968099991067,0.29327150414568365,57.61892511326925
1978,1978,0.10052020199987055,0.2932713909763228,57.620906110468134
1979,1979,0.10056067799985158,0.2932712778995603,57.61893063376008
1980,1980,0.10060056099985104,0.29327116491530136,57.62091002121346
1981,1981,0.10064141799989557,0.2932710520233819,57.618936131198325
1982,1982,0.10068129999984876,0.2932709392237076,57.62091391206551
1983,1983,0.10073324299986552,0.29327082651611514,57.61894160566266
1984,1984,0.10077503699983481,0.2932707139005106,57.62091778309269
1985,1985,0.10081633999982387,0.29327060137673105,57.618947057231445
1986,1986,0.10085660699979826,0.2932704889446831,57.62092163436316
1987,1987,0.10089662699976998,0.2932703766042046,57.61895248598279
1988,1988,0.10093598399976145,0.2932702643552024,57.620925465944836
1989,1989,0.10097598999976753,0.29327015219751507,57.61895789199451
1990,1990,0.10102515799979983,0.2932700401310497,57.620929277905454
1991,1991,0.10106528999978082,0.2932699281556455,57.61896327534414
1992,1992,0.1011048679997657,0.29326981627121024,57.62093307031245
1993,1993,0.10114487599975064,0.29326970447758366,57.618968636108946
1994,1994,0.10118437799974345,0.2932695927746737,57.62093684323306
1995,1995,0.10122402299975874,0.2932694811623207,57.61897397436589
1996,1996,0.10129105699974161,0.2932693696404334,57.6209405967343
1997,1997,0.1013335609997057,0.29326925820885236,57.61897929019169
1998,1998,0.10137477799969474,0.2932691468674866,57.620944330882935
1999,1999,0.10141541099966389,0.29326903561617795,57.618984583662765
2000,2000,0.10145494799968446,0.2932689244548354,57.62094804574551
