epoch,updates,time,train_loss,val_rmse
1,1,0.0001021540000465393,0.43556563478128785,69.90918062199685
2,2,0.0001515670000458158,0.3976753550938525,67.56675459504217
3,3,0.0002085670000724349,0.3742776519625324,64.99538511541218
4,4,0.0002514100000894359,0.35953701011153744,64.2732803302607
5,5,0.0003003510000780807,0.34969750750776984,62.84233699409274
6,6,0.0003603780000958068,0.3429120280314336,62.65927681224435
7,7,0.0004089850000923434,0.3378404076632608,61.743943523215094
8,8,0.0004601900000693604,0.33391595245858285,61.73875606080448
9,9,0.0005029170001193961,0.330657154450883,61.06887538184334
10,10,0.0005448540001111724,0.3278891712998442,61.128234863193335
11,11,0.0005864650000830807,0.3254437345112827,60.588994808624896
12,12,0.0006347250001113025,0.3232610534983441,60.67480737048274
13,13,0.0006779450001204168,0.3212807299314814,60.216238560300155
14,14,0.0007206110001334309,0.3194770353690884,60.3133163301511
15,15,0.0007609830001342743,0.3178242432671882,59.91186695829662
16,16,0.0008018380000862635,0.3163075763833761,60.013074857260946
17,17,0.0008418540001002839,0.31491266144310787,59.65610184780153
18,18,0.000882128000114335,0.31362898388706795,59.75769987646208
19,19,0.0009516670001517014,0.3124464916467546,59.43739634505562
20,20,0.0009971010001663672,0.31135687511348,59.53729794365122
21,21,0.0010644000001889253,0.3103522326288455,59.248251428310006
22,22,0.0011070780001887215,0.3094257245574106,59.34525886353355
23,23,0.0011476110001353845,0.30857084243280436,59.08338884519191
24,24,0.001188987000148245,0.30778187607245117,59.17681604516693
25,25,0.001229633000150443,0.30705337377734976,58.93886386550567
26,26,0.0013066000001344946,0.3063805457710656,59.02833519571058
27,27,0.0013496850001502025,0.305758798164465,58.81159555999399
28,28,0.0013919200001737408,0.3051841072742929,58.896932229346966
29,29,0.001436147000163146,0.3046525930818209,58.69910034799727
30,30,0.0014767000001825181,0.3041608741543137,58.78025311237777
31,31,0.001545545000169568,0.30370566975048024,58.59933146415377
32,32,0.0016045510001276853,0.3032841381381807,58.67633882077543
33,33,0.0016646400001150141,0.3028935032212489,58.5105764574776
34,34,0.0017082560001426828,0.3025313771222899,58.5835373931207
35,35,0.0017484320001130982,0.3021954092324143,58.431387864668416
36,36,0.0017894200000796445,0.30188359340042936,58.50044324352387
37,37,0.001828791000093588,0.30159393799921724,58.36053368095367
38,38,0.0018712740001092243,0.30132475792384433,58.425852994796976
39,39,0.001911886000073082,0.3010743645673505,58.29696022665341
40,40,0.00195112000011477,0.3008413427995395,58.35873184050615
41,41,0.0019950920001292616,0.30062425991613606,58.239763198503596
42,42,0.0020571800001789597,0.3004219277699121,58.298186990880865
43,43,0.002132321000203774,0.3002331298763892,58.18816442921504
44,44,0.0021810010002241143,0.3000568688789544,58.24344614941766
45,45,0.002222221000238278,0.29989211108415875,58.1414928368692
46,46,0.002264076000244586,0.29973801945774814,58.19383974153636
47,47,0.002304430000208413,0.2995937149306718,58.09916858547309
48,48,0.0023443420001854065,0.2994584951428845,58.148786057043054
49,49,0.00238846900020917,0.29933161191063046,58.060689790282765
50,50,0.0024288040002033995,0.2992124759597764,58.10777872595179
51,51,0.002476922000198556,0.2991004499777854,58.02562128895298
52,52,0.002536331000158043,0.2989950396084715,58.07037610410179
53,53,0.0026199950002023797,0.2988957015300808,57.99358511753278
54,54,0.0026739200002339203,0.2988020210186484,58.03619224522894
55,55,0.0027171560002443584,0.29871353449859905,57.96425240878532
56,56,0.002759396000271863,0.29862989402179174,58.00488920378647
57,57,0.002844954000238431,0.2985507037311078,57.93733648560006
58,58,0.002889252000215947,0.29847567164578115,57.97617046105891
59,59,0.0029417390002208776,0.2984044594638694,57.91258696336069
60,60,0.002982730000212541,0.29833682209013423,57.94977530328932
61,61,0.0030232600001909304,0.2982724701826539,57.88978470703357
62,62,0.0030638490001706487,0.29821119790552,57.9254740087739
63,63,0.003103735000195229,0.29815275760084586,57.868737514288405
64,64,0.0031443120001881653,0.2980969762928576,57.90306372357314
65,65,0.003238649000195437,0.2980436418419077,57.84927641682542
66,66,0.0032844310001678423,0.29799260876705735,57.88236492410019
67,67,0.0033319460001735024,0.2979436952160191,57.831252509290756
68,68,0.0033905090001553617,0.29789677870807474,57.863218380310116
69,69,0.003453689000139093,0.29785170323544863,57.814534229402405
70,70,0.0034956640001837513,0.2978083655556916,57.84548254616649
71,71,0.003537745000187442,0.29776663172769835,57.79900502468857
72,72,0.0035788170001751496,0.2977264146012468,57.829031314970294
73,73,0.0036187540001719753,0.29768759908604503,57.784561350968524
74,74,0.0036587700001859957,0.2976501114952189,57.81375208636139
75,75,0.0036989060001815233,0.2976138528491199,57.7711109557394
76,76,0.00378168600019535,0.2975787607290269,57.79954409962908
77,77,0.0038475830002084876,0.2975447499291031,57.75857140628472
78,78,0.0038937190001888666,0.2975117674667701,57.78631699462998
79,79,0.003940315000193095,0.29747973991575816,57.74686882787157
80,80,0.003980662000174107,0.29744862220135293,57.77398956729626
81,81,0.0040216150001697315,0.2974183509740774,57.73593682208567
82,82,0.004062186000169277,0.29738888779247863,57.76248869157947
83,83,0.004104627000174332,0.2973601779294529,57.72571553935796
84,84,0.0041453530001831496,0.29733218851382237,57.75174838383829
85,85,0.004184976000203733,0.29730487219832274,57.716150883207554
86,86,0.004224566000232244,0.29727820079541173,57.74170898924359
87,87,0.004264748000252894,0.29725213327608163,57.707193826767124
88,88,0.004304173000207356,0.29722664539662197,57.73231647282333
89,89,0.004355371000201558,0.2972017015393371,57.69879982483971
90,90,0.004397841000184144,0.2971772807867326,57.72352180037283
91,91,0.004438468000159901,0.2971533521576887,57.69092830710812
92,92,0.004478051000148753,0.2971298975449521,57.7152803966723
93,93,0.004517681000152152,0.2971068899422866,57.683542240211075
94,94,0.004558994000149141,0.29708431362124316,57.70755167033463
95,95,0.004600806000155444,0.29706214498542854,57.67660774823717
96,96,0.004644178000148713,0.2970403703240793,57.70029859620007
97,97,0.0046845240001403,0.2970189689682178,57.670093782788875
98,98,0.004724521000127879,0.29699792892215804,57.69348734754007
99,99,0.004764751000095657,0.2969772320324928,57.66397183515225
100,100,0.004804883000133486,0.296956867764714,57.68708697146898
101,101,0.004844640000158051,0.29693682012941713,57.6582156842944
102,102,0.0048953650001521964,0.29691707983994725,57.68106910191977
103,103,0.0049368970001637535,0.2968976327707809,57.6528011754184
104,104,0.004977722000148788,0.2968784707036186,57.67540770534864
105,105,0.005018128000187971,0.29685958112058286,57.64770602465716
106,106,0.00509193100020866,0.2968409567204591,57.67007885501547
107,107,0.005138725000165323,0.29682258637419745,57.642909646201225
108,108,0.00518811500018046,0.2968044635699766,57.665060530265315
109,109,0.005229226000153631,0.29678657838064093,57.6383929987519
110,110,0.005269676000182244,0.29676892497578833,57.660332437725714
111,111,0.005310372000224106,0.29675149447038657,57.63413844868681
112,112,0.0053546420002135164,0.2967342816239847,57.65587585175132
113,113,0.005395138000210409,0.29671727845703244,57.63012964773671
114,114,0.005461870000203817,0.29670048024140017,57.65167347180272
115,115,0.00551787200021181,0.29668387978606947,57.62635142331286
116,116,0.005562674000259449,0.29666747280921507,57.64770929475027
117,117,0.005603402000247115,0.2966512528081634,57.622789679907704
118,118,0.0056435890002717315,0.29663521589113734,57.643968500354006
119,119,0.005683789000272554,0.2966193561578896,57.61943131022531
120,120,0.005723717000250872,0.2966036700586495,57.640437348395196
121,121,0.005779645000245637,0.2965881522218251,57.616264114893546
122,122,0.005821307000246634,0.2965727993985329,57.637103086127794
123,123,0.005861037000215674,0.2965576066824094,57.61327672977184
124,124,0.005900195000208441,0.2965425710901822,57.63395386488484
125,125,0.0059400470001946815,0.29652768812609986,57.610458560004425
126,126,0.005979598000180886,0.29651295504216424,57.63097866481927
127,127,0.006049647000168079,0.29649836770612775,57.60779972008287
128,128,0.0061044490001904705,0.2964839235791117,57.62816722688361
129,129,0.006159129000195662,0.29646961885166656,57.605290979277356
130,130,0.006201852000174313,0.29645545117142424,57.62550999126142
131,131,0.006242558000167264,0.2964414170164904,57.60292371187766
132,132,0.006282930000168108,0.29642751420141117,57.622998041558006
133,133,0.006322912000143788,0.29641373946127036,57.60068985175359
134,134,0.006374287000141976,0.2964000907604951,57.62062305414011
135,135,0.0064144220000912355,0.29638656506455846,57.59858185080367
136,136,0.006454615000052399,0.2963731604729213,57.61837725208576
137,137,0.0064941700000531455,0.2963598741582694,57.596592640911076
138,138,0.006534216000090964,0.2963467043421176,57.61625336326831
139,139,0.006573676000073192,0.2963336483841118,57.5947155990698
140,140,0.006664422000085324,0.29632070461643856,57.61424458215313
141,141,0.006708352000089235,0.2963078705679608,57.59294451538108
142,142,0.00675183000009838,0.29629514467152546,57.61234453493345
143,143,0.006792434000089997,0.2962825246096246,57.5912735636533
144,144,0.006833233000065775,0.29627000890693256,57.61054724767386
145,145,0.006877019000057771,0.296257595385838,57.58969727436671
146,146,0.006929655000078583,0.29624528265502503,57.60884711716643
147,147,0.006970976000047813,0.29623306866464555,57.588210509789405
148,148,0.007011281000075087,0.296220952100453,57.607238884237134
149,149,0.007051418000060039,0.2962089310296107,57.58680844105293
150,150,0.007092537000062293,0.29619700420875983,57.6057176092686
151,151,0.007133410000051299,0.29618516981251913,57.58548652701501
152,152,0.007214426000075491,0.29617342666289526,57.60427864972988
153,153,0.007260956000095575,0.29616177303344327,57.58424049475419
154,154,0.0073227290000659195,0.29615020780658613,57.60291763952676
155,155,0.007364352000081453,0.29613872934719804,57.58306632155608
156,156,0.007455576000097608,0.29612733659366947,57.601630470004814
157,157,0.007503153000072871,0.2961160279953616,57.581960218264356
158,158,0.0075560350000500875,0.2961048025426224,57.60041327245542
159,159,0.0075977780000471284,0.2960936587631538,57.580918613881906
160,160,0.0076378130000307465,0.296082595695635,57.59926240198961
161,161,0.007678007000038178,0.2960716119405635,57.579938141317825
162,162,0.00771784200003367,0.2960607065816616,57.59817442265866
163,163,0.007757955000045058,0.2960498782872051,57.57901562418578
164,164,0.0078055800000242925,0.2960391261829699,57.59714609371212
165,165,0.007847807000018747,0.2960284490004563,57.578148064567856
166,166,0.007887909000032778,0.296017845904769,57.59617435689481
167,167,0.007935037000038392,0.29600731568648964,57.57733263166558
168,168,0.007977067000012994,0.29599685754756067,57.595256324693715
169,169,0.008019249000028594,0.2959864703338651,57.576566651266866
170,170,0.008087725000052615,0.29597615328190124,57.59438926945454
171,171,0.008133134000047448,0.2959659052893957,57.5758475959639
172,172,0.008173852000084025,0.2959557256253069,57.59357061329491
173,173,0.008213782000098035,0.29594561323603397,57.57517307606255
174,174,0.008255181000151879,0.2959355674210676,57.59279791874824
175,175,0.00829467200014733,0.2959255871725647,57.57454083112921
176,176,0.008354204000113441,0.2959156718187693,57.59206888007851
177,177,0.008410049000133313,0.2959058203949112,57.57394872212527
178,178,0.008452487000113251,0.29589603225634425,57.591381315211365
179,179,0.008493673000145918,0.2958863064788919,57.57339472408406
180,180,0.008535108000160108,0.2958766424434964,57.59073315823204
181,181,0.008575523000160956,0.2958670392642816,57.572876919288504
182,182,0.008625080000115304,0.29585749634636627,57.5901224524052
183,183,0.008667825000145513,0.2958480128400495,57.57239349091152
184,184,0.008708965000153057,0.2958385881733153,57.58954734367539
185,185,0.008748595000156456,0.29582922153066366,57.57194271708414
186,186,0.00878895900018506,0.29581991236172367,57.589006074610865
187,187,0.008828355000161991,0.2958106598833606,57.57152296535926
188,188,0.008912634000182607,0.2958014635657113,57.588496978756275
189,189,0.008957470000154899,0.2957923226562955,57.57113268754169
190,190,0.00900099700015744,0.29578323664469663,57.58801847536323
191,191,0.009052885000130573,0.2957742048074926,57.570770414857336
192,192,0.009096212000144988,0.295765226652722,57.587569064469804
193,193,0.009151964000182033,0.2957563014845292,57.57043475343658
194,194,0.009220027000196751,0.2957474288284796,57.58714732230317
195,195,0.009263847000227088,0.2957386080148888,57.57012438008908
196,196,0.009317608000230848,0.29572983858597984,57.586751896980765
197,197,0.00936843200020121,0.2957211198969321,57.569838038348905
198,198,0.009423074000210363,0.2957124515058105,57.58638150448862
199,199,0.009485523000194007,0.2957038327914321,57.56957453477055
200,200,0.00954257000017833,0.29569526332693835,57.586034924916035
201,201,0.009598273000165136,0.29568674251363236,57.56933273545788
202,202,0.009659945000180414,0.295678269939013,57.585710998928356
203,203,0.009716904000129034,0.29566984502578675,57.56911156280974
204,204,0.009773956000117323,0.2956614673751333,57.585408624460776
205,205,0.009827985000129047,0.295653136430144,57.56890999246676
206,206,0.009882076000110374,0.29564485180504246,57.5851267536171
207,207,0.00997896800009812,0.29563661296234567,57.56872705044548
208,208,0.010032080000087262,0.29562841952872065,57.58486438975946
209,209,0.010087675000079344,0.29562027098520616,57.568561810446845
210,210,0.010142523000070014,0.2956121669703466,57.58462058477534
211,211,0.010191251000094326,0.2956041069828492,57.568413391326985
212,212,0.010231953000072735,0.29559609067260173,57.58439443650963
213,213,0.010273438000069746,0.2955881175551747,57.5682809547193
214,214,0.010313408000058644,0.2955801872912944,57.58418508635054
215,215,0.010352673000056711,0.2955722994126341,57.568163702797605
216,216,0.010392165000041587,0.29556445359028144,57.58399171695867
217,217,0.01043168100005687,0.2955566493712927,57.568060876170854
218,218,0.010506287000055181,0.29554888643666694,57.58381355012982
219,219,0.010573158000056537,0.29554116434816224,57.567971751900686
220,220,0.010620702000039728,0.2955334827962619,57.583649844782265
221,221,0.010675479000042287,0.29552584135678195,57.56789564163368
222,222,0.010720134000052894,0.2955182397292858,57.583499895060605
223,223,0.010760829000048489,0.29551067750303683,57.56783188984076
224,224,0.010813069000050746,0.2955031543862957,57.583363028548135
225,225,0.01085361300005161,0.29549566998119475,57.567779872156855
226,226,0.010893494000072224,0.29548822400432884,57.58323860458096
227,227,0.010932986000057099,0.2954808160701505,57.56773899381432
228,228,0.010972503000061806,0.2954734459032444,57.58312601265714
229,229,0.011012332000063907,0.29546611312986304,57.567708688164004
230,230,0.011108572000068762,0.295458817482254,57.58302467093479
231,231,0.011153124000031767,0.2954515585979751,57.567688415278624
232,232,0.01119522300001563,0.29544433621662713,57.58293402481335
233,233,0.01124251600003845,0.29543714998660364,57.56767766063302
234,234,0.011284939000063332,0.2954299996545638,57.58285354559314
235,235,0.011326592000102664,0.295422884879291,57.56767593385667
236,236,0.011367713000083768,0.2954158054142224,57.58278272920783
237,237,0.011409337000088726,0.2954087609281074,57.56768276755388
238,238,0.011467884000126105,0.29540175118089496,57.58272109502569
239,239,0.011509866000153579,0.2953947758508969,57.56769771618761
240,240,0.011550489000114794,0.2953878347043204,57.582668184715246
241,241,0.011590782000098443,0.2953809274286564,57.56772035502276
242,242,0.011647821000053682,0.295374053796129,57.58262356117132
243,243,0.011690681000061431,0.295367213503043,57.56775027912584
244,244,0.011731972000063706,0.29536040632740995,57.58258680749805
245,245,0.011772533000055319,0.2953536319739999,57.56778710241707
246,246,0.011857369000097151,0.29534689022639393,57.58255752604519
247,247,0.011900191000108862,0.29534018079749624,57.567830456772214
248,248,0.011951734000092529,0.29533350347624826,57.58253533749482
249,249,0.011992084000098657,0.29532685798337277,57.56787999117098
250,250,0.012032049000083589,0.2953202441129732,57.5825198799952
251,251,0.012072023000087029,0.2953136615932895,57.56793537088941
252,252,0.012111939000078564,0.29530711022339773,57.58251080833932
253,253,0.012151522000067416,0.29530058973876827,57.56799627673353
254,254,0.012247757000068304,0.2952940999432688,57.582507793185236
255,255,0.01229028600005222,0.29528764057932594,57.568062404312165
256,256,0.012332893000063905,0.29528121145542685,57.582510520316056
257,257,0.01237419800003181,0.2952748123206931,57.568133463346236
258,258,0.012415571000019554,0.2952684429880662,57.582518689937224
259,259,0.012455275999968762,0.2952621032131134,57.56820917701309
260,260,0.012495919999935268,0.29525579281307346,57.58253201600891
261,261,0.012538932999916597,0.2952495115497209,57.568289281323224
262,262,0.012579429999902914,0.2952432592444414,57.58255022561172
263,263,0.012619989999905101,0.2952370356649888,57.56837352452818
264,264,0.012660365999863643,0.2952308406367526,57.582573058343606
265,265,0.012700051999843254,0.29522467393324847,57.568461666557404
266,266,0.012739997999858588,0.2952185353837317,57.58260026574661
267,267,0.012793399999850408,0.29521242476727266,57.56855347848288
268,268,0.012853006999819172,0.2952063419168612,57.58263161076148
269,269,0.012898144999780925,0.2952002866169228,57.56864874200981
270,270,0.012940035999747579,0.2951942587040567,57.5826668672088
271,271,0.012980937999714115,0.2951882579678534,57.56874724899185
272,272,0.013021688999742764,0.2951822842484012,57.58270581929521
273,273,0.013072368999758055,0.29517633734027415,57.56884880096985
274,274,0.01311342299976559,0.2951704170869338,57.58274826114333
275,275,0.013154112999757217,0.29516452328776394,57.5689532087327
276,276,0.01319467399974883,0.29515865578948963,57.58279399634417
277,277,0.013238538999701177,0.29515281439613716,57.56906029189895
278,278,0.013278094999691348,0.2951469989575897,57.58284283753076
279,279,0.013365336999697774,0.2951412092823568,57.569169878518515
280,280,0.013409568999691146,0.29513544522337826,57.582894605972
281,281,0.013450014999648374,0.2951297065934941,57.56928180469299
282,282,0.013499746999684703,0.2951239932486039,57.58294913118559
283,283,0.013542826999696445,0.2951183050057319,57.569395914213885
284,284,0.013583925999739677,0.2951126417236442,57.58300625056911
285,285,0.013622944999724496,0.29510700322340916,57.56951205821779
286,286,0.013673010999752933,0.29510138936657027,57.58306580904831
287,287,0.013713529999733964,0.2950957999781053,57.56963009485757
288,288,0.013754031999724248,0.2950902349222499,57.583127658741674
289,289,0.013807948999726705,0.29508469402776233,57.569749888988795
290,290,0.013861030999692048,0.29507917716148824,57.583191658640565
291,291,0.013954933999684727,0.2950736841558427,57.569871311870685
292,292,0.014001201999690238,0.29506821488020235,57.583257674304
293,293,0.01404262799968592,0.2950627691705209,57.56999424088072
294,294,0.014083396999694742,0.2950573468986304,57.5833255775675
295,295,0.014170074999697135,0.2950519479039091,57.57011855924241
296,296,0.01421440299969845,0.2950465720605717,57.58339524626514
297,297,0.014264792999711062,0.2950412192113121,57.57024415576544
298,298,0.01430654899968431,0.29503588923265767,57.58346656396434
299,299,0.01434713999969972,0.29503058197051324,57.57037092459763
300,300,0.014387254999689958,0.29502529730365196,57.58353941971259
301,301,0.014426460999686697,0.29502003508108854,57.570498764988116
302,302,0.014471271999696,0.2950147951837774,57.58361370779563
303,303,0.014575023999668701,0.2950095774637469,57.570627581061224
304,304,0.014618959999666004,0.2950043818040704,57.583689327506576
305,305,0.014687703999641144,0.2949992080596971,57.57075728160055
306,306,0.014731543999630503,0.29499405611575985,57.58376618292525
307,307,0.014773070999638094,0.29498892583003944,57.57088777984263
308,308,0.014814184999636382,0.2949838170896707,57.58384418270757
309,309,0.014862628999651406,0.29497872975517997,57.57101899327998
310,310,0.014904428999614083,0.2949736637156491,57.58392323988416
311,311,0.014945212999634805,0.29496861883426806,57.571150843472736
312,312,0.014985314999648836,0.29496359500201214,57.58400327166797
313,313,0.015025661999629847,0.2949585920846556,57.571283255868856
314,314,0.015064853999604111,0.2949536099750159,57.58408419927046
315,315,0.015131747999589606,0.2949486485413755,57.57141615963207
316,316,0.015188948999593777,0.29494370767834505,57.5841659477258
317,317,0.015249778999589125,0.2949387872566417,57.57154948747768
318,318,0.01529217999956245,0.2949338871726216,57.584248445722984
319,319,0.015352816999609331,0.2949290072993663,57.571683175515396
320,320,0.015394023999590445,0.2949241475349315,57.58433162544512
321,321,0.015444664999563429,0.2949193077546954,57.57181716309919
322,322,0.01548497499959467,0.2949144878583692,57.58441542241591
323,323,0.015524726999615268,0.29490968772356224,57.57195139268376
324,324,0.015577255999630779,0.29490490725159885,57.584499775352846
325,325,0.015625846999625992,0.2949001463222565,57.57208580968714
326,326,0.01571108199959781,0.2948954048384315,57.58458462602672
327,327,0.015757583999629787,0.2948906826820092,57.572220362359495
328,328,0.015799583999637434,0.2948859797574184,57.58466991912733
329,329,0.01584007599967663,0.2948812959485936,57.572355001657535
330,330,0.015881619999674967,0.29487663116145785,57.58475560213499
331,331,0.01593640899966431,0.2948719852819388,57.572489681124424
332,332,0.015990582999677372,0.29486735821741716,57.58484162519768
333,333,0.016034383999681268,0.29486274985575944,57.57262435677484
334,334,0.01608860199968376,0.294858160105768,57.58492794101342
335,335,0.016143495999699553,0.29485358885719637,57.57275898698518
336,336,0.016198725999686303,0.29484903602023427,57.58501450471779
337,337,0.016309053999691514,0.2948445014864716,57.57289353238833
338,338,0.016371460999664578,0.29483998516745247,57.58510127377629
339,339,0.016427216999659322,0.2948354869565549,57.573027955773156
340,340,0.01649162399968418,0.2948310067666449,57.58518820788134
341,341,0.016551373999675434,0.2948265444928419,57.573162221988184
342,342,0.016606939999689985,0.294822100049303,57.585275268853756
343,343,0.01666152799964493,0.29481767333284353,57.57329629784959
344,344,0.016716430999679233,0.29481326425888205,57.58536242054837
345,345,0.016824708999706672,0.2948088727258864,57.573430152052985
346,346,0.01689018799970654,0.29480449865050723,57.58544962876376
347,347,0.016949635999708335,0.2948001419328228,57.57356375508916
348,348,0.01701296799967622,0.29479580249068826,57.585536861155916
349,349,0.017074046999653092,0.2947914802257515,57.57369707916336
350,350,0.01713370599964037,0.2947871750570451,57.58562408715541
351,351,0.017190787999652457,0.2947828868877475,57.57383009811797
352,352,0.017232394999666667,0.29477861563804203,57.58571127788832
353,353,0.017273769999690103,0.2947743612126002,57.57396278735871
354,354,0.017375997999693027,0.2947701235327309,57.58579840610047
355,355,0.017436148999706802,0.29476590250456186,57.574095123783756
356,356,0.01748861599975271,0.2947616980505032,57.585885446084774
357,357,0.017529799999749685,0.2947575100781033,57.5742270857161
358,358,0.01757093999975723,0.29475333851084956,57.58597237361187
359,359,0.01761215199974231,0.29474918325767746,57.57435865283867
360,360,0.01766416499975776,0.29474504424312853,57.58605916586363
361,361,0.01770569199976535,0.2947409213774919,57.574489806132306
362,362,0.01774579999977277,0.2947368145863412,57.586145801369476
363,363,0.017785984999761695,0.29473272378128734,57.57462052781632
364,364,0.017847328999778256,0.29472864888891426,57.586232259945454
365,365,0.01788836799977389,0.2947245898221242,57.574750801291685
366,366,0.017951095999762856,0.29472054650849017,57.586318522635885
367,367,0.018002971999749207,0.2947165188621756,57.57488061108657
368,368,0.018045028999779333,0.2947125068117226,57.586404571657496
369,369,0.018090985999776876,0.2947085102725272,57.57500994280425
370,370,0.01814826799977709,0.29470452917408074,57.586490390345915
371,371,0.018211851999751616,0.29470056343298345,57.575138783073186
372,372,0.018253685999752634,0.29469661297965705,57.58657596310452
373,373,0.018293958999720417,0.2946926777318791,57.57526711949935
374,374,0.018356711999729214,0.2946887576209831,57.58666127535533
375,375,0.018414130999758527,0.294684852565898,57.575394940620434
376,376,0.018468870999754472,0.29468096249885056,57.586746313492114
377,377,0.01851889199974721,0.2946770873398958,57.57552223586215
378,378,0.018559861999733585,0.29467322702213694,57.58683106483538
379,379,0.018668023999680372,0.29466938146672994,57.57564899549631
380,380,0.018727492999687456,0.29466555060763766,57.58691551758939
381,381,0.018770722999704503,0.2946617343670933,57.57577521060074
382,382,0.018838560999711262,0.29465793267990265,57.586999660800934
383,383,0.018894449999720564,0.2946541454693536,57.57590087302089
384,384,0.018993427999703272,0.29465037267107835,57.587083484319855
385,385,0.01904518899971208,0.29464661420939725,57.576025975333096
386,386,0.019101530999705574,0.29464287002075373,57.58716697876128
387,387,0.019148376999737593,0.2946391400304787,57.576150510809406
388,388,0.0192026019997229,0.2946354241758117,57.58725013546945
389,389,0.019254444999774023,0.29463172238307317,57.5762744733839
390,390,0.019298029999731625,0.2946280345902841,57.587332946483116
391,391,0.019339004999721965,0.29462436072473414,57.57639785762049
392,392,0.019378833999667222,0.2946207007252114,57.58741540450234
393,393,0.019425931999649038,0.2946170545199553,57.576520658682064
394,394,0.019466361999661785,0.29461342204850693,57.58749750285677
395,395,0.019562918999668,0.29460980324003605,57.576642872300965
396,396,0.019625407999626532,0.29460619803482374,57.58757923547528
397,397,0.019698473999653743,0.2946026063629511,57.576764494750726
398,398,0.019774544999620502,0.2945990281654261,57.58766059685687
399,399,0.019833388999586532,0.2945954633732237,57.57688552281905
400,400,0.01987890599957609,0.29459191192806533,57.58774158204277
401,401,0.019920781999530845,0.2945883737618023,57.57700595378193
402,402,0.019962134999502723,0.2945848488168574,57.587822186589854
403,403,0.02000932099952024,0.29458133702594114,57.57712578537888
404,404,0.020099142999526975,0.29457783833216544,57.587902406545105
405,405,0.020152847999554524,0.2945743526690835,57.57724501578925
406,406,0.020195440999543735,0.2945708799804847,57.587982238421176
407,407,0.020252107999510827,0.2945674202007488,57.577363643609544
408,408,0.02030684199951338,0.29456397327433104,57.588061679173016
409,409,0.02035054599951991,0.2945605391364222,57.57748166783173
410,410,0.020401832999539238,0.2945571177321323,57.58814072617554
411,411,0.020443639999541574,0.29455370899744804,57.577599087822485
412,412,0.020484291999537163,0.29455031287812283,57.58821937720218
413,413,0.020525587999543404,0.29454692931092474,57.57771590330335
414,414,0.020580984999583052,0.2945435582422403,57.58829763040441
415,415,0.020623293999562975,0.29454019960960426,57.57783211433178
416,416,0.020681460999583123,0.29453685336002594,57.58837548429218
417,417,0.02072753399954763,0.2945335194317928,57.57794772128287
418,418,0.020768415999555145,0.29453019777252687,57.5884529377151
419,419,0.02082797499957678,0.2945268883212548,57.578062724832094
420,420,0.020880249999606804,0.2945235910262012,57.58852998984455
421,421,0.020934812999655605,0.2945203058271191,57.57817712593865
422,422,0.02097612099964863,0.2945170326728259,57.588606640156534
423,423,0.021017518999656204,0.29451377150378805,57.57829092582958
424,424,0.021057637999660983,0.2945105222694066,57.58868288841516
425,425,0.02110223599964911,0.2945072849108485,57.57840412598454
426,426,0.021142306999649918,0.29450405937808927,57.588758734657056
427,427,0.02121021999965933,0.29450084561298456,57.578516728121365
428,428,0.02125530499966999,0.2944976435660754,57.58883417917626
429,429,0.021312954999643807,0.2944944531798941,57.57862873418211
430,430,0.021384428999681404,0.29449127440553846,57.588909222509955
431,431,0.021428887999661583,0.2944881071862059,57.57874014631983
432,432,0.021499314999687158,0.2944849514735422,57.58898386542464
433,433,0.021544420999703107,0.29448180721139894,57.57885096688587
434,434,0.021585083999696053,0.2944786743519616,57.589058108903046
435,435,0.021631924999724106,0.2944755528397248,57.57896119841775
436,436,0.021672725999678732,0.2944724426274056,57.58913195413159
437,437,0.021744724999678056,0.2944693436601308,57.57907084362767
438,438,0.02179447799966283,0.29446625589114106,57.58920540248836
439,439,0.02184309699964615,0.2944631792661853,57.5791799053913
440,440,0.021884864999663023,0.2944601137390198,57.58927845553169
441,441,0.021925944999679814,0.2944570592560053,57.57928838673737
442,442,0.02197654799965676,0.294454015771406,57.58935111498916
443,443,0.022019756999668516,0.2944509832321847,57.57939629083749
444,444,0.022066245999667444,0.2944479615931064,57.58942338274712
445,445,0.022124693999671763,0.2944449508017257,57.579503620996555
446,446,0.022180584999659914,0.2944419508133012,57.589495260840756
447,447,0.022270073999663964,0.2944389615759703,57.579610380643544
448,448,0.022344129999680717,0.2944359830454777,57.58956675144449
449,449,0.022405092999690623,0.29443301517053433,57.57971657332275
450,450,0.02246463899967921,0.2944300579073642,57.589637856862836
451,451,0.02253239699967935,0.29442711120524284,57.5798222026854
452,452,0.02259147799964012,0.29442417502086654,57.58970857952177
453,453,0.02264933999964569,0.2944212493040666,57.57992727248165
454,454,0.022706639999626077,0.294418334012005,57.58977892196033
455,455,0.022773312999618156,0.29441542909506047,57.580031786553015
456,456,0.02282881099961287,0.2944125345108539,57.58984888682276
457,457,0.022882815999594186,0.2944096502103028,57.58013574882505
458,458,0.02298750599959476,0.294406776151481,57.58991847685086
459,459,0.023052663999578726,0.2944039122858365,57.580239163300405
460,460,0.02310733499956541,0.2944010585718896,57.58998769487681
461,461,0.02316497699956699,0.29439821496161117,57.5803420340523
462,462,0.023222135999560578,0.2943953814139613,57.590056543816296
463,463,0.023328242999525628,0.29439255788142604,57.58044436521814
464,464,0.023437402999547885,0.2943897443233999,57.59012502666188
465,465,0.02354919499953212,0.2943869406928757,57.580546160993585
466,466,0.02360976399950232,0.29438414694967646,57.590193146476764
467,467,0.023671341999488504,0.29438136304729495,57.58064742562677
468,468,0.023733207999498518,0.29437858894597635,57.59026090638884
469,469,0.023795229999507228,0.294375824599706,57.58074816341294
470,470,0.023908767999500924,0.2943730699691459,57.59032830958496
471,471,0.023970220999501635,0.29437032500876686,57.580848378689225
472,472,0.02402953099954175,0.29436758967964205,57.59039535930554
473,473,0.024088316999552717,0.29436486393672046,57.5809480758297
474,474,0.02414500299954625,0.2943621477414812,57.59046205883937
475,475,0.024189931999558212,0.2943594410493447,57.581047259240755
476,476,0.024230425999576255,0.29435674382219035,57.59052841151876
477,477,0.024282905999541526,0.2943540560159034,57.58114593335657
478,478,0.024334885999564904,0.29435137759275853,57.590594420714744
479,479,0.024375573999577682,0.2943487085090995,57.58124410263493
480,480,0.02442517399958888,0.2943460487275904,57.59066008983277
481,481,0.024467760999584698,0.29434339820502703,57.5813417715532
482,482,0.024508643999581636,0.2943407569044586,57.59072542230834
483,483,0.024548258999573136,0.29433812478312626,57.581438944604436
484,484,0.02458792599958315,0.2943355018044591,57.59079042160308
485,485,0.024627750999570708,0.294332887926138,57.581535626293835
486,486,0.024667783999575477,0.29433028311196674,57.59085509120086
487,487,0.024710007999601658,0.2943276873200598,57.58163182113525
488,488,0.024750171999642134,0.29432510051459115,57.59091943460415
489,489,0.02478997299965613,0.2943225226541028,57.58172753364794
490,490,0.02484219899963591,0.29431995370313435,57.5909834553306
491,491,0.024886627999592292,0.2943173936206493,57.58182276835346
492,492,0.02496579099954488,0.2943148423715483,57.591047156909774
493,493,0.025009752999494594,0.29431229991521096,57.581917529772745
494,494,0.025051157999484985,0.29430976621689414,57.59111054287998
495,495,0.025092120999488543,0.29430724123638796,57.58201182242328
496,496,0.025131969999449666,0.2943047249393014,57.59117361678539
497,497,0.025181730999463525,0.2943022172858295,57.582105650816565
498,498,0.025238654999441223,0.2942997182419285,57.5912363821732
499,499,0.025299972999448528,0.2942972277681937,57.58219901945554
500,500,0.025342346999480014,0.2942947458309241,57.59129884259101
501,501,0.02538839399949211,0.2942922723911095,57.58229193283228
502,502,0.025429299999473187,0.29428980741538807,57.591361001584296
503,503,0.02549930599951722,0.2942873508651389,57.58238439542577
504,504,0.025548359999504555,0.2942849027073349,57.591422862694074
505,505,0.025591207999525523,0.29428246290373955,57.58247641169984
506,506,0.025631994999514518,0.29428003142165626,57.59148442945462
507,507,0.025678107999510758,0.2942776082232282,57.58256798610108
508,508,0.025734302999467218,0.29427519327608503,57.591545705391376
509,509,0.025785039999448145,0.2942727865427446,57.58265912305718
510,510,0.02583813299946769,0.2942703879911597,57.59160669401896
511,511,0.025897424999470786,0.29426799758421734,57.58274982697497
512,512,0.025955481999460517,0.2942656152901893,57.59166739883925
513,513,0.026018134999503673,0.29426324107232793,57.582840102238904
514,514,0.026085464999539454,0.29426087489921954,57.59172782333963
515,515,0.026147171999525654,0.2942585167344773,57.5829299532095
516,516,0.02620421399950601,0.29425616654699865,57.59178797099134
517,517,0.026263341999481327,0.29425382430075275,57.583019384221856
518,518,0.02632976399945619,0.29425148996494455,57.59184784524785
519,519,0.02638390699945603,0.2942491635038947,57.58310839958432
520,520,0.026424649999455596,0.29424684488711195,57.59190744954339
521,521,0.026464797999437906,0.2942445340792643,57.58319700357718
522,522,0.026506027999460002,0.29424223105016084,57.59196678729166
523,523,0.02659926599943674,0.2942399357648122,57.58328520045158
524,524,0.026644713999417036,0.2942376481933245,57.59202586188436
525,525,0.026687279999407565,0.29423536830104696,57.583372994428295
526,526,0.026727710999409737,0.29423309605837866,57.592084676690114
527,527,0.026768037999431726,0.294230831431004,57.583460389696775
528,528,0.026807396999402044,0.2942285743896116,57.59214323505328
529,529,0.02684731099941473,0.29422632490021633,57.58354739041415
530,530,0.02689714499939555,0.29422408293379354,57.592201540292876
531,531,0.026938481999422947,0.29422184845668437,57.58363400070441
532,532,0.026978347999431662,0.2942196214401473,57.592259595701606
533,533,0.027018656999416635,0.2942174018508465,57.583720224657476
534,534,0.027058272999454402,0.29421518966031995,57.592317404544936
535,535,0.02711312599944904,0.2942129848355506,57.58380606632856
536,536,0.02716831799943975,0.29421078734835326,57.59237497006025
537,537,0.027211640999439624,0.29420859716602604,57.583891529737386
538,538,0.027252136999436516,0.29420641426065686,57.59243229545605
539,539,0.027292454999383153,0.2942042385998551,57.583976618867624
540,540,0.027378597999359044,0.2942020701559795,57.59248938391121
541,541,0.027422944999329957,0.29419990889694664,57.584061337666235
542,542,0.027474239999321526,0.29419775479538257,57.59254623857433
543,543,0.027515416999335685,0.29419560781950804,57.58414569004297
544,544,0.027556754999295663,0.29419346794221324,57.5926028625631
545,545,0.027598027999317765,0.29419133513201945,57.58422967986995
546,546,0.02763784099931854,0.294189209362078,57.59265925896374
547,547,0.027677847999314054,0.29418709060120724,57.584313310981116
548,548,0.02774524399933398,0.29418497882281686,57.59271543083048
549,549,0.02778785799932848,0.2941828739960186,57.584396587171966
550,550,0.02782853799936902,0.2941807760944776,57.592771381185095
551,551,0.02786901999940028,0.2941786850875959,57.584479512199124
552,552,0.027908613999443332,0.2941766009492911,57.59282711301648
553,553,0.027948578999428264,0.29417452364925206,57.584562089780086
554,554,0.027988218999382752,0.2941724531616459,57.59288262928029
555,555,0.028027656999370265,0.29417038945644547,57.58464432359295
556,556,0.02806938099939771,0.2941683325080646,57.59293793289854
557,557,0.02810906899941301,0.29416628228675634,57.584726217276184
558,558,0.02814820999941503,0.29416423876717895,57.5929930267594
559,559,0.028187632999447487,0.29416220191986253,57.58480777442846
560,560,0.02822730899947601,0.29416017171970704,57.59304791371684
561,561,0.028285965999430118,0.2941581481375164,57.58488899860846
562,562,0.02834784499941634,0.2941561311484294,57.59310259659046
563,563,0.028407047999394308,0.29415412072352093,57.58496989333481
564,564,0.02846341699938648,0.29415211683816606,57.5931570781653
565,565,0.02852388599939104,0.2941501194637078,57.58505046208592
566,566,0.028580524999370027,0.29414812857575445,57.59321136119164
567,567,0.02862424499937788,0.29414614414591406,57.58513070829999
568,568,0.028664084999377337,0.29414416615002625,57.59326544838493
569,569,0.028704428999390075,0.29414219455996093,57.58521063537494
570,570,0.028757337999422816,0.29414022935178613,57.593319342425616
571,571,0.02881364799941366,0.2941382704976309,57.585290246668414
572,572,0.02887816999941606,0.2941363179737894,57.59337304595912
573,573,0.028941115999430167,0.29413437175264695,57.58536954549778
574,574,0.028999399999406705,0.29413243181072135,57.593426561595784
575,575,0.02905127299936794,0.2941304981206511,57.58544853514019
576,576,0.029091773999368797,0.29412857065917536,57.59347989191086
577,577,0.02914208999936818,0.29412664939918337,57.58552721883266
578,578,0.029196812999316535,0.294124734317633,57.593533039444466
579,579,0.029252395999321834,0.2941228253876612,57.58560559977209
580,580,0.02930534999933343,0.2941209225864426,57.59358600670167
581,581,0.029404624999301632,0.29411902588735933,57.58568368111543
582,582,0.029447446999313343,0.29411713526779987,57.5936387961525
583,583,0.029488905999301096,0.29411525070138916,57.58576146597979
584,584,0.029528990999324378,0.29411337216572747,57.593691410232
585,585,0.02961590199930697,0.29411149963467964,57.58583895744259
586,586,0.029661188999284605,0.2941096330860555,57.593743851340385
587,587,0.029741449999278302,0.2941077724939572,57.585916158541636
588,588,0.02978271099925678,0.29410591783640194,57.59379612184304
589,589,0.029823360999273518,0.29410406908772674,57.58599307227544
590,590,0.029863259999274305,0.29410222622615395,57.59384822407072
591,591,0.02990358799928572,0.2941003892262527,57.58606970160329
592,592,0.029942835999293038,0.2940985580664484,57.593900160319656
593,593,0.029990254999290755,0.29409673272154,57.586146049445496
594,594,0.030048981999300395,0.2940949131701538,57.59395193285172
595,595,0.0301039469993043,0.294093099387316,57.58622211868359
596,596,0.030157295999345024,0.2940912913518515,57.59400354389458
597,597,0.030212619999360868,0.29408948903901155,57.58629791216061
598,598,0.030268478999403214,0.29408769242781774,57.59405499564187
599,599,0.030323741999382037,0.294085901493744,57.586373432681235
600,600,0.030398293999382986,0.29408411621600605,57.59410629025338
601,601,0.030440828999417135,0.29408233657029814,57.58644868301217
602,602,0.030480896999392826,0.2940805625360289,57.594157429855315
603,603,0.030546746999391416,0.29407879408911,57.58652366588228
604,604,0.030607992999364342,0.29407703120914086,57.59420841654043
605,605,0.030651334999333812,0.29407527387224863,57.58659838398296
606,606,0.030692508999322854,0.2940735220582211,57.59425925236833
607,607,0.03073889099931648,0.29407177574339916,57.58667283996834
608,608,0.030802106999317402,0.2940700349077568,57.59430993936562
609,609,0.03084424099932903,0.2940682995278461,57.58674703645561
610,610,0.03088430499929018,0.29406656958382577,57.59436047952623
611,611,0.030924540999308192,0.2940648450524568,57.586820976025365
612,612,0.030963531999304905,0.29406312591408035,57.594410874811636
613,613,0.03100408799929255,0.2940614121456645,57.58689466122178
614,614,0.031058109999264616,0.29405970372773116,57.5944611271511
615,615,0.031100675999255145,0.29405800063745274,57.58696809455305
616,616,0.03115691299927903,0.29405630285553025,57.594511238441974
617,617,0.031199514999286748,0.29405461035933883,57.58704127849164
618,618,0.031239073999302036,0.2940529231297564,57.59456121054995
619,619,0.03129685299927587,0.29405124114435843,57.58711421547462
620,620,0.031347966999305754,0.29404956438419827,57.59461104530935
621,621,0.03138873899928285,0.2940478928270495,57.587186907903984
622,622,0.03142808099926242,0.29404622645413925,57.59466074452341
623,623,0.03146809399925132,0.2940445652434373,57.58725935814699
624,624,0.03150749199926395,0.29404290917634235,57.59471030996459
625,625,0.03155182899922693,0.29404125823101873,57.58733156853649
626,626,0.031603436999205314,0.2940396123890348,57.594759743374844
627,627,0.03164578799919582,0.29403797162874756,57.58740354137131
628,628,0.03169200699920793,0.2940363359318934,57.59480904646592
629,629,0.03173287399920355,0.29403470527701947,57.5874752789165
630,630,0.03178602399918873,0.2940330796460289,57.5948582209197
631,631,0.03182898199918327,0.29403145901765737,57.58754678340378
632,632,0.03187138899920683,0.29402984337397275,57.59490726838849
633,633,0.03191242399918792,0.29402823269389716,57.58761805703183
634,634,0.031952695999223124,0.29402662695966153,57.5949561904953
635,635,0.03201005899921938,0.2940250261503728,57.58768910196667
636,636,0.03205041399917263,0.2940234302484233,57.595004988834255
637,637,0.032120860999214074,0.29402183923310266,57.58775992034196
638,638,0.03216824499924087,0.2940202530869632,57.59505366497078
639,639,0.03221024099929082,0.2940186717894755,57.58783051425946
640,640,0.03225374299927353,0.2940170953233499,57.595102220442016
641,641,0.0322942959992929,0.2940155236682363,57.58790088578927
642,642,0.03233422899927518,0.2940139568070016,57.59515065675715
643,643,0.03237797099927775,0.2940123947194731,57.58797103697025
644,644,0.03243879799924798,0.2940108373886727,57.59519897539765
645,645,0.03251830499925745,0.29400928479460314,57.5880409698104
646,646,0.03259006299930434,0.29400773692043997,57.59524717781769
647,647,0.03267291699927455,0.2940061937463597,57.588110686287145
648,648,0.032738146999292894,0.29400465525568986,57.59529526544442
649,649,0.032801247999316274,0.29400312142877905,57.588180188347756
650,650,0.032856330999322836,0.29400159224910505,57.5953432396783
651,651,0.03290283799935878,0.294000067697187,57.58824947790969
652,652,0.03295401599939396,0.2939985477566515,57.59539110189346
653,653,0.03301429299938263,0.29399703240818653,57.588318556860955
654,654,0.03306511199934903,0.2939955216355659,57.595438853437976
655,655,0.03312048199933315,0.29399401541964476,57.58838742706047
656,656,0.033162924999317056,0.29399251374434293,57.59548649563426
657,657,0.03320729099937125,0.29399101659068083,57.5884560903384
658,658,0.03324663999939048,0.2939895239427226,57.59553402977933
659,659,0.03328569099937795,0.29398803578165267,57.588524548496544
660,660,0.033324202999381214,0.2939865520916783,57.595581457145194
661,661,0.03337628399935966,0.29398507285414577,57.58859280330871
662,662,0.03342954099935014,0.2939835980534041,57.59562877897913
663,663,0.03347001899936686,0.29398212767096016,57.588660856520974
664,664,0.033508634999350306,0.2939806616913031,57.59567599650406
665,665,0.033562045999360635,0.2939792000960989,57.58872870985219
666,666,0.033601861999329685,0.2939777428699754,57.59572311091884
667,667,0.03366231499933292,0.29397628999475606,57.58879636499423
668,668,0.03370279699930734,0.2939748414552063,57.59577012339859
669,669,0.03374773599932723,0.2939733972333053,57.58886382361234
670,670,0.03380029599935597,0.29397195731395453,57.59581703509506
671,671,0.03387277999934213,0.2939705216792878,57.58893108734556
672,672,0.0339324729993109,0.29396909031434104,57.59586384713689
673,673,0.033985265999319836,0.29396766320140105,57.588998157807005
674,674,0.034057017999316486,0.29396624032563734,57.59591056063002
675,675,0.03415661599933628,0.29396482166948784,57.58906503658426
676,676,0.034234325999364046,0.2939634072182543,57.59595717665789
677,677,0.03430554199934477,0.2939619969545246,57.58913172523971
678,678,0.034364634999349164,0.2939605908637311,57.59600369628191
679,679,0.03442620299938426,0.2939591889286104,57.58919822531089
680,680,0.03452094599941802,0.2939577911347243,57.59605012054164
681,681,0.034578317999432784,0.2939563974649564,57.589264538310786
682,682,0.03463247199942998,0.29395500790499673,57.59609645045518
683,683,0.03471700199946781,0.2939536224378746,57.58933066572825
684,684,0.03477689399949213,0.29395224104940704,57.59614268701949
685,685,0.034853388999522394,0.29395086372276746,57.58939660902826
686,686,0.0349143669995442,0.29394949044389873,57.596188831210675
687,687,0.03498971399949369,0.29394812119611713,57.58946236965233
688,688,0.03504485199948704,0.2939467559654899,57.5962348839843
689,689,0.03509122699949785,0.29394539473547504,57.58952794901878
690,690,0.035153830999490765,0.2939440374922628,57.59628084627572
691,691,0.03524602399949117,0.2939426842194513,57.58959334852311
692,692,0.03532012899944448,0.2939413349033533,57.59632671900036
693,693,0.035379057999477936,0.2939399895277054,57.58965856953831
694,694,0.035423619999448874,0.2939386480789412,57.59637250305402
695,695,0.03547771699942359,0.29393731054093497,57.58972361341515
696,696,0.03551780199939003,0.29393597690023976,57.59641819931323
697,697,0.035560417999420224,0.2939346471408662,57.58978848148259
698,698,0.03560809099946027,0.293933321249486,57.59646380863547
699,699,0.03567870199947265,0.2939319992102444,57.58985317504804
700,700,0.035721173999434086,0.29393068100993053,57.59650933185952
701,701,0.03582857099945613,0.29392936663282343,57.589917695397645
702,702,0.035893463999457254,0.29392805606582845,57.59655476980576
703,703,0.03593505699944899,0.29392674929335666,57.58998204379668
704,704,0.03597524899942073,0.2939254463024288,57.59660012327643
705,705,0.036043714999436816,0.2939241470775871,57.59004622148982
706,706,0.036113596999427955,0.293922851605966,57.596645393055915
707,707,0.03616933799946764,0.2939215598722379,57.59011022970144
708,708,0.03622775699949443,0.29392027186365,57.596690579911076
709,709,0.036292559999481,0.2939189875650032,57.590174069635935
710,710,0.03635638099950711,0.2939177069636567,57.5967356845915
711,711,0.036399260999530725,0.29391643004453877,57.59023774247802
712,712,0.036439104999544725,0.2939151567951193,57.596780707829815
713,713,0.03647865299950581,0.29391388720045275,57.59030124939303
714,714,0.03651765599948931,0.2939126212481188,57.59682565034191
715,715,0.03657546899950148,0.29391135892329673,57.59036459152722
716,716,0.03662466899947958,0.293910100213675,57.59687051282727
717,717,0.03666421799948694,0.2939088451045567,57.590427770008056
718,718,0.03671920199946044,0.29390759358373786,57.59691529596924
719,719,0.03677976499943725,0.29390634563664425,57.5904907859445
720,720,0.03682343699944113,0.2939051012511783,57.59696000043525
721,721,0.036934820999420026,0.29390386041288763,57.59055364042731
722,722,0.037014459999397786,0.29390262310978,57.59700462687716
723,723,0.03708129499938195,0.2939013893275234,57.590616334529315
724,724,0.037135095999417445,0.2939001590542301,57.59704917593142
725,725,0.03719969399941192,0.2938989322756875,57.5906788693057
726,726,0.03724432999945293,0.2938977089801113,57.597093648219456
727,727,0.03728479199941148,0.29389648915340694,57.59074124579429
728,728,0.03732352899936586,0.2938952727838927,57.59713804434783
729,729,0.037362108999388965,0.29389405985759126,57.590803465015796
730,730,0.03740007499936837,0.29389285036292234,57.59718236490856
731,731,0.03745569599936971,0.29389164428602443,57.59086552797413
732,732,0.03750222599933295,0.29389044161541805,57.59722661047931
733,733,0.03754210299933902,0.29388924233735647,57.59092743565667
734,734,0.03758134899936749,0.29388804644045996,57.597270781623735
735,735,0.03763634799935289,0.2938868539110955,57.59098918903449
736,736,0.03769013199934079,0.2938856647379819,57.59731487889163
737,737,0.03774611599931177,0.29388447890759906,57.591050789062635
738,738,0.03778511199931245,0.29388329640876354,57.5973589028192
739,739,0.03782377399932102,0.2938821172280671,57.591112236680424
740,740,0.03786198799929252,0.2938809413544229,57.59740285392939
741,741,0.037900456999295784,0.2938797687745333,57.59117353281164
742,742,0.03794030199929921,0.29387859947740763,57.59744673273197
743,743,0.03801711399933083,0.2938774334498578,57.591234678364835
744,744,0.03806030599935184,0.293876270680988,57.597490539723914
745,745,0.03810067399933814,0.2938751111577189,57.59129567423356
746,746,0.03814126499935355,0.29387395486924894,57.59753427538955
747,747,0.03818224299936901,0.2938728018026062,57.5913565212966
748,748,0.03823841499934133,0.29387165194708237,57.59757794020082
749,749,0.03829209799931732,0.2938705052898124,57.59141722041824
750,750,0.03833469499932107,0.29386936182017986,57.597621534617495
751,751,0.03837579299931804,0.29386822152542574,57.59147777244853
752,752,0.03842008399931274,0.293867084395025,57.597665059087426
753,753,0.03846070999929907,0.29386595041632324,57.59153817822344
754,754,0.03851042099933011,0.29386481957888616,57.59770851404671
755,755,0.03856171799935737,0.2938636918701631,57.591598438565185
756,756,0.038604360999386245,0.29386256727980925,57.59775189991997
757,757,0.03864521099939111,0.2938614457953768,57.5916585542824
758,758,0.03868570799937743,0.29386032740661017,57.59779521712057
759,759,0.038725799999383526,0.29385921210116317,57.59171852617042
760,760,0.03878104699941787,0.29385809986886813,57.597838466050746
761,761,0.03883131299943443,0.29385699069748,57.59177835501144
762,762,0.03887370199942097,0.2938558845769183,57.5978816471019
763,763,0.03894302199944377,0.2938547814950381,57.59183804157479
764,764,0.03899831099943185,0.293853681441845,57.59792476065481
765,765,0.0390602339994075,0.2938525844052933,57.59189758661713
766,766,0.039118529999427665,0.2938514903754744,57.59796780707978
767,767,0.03919775599939612,0.29385039934044077,57.5919569908827
768,768,0.03927500999941458,0.2938493112903683,57.59801078673686
769,769,0.03934050999941974,0.2938482262134069,57.59201625510348
770,770,0.039392581999436516,0.2938471440998166,57.59805369997606
771,771,0.03943425899939257,0.2938460649378436,57.59207537999946
772,772,0.039473991999386726,0.29384498871783127,57.59809654713757
773,773,0.03951463499936381,0.29384391542812116,57.59213436627879
774,774,0.039554648999342135,0.29384284505913916,57.59813932855189
775,775,0.03959440499932043,0.29384177759932156,57.592193214638066
776,776,0.03968113199931622,0.29384071303917586,57.59818204454005
777,777,0.03972791099931783,0.2938396513672323,57.592251925762426
778,778,0.039771379999308465,0.293838592574079,57.59822469541382
779,779,0.03981286399931605,0.2938375366483394,57.59231050032585
780,780,0.03985297599928117,0.2938364835806817,57.5982672814759
781,781,0.039892440999267365,0.29383543335982154,57.59236893899129
782,782,0.0399321279992364,0.29383438597650646,57.59830980302003
783,783,0.039980231999265925,0.29383334141954337,57.59242724241091
784,784,0.04011506899922779,0.2938322996797585,57.59835226033126
785,785,0.04016207399922678,0.29383126074604926,57.59248541122624
786,786,0.04020302899920125,0.29383022460931985,57.59839465368607
787,787,0.04030436099918688,0.29382919125855733,57.592543446068404
788,788,0.040350405999163286,0.293828160684743,57.59843698335259
789,789,0.040391922999162944,0.2938271328769529,57.59260134755825
790,790,0.040450069999167226,0.2938261078262448,57.59847924959072
791,791,0.04050197299915226,0.29382508552178277,57.59265911630661
792,792,0.040545118999148144,0.29382406595470034,57.59852145265233
793,793,0.04058778599915058,0.29382304911424895,57.592716752914406
794,794,0.04062866899914752,0.29382203499163706,57.59856359278144
795,795,0.04066844199917341,0.29382102357620266,57.592774257972884
796,796,0.04070762899914371,0.2938200148592287,57.59860567021435
797,797,0.040747183999144454,0.2938190088301389,57.592831632063756
798,798,0.04078705599914656,0.2938180054802897,57.59864768517984
799,799,0.04083401199915215,0.2938170047991898,57.59288887575938
800,800,0.040874694999160965,0.2938160067782688,57.59868963789929
801,801,0.040914490999170994,0.2938150114071197,57.592945989622955
802,802,0.04095365399916773,0.2938140186772439,57.5987315285869
803,803,0.04099183099918946,0.29381302857831837,57.593002974208645
804,804,0.04102981899916358,0.2938120411019161,57.59877335744976
805,805,0.041067184999121764,0.2938110562377966,57.5930598300618
806,806,0.0411052399991263,0.29381007397760384,57.598815124688045
807,807,0.041144775999157446,0.2938090943111794,57.593116557719036
808,808,0.04118252399916855,0.2938081172302376,57.59885683049521
809,809,0.04122081999918237,0.29380714272470126,57.59317315770852
810,810,0.04125898899917502,0.29380617078635446,57.598898475058064
811,811,0.04129664899915042,0.29380520140520033,57.59322963054999
812,812,0.04133494599909682,0.2938042345730922,57.59894005855695
813,813,0.04139842099908719,0.2938032702801128,57.59328597675501
814,814,0.041471081999134185,0.29380230851818406,57.59898158116588
815,815,0.041514770999128814,0.29380134927746787,57.593342196827095
816,816,0.041553994999105726,0.2938003925499537,57.5990230430527
817,817,0.041592314999093105,0.29379943832588196,57.59339829126183
818,818,0.04163088399906201,0.2937984865973092,57.59906444437921
819,819,0.0416690609990269,0.29379753735455383,57.59345426054707
820,820,0.04171033599902785,0.29379659058973867,57.59910578530126
821,821,0.04174897399900601,0.2937956462932592,57.593510105163034
822,822,0.041787043999022444,0.2937947044573041,57.59914706596898
823,823,0.041843703999063564,0.29379376507234545,57.59356582558252
824,824,0.041883022999058994,0.293792828130637,57.59918828652683
825,825,0.04192104199904634,0.29379189362272645,57.593621422270985
826,826,0.041970433999040324,0.2937909615409326,57.599229447113764
827,827,0.042028979999031435,0.29379003187587793,57.59367689568667
828,828,0.042068670999071855,0.29378910461994545,57.59927054786333
829,829,0.042107305999081746,0.2937881797638318,57.59373224628083
830,830,0.042146353999044095,0.29378725729998373,57.59931158890385
831,831,0.04218502199904606,0.2937863372191716,57.59378747449775
832,832,0.0422230369990757,0.2937854195139049,57.59935257035851
833,833,0.04226450199905685,0.2937845041750273,57.593842580775
834,834,0.04230320199906146,0.29378359119511055,57.599393492345456
835,835,0.04234095099906199,0.2937826805650707,57.59389756554346
836,836,0.04237916599907976,0.29378177227754126,57.59943435497796
837,837,0.04241689799908954,0.2937808663235102,57.5939524292275
838,838,0.04245525299910469,0.29377996269567225,57.59947515836451
839,839,0.042527269999141026,0.2937790613850864,57.59400717224512
840,840,0.04257021299912367,0.2937781623845082,57.59951590260895
841,841,0.042610804999128504,0.2937772656850671,57.594061795008045
842,842,0.04265035099911074,0.2937763712795789,57.599556587810554
843,843,0.04268990399913264,0.29377547915924274,57.59411629792184
844,844,0.04273782599915421,0.29377458931693406,57.599597214064204
845,845,0.042779964999169806,0.2937737017439216,57.59417068138609
846,846,0.04282933899918362,0.29377281643313946,57.5996377814604
847,847,0.042869493999148744,0.2937719333759252,57.59422494579444
848,848,0.04291098199911403,0.29377105256527164,57.599678290085485
849,849,0.04295129399912412,0.293770173992584,57.594279091534744
850,850,0.04299102299916058,0.29376929765091336,57.59971874002164
851,851,0.04303089399917326,0.2937684235317326,57.59433311898923
852,852,0.04310040799919079,0.2937675516281498,57.5997591313471
853,853,0.04314327399919193,0.29376668193170513,57.594387028534534
854,854,0.043185072999165186,0.2937658144355636,57.59979946413614
855,855,0.04322577399915417,0.29376494913133133,57.59444082054184
856,856,0.0432655889991338,0.2937640860122301,57.59983973845926
857,857,0.043305795999117436,0.2937632250699317,57.594494495377035
858,858,0.043345232999115524,0.2937623662977137,57.59987995438327
859,859,0.04338437799907524,0.2937615096873133,57.59454805340072
860,860,0.04342569399909735,0.29376065523206313,57.59992011197136
861,861,0.04346563899912326,0.29375980292376536,57.59460149496841
862,862,0.04357798599914986,0.29375895275580743,57.599960211283204
863,863,0.04362218299917231,0.2937581047200553,57.59465482043061
864,864,0.043684264999171774,0.29375725880995107,57.60000025237509
865,865,0.043741542999157446,0.2937564150174243,57.59470803013287
866,866,0.043783224999117465,0.29375557333597063,57.600040235299936
867,867,0.0438242939991369,0.29375473375758276,57.59476112441595
868,868,0.043864459999156225,0.29375389627581,57.60008016010748
869,869,0.04390409199913847,0.29375306088270714,57.594814103615875
870,870,0.043943668999133934,0.29375222757187647,57.60012002684428
871,871,0.043986368999128445,0.2937513963354346,57.594866968064075
872,872,0.0440270109991161,0.2937505671670365,57.60015983555386
873,873,0.04406778699910774,0.29374974005886006,57.59491971808742
874,874,0.04410763199911116,0.29374891500461203,57.600199586276766
875,875,0.044146954999121135,0.2937480919965314,57.594972354008355
876,876,0.04418687699910606,0.29374727102837617,57.600239279050655
877,877,0.04424148399908745,0.2937464520924457,57.59502487614501
878,878,0.04428441999908728,0.2937456351825492,57.60027891391037
879,879,0.04432581399908031,0.29374482029104576,57.59507728481125
880,880,0.044366010999056016,0.29374400741179496,57.60031849088807
881,881,0.0444057879990396,0.2937431965372153,57.59512958031677
882,882,0.044446170999037804,0.29374238766121663,57.60035801001324
883,883,0.04448611199904917,0.2937415807762759,57.59518176296721
884,884,0.044536177999020765,0.2937407758763528,57.6003974713128
885,885,0.04457703599899787,0.29373997295398263,57.59523383306419
886,886,0.04461702999901718,0.29373917200317423,57.600436874811216
887,887,0.04465679299903513,0.29373837301652067,57.59528579090548
888,888,0.04469699399902538,0.2937375759880795,57.60047622053049
889,889,0.044736943999055256,0.293736780910501,57.59533763678497
890,890,0.04481663099909383,0.2937359877778913,57.600515508490346
891,891,0.044859836999137315,0.2937351965829572,57.59538937099287
892,892,0.04490149899913831,0.29373440731985306,57.60055473870819
893,893,0.04494208399910349,0.29373361998134184,57.59544099381569
894,894,0.04501583699908451,0.29373283456162513,57.600593911199276
895,895,0.04506164099910848,0.29373205105352196,57.595492505536384
896,896,0.04510243699911598,0.293731269451281,57.60063302597671
897,897,0.04514467399911837,0.29373048974777644,57.595543906434386
898,898,0.04518524199914964,0.2937297119373037,57.60067208305155
899,899,0.045224825999127916,0.29372893601279193,57.595595196785716
900,900,0.04526486799909435,0.2937281619685825,57.60071108243285
901,901,0.04530434099910963,0.2937273897976591,57.59564637686303
902,902,0.04534395399912228,0.29372661949440904,57.60075002412779
903,903,0.04539154499917686,0.2937258510518699,57.595697446935716
904,904,0.04545582499918055,0.2937250844644742,57.60078890814163
905,905,0.04549817499918163,0.29372431972531304,57.595748407269966
906,906,0.045539511999209026,0.29372355682886403,57.60082773447789
907,907,0.04558025099919405,0.29372279576827137,57.5957992581288
908,908,0.04562006999924506,0.2937220365380572,57.6008665031383
909,909,0.04566059199925121,0.2937212791314181,57.595849999772206
910,910,0.04570298099923775,0.29372052354292055,57.60090521412299
911,911,0.04574340899921481,0.2937197697658134,57.59590063245715
912,912,0.045783638999182585,0.2937190177947067,57.60094386743042
913,913,0.04584135699917624,0.29371826762290104,57.59595115643768
914,914,0.04588308199919311,0.29371751924505,57.60098246305753
915,915,0.045954702999210895,0.2937167726545052,57.59600157196497
916,916,0.046012400999188685,0.2937160278459636,57.60102100099974
917,917,0.046062224999218415,0.29371528481282727,57.596051879287394
918,918,0.046103730999220716,0.2937145435498359,57.60105948125105
919,919,0.04616529499924127,0.29371380405044206,57.596102078650574
920,920,0.04620577899925138,0.2937130663094276,57.601097903804074
921,921,0.046246194999298496,0.2937123303202952,57.596152170297486
922,922,0.046288147999291596,0.29371159607786845,57.6011362686501
923,923,0.04632838299932018,0.29371086357569953,57.59620215446845
924,924,0.046368534999317035,0.2937101328086536,57.60117457577912
925,925,0.046408575999294044,0.29370940377033206,57.596252031401264
926,926,0.04644851599931599,0.2937086764556412,57.60121282517992
927,927,0.04652445499931446,0.293707950858231,57.5963018013312
928,928,0.0465761809992955,0.29370722697304863,57.60125101684011
929,929,0.046634614999277346,0.2937065047937922,57.5963514644911
930,930,0.04667823799923099,0.29370578431544947,57.601289150746155
931,931,0.046719630999234596,0.2937050655317665,57.596401021111426
932,932,0.04675929299924064,0.293704348437771,57.60132722688348
933,933,0.046800120999250794,0.29370363302725655,57.59645047142031
934,934,0.04685216799924774,0.2937029192952906,57.601365245236444
935,935,0.04689233099924195,0.2937022072357136,57.5964998156436
936,936,0.04693298199924811,0.29370149684363267,57.60140320578846
937,937,0.046973062999256854,0.29370078811293493,57.59654905400492
938,938,0.04701290599928143,0.29370008103876616,57.60144110852196
939,939,0.047052813999300724,0.29369937561506015,57.59659818672574
940,940,0.04714842899932137,0.2936986718370014,57.60147895341855
941,941,0.047209909999310185,0.29369796969856915,57.59664721402541
942,942,0.04725334799934444,0.29369726919498657,57.60151674045893
943,943,0.0472946809993573,0.2936965703202785,57.59669613612119
944,944,0.04734575899931315,0.29369587306970596,57.60155446962303
945,945,0.04741347899931725,0.2936951774373389,57.59674495322835
946,946,0.04745716499928676,0.293694483418476,57.60159214089
947,947,0.047498016999270476,0.2936937910072321,57.59679366556017
948,948,0.04753904599931502,0.29369310019894324,57.60162975423828
949,949,0.04758051199928559,0.29369241098776844,57.59684227332803
950,950,0.047621795999248206,0.2936917233690808,57.60166730964562
951,951,0.0477028699992843,0.2936910373370834,57.59689077674138
952,952,0.04774589799927753,0.29369035288718603,57.60170480708915
953,953,0.04778786399924684,0.29368967001363555,57.59693917600791
954,954,0.04782859999926359,0.29368898871187793,57.60174224654536
955,955,0.047869317999300165,0.29368830897620335,57.59698747133347
956,956,0.04790872099925991,0.29368763080209387,57.60177962799021
957,957,0.047948972999222406,0.29368695418388246,57.59703566292218
958,958,0.04798848099926545,0.293686279117087,57.60181695139912
959,959,0.04802899599923194,0.2936856055960831,57.59708375097648
960,960,0.04806896499923141,0.29368493361642406,57.60185421674701
961,961,0.048108372999195126,0.2936842631725275,57.59713173569713
962,962,0.04814762199924871,0.2936835942599819,57.60189142400834
963,963,0.04818751899927065,0.2936829268732469,57.597179617283295
964,964,0.04822743699929788,0.29368226100794564,57.60192857315718
965,965,0.04828530899931138,0.2936815966585792,57.59722739593254
966,966,0.04834417099931443,0.2936809338208054,57.601965664167174
967,967,0.04838664699934725,0.2936802724891664,57.597275071840905
968,968,0.04842682499935336,0.2936796126593542,57.60200269701163
969,969,0.048467449999350265,0.29367895432595176,57.59732264520292
970,970,0.04850757699938413,0.293678297484685,57.602039671663505
971,971,0.048564127999384255,0.29367764213017733,57.59737011621168
972,972,0.04860565199936673,0.2936769882581885,57.602076588095514
973,973,0.04864665999934914,0.2936763358633818,57.59741748505885
974,974,0.04868795599935538,0.2936756849415502,57.60211344628004
975,975,0.04872877099933248,0.29367503548739715,57.59746475193468
976,976,0.04876949099934791,0.2936743874967485,57.602150246189304
977,977,0.04882536999934928,0.29367374096434695,57.5975119170281
978,978,0.04887772999933304,0.2936730958860513,57.60218698779527
979,979,0.04893280799933564,0.2936724522566435,57.59755898052672
980,980,0.048981684999318986,0.29367181007201476,57.60222367106979
981,981,0.049022747999288185,0.29367116932698567,57.59760594261687
982,982,0.04906264699928897,0.2936705300174798,57.60226029598448
983,983,0.0491143659992872,0.2936698921383561,57.59765280348362
984,984,0.04915449799926819,0.2936692556855701,57.60229686251092
985,985,0.04919371599930855,0.293668620654019,57.59769956331083
986,986,0.04925528499933307,0.2936679870396899,57.602333370620556
987,987,0.049295818999326,0.2936673548375178,57.597746222281195
988,988,0.04934397399932777,0.2936667240435213,57.60236982028476
989,989,0.049394774999313995,0.29366609465267296,57.59779278057623
990,990,0.049436387999321596,0.29366546666102217,57.60240621147489
991,991,0.04949145099931229,0.29366484006357907,57.59783923837635
992,992,0.04957850699935307,0.29366421485642374,57.60244254416229
993,993,0.0496234109993452,0.2936635910346032,57.597885595860866
994,994,0.04967543099934346,0.2936629685942282,57.60247881831827
995,995,0.04971666199935498,0.29366234753038223,57.597931853208046
996,996,0.04975737599937702,0.2936617278392064,57.60251503391421
997,997,0.049797161999379114,0.29366110951582053,57.597978010595114
998,998,0.04983729399941694,0.29366049255639576,57.60255119092152
999,999,0.04987695999943753,0.29365987695608803,57.59802406819829
1000,1000,0.049948841999480464,0.2936592627110982,57.60258728931169
1001,1001,0.049990822999518514,0.29365864981661777,57.59807002619283
1002,1002,0.050032083999553834,0.29365803826887726,57.602623329056335
1003,1003,0.05007169599957706,0.2936574280631036,57.59811588475302
1004,1004,0.05011164499956067,0.29365681919555653,57.602659310127166
1005,1005,0.050151297999548206,0.2936562116614983,57.59816164405225
1006,1006,0.05018992099951447,0.29365560545721736,57.60269523249601
1007,1007,0.050228887999480776,0.29365500057801097,57.598207304263
1008,1008,0.050271044999476544,0.29365439702019647,57.602731096134896
1009,1009,0.05031026199947064,0.2936537947791054,57.59825286555687
1010,1010,0.050349803999438336,0.2936531938510838,57.60276690101599
1011,1011,0.05038936099941793,0.2936525942314975,57.59829832810463
1012,1012,0.0504280679994622,0.2936519959167208,57.6028026471117
1013,1013,0.050467417999470854,0.2936513989021535,57.59834369207623
1014,1014,0.05051980499951014,0.2936508031841979,57.602838334394626
1015,1015,0.05059092199951465,0.2936502087582877,57.598388957640815
1016,1016,0.05064017699953638,0.29364961562085257,57.602873962837606
1017,1017,0.05068132699955186,0.29364902376736013,57.59843412496675
1018,1018,0.05072126799950638,0.29364843319426737,57.60290953241372
1019,1019,0.05076062899951239,0.29364784389707504,57.598479194221646
1020,1020,0.05081406499948571,0.2936472558722678,57.60294504309632
1021,1021,0.0508537009994825,0.29364666911537884,57.5985241655724
1022,1022,0.05089285999946469,0.29364608362292016,57.60298049485907
1023,1023,0.050932847999490605,0.29364549939045753,57.5985690391852
1024,1024,0.05097156499948596,0.29364491641452967,57.603015887675895
1025,1025,0.05101092499950255,0.293644334690735,57.59861381522553
1026,1026,0.051097759999493064,0.29364375421563865,57.60305122152107
1027,1027,0.05114683499948569,0.2936431749848711,57.5986584938582
1028,1028,0.05120560199952706,0.29364259699502404,57.60308649636918
1029,1029,0.051252542999520756,0.29364202024175984,57.598703075247435
1030,1030,0.05129745299950628,0.2936414447216963,57.603121712195176
1031,1031,0.05135170099953257,0.29364087043052706,57.59874755955674
1032,1032,0.05139410299949532,0.29364029736489633,57.60315686897435
1033,1033,0.05143387999953575,0.2936397255205289,57.598791946949106
1034,1034,0.051473098999565536,0.29363915489409453,57.60319196668239
1035,1035,0.05151284599958217,0.2936385854813495,57.59883623758685
1036,1036,0.051551529999585455,0.29363801727898864,57.60322700529536
1037,1037,0.05162051499962672,0.2936374502827993,57.59888043163179
1038,1038,0.05167254499963292,0.29363688448950154,57.603261984789725
1039,1039,0.051714654999670984,0.2936363198949132,57.59892452924515
1040,1040,0.051755685999637535,0.2936357564957794,57.60329690514237
1041,1041,0.051796055999602686,0.2936351942879486,57.598968530587655
1042,1042,0.05184498499960455,0.2936346332681906,57.60333176633061
1043,1043,0.05188718599958975,0.29363407343238374,57.59901243581946
1044,1044,0.05193002399960278,0.29363351477732275,57.6033665683322
1045,1045,0.05197065499959308,0.2936329572989157,57.59905624510026
1046,1046,0.052027805999557586,0.29363240099398175,57.60340131112532
1047,1047,0.05207210699956022,0.29363184585845864,57.59909995858924
1048,1048,0.05211175999954776,0.2936312918891897,57.603435994688645
1049,1049,0.052186876999542164,0.29363073908214193,57.59914357644518
1050,1050,0.05223043599954735,0.29363018743418284,57.603470619001314
1051,1051,0.05227233599958936,0.29362963694130856,57.59918709882631
1052,1052,0.05231370199953744,0.2936290876004103,57.60350518404294
1053,1053,0.05235426499956475,0.29362853940751316,57.5992305258905
1054,1054,0.052393504999542984,0.29362799235953185,57.60353968979363
1055,1055,0.05243336599954773,0.2936274464525203,57.599273857795154
1056,1056,0.052481996999574676,0.29362690168341665,57.60357413623398
1057,1057,0.05252206899962175,0.29362635804830317,57.59931709469729
1058,1058,0.05256147899962116,0.293625815544141,57.603608523345144
1059,1059,0.05264642399964714,0.293625274167041,57.59936023675352
1060,1060,0.052689391999649615,0.2936247339139873,57.60364285110876
1061,1061,0.052730112999654466,0.29362419478111834,57.599403284120086
1062,1062,0.052787494999677165,0.2936236567654414,57.60367711950698
1063,1063,0.05284378799967726,0.29362311986312256,57.59944623695284
1064,1064,0.05288964299967347,0.29362258407119185,57.60371132852254
1065,1065,0.05293070799967836,0.2936220493858428,57.59948909540732
1066,1066,0.05297006099965529,0.2936215158041279,57.603745478138705
1067,1067,0.05300926299969433,0.29362098332226794,57.599531859638674
1068,1068,0.05305992799969772,0.2936204519373376,57.60377956833927
1069,1069,0.053099658999656185,0.2936199216455849,57.599574529801764
1070,1070,0.053139201999613306,0.29361939244410656,57.60381359910862
1071,1071,0.053179469999633966,0.2936188643291775,57.5996171060511
1072,1072,0.0532182049996095,0.29361833729791614,57.603847570431704
1073,1073,0.0532574009995983,0.2936178113466243,57.5996595885409
1074,1074,0.0533409429995686,0.2936172864724419,57.603881482294035
1075,1075,0.05338299199956964,0.2936167626716973,57.599701977425106
1076,1076,0.05342373199954409,0.29361623994155184,57.60391533468172
1077,1077,0.05346395699956474,0.2936157182783602,57.59974427285734
1078,1078,0.05350328499957868,0.2936151976793051,57.60394912758145
1079,1079,0.05354290599956357,0.2936146781407671,57.599786474990985
1080,1080,0.053582488999552425,0.2936141596599501,57.603982860980516
1081,1081,0.05362142899952005,0.29361364223326064,57.59982858397915
1082,1082,0.05366212699954076,0.29361312585792354,57.604016534866815
1083,1083,0.053701979999516425,0.2936126105303706,57.59987059997468
1084,1084,0.05374160799948413,0.2936120962478479,57.604050149228826
1085,1085,0.05378092899945841,0.29361158300681245,57.59991252313019
1086,1086,0.0538206759994182,0.2936110708045309,57.60408370405568
1087,1087,0.05385960599937789,0.29361055963748567,57.59995435359808
1088,1088,0.05391088299938929,0.29361004950296365,57.604117199337075
1089,1089,0.05410442999937004,0.2936095403974723,57.59999609153049
1090,1090,0.0541554399993629,0.29360903231831875,57.604150635063384
1091,1091,0.05419842299937727,0.2936085252620355,57.60003773707938
1092,1092,0.05424159599937184,0.29360801922594965,57.60418401122556
1093,1093,0.05428217499940047,0.2936075142066181,57.60007929039649
1094,1094,0.054322381999384106,0.29360701020138813,57.60421732781522
1095,1095,0.05436218699941264,0.29360650720684106,57.60012075163335
1096,1096,0.05440116999938027,0.2936060052203438,57.60425058482461
1097,1097,0.054535578999377776,0.293605504238502,57.600162120941334
1098,1098,0.05458665699939047,0.2936050042587022,57.604283782246604
1099,1099,0.05462851799939017,0.293604505277574,57.60020339847162
1100,1100,0.05466876199938042,0.2936040072925233,57.60431692007472
1101,1101,0.05470909099938126,0.29360351030020376,57.60024458437521
1102,1102,0.05475066099933201,0.2936030142980404,57.604349998303135
1103,1103,0.054791221999323625,0.2936025192827106,57.60028567880296
1104,1104,0.05483409999936839,0.29360202525165846,57.60438301692666
1105,1105,0.05487438099936526,0.2936015322015848,57.600326681905536
1106,1106,0.054914367999344904,0.29360104012995286,57.604415975940775
1107,1107,0.05495381799937604,0.2936005490334864,57.6003675938335
1108,1108,0.054993501999376804,0.29360005890966767,57.60444887534161
1109,1109,0.05503301099935243,0.29359956975524376,57.60040841473722
1110,1110,0.05509034199934604,0.29359908156771514,57.604481715125935
1111,1111,0.055155845999308895,0.2935985943438519,57.60044914476697
1112,1112,0.055200814999295744,0.29359810808117304,57.60451449529122
1113,1113,0.05524188599929403,0.29359762277647167,57.60048978407289
1114,1114,0.05530163299931701,0.29359713842728485,57.60454721583557
1115,1115,0.05535581799932743,0.29359665503042803,57.60053033280497
1116,1116,0.05539719799935483,0.2935961725834569,57.60457987675775
1117,1117,0.05543741299936755,0.2935956910832091,57.600570791113114
1118,1118,0.05547692599941456,0.29359521052725834,57.60461247805721
1119,1119,0.05551659699938227,0.29359473091246446,57.60061115914711
1120,1120,0.055556381999394944,0.2935942522364189,57.60464501973407
1121,1121,0.055645662999381784,0.2935937744960037,57.60065143705662
1122,1122,0.05569155399939518,0.2935932976888281,57.60467750178911
1123,1123,0.0557333729993843,0.2935928218117959,57.60069162499123
1124,1124,0.05577413499941031,0.293592346862534,57.6047099242238
1125,1125,0.055814369999438895,0.2935918728379677,57.60073172310041
1126,1126,0.05585420399944496,0.29359139973574144,57.60474228704025
1127,1127,0.05589390399944705,0.2935909275528021,57.60077173153357
1128,1128,0.05594295699944496,0.2935904562868113,57.60477459024127
1129,1129,0.05598406999945382,0.2935899859347373,57.600811650440015
1130,1130,0.05602413599950751,0.29358951649425896,57.60480683383036
1131,1131,0.05606389399946465,0.2935890479623656,57.60085147996897
1132,1132,0.056103900999460166,0.29358858033675317,57.60483901781165
1133,1133,0.05614348299945959,0.29358811361443204,57.60089122026962
1134,1134,0.056213309999463945,0.29358764779311475,57.604871142190014
1135,1135,0.05625919599947338,0.29358718286983276,57.60093087149102
1136,1136,0.05630134199947179,0.2935867188423155,57.60490320697093
1137,1137,0.05634221999946476,0.2935862557076148,57.60097043378222
1138,1138,0.05638229899943781,0.29358579346347685,57.604935212160605
1139,1139,0.05646385499949247,0.29358533210697385,57.601009907292166
1140,1140,0.05650672099949361,0.29358487163586855,57.60496715776592
1141,1141,0.05655740699950229,0.29358441204725366,57.601049292169776
1142,1142,0.05659860899947944,0.2935839533389081,57.60499904379441
1143,1143,0.0566392019994737,0.2935834955079446,57.60108858856389
1144,1144,0.05667933499950095,0.29358303855215845,57.60503087025431
1145,1145,0.056718713999487136,0.2935825824686825,57.60112779662332
1146,1146,0.05675826999947731,0.293582127255328,57.60506263715451
1147,1147,0.056829671999480524,0.2935816729092478,57.60116691649681
1148,1148,0.05687347099944873,0.29358121942826887,57.60509434450463
1149,1149,0.05691807999943421,0.2935807668095639,57.60120594833309
1150,1150,0.056960021999429955,0.29358031505097565,57.60512599231491
1151,1151,0.057000998999399144,0.29357986414969645,57.60124489228082
1152,1152,0.05704142699943304,0.2935794141035846,57.6051575805963
1153,1153,0.05708126099943911,0.2935789649098519,57.60128374848865
1154,1154,0.057129473999452784,0.2935785165663723,57.60518910936042
1155,1155,0.057171604999439296,0.2935780690703767,57.60132251710519
1156,1156,0.05721214499942562,0.29357762241975444,57.60522057861955
1157,1157,0.05725222199941982,0.2935771766117558,57.601361198278994
1158,1158,0.05729178099937826,0.2935767316442852,57.60525198838666
1159,1159,0.05735468599942806,0.29357628751461184,57.60139979215863
1160,1160,0.05741470299943785,0.2935758442206556,57.60528333867541
1161,1161,0.05746482699942135,0.2935754017597041,57.60143829889262
1162,1162,0.05750652199941442,0.2935749601296924,57.605314629500114
1163,1163,0.05754758299940477,0.293574519327927,57.601476718629456
1164,1164,0.05758794199937256,0.2935740793523577,57.60534586087576
1165,1165,0.05762785499939582,0.29357364020030946,57.60151505151763
1166,1166,0.05767116799938776,0.293573201869747,57.605377032818
1167,1167,0.05771101799939515,0.2935727643580138,57.60155329770559
1168,1168,0.057751190999397295,0.29357232766308894,57.60540814534317
1169,1169,0.05779123499939942,0.29357189178233434,57.601591457341804
1170,1170,0.057830928999408115,0.29357145671374363,57.60543919846826
1171,1171,0.057870415999389024,0.2935710224546967,57.601629530574684
1172,1172,0.05795764399942982,0.29357058900320177,57.60547019221096
1173,1173,0.05800034999941772,0.29357015635665673,57.60166751755268
1174,1174,0.05804115099942919,0.2935697245130839,57.60550112658956
1175,1175,0.058081450999395656,0.2935692934698991,57.60170541842418
1176,1176,0.05812117199940303,0.2935688632251389,57.60553200162309
1177,1177,0.05816073099941832,0.29356843377623687,57.601743233337594
1178,1178,0.05821835199941461,0.2935680051212435,57.605562817331176
1179,1179,0.05826162099941712,0.29356757725760996,57.601780962441346
1180,1180,0.058301687999403384,0.2935671501834009,57.60559357373415
1181,1181,0.05834149499941077,0.29356672389608457,57.60181860588379
1182,1182,0.058381228999451196,0.29356629839373966,57.60562427085298
1183,1183,0.05842036099949155,0.2935658736738519,57.60185616381335
1184,1184,0.058459730999459225,0.2935654497345134,57.605654908709276
1185,1185,0.05853342499943892,0.29356502657322703,57.60189363637839
1186,1186,0.058576214999447984,0.2935646041880987,57.60568548732534
1187,1187,0.058617103999438314,0.2935641825766484,57.60193102372732
1188,1188,0.058656846999440404,0.29356376173699544,57.6057160067241
1189,1189,0.05869634699939752,0.2935633416666765,57.60196832600851
1190,1190,0.058745725999358456,0.2935629223638246,57.605746466929126
1191,1191,0.05878872099935961,0.29356250382599325,57.60200554337035
1192,1192,0.05883081499933951,0.29356208605132844,57.60577686796465
1193,1193,0.058871066999302,0.29356166903740033,57.60204267596126
1194,1194,0.058911060999264464,0.29356125278236833,57.605807209855556
1195,1195,0.05895750999923166,0.293560837283819,57.60207972392959
1196,1196,0.05902043099922594,0.29356042253992487,57.60583749262732
1197,1197,0.059068403999219754,0.29356000854828895,57.602116687423774
1198,1198,0.05911087799921688,0.2935595953070966,57.605867716306136
1199,1199,0.059151839999231015,0.29355918281396703,57.6021535665922
1200,1200,0.05919166799924369,0.2935587710670986,57.60589788091877
1201,1201,0.059231384999236525,0.29355836006412683,57.60219036158327
1202,1202,0.05927071999923328,0.2935579498032626,57.60592798649265
1203,1203,0.059311086999230156,0.29355754028215747,57.60222707254542
1204,1204,0.059360079999237314,0.29355713149903495,57.60595803305583
1205,1205,0.059400174999211686,0.29355672345156253,57.602263699627045
1206,1206,0.0594394869992243,0.2935563161379764,57.60598802063699
1207,1207,0.059478613999203844,0.2935559095559597,57.60230024297659
1208,1208,0.059518152999203267,0.29355550370376116,57.60601794926545
1209,1209,0.059557295999184134,0.29355509857907947,57.60233670274247
1210,1210,0.059623053999189324,0.2935546941801757,57.606047818971135
1211,1211,0.05970528499921102,0.2935542905047642,57.60237307907316
1212,1212,0.059748642999238655,0.2935538875511182,57.60607762978457
1213,1213,0.05978903199923025,0.2935534853169675,57.602409372117094
1214,1214,0.05984807799927694,0.29355308380059764,57.60610738173696
1215,1215,0.05988855299926854,0.29355268299975334,57.60244558202272
1216,1216,0.05993829599924538,0.2935522829127324,57.60613707486007
1217,1217,0.059978754999292505,0.2935518835372949,57.602481708938505
1218,1218,0.06001868999925364,0.2935514848717505,57.6061667091863
1219,1219,0.060058311999227953,0.2935510869138741,57.60251775301293
1220,1220,0.06009835199921554,0.2935506896619874,57.606196284748634
1221,1221,0.060137998999209685,0.29355029311388053,57.60255371439448
1222,1222,0.06021910599918101,0.2935498972678865,57.6062258015807
1223,1223,0.06026411099918505,0.29354950212181047,57.60258959323164
1224,1224,0.060305084999185965,0.2935491076739972,57.60625525971668
1225,1225,0.060345163999215856,0.29354871392226656,57.60262538967291
1226,1226,0.06038489999923513,0.29354832086497484,57.6062846591914
1227,1227,0.06042464699925176,0.2935479284999564,57.60266110386679
1228,1228,0.06046408999924324,0.2935475368255793,57.60631400004024
1229,1229,0.060503403999234706,0.29354714583969227,57.60269673596178
1230,1230,0.060545529999274095,0.29354675554067466,57.60634328229921
1231,1231,0.060585849999256425,0.2935463659263897,57.60273228610642
1232,1232,0.06062557099920696,0.2935459769952281,57.606372506004874
1233,1233,0.06066507699921431,0.29354558874506737,57.602767754449225
1234,1234,0.060704692999252075,0.29354520117430927,57.6064016711944
1235,1235,0.06074404299926073,0.2935448142808456,57.60280314113873
1236,1236,0.060796658999265674,0.29354442806308934,57.60643077790553
1237,1237,0.060839014999260144,0.29354404251894617,57.60283844632347
1238,1238,0.06087963099923854,0.2935436576468402,57.60645982617658
1239,1239,0.06091999099919576,0.29354327344469117,57.60287367015199
1240,1240,0.06095943799920178,0.2935428899109342,57.60648881604648
1241,1241,0.06100791199918376,0.29354250704350254,57.60290881277282
1242,1242,0.06104993899919009,0.2935421248408423,57.60651774755467
1243,1243,0.06109196799917527,0.2935417433009007,57.602943874334535
1244,1244,0.06113264599918011,0.2935413624221346,57.606546620741184
1245,1245,0.06117291799915847,0.29354098220250463,57.60297885498568
1246,1246,0.061215397999205834,0.2935406026404784,57.60657543564665
1247,1247,0.06125611399920672,0.2935402237340302,57.60301375487481
1248,1248,0.061323496999193594,0.2935398454816383,57.60660419231219
1249,1249,0.06137215699919807,0.29353946788129043,57.60304857415048
1250,1250,0.061415560999193985,0.2935390909314751,57.60663289077954
1251,1251,0.06145732899921086,0.2935387146301937,57.60308331296127
1252,1252,0.06149798099920645,0.29353833897594506,57.60666153109097
1253,1253,0.06153898299919547,0.2935379639667438,57.603117971455724
1254,1254,0.06157929399915929,0.29353758960109916,57.60669011328931
1255,1255,0.0616192429991429,0.29353721587703885,57.6031525497824
1256,1256,0.061662207999120255,0.29353684279308234,57.606718637417906
1257,1257,0.06170244299914884,0.2935364703472705,57.60318704808988
1258,1258,0.061742487999140394,0.29353609853813306,57.606747103520675
1259,1259,0.06178266299917823,0.29353572736372363,57.6032214665267
1260,1260,0.06182263799917109,0.29353535682258214,57.606775511642056
1261,1261,0.061862279999161274,0.293534986912775,57.60325580524141
1262,1262,0.06192007299915758,0.29353461763285243,57.606803861827025
1263,1263,0.06197411999914948,0.2935342489808934,57.60329006438259
1264,1264,0.06201641099914923,0.29353388095545796,57.606832154121115
1265,1265,0.06205748699915148,0.2935335135546378,57.60332424409877
1266,1266,0.06209749099917872,0.29353314677700304,57.60686038857034
1267,1267,0.06213770099918747,0.2935327806206578,57.603358344538485
1268,1268,0.0621885789991552,0.29353241508418204,57.60688856522129
1269,1269,0.06222905799916134,0.29353205016569234,57.60339236585027
1270,1270,0.06226858999917795,0.29353168586377826,57.606916684121
1271,1271,0.0623093879991643,0.2935313221765689,57.603426308182655
1272,1272,0.06234943799921666,0.2935309591026634,57.606944745317115
1273,1273,0.062389259999235946,0.29353059664020326,57.603460171684155
1274,1274,0.062473463999197065,0.293530234787797,57.606972748857714
1275,1275,0.06251611499919818,0.29352987354359844,57.603493956503286
1276,1276,0.06255858399919134,0.2935295129062256,57.60700069479142
1277,1277,0.06259975799923723,0.2935291528738443,57.60352766278854
1278,1278,0.06264007599924071,0.29352879344508215,57.60702858316735
1279,1279,0.06268010399924151,0.2935284346181168,57.603561290688376
1280,1280,0.0627199859991947,0.2935280763915853,57.607056414035135
1281,1281,0.06276935499920455,0.2935277187636772,57.603594840351285
1282,1282,0.06280968899920936,0.2935273617330389,57.60708418744489
1283,1283,0.06285004699924457,0.29352700529787173,57.603628311925725
1284,1284,0.06289000199927841,0.29352664945683116,57.60711190344721
1285,1285,0.06293660699930115,0.2935262942081305,57.60366170556012
1286,1286,0.06297741899930998,0.2935259395504342,57.60713956209321
1287,1287,0.06303119899928333,0.2935255854819672,57.6036950214029
1288,1288,0.06308683099928203,0.29352523200140307,57.607167163434475
1289,1289,0.06312926699928312,0.29352487910697844,57.603728259602455
1290,1290,0.06316922499928523,0.29352452679737573,57.60719470752306
1291,1291,0.06321853999929772,0.29352417507084294,57.60376142030717
1292,1292,0.0632606269992948,0.2935238239260717,57.6072221944115
1293,1293,0.0633103169992637,0.2935234733613211,57.603794503665426
1294,1294,0.06335105899927385,0.29352312337529185,57.60724962415284
1295,1295,0.06339143699926808,0.2935227739662542,57.60382750982554
1296,1296,0.06343146599925831,0.29352242513291776,57.607276996800536
1297,1297,0.06347139499922605,0.29352207687356413,57.60386043893583
1298,1298,0.06351129699919511,0.2935217291869112,57.60730431240855
1299,1299,0.06358192799922335,0.2935213820712521,57.60389329114459
1300,1300,0.06362438499922973,0.2935210355253133,57.60733157103128
1301,1301,0.06366605599924924,0.2935206895473989,57.603926066600074
1302,1302,0.06370647299928578,0.29352034413624395,57.60735877272361
1303,1303,0.06374642999929847,0.2935199992901636,57.60395876545052
1304,1304,0.06378671399926361,0.2935196550079014,57.60738591754086
1305,1305,0.0638265449993014,0.29351931128778325,57.60399138784413
1306,1306,0.0638663309993035,0.2935189681285614,57.60741300553879
1307,1307,0.06390809899926353,0.2935186255285725,57.604023933929085
1308,1308,0.06396721499925206,0.293518283486577,57.60744003677364
1309,1309,0.06400731199926213,0.2935179420009225,57.60405640385353
1310,1310,0.06404736699926161,0.29351760107037767,57.60746701130204
1311,1311,0.06408700099922271,0.29351726069330075,57.604088797765556
1312,1312,0.06415556499916875,0.2935169208684687,57.607493929181125
1313,1313,0.06421487699913087,0.2935165815942503,57.60412111581326
1314,1314,0.06426404799913144,0.29351624286943084,57.6075207904684
1315,1315,0.06430663699916295,0.2935159046923894,57.60415335814465
1316,1316,0.0643484509991481,0.29351556706191956,57.607547595221824
1317,1317,0.06438931399918602,0.2935152299764108,57.604185524907734
1318,1318,0.06442981799915515,0.2935148934346646,57.60757434349981
1319,1319,0.06447283599914044,0.2935145574350809,57.60421761625049
1320,1320,0.0645134739991704,0.2935142219764693,57.60760103536116
1321,1321,0.06455349599917781,0.29351388705723996,57.6042496323208
1322,1322,0.06459425399918928,0.2935135526762102,57.60762767086509
1323,1323,0.06463437999917687,0.29351321883180054,57.604281573266576
1324,1324,0.06467441699913934,0.2935128855228362,57.607654250071256
1325,1325,0.0647251299991467,0.29351255274774785,57.60431343923563
1326,1326,0.06478294899915227,0.2935122205053685,57.60768077303972
1327,1327,0.06482417799918494,0.2935118887941387,57.604345230375756
1328,1328,0.06486492399920962,0.29351155761289943,57.60770723983092
1329,1329,0.06490525599923558,0.2935112269601012,57.60437694683468
1330,1330,0.06494521099921258,0.29351089683459264,57.60773365050576
1331,1331,0.06499685999921212,0.29351056723483404,57.604408588760094
1332,1332,0.06503847799922369,0.2935102381596818,57.60776000512548
1333,1333,0.06507824399926676,0.2935099096076061,57.604440156299646
1334,1334,0.06511885999924516,0.29350958157747076,57.60778630375173
1335,1335,0.06516388599925449,0.29350925406775585,57.60447164960093
1336,1336,0.06520397799926059,0.29350892707733267,57.60781254644659
1337,1337,0.06528163999922754,0.293508600604691,57.60450306881146
1338,1338,0.06532515099922875,0.2935082746487094,57.60783873327247
1339,1339,0.06536718899923244,0.2935079492078875,57.60453441407874
1340,1340,0.06540844299928494,0.29350762428111127,57.60786486429221
1341,1341,0.06548612099925322,0.2935072998668898,57.604565685550185
1342,1342,0.06553283399921384,0.29350697596411635,57.60789093956902
1343,1343,0.06558659199919248,0.2935066525713095,57.60459688337316
1344,1344,0.06562869999919485,0.29350632968737,57.60791695916646
1345,1345,0.0656698829992024,0.2935060073108256,57.60462800769497
1346,1346,0.06571203299921535,0.2935056854405844,57.60794292314849
1347,1347,0.06575311599920042,0.2935053640751836,57.60465905866287
1348,1348,0.06579407799921455,0.29350504321353826,57.607968831579434
1349,1349,0.06586279199922274,0.2935047228541949,57.60469003642404
1350,1350,0.06590588999921465,0.2935044029960757,57.60799468452398
1351,1351,0.06594745399922886,0.2935040836377365,57.60472094112559
1352,1352,0.06598900399922059,0.2935037647781066,57.60802048204716
1353,1353,0.06602948999920955,0.29350344641575077,57.604751772914604
1354,1354,0.06606922399919313,0.2935031285496053,57.608046224214384
1355,1355,0.0661094539991609,0.2935028111782443,57.60478253193804
1356,1356,0.06614935799916566,0.2935024943006109,57.608071911091415
1357,1357,0.06619136699913497,0.293502177915288,57.60481321834284
1358,1358,0.06623199999910412,0.293501862021226,57.608097542744346
1359,1359,0.06627221699915253,0.29350154661701655,57.60484383227584
1360,1360,0.06631232999916392,0.29350123170161685,57.60812311923964
1361,1361,0.06635244599920043,0.29350091727362754,57.604874373883824
1362,1362,0.06639245999917875,0.2935006033320126,57.60814864064411
1363,1363,0.06644734199920777,0.2935002898753815,57.6049048433135
1364,1364,0.06651894199916342,0.293499976902705,57.608174107024844
1365,1365,0.06656380799921635,0.2934996644126011,57.60493524071148
1366,1366,0.06660477799925957,0.2934993524040475,57.60819951844935
1367,1367,0.06664569399924858,0.29349904087567086,57.60496556622434
1368,1368,0.06668616499922564,0.29349872982645536,57.60822487498541
1369,1369,0.0667391429992108,0.2934984192550365,57.60499581999854
1370,1370,0.06678118199920391,0.29349810916040503,57.60825017670115
1371,1371,0.06682185099919025,0.29349779954120486,57.605026002180495
1372,1372,0.06686192899917387,0.29349749039643336,57.60827542366503
1373,1373,0.06690259299915624,0.29349718172474293,57.60505611291649
1374,1374,0.06694251599918744,0.2934968735251375,57.60830061594582
1375,1375,0.0670356739992144,0.2934965657962779,57.6050861523528
1376,1376,0.06709725199925742,0.2934962585371744,57.6083257536126
1377,1377,0.06713949099923866,0.29349595174649634,57.60511612063555
1378,1378,0.06718011799927126,0.2934956454232604,57.60835083673478
1379,1379,0.06722109799926557,0.2934953395661442,57.605146017910805
1380,1380,0.06726113799931,0.2934950341741707,57.60837586538206
1381,1381,0.06731803199932074,0.29349472924602577,57.60517584432454
1382,1382,0.06736396999934868,0.2934944247807388,57.60840083962446
1383,1383,0.06740485999938528,0.2934941207770038,57.60520560002266
1384,1384,0.06744515999940859,0.2934938172338564,57.60842575953232
1385,1385,0.06748594499936189,0.2934935141499988,57.60523528515095
1386,1386,0.06752575599938382,0.2934932115244728,57.60845062517622
1387,1387,0.06762461799939956,0.2934929093559886,57.60526489985511
1388,1388,0.06766943799942737,0.29349260764359425,57.60847543662708
1389,1389,0.06771136499941122,0.29349230638600815,57.60529444428077
1390,1390,0.06775222699940286,0.2934920055822842,57.608500193956125
1391,1391,0.06785763899944186,0.2934917052311488,57.605323918573454
1392,1392,0.06790369999947643,0.293491405331662,57.60852489723484
1393,1393,0.06794765099948563,0.2934911058825581,57.605353322878564
1394,1394,0.06799010199949862,0.29349080688290324,57.608549546534995
1395,1395,0.06803144499946256,0.2934905083314394,57.60538265734144
1396,1396,0.06807182499943565,0.2934902102272388,57.60857414192865
1397,1397,0.0681124239994233,0.29348991256905127,57.605411922107315
1398,1398,0.06817264999943973,0.2934896153559549,57.60859868348814
1399,1399,0.06822471999942081,0.2934893185867072,57.605441117321305
1400,1400,0.06828894899945226,0.2934890222603923,57.60862317128607
1401,1401,0.06833115899945597,0.29348872637577533,57.60547024312844
1402,1402,0.06837193199947933,0.29348843093194615,57.60864760539532
1403,1403,0.06841344399947502,0.29348813592767764,57.605499299673625
1404,1404,0.0684545299994852,0.29348784136206557,57.608671985889046
1405,1405,0.06851170699951581,0.29348754723389026,57.605528287101706
1406,1406,0.06855495399946676,0.29348725354225313,57.608696312840664
1407,1407,0.06859559499946499,0.2934869602859422,57.60555720555738
1408,1408,0.06863618199946586,0.29348666746406465,57.60872058632382
1409,1409,0.06867672799950242,0.2934863750754157,57.60558605518524
1410,1410,0.06871721199951253,0.2934860831191085,57.60874480641247
1411,1411,0.06878847799953292,0.2934857915939456,57.6056148361298
1412,1412,0.06884925599950975,0.29348550049904565,57.60876897318079
1413,1413,0.06890203699947506,0.29348520983321863,57.605643548535426
1414,1414,0.06894322199946146,0.2934849195955888,57.6087930867032
1415,1415,0.06898352399946361,0.2934846297849737,57.60567219254639
1416,1416,0.06902324899948553,0.2934843404005027,57.608817147054395
1417,1417,0.0690628349994995,0.2934840514410007,57.60570076830687
1418,1418,0.06910526399946093,0.2934837629056029,57.60884115430929
1419,1419,0.0691505139994888,0.2934834747931411,57.605729275960876
1420,1420,0.06919100499948172,0.29348318710275595,57.608865108543064
1421,1421,0.06923099099952879,0.2934828998332866,57.60575771565235
1422,1422,0.06927663499953951,0.29348261298387907,57.6088890098311
1423,1423,0.0693381259995931,0.2934823265533794,57.60578608752511
1424,1424,0.0693815229996062,0.2934820405409393,57.60891285824905
1425,1425,0.06942238999960182,0.2934817549454118,57.60581439172283
1426,1426,0.06946288599959871,0.29348146976595374,57.60893665387278
1427,1427,0.06950250599959418,0.29348118500142534,57.605842628389084
1428,1428,0.0695424449996267,0.2934809006509887,57.60896039677838
1429,1429,0.06958263999962355,0.2934806167135111,57.60587079766733
1430,1430,0.06963447599963501,0.2934803331881598,57.60898408704216
1431,1431,0.06967536599967161,0.29348005007380895,57.605898899700875
1432,1432,0.06971543499969357,0.2934797673696311,57.60900772474068
1433,1433,0.06975620099967728,0.2934794850745072,57.60592693463293
1434,1434,0.06979571999971768,0.293479203187615,57.60903130995068
1435,1435,0.06983547499970655,0.29347892170784246,57.60595490260657
1436,1436,0.06990642299973615,0.29347864063437235,57.60905484274914
1437,1437,0.0699506669997163,0.29347835996609917,57.605982803764725
1438,1438,0.06999203899971462,0.2934780797022109,57.60907832321325
1439,1439,0.0700325559997168,0.29347779984160904,57.60601063825024
1440,1440,0.07007273399972291,0.2934775203834865,57.6091017514204
1441,1441,0.07011981699969283,0.2934772413267512,57.606038406205776
1442,1442,0.07016223599964633,0.2934769626706014,57.60912512744818
1443,1443,0.07020461899963948,0.2934766844139516,57.606066107773906
1444,1444,0.07024581199959812,0.2934764065560049,57.609148451374416
1445,1445,0.07028595499957646,0.2934761290956824,57.60609374309705
1446,1446,0.07032539499959967,0.29347585203219223,57.609171723277086
1447,1447,0.07036476699960303,0.29347557536446206,57.606121312317505
1448,1448,0.07042441999965376,0.2934752990917049,57.60919494323439
1449,1449,0.07047378599969534,0.2934750232128548,57.606148815577406
1450,1450,0.07053219499971419,0.2934747477271298,57.609218111324736
1451,1451,0.07057344299971646,0.29347447263347043,57.606176253018795
1452,1452,0.07061397599971997,0.2934741979310994,57.60924122762668
1453,1453,0.07065380999966919,0.2934739236189637,57.60620362478354
1454,1454,0.0706933459996435,0.2934736496962911,57.60926429221902
1455,1455,0.07073320099965485,0.29347337616203456,57.60623093101341
1456,1456,0.0707746169996426,0.29347310301542673,57.60928730518068
1457,1457,0.07081411599966714,0.29347283025542703,57.60625817184997
1458,1458,0.07085400599964942,0.2934725578812728,57.60931026659081
1459,1459,0.0708933509996541,0.29347228589192964,57.606285347434714
1460,1460,0.07093286699966939,0.29347201428663966,57.609333176528736
1461,1461,0.07101163499964969,0.2934717430643747,57.606312457908935
1462,1462,0.07107728599964958,0.2934714722243813,57.609356035073915
1463,1463,0.07112258599960342,0.2934712017656379,57.60633950341383
1464,1464,0.07116803699960883,0.2934709316873956,57.60937884230603
1465,1465,0.07120863299957136,0.2934706619886386,57.60636648409041
1466,1466,0.07124891999956162,0.2934703926686229,57.6094015983049
1467,1467,0.0712888679995558,0.29347012372633874,57.606393400079575
1468,1468,0.07133996999954206,0.29346985516104673,57.60942430315054
1469,1469,0.0713806389995284,0.29346958697174313,57.60642025152205
1470,1470,0.07142078199956359,0.2934693191576931,57.6094469569231
1471,1471,0.0714605749995485,0.2934690517178987,57.60644703855843
1472,1472,0.07150026199957438,0.2934687846516298,57.6094695597029
1473,1473,0.07154034599960823,0.2934685179578947,57.606473761329156
1474,1474,0.07159940599962056,0.29346825163596735,57.60949211157044
1475,1475,0.071642793999672,0.2934679856848619,57.606500419974516
1476,1476,0.07168440399971132,0.2934677201038569,57.60951461260634
1477,1477,0.07172448099970552,0.2934674548919725,57.606527014634636
1478,1478,0.07176396399967189,0.2934671900484916,57.609537062891405
1479,1479,0.07180374699970571,0.2934669255724401,57.60655354544951
1480,1480,0.0718437379996999,0.29346666146310524,57.60955946250655
1481,1481,0.07189462299970728,0.2934663977195189,57.60658001255896
1482,1482,0.07193558099970687,0.29346613434097246,57.60958181153289
1483,1483,0.07197579499967333,0.29346587132650376,57.60660641610266
1484,1484,0.07201565099967411,0.2934656086754085,57.60960411005166
1485,1485,0.07205526799964446,0.29346534638672994,57.606632756220115
1486,1486,0.07209511799965185,0.29346508445976827,57.609626358144226
1487,1487,0.07216395299963096,0.2934648228935724,57.606659033050704
1488,1488,0.07220726699961233,0.29346456168744695,57.6096485558921
1489,1489,0.07224859999956834,0.2934643008404463,57.60668524673362
1490,1490,0.07230617499959635,0.29346404035187923,57.609670703376935
1491,1491,0.0724212999995757,0.29346378022080577,57.6067113974079
1492,1492,0.07250083699955212,0.293463520446539,57.60969280068051
1493,1493,0.07255993899957502,0.29346326102814435,57.60673748521243
1494,1494,0.0726172319995726,0.29346300196493913,57.60971484788476
1495,1495,0.07267275799955542,0.2934627432559944,57.60676351028591
1496,1496,0.07278819699956784,0.2934624849006315,57.60973684507173
1497,1497,0.07285487399957447,0.2934622268979269,57.60678947276692
1498,1498,0.07293592199954446,0.29346196924720613,57.60975879232357
1499,1499,0.07300136499952714,0.2934617119475513,57.60681537279383
1500,1500,0.07306742199955352,0.2934614549982916,57.60978068972259
1501,1501,0.07312104199951364,0.29346119839851464,57.606841210504875
1502,1502,0.07317343899956086,0.2934609421475541,57.609802537351214
1503,1503,0.07322527499951548,0.29346068624450256,57.60686698603812
1504,1504,0.07327709799955073,0.29346043068869765,57.609824335291975
1505,1505,0.07333835199955274,0.29346017547923753,57.60689269953144
1506,1506,0.07339371699958974,0.2934599206154638,57.60984608362751
1507,1507,0.07345158399959928,0.29345966609647967,57.60691835112257
1508,1508,0.07351032399958513,0.29345941192163083,57.609867782440595
1509,1509,0.07356967799955783,0.293459158090026,57.60694394094908
1510,1510,0.07366280599956099,0.29345890460101454,57.60988943181412
1511,1511,0.07372361999955501,0.2934586514537103,57.606969469148325
1512,1512,0.07378198199955932,0.2934583986474667,57.60991103183105
1513,1513,0.0738554979995456,0.29345814618140287,57.60699493585754
1514,1514,0.07391936199957172,0.29345789405487593,57.60993258257447
1515,1515,0.07397886299958145,0.2934576422670102,57.607020341213776
1516,1516,0.07403912699959392,0.29345739081716676,57.60995408412761
1517,1517,0.0741110449995972,0.2934571397044749,57.607045685353874
1518,1518,0.07416913599962527,0.2934568889282997,57.60997553657375
1519,1519,0.07421676799964416,0.2934566384877753,57.60707096841455
1520,1520,0.07425766099964903,0.2934563883822706,57.60999693999626
1521,1521,0.0742978739996829,0.2934561386109251,57.607096190532324
1522,1522,0.07435604699969645,0.29345588917311116,57.61001829447867
1523,1523,0.07439902599969628,0.29345564006797326,57.60712135184353
1524,1524,0.07444026399969061,0.2934553912948877,57.61003960010455
1525,1525,0.07448044599971126,0.2934551428530039,57.60714645248434
1526,1526,0.07456623199971091,0.2934548947417018,57.61006085695758
1527,1527,0.07460820699969872,0.2934546469601358,57.607171492590766
1528,1528,0.074660661999701,0.2934543995076895,57.61008206512153
1529,1529,0.07470214199969405,0.2934541523835222,57.6071964722986
1530,1530,0.07474293899969098,0.2934539055870212,57.61010322468025
1531,1531,0.07478323999964687,0.2934536591173506,57.60722139174348
1532,1532,0.07482359099964242,0.2934534129739015,57.61012433571769
1533,1533,0.07486349499964717,0.29345316715584274,57.60724625106086
1534,1534,0.0749129529996253,0.293452921662569,57.610145398317876
1535,1535,0.07495519999963562,0.29345267649325407,57.607271050386004
1536,1536,0.07499612399965372,0.29345243164729595,57.61016641256489
1537,1537,0.0750363929996638,0.29345218712387344,57.60729578985403
1538,1538,0.07507616699967912,0.2934519429223881,57.61018737854294
1539,1539,0.07511607099968387,0.2934516990420233,57.60732046959981
1540,1540,0.07515592999965293,0.2934514554821842,57.61020829633627
1541,1541,0.0752035439996348,0.29345121224205895,57.6073450897581
1542,1542,0.07524435099963966,0.2934509693210563,57.61022916602922
1543,1543,0.07528437299959023,0.2934507267183688,57.60736965046343
1544,1544,0.07532435199959764,0.2934504844334089,57.610249987706176
1545,1545,0.07536414999964336,0.29345024246537377,57.607394151850144
1546,1546,0.07540381699965337,0.29345000081367933,57.61027076145164
1547,1547,0.07546216999969602,0.2934497594775274,57.60741859405242
1548,1548,0.07552138799974273,0.29344951845633716,57.61029148735013
1549,1549,0.07557831599973497,0.2934492777493151,57.607442977204244
1550,1550,0.0756210279997731,0.29344903735588385,57.610312165486256
1551,1551,0.07566131999982417,0.29344879727525447,57.60746730143941
1552,1552,0.07570132399985141,0.293448557506853,57.6103327959447
1553,1553,0.07574119599985352,0.29344831804989496,57.607491566891525
1554,1554,0.07579169099989258,0.29344807890380975,57.61035337881018
1555,1555,0.07583674099987547,0.29344784006781743,57.607515773694004
1556,1556,0.07587658099987493,0.29344760154135063,57.61037391416748
1557,1557,0.07591607299985981,0.2934473633236339,57.60753992198007
1558,1558,0.07595590699986587,0.29344712541410345,57.61039440210146
1559,1559,0.07599567199986268,0.29344688781198797,57.60756401188278
1560,1560,0.07607751699987375,0.29344665051672697,57.61041484269702
1561,1561,0.07612311699989505,0.2934464135275538,57.60758804353496
1562,1562,0.07616562099991597,0.2934461768439109,57.610435236039095
1563,1563,0.07620626699991817,0.29344594046503614,57.60761201706928
1564,1564,0.07624667799990448,0.2934457043903754,57.610455582212715
1565,1565,0.07628618499990125,0.29344546861917054,57.60763593261819
1566,1566,0.07632566699993504,0.29344523315087084,57.610475881302904
1567,1567,0.07636499499989213,0.2934449979847226,57.60765979031397
1568,1568,0.0764069679999011,0.2934447631201782,57.6104961333948
1569,1569,0.07644699299993363,0.29344452855648806,57.60768359028867
1570,1570,0.07648636599992642,0.29344429429310787,57.61051633857352
1571,1571,0.07653382599994529,0.29344406032929254,57.60770733267421
1572,1572,0.07657378599992626,0.29344382666450064,57.61053649692424
1573,1573,0.07666150299991159,0.2934435932979912,57.607731017602255
1574,1574,0.07670405099992195,0.2934433602292262,57.610556608532214
1575,1575,0.07675239799988276,0.2934431274574688,57.60775464520428
1576,1576,0.07679375999987315,0.29344289498218395,57.610576673482704
1577,1577,0.07687512299986565,0.2934426628026392,57.607778215611596
1578,1578,0.07692077599983804,0.29344243091830247,57.61059669186101
1579,1579,0.07697205999983225,0.29344219932844545,57.60780172895529
1580,1580,0.0770129369998358,0.29344196803253925,57.610616663752474
1581,1581,0.07705346999983931,0.29344173702985943,57.607825185366245
1582,1582,0.07709396999985074,0.2934415063198802,57.61063658924245
1583,1583,0.07715027699987331,0.2934412759018815,57.60784858497519
1584,1584,0.07728039399984254,0.29344104577534047,57.61065646841638
1585,1585,0.07737166599986267,0.29344081593954074,57.607871927912605
1586,1586,0.07747251499984031,0.2934405863939628,57.61067630135968
1587,1587,0.07757462699987627,0.2934403571378944,57.60789521430878
1588,1588,0.0776277469998945,0.2934401281708188,57.61069608815781
1589,1589,0.07772444599987693,0.29343989949202787,57.60791844429384
1590,1590,0.07777291099989725,0.2934396711010076,57.61071582889625
1591,1591,0.0778432189998739,0.29343944299705416,57.60794161799765
1592,1592,0.07790179599987823,0.29343921517965643,57.61073552366051
1593,1593,0.07795788499987566,0.29343898764811427,57.60796473554992
1594,1594,0.07800792499989484,0.29343876040191974,57.610755172536145
1595,1595,0.07804987299988397,0.29343853344037657,57.60798779708016
1596,1596,0.07810155599986501,0.2934383067629798,57.610774775608704
1597,1597,0.07821056799986081,0.29343808036903696,57.60801080271765
1598,1598,0.07826802199986105,0.2934378542580459,57.61079433296375
1599,1599,0.07839665799986051,0.2934376284293182,57.60803375259145
1600,1600,0.07852220499984242,0.2934374028823545,57.610813844686874
1601,1601,0.07866803899980823,0.29343717761647026,57.608056646830484
1602,1602,0.07871404499979917,0.2934369526311689,57.610833310863704
1603,1603,0.07875653099978308,0.29343672792576964,57.608079485563415
1604,1604,0.07879822499978673,0.29343650349977896,57.61085273157983
1605,1605,0.07883918899977971,0.29343627935251965,57.608102268918714
1606,1606,0.07891316399980042,0.29343605548350105,57.61087210692091
1607,1607,0.07897743799981072,0.29343583189204997,57.608124997024646
1608,1608,0.07902307099982409,0.29343560857767814,57.61089143697257
1609,1609,0.07906454799984886,0.2934353855397164,57.60814767000929
1610,1610,0.07915116999987504,0.29343516277767917,57.610910721820474
1611,1611,0.07919441499990398,0.2934349402909009,57.60817028800049
1612,1612,0.07924453499992978,0.293434718078899,57.61092996155027
1613,1613,0.07928558099990823,0.29343449614101136,57.60819285112589
1614,1614,0.07932537099992487,0.29343427447675835,57.61094915624762
1615,1615,0.07936497699989786,0.29343405308548137,57.608215359512954
1616,1616,0.07940491399989469,0.2934338319667036,57.610968305998206
1617,1617,0.07944527799986645,0.29343361111977,57.60823781328888
1618,1618,0.07951780799982089,0.2934333905442066,57.610987410887695
1619,1619,0.07956124099985118,0.29343317023936183,57.60826021258074
1620,1620,0.07960509099984847,0.2934329502047643,57.611006471001744
1621,1621,0.07969036099984805,0.29343273043976636,57.60828255751532
1622,1622,0.07973504999984016,0.2934325109438991,57.61102548642603
1623,1623,0.07977693999987423,0.2934322917165185,57.60830484821923
1624,1624,0.07982914499984872,0.2934320727571582,57.611044457246216
1625,1625,0.07987057599984837,0.2934318540651778,57.608327084818875
1626,1626,0.07991029199985178,0.29343163564011343,57.61106338354798
1627,1627,0.07995067899986452,0.2934314174813284,57.60834926744044
1628,1628,0.07999057499984019,0.2934311995883615,57.61108226541696
1629,1629,0.0800312299998609,0.2934309819605793,57.6083713962099
1630,1630,0.08010431999986167,0.2934307645975233,57.611101102938825
1631,1631,0.08016696199990747,0.2934305474985636,57.60839347125302
1632,1632,0.0802212139999483,0.2934303306632443,57.6111198961992
1633,1633,0.08026319099991497,0.2934301140909389,57.608415492695364
1634,1634,0.08030415199988283,0.2934298977811939,57.611138645283724
1635,1635,0.08034473799989428,0.29342968173338646,57.608437460662266
1636,1636,0.08040085399989039,0.29342946594706554,57.61115735027801
1637,1637,0.08044276699985176,0.2934292504216118,57.60845937527886
1638,1638,0.08048776399988355,0.29342903515657653,57.61117601126768
1639,1639,0.08052867399993602,0.2934288201513438,57.60848123667006
1640,1640,0.08056923699990648,0.2934286054054677,57.61119462833831
1641,1641,0.08060969499990733,0.2934283909183354,57.608503044960585
1642,1642,0.08067024299992909,0.2934281766895035,57.611213201575474
1643,1643,0.08082164399996827,0.2934279627183625,57.60852480027491
1644,1644,0.08093898699996771,0.29342774900447166,57.61123173106475
1645,1645,0.08098679900001571,0.2934275355472246,57.608546502737305
1646,1646,0.08102882300005376,0.2934273223461831,57.61125021689167
1647,1647,0.0810703540000759,0.29342710940074407,57.60856815247186
1648,1648,0.08111065200012035,0.2934268967104717,57.61126865914174
1649,1649,0.08115149300010671,0.29342668427476637,57.6085897496024
1650,1650,0.08123312900011115,0.2934264720931944,57.61128705790048
1651,1651,0.08128130200014994,0.29342626016515966,57.608611294252576
1652,1652,0.08132372700015367,0.2934260484902309,57.611305413253355
1653,1653,0.08136494100017444,0.2934258370678149,57.6086327865458
1654,1654,0.08140479800022149,0.29342562589748306,57.611323725285814
1655,1655,0.08145389100025113,0.2934254149786455,57.60865422660527
1656,1656,0.08150319200024114,0.29342520431087576,57.61134199408328
1657,1657,0.08154549100021313,0.29342499389358717,57.60867561455399
1658,1658,0.08158600800021532,0.29342478372635566,57.61136021973116
1659,1659,0.08162627900020425,0.2934245738085979,57.60869695051472
1660,1660,0.08166579900023407,0.2934243641398919,57.61137840231482
1661,1661,0.08170600600027456,0.2934241547196576,57.608718234610016
1662,1662,0.08177246800028115,0.29342394554747536,57.611396541919596
1663,1663,0.08182030900024984,0.2934237366227683,57.60873946696221
1664,1664,0.08186206900023763,0.2934235279451191,57.61141463863081
1665,1665,0.08190319400023327,0.29342331951395384,57.608760647693444
1666,1666,0.08194257800022342,0.2934231113288575,57.61143269253372
1667,1667,0.08198318400025073,0.29342290338925936,57.60878177692561
1668,1668,0.08202334000026212,0.2934226956947467,57.61145070371358
1669,1669,0.08206327100026556,0.2934224882447518,57.608802854780386
1670,1670,0.08211445700027298,0.29342228103886425,57.61146867225561
1671,1671,0.08215552900026069,0.2934220740765194,57.60882388137925
1672,1672,0.08219571900025358,0.293421867357309,57.61148659824496
1673,1673,0.0822363210002095,0.29342166088067145,57.60884485684346
1674,1674,0.08227592300016795,0.29342145464620095,57.61150448176678
1675,1675,0.08231676400015431,0.2934212486533386,57.60886578129403
1676,1676,0.08236936100013281,0.2934210429016809,57.61152232290616
1677,1677,0.08242778300018472,0.29342083739067215,57.60888665485179
1678,1678,0.08248417300023902,0.29342063211991076,57.611540121748185
1679,1679,0.08252617300024667,0.29342042708884425,57.60890747763733
1680,1680,0.08256633400026203,0.2934202222970732,57.61155787837782
1681,1681,0.08260678700025892,0.29342001774404786,57.608928249771026
1682,1682,0.08265724100021998,0.2934198134293712,57.611575592880094
1683,1683,0.08269848600025398,0.29341960935249645,57.60894897137303
1684,1684,0.08273740200024804,0.29341940551302853,57.611593265339906
1685,1685,0.0827774990002581,0.2934192019104236,57.608969642563295
1686,1686,0.08281755000024305,0.29341899854428893,57.611610895842134
1687,1687,0.08285745300025837,0.29341879541408356,57.608990263461514
1688,1688,0.08296399600027371,0.29341859251941677,57.61162848447166
1689,1689,0.08300914900024736,0.29341838985975044,57.6090108341872
1690,1690,0.0830499120002628,0.2934181874346961,57.61164603131324
1691,1691,0.08308998900025699,0.2934179852437184,57.60903135485963
1692,1692,0.08312997600023664,0.29341778328643103,57.611663536451644
1693,1693,0.08316960000024665,0.2934175815623016,57.60905182559785
1694,1694,0.08320914800026458,0.29341738007094564,57.61168099997156
1695,1695,0.08325990700029706,0.29341717881183366,57.60907224652072
1696,1696,0.08329960300034145,0.2934169777845834,57.611698421957634
1697,1697,0.08333997000033833,0.2934167769886682,57.609092617746825
1698,1698,0.08337988300030474,0.2934165764237076,57.61171580249448
1699,1699,0.08341930300031208,0.29341637608917787,57.60911293939457
1700,1700,0.08345906800030889,0.2934161759847007,57.61173314166662
1701,1701,0.08352889200034497,0.29341597610975506,57.60913321158213
1702,1702,0.0835718860003567,0.29341577646396466,57.611750439558556
1703,1703,0.08361331200035238,0.29341557704681126,57.609153434427476
1704,1704,0.08365344800034791,0.2934153778579206,57.611767696254724
1705,1705,0.08370125600038136,0.293415178896777,57.60917360804831
1706,1706,0.08374947600037785,0.29341498016300843,57.611784911839514
1707,1707,0.0837999080003442,0.2934147816561019,57.609193732562154
1708,1708,0.0839187340003491,0.2934145833756874,57.61180208639724
1709,1709,0.0839654740003084,0.29341438532125447,57.609213808086295
1710,1710,0.08401553200030776,0.2934141874924352,57.61181922001216
1711,1711,0.08415184500034911,0.29341398988872175,57.6092338347378
1712,1712,0.08419822900037843,0.29341379250974825,57.61183631276852
1713,1713,0.08424066200041125,0.2934135953550097,57.609253812633504
1714,1714,0.08428181800042012,0.29341339842414194,57.61185336475044
1715,1715,0.08432292000043162,0.2934132017166426,57.60927374189004
1716,1716,0.0843729750004627,0.2934130052321495,57.611870376042
1717,1717,0.08441452300047558,0.293412808970163,57.6092936226238
1718,1718,0.08445493500045131,0.2934126129303229,57.611887346727265
1719,1719,0.08449510700046403,0.29341241711213206,57.609313454950964
1720,1720,0.08453445700047268,0.29341222151523216,57.611904276890165
1721,1721,0.08457491800049866,0.2934120261391288,57.60933323898748
1722,1722,0.08465751600050453,0.29341183098346546,57.61192116661462
1723,1723,0.08472100000045657,0.2934116360477504,57.60935297484909
1724,1724,0.08476689700046336,0.29341144133162894,57.611938015984464
1725,1725,0.08480858600046304,0.293411246834612,57.60937266265129
1726,1726,0.0848485270004744,0.2934110525563466,57.61195482508347
1727,1727,0.08488927800044621,0.29341085849634624,57.60939230250938
1728,1728,0.08492922200042585,0.29341066465426,57.611971593995335
1729,1729,0.08497226300045213,0.2934104710296038,57.6094118945384
1730,1730,0.08501265500046884,0.2934102776220287,57.61198832280371
1731,1731,0.08505322300044327,0.2934100844310529,57.609431438853214
1732,1732,0.08509282800042683,0.2934098914563294,57.61200501159216
1733,1733,0.08513275900037343,0.2934096986973791,57.60945093556844
1734,1734,0.08517255300034776,0.2934095061538566,57.612021660444185
1735,1735,0.08522629600037135,0.2934093138252853,57.60947038479845
1736,1736,0.08527978800037772,0.29340912171132166,57.61203826944322
1737,1737,0.08532206000035103,0.2934089298114917,57.60948978665744
1738,1738,0.08536259300035454,0.29340873812545354,57.61205483867262
1739,1739,0.08540395900035946,0.29340854665273564,57.60950914125933
1740,1740,0.0854438020003272,0.293408355392998,57.61207136821568
1741,1741,0.08548382000032007,0.29340816434577144,57.60952844871789
1742,1742,0.08552681000031725,0.29340797351071785,57.61208785815562
1743,1743,0.08556760000027452,0.29340778288737046,57.60954770914656
1744,1744,0.08560716700026205,0.2934075924753928,57.61210430857557
1745,1745,0.08564777400022194,0.2934074022743206,57.60956692265866
1746,1746,0.08568685200020809,0.2934072122838193,57.61212071955861
1747,1747,0.08575061600021172,0.29340702250342676,57.609586089367234
1748,1748,0.08580083000020977,0.2934068329328104,57.61213709118774
1749,1749,0.08584324200018045,0.2934066435715104,57.6096052093851
1750,1750,0.08588333500017598,0.2934064544191958,57.612153423545855
1751,1751,0.08592386900022575,0.29340626547540916,57.609624282824896
1752,1752,0.08653469600022845,0.29340607673982144,57.612169716715805
1753,1753,0.08658927400023231,0.2934058882119775,57.60964330979897
1754,1754,0.0866324140002348,0.2934056998915498,57.61218597078037
1755,1755,0.08667428000023847,0.2934055117780858,57.60966229041949
1756,1756,0.0873129200002154,0.2934053238712596,57.61220218582222
1757,1757,0.08736889900023925,0.2934051361706209,57.60968122479841
1758,1758,0.08743433500023912,0.2934049486758455,57.61221836192395
1759,1759,0.08747913900020876,0.29340476138648547,57.60970011304743
1760,1760,0.08752649100023291,0.2934045743022183,57.61223449916811
1761,1761,0.08756852400023263,0.2934043874225984,57.60971895527804
1762,1762,0.08760885900022686,0.2934042007473048,57.61225059763714
1763,1763,0.08826738100020748,0.2934040142758942,57.6097377516015
1764,1764,0.08831263700022873,0.29340382800804743,57.612266657413386
1765,1765,0.08835931900017613,0.29340364194332336,57.60975650212886
1766,1766,0.08840022300017836,0.2934034560814045,57.612282678579156
1767,1767,0.08844103100017264,0.29340327042185205,57.609775206970944
1768,1768,0.08848328200014066,0.29340308496435,57.61229866121662
1769,1769,0.08852422800009663,0.29340289970846184,57.60979386623833
1770,1770,0.08856419400007098,0.29340271465387335,57.61231460540792
1771,1771,0.08861798800006682,0.29340252980014997,57.60981248004139
1772,1772,0.08867157300005601,0.29340234514697927,57.61233051123506
1773,1773,0.08873389200005022,0.293402160693929,57.60983104849028
1774,1774,0.08877753000001576,0.29340197644068805,57.61234637878
1775,1775,0.08881916000001411,0.29340179238682673,57.60984957169493
1776,1776,0.0888595000000123,0.2934016085320353,57.6123622081246
1777,1777,0.08954241800000773,0.29340142487588616,57.60986804976502
1778,1778,0.08959959099996695,0.29340124141807133,57.61237799935064
1779,1779,0.08964283899996417,0.2934010581581654,57.60988648281005
1780,1780,0.08968391299993073,0.293400875095862,57.61239375253979
1781,1781,0.08972500999993827,0.29340069223073767,57.609904870939246
1782,1782,0.08976911699994616,0.29340050956248775,57.61240946777365
1783,1783,0.08980978399989681,0.29340032709069097,57.60992321426166
1784,1784,0.08986190299987129,0.29340014481504406,57.61242514513373
1785,1785,0.09025289299989936,0.29339996273512814,57.60994151288609
1786,1786,0.0903266979998989,0.29339978085064133,57.61244078470145
1787,1787,0.09037397099984901,0.2933995991611667,57.60995976692112
1788,1788,0.09041526099980501,0.29339941766640426,57.612456386558144
1789,1789,0.09089036199981138,0.29339923636593895,57.60997797647511
1790,1790,0.0909361599997851,0.29339905525947246,57.612471950785036
1791,1791,0.09099881599979653,0.2933988743465917,57.60999614165619
1792,1792,0.09105110399974592,0.2933986936269999,57.61248747746328
1793,1793,0.09109454399975903,0.2933985131002861,57.610014262572285
1794,1794,0.09113658099977329,0.29339833276615485,57.61250296667395
1795,1795,0.09117675199979658,0.2933981526241976,57.61003233933109
1796,1796,0.09122222999980067,0.2933979726741202,57.61251841849799
1797,1797,0.09126430899976867,0.29339779291551615,57.61005037204005
1798,1798,0.09130530999976827,0.29339761334809294,57.61253383301627
1799,1799,0.09134578499975987,0.2933974339714459,57.61006836080642
1800,1800,0.09140293599978122,0.293397254785284,57.61254921030956
1801,1801,0.09145632399975057,0.29339707578920476,57.61008630573722
1802,1802,0.0915133649997415,0.2933968969829186,57.61256455045856
1803,1803,0.091556853999748,0.293396718366025,57.610104206939255
1804,1804,0.09159835199977806,0.2933965399382358,57.612579853543835
1805,1805,0.09163905799977101,0.2933963616991525,57.61012206451911
1806,1806,0.09168996399978369,0.29339618364848863,57.61259511964589
1807,1807,0.0917323519997808,0.2933960057858474,57.61013987858311
1808,1808,0.09177609299979395,0.29339582811094383,57.61261034884511
1809,1809,0.09181678699980012,0.29339565062338324,57.6101576492374
1810,1810,0.09185704199984457,0.29339547332288185,57.612625541221796
1811,1811,0.09189676299985194,0.29339529620904714,57.6101753765879
1812,1812,0.0919366049998871,0.2933951192815969,57.612640696856154
1813,1813,0.09197585099991556,0.29339494254014037,57.61019306074028
1814,1814,0.09202776499989795,0.2933947659843967,57.612655815828276
1815,1815,0.09207000499992546,0.2933945896139771,57.61021070180001
1816,1816,0.09211275299992394,0.2933944134286022,57.61267089821817
1817,1817,0.09215282999991814,0.2933942374278851,57.610228299872325
1818,1818,0.09219307599988724,0.29339406161154785,57.61268594410573
1819,1819,0.09223250399992367,0.2933938859792056,57.61024585506226
1820,1820,0.09227306099995758,0.29339371053058155,57.61270095357078
1821,1821,0.0923216029999594,0.293393535265293,57.6102633674746
1822,1822,0.09236176799993245,0.29339336018306433,57.61271592669301
1823,1823,0.09240163999993456,0.29339318528351477,57.61028083721392
1824,1824,0.0924412889999644,0.2933930105663703,57.61273086355203
1825,1825,0.09248070899997174,0.2933928360312517,57.61029826438458
1826,1826,0.09252094099997521,0.29339266167788647,57.61274576422734
1827,1827,0.09258759799996596,0.2933924875058974,57.61031564909072
1828,1828,0.0926456209999742,0.29339231351501316,57.61276062879834
1829,1829,0.09270239299996774,0.2933921397048584,57.610332991436245
1830,1830,0.09275916199999301,0.2933919660751634,57.61277545734434
1831,1831,0.09282476900000347,0.29339179262555426,57.61035029152484
1832,1832,0.09286753100002443,0.2933916193557628,57.61279024994451
1833,1833,0.0929087790000267,0.29339144626541713,57.61036754945997
1834,1834,0.09294895400000769,0.2933912733542502,57.612805006677966
1835,1835,0.09298896899997544,0.293391100621892,57.6103847653449
1836,1836,0.09302900500000533,0.29339092806807676,57.612819727623695
1837,1837,0.09306803600003377,0.29339075569243633,57.610401939282646
1838,1838,0.09310811900002136,0.2933905834947062,57.61283441286058
1839,1839,0.09316017900005136,0.2933904114745203,57.610419071376015
1840,1840,0.0932191540000531,0.2933902396316151,57.61284906246739
1841,1841,0.09326801100002058,0.2933900679656263,57.6104361617276
1842,1842,0.09330961300003082,0.29338989647629193,57.61286367652281
1843,1843,0.0933493040000144,0.29338972516324935,57.61045321043976
1844,1844,0.09338962999999012,0.2933895540262379,57.6128782551054
1845,1845,0.09343194100000574,0.29338938306489676,57.61047021761463
1846,1846,0.09347234300003038,0.2933892122789664,57.61289279829363
1847,1847,0.09351179600002979,0.29338904166808794,57.61048718335417
1848,1848,0.09355176000008214,0.29338887123200297,57.61290730616586
1849,1849,0.09359062300006826,0.29338870097035447,57.61050410776005
1850,1850,0.09363062100004527,0.2933885308828854,57.612921778800334
1851,1851,0.09369305000006989,0.29338836096924015,57.61052099093376
1852,1852,0.09375082000008206,0.2933881912291633,57.61293621627521
1853,1853,0.0937933160000739,0.2933880216623008,57.61053783297658
1854,1854,0.09386695200004169,0.2933878522683985,57.61295061866849
1855,1855,0.09391379600003802,0.29338768304710416,57.61055463398956
1856,1856,0.0939640540000255,0.2933875139981647,57.61296498605813
1857,1857,0.09400615800001333,0.29338734512122966,57.61057139407351
1858,1858,0.09404684300000099,0.2933871764160473,57.61297931852194
1859,1859,0.09408723400002827,0.2933870078822688,57.61058811332906
1860,1860,0.09412730200006081,0.2933868395196436,57.612993616137615
1861,1861,0.09416691000001265,0.2933866713278246,57.61060479185657
1862,1862,0.09424907800001847,0.2933865033065625,57.61300787898277
1863,1863,0.09429596900002934,0.29338633545551196,57.61062142975622
1864,1864,0.09433821900006478,0.2933861677744247,57.613022107134896
1865,1865,0.09437986600005388,0.29338600026295714,57.610638027127976
1866,1866,0.09442049200009706,0.2933858329208622,57.61303630067136
1867,1867,0.09445990200009646,0.29338566574779806,57.61065458407157
1868,1868,0.09449968000012632,0.29338549874351877,57.613050459669445
1869,1869,0.09453920600009269,0.293385331907684,57.6106711006865
1870,1870,0.09458063900007119,0.2933851652400493,57.61306458420628
1871,1871,0.09462042700010898,0.2933849987402758,57.610687577072085
1872,1872,0.09466028800011372,0.29338483240812024,57.613078674358945
1873,1873,0.09469919300011043,0.29338466624324544,57.61070401332739
1874,1874,0.09473870900012571,0.2933845002454092,57.61309273020434
1875,1875,0.09477762800008804,0.29338433441427614,57.6107204095513
1876,1876,0.09482760500009135,0.29338416874960516,57.61310675181932
1877,1877,0.09486901900010025,0.2933840032510624,57.61073676584241
1878,1878,0.09490955300009318,0.2933838379184081,57.61312073928058
1879,1879,0.09494886400005953,0.2933836727513099,57.610753082299205
1880,1880,0.09498896000008017,0.2933835077495291,57.61313469266471
1881,1881,0.09502842800009148,0.29338334291273505,57.610769359019855
1882,1882,0.0950681810001015,0.2933831782406903,57.6131486120482
1883,1883,0.09511726000010867,0.29338301373306563,57.61078559610238
1884,1884,0.09515822000014396,0.2933828493896248,57.613162497507425
1885,1885,0.09519696100016972,0.29338268521004013,57.61080179364454
1886,1886,0.09523654600013742,0.29338252119407643,57.613176349118625
1887,1887,0.09527558000013414,0.29338235734140783,57.61081795174391
1888,1888,0.09531490300014411,0.29338219365180007,57.61319016695795
1889,1889,0.0953779530001384,0.2933820301249288,57.610834070497816
1890,1890,0.09542227700012518,0.29338186676056116,57.61320395110143
1891,1891,0.09546339800010628,0.29338170355837423,57.6108501500034
1892,1892,0.09550444300009531,0.2933815405181361,57.61321770162498
1893,1893,0.09554419800014102,0.2933813776395254,57.610866190357584
1894,1894,0.09558446900012996,0.2933812149223115,57.61323141860439
1895,1895,0.0956240240001307,0.29338105236617446,57.61088219165704
1896,1896,0.09566357100015921,0.29338088997088485,57.613245102115336
1897,1897,0.09571174600017684,0.29338072773612417,57.610898153998285
1898,1898,0.09575190800018163,0.293380565661664,57.6132587522334
1899,1899,0.09579148600022336,0.29338040374718755,57.610914077477545
1900,1900,0.09583105700022543,0.2933802419924674,57.613272369034014
1901,1901,0.09587056800023674,0.2933800803971881,57.61092996219091
1902,1902,0.09591001100022822,0.2933799189611236,57.61328595259251
1903,1903,0.09597648100020706,0.2933797576839599,57.61094580823419
1904,1904,0.09601924900022141,0.2933795965654718,57.613299502984134
1905,1905,0.09605971400026192,0.2933794356053469,57.61096161570303
1906,1906,0.09609980600021117,0.2933792748033611,57.613313020283954
1907,1907,0.09613990700023578,0.2933791141592036,57.61097738469283
1908,1908,0.09621615300022768,0.29337895367265127,57.613326504566956
1909,1909,0.09625864300022613,0.2933787933433946,57.61099311529879
1910,1910,0.09630827800020825,0.2933786331712116,57.61333995590802
1911,1911,0.09634917600021708,0.29337847315579435,57.611008807615875
1912,1912,0.09638979800024572,0.29337831329692193,57.61335337438188
1913,1913,0.0964301800002545,0.2933781535942878,57.61102446173887
1914,1914,0.09647032200024341,0.293377994047672,57.61336676006316
1915,1915,0.09650947600022164,0.29337783465676953,57.61104007776235
1916,1916,0.09657668800025476,0.29337767542136134,57.61338011302639
1917,1917,0.09661822600025971,0.29337751634114406,57.61105565578061
1918,1918,0.09665920200023947,0.29337735741589965,57.613393433345934
1919,1919,0.09669933100025219,0.29337719864532597,57.611071195887824
1920,1920,0.09673906800026089,0.2933770400292062,57.6134067210961
1921,1921,0.09677857300027881,0.2933768815672396,57.611086698177886
1922,1922,0.09681879400028492,0.2933767232592102,57.61341997635101
1923,1923,0.09685830300031739,0.2933765651048188,57.61110216274451
1924,1924,0.09690053600036208,0.29337640710385066,57.61343319918471
1925,1925,0.09694005300036679,0.2933762492560076,57.61111758968117
1926,1926,0.09697975700032657,0.29337609156107597,57.61344638967112
1927,1927,0.09701881700033255,0.29337593401875917,57.61113297908118
1928,1928,0.09705816700028436,0.2933757766288444,57.613459547884034
1929,1929,0.0970969840003022,0.2933756193910365,57.6111483310376
1930,1930,0.09716446000032875,0.29337546230512374,57.61347267389711
1931,1931,0.0972076260003405,0.2933753053708122,57.611163645643266
1932,1932,0.09724967300036269,0.29337514858789115,57.61348576778392
1933,1933,0.09728992700036088,0.2933749919560681,57.61117892299086
1934,1934,0.09733052800032738,0.29337483547513327,57.613498829617896
1935,1935,0.09737071900030969,0.29337467914479554,57.6111941631728
1936,1936,0.09741045500032897,0.29337452296484623,57.61351185947235
1937,1937,0.09745037500033504,0.29337436693499547,57.6112093662813
1938,1938,0.09749213100030829,0.2933742110550354,57.61352485742048
1939,1939,0.09753173000029847,0.29337405532467775,57.611224532408414
1940,1940,0.09757190000027549,0.2933738997437155,57.61353782353534
1941,1941,0.09761108400027751,0.2933737443118618,57.61123966164593
1942,1942,0.09765093700025318,0.2933735890289106,57.6135507578899
1943,1943,0.0976904180002407,0.29337343389457615,57.61125475408545
1944,1944,0.09773736100021324,0.2933732789086534,57.61356366055697
1945,1945,0.09777829300020358,0.2933731240708582,57.61126980981836
1946,1946,0.09782070500017426,0.2933729693809864,57.61357653160927
1947,1947,0.0978611840001804,0.29337281483875494,57.61128482893583
1948,1948,0.09790082600017058,0.2933726604439607,57.613589371119396
1949,1949,0.09794038100017133,0.2933725061963221,57.61129981152884
1950,1950,0.09797967100018923,0.2933723520956367,57.613602179159784
1951,1951,0.09802769700019098,0.2933721981416244,57.61131475768817
1952,1952,0.09806779100017593,0.2933720443340837,57.61361495580279
1953,1953,0.09810702700019647,0.29337189067273556,57.61132966750434
1954,1954,0.09814661600017871,0.2933717371573797,57.61362770112063
1955,1955,0.09818635500016626,0.29337158378773825,57.61134454106772
1956,1956,0.09822623100012606,0.29337143056361176,57.61364041518541
1957,1957,0.09828971500013495,0.29337127748472375,57.61135937846845
1958,1958,0.09833543400014833,0.2933711245508757,57.61365309806908
1959,1959,0.09837676300014664,0.2933709717617924,57.61137417979646
1960,1960,0.09841805400014891,0.29337081911727614,57.613665749843506
1961,1961,0.09845791200012854,0.293370666617053,57.61138894514145
1962,1962,0.09850915900011614,0.2933705142609264,57.613678370580416
1963,1963,0.09855162200011591,0.2933703620486233,57.611403674592964
1964,1964,0.09859897400014006,0.2933702099799483,57.61369096035141
1965,1965,0.09863945600017132,0.2933700580546296,57.61141836824031
1966,1966,0.09868015800014973,0.29336990627247245,57.61370351922796
1967,1967,0.0987206230001334,0.2933697546332066,57.61143302617259
1968,1968,0.09877390300016486,0.293369603136638,57.613716047281436
1969,1969,0.09886266700016222,0.2933694517824977,57.61144764847869
1970,1970,0.09890678200014236,0.2933693005705925,57.61372854458307
1971,1971,0.09894772800015517,0.29336914950065474,57.61146223524732
1972,1972,0.09898780500014936,0.29336899857249216,57.613741011203956
1973,1973,0.09904285300012816,0.29336884778583816,57.611476786566975
1974,1974,0.09908410900015951,0.29336869714050134,57.6137534472151
1975,1975,0.09913608100015381,0.2933685466362164,57.61149130252591
1976,1976,0.09918052500017893,0.2933683962727929,57.613765852687344
1977,1977,0.09922062100019957,0.2933682460499667,57.61150578321223
1978,1978,0.09926050500018846,0.2933680959675481,57.613778227691434
1979,1979,0.09930052300018133,0.29336794602527416,57.61152022871379
1980,1980,0.09934018000018341,0.2933677962229563,57.613790572297994
1981,1981,0.09942128300014019,0.29336764656033254,57.61153463911828
1982,1982,0.09948085700017373,0.2933674970372151,57.61380288657749
1983,1983,0.09952479900022126,0.29336734765334344,57.61154901451315
1984,1984,0.0995662700001958,0.29336719840853054,57.6138151706003
1985,1985,0.09960652900019795,0.2933670493025169,57.61156335498566
1986,1986,0.09964667600019084,0.2933669003351163,57.61382742443666
1987,1987,0.09968569100016111,0.2933667515060708,57.61157766062288
1988,1988,0.09973569900017765,0.2933666028151947,57.61383964815666
1989,1989,0.09977588900017054,0.2933664542622312,57.61159193151166
1990,1990,0.09981573700019908,0.29336630584699575,57.61385184183034
1991,1991,0.09985531100016942,0.2933661575692323,57.611606167738664
1992,1992,0.09989505200019266,0.2933660094287574,57.6138640055275
1993,1993,0.09993418900018014,0.293365861425316,57.611620369390316
1994,1994,0.10002195400022629,0.29336571355872565,57.61387613931794
1995,1995,0.10006508900022482,0.2933655658287325,57.6116345365529
1996,1996,0.10010607400022309,0.2933654182351546,57.61388824327124
1997,1997,0.10014621400023316,0.2933652707777394,57.61164866931243
1998,1998,0.10018626200019298,0.29336512345630583,57.61390031745688
1999,1999,0.10022932400022455,0.29336497627060254,57.61166276775478
2000,2000,0.10026931000021477,0.2933648292204491,57.61391236194425
