epoch,updates,time,train_loss,val_rmse
1,1,0.00013252800005147947,0.38260957152645514,64.87312275170366
2,2,0.00019590000005109687,0.35307025110989243,63.145122877467344
3,3,0.0002401500000814849,0.33941318010122096,61.21114709457012
4,4,0.0002824930000429049,0.33247558606313504,61.12877774260166
5,5,0.0003232180000622975,0.32674602122412805,60.3301858898995
6,6,0.00036466300008441976,0.3220107655413515,60.33001030152286
7,7,0.0004044080000653594,0.3180824263719988,59.67061724414686
8,8,0.000462726000080238,0.3148226900021103,59.7208598473405
9,9,0.0005078680001133762,0.31211154810885544,59.190811068972145
10,10,0.0005499840000879885,0.3098559619317693,59.26736841773499
11,11,0.0005906360000835775,0.30797389792702484,58.838093619170195
12,12,0.0006320070000924716,0.30640287018674267,58.925950450172614
13,13,0.000672819000101299,0.30508661555500904,58.57578574099549
14,14,0.0007225390000940024,0.3039832590756387,58.66592884922332
15,15,0.0007629930000803142,0.30305405975801286,58.37811048878015
16,16,0.0008035670001049766,0.30227103503889563,58.465455691967584
17,17,0.0008432890001017768,0.30160738570046924,58.22696541446675
18,18,0.0008838810001066122,0.30104447934550227,58.30893860769797
19,19,0.0009237610001378016,0.3005636801802593,58.10961847066283
20,20,0.0009641760001386501,0.30015263434431894,58.185201964929476
21,21,0.0010343820001139648,0.2997983089442529,58.01708792270228
22,22,0.0010778930000583387,0.29949255173079325,58.086188850271334
23,23,0.0011192700000606237,0.2992261951463379,57.94301094513353
24,24,0.0011600960000350824,0.2989938853744196,58.00604888885278
25,25,0.0012006520000227283,0.2987891383156992,57.88285588717847
26,26,0.0012554250000107459,0.2986084526113075,57.94049817657861
27,27,0.001299628000026587,0.2984472204041854,57.83337358319689
28,28,0.0013422560000435624,0.29830315768585497,57.88636969715831
29,29,0.001383510000039223,0.29817297786287866,57.792214034634746
30,30,0.0014242710000189618,0.2980551907396319,57.84129669330386
31,31,0.0014642820000290158,0.29794744588567834,57.75765774075188
32,32,0.0015051960000391773,0.29784876709692254,57.80348901856535
33,33,0.0015729309999983343,0.29775746998026975,57.72842732984138
34,34,0.0016161579999902642,0.29767290949545244,57.771574886114585
35,35,0.0016568060000281548,0.29759387587956115,57.703556174980186
36,36,0.0016972710000686675,0.2975199371374599,57.7444888591013
37,37,0.0017379330000721893,0.297450221556427,57.68229768017083
38,38,0.0017782100000545142,0.2973844345857478,57.721392532634255
39,39,0.0018172310000181824,0.2973219448647101,57.664063326558164
40,40,0.001860379000049761,0.2972625471769315,57.701618163640354
41,41,0.0019010280000770763,0.29720578075367177,57.648380598055304
42,42,0.002250228000093557,0.2971514991311501,57.68462824948526
43,43,0.0023153960000854568,0.29709936254852537,57.63486427166698
44,44,0.002391763000048286,0.29704926378326973,57.66998612685815
45,45,0.002440672000034283,0.2970009490325366,57.623196492842645
46,46,0.0024881960000584513,0.29695433776683566,57.657334212340295
47,47,0.0025309540000648667,0.29690923748579384,57.613112571865564
48,48,0.0025728620000791125,0.29686558618973324,57.64637761383595
49,49,0.0026140820000932763,0.2968232353922401,57.60439053448608
50,50,0.0026546620001113297,0.2967821362373215,57.63687159298128
51,51,0.002694099000109418,0.296742172140695,57.59684319522986
52,52,0.0027345570001102715,0.29670330377867454,57.62861184885052
53,53,0.002807038000128159,0.29666543796985645,57.590311985577245
54,54,0.002853255000104582,0.2966285424586858,57.62142690905552
55,55,0.0029074180001202876,0.29659254147680797,57.584662050607776
56,56,0.002948975000151677,0.2965574081239192,57.61517211991601
57,57,0.0029894950001789766,0.296523079794255,57.57977829572629
58,58,0.0030297300002075644,0.2964895337289583,57.6097248648694
59,59,0.003068917000177862,0.2964567174403668,57.57556216602747
60,60,0.0031109460001630396,0.29642461143386417,57.60498073531315
61,61,0.0031508970001254966,0.2963931711337949,57.57192900309538
62,62,0.0031909260001157236,0.2963623796632564,57.60085044577203
63,63,0.0032297690000859802,0.2963321987382673,57.568805864016056
64,64,0.003269789000057699,0.2963026136138676,57.59725733467841
65,65,0.003309046000026683,0.29627359108963586,57.566129714343276
66,66,0.0033664970000018,0.2962451181807674,57.594135328717115
67,67,0.0034137979999968593,0.29621716585509206,57.56384592583606
68,68,0.0034567829999900823,0.29618972259843424,57.591427276228735
69,69,0.0034977390000108244,0.29616276284190973,57.561907023863604
70,70,0.0035381980000011026,0.29613627631287814,57.5890835760373
71,71,0.0036217680000163455,0.29611024035385497,57.560271640103835
72,72,0.00367358199997625,0.2960846457498211,57.587061043995746
73,73,0.0037154809999719873,0.29605947231582463,57.55890363454162
74,74,0.0037562539999953515,0.29603471174490653,57.58532197177241
75,75,0.0037954769999828386,0.2960103459705118,57.55777135742309
76,76,0.00383569399997441,0.2959863674707225,57.58383334184508
77,77,0.0038751650000108384,0.29596276000778093,57.55684702716221
78,78,0.003915956000014376,0.29593951674260527,57.58256617000426
79,79,0.003983469999980116,0.2959166230265722,57.556106204513846
80,80,0.004026404999990518,0.2958940726177755,57.581494952393996
81,81,0.004067881999958445,0.29587185225629764,57.55552734683683
82,82,0.004107839999960561,0.2958499562250598,57.5805971986168
83,83,0.004166902999998001,0.29582837248369437,57.55509142913233
84,84,0.004208499000014854,0.2958070957784304,57.57985303597914
85,85,0.004258102999983748,0.29578611514455305,57.55478162088147
86,86,0.004298602000005758,0.29576542573897313,57.579244872770865
87,87,0.004338299000039569,0.29574501754937704,57.554583009621005
88,88,0.0043780740000443075,0.2957248860980971,57.57875711071799
89,89,0.004417740999997477,0.2957050222190247,57.554482363764784
90,90,0.00445745199999692,0.2956854217608008,57.57837589854674
91,91,0.004496768999956657,0.29566607631154446,57.5544679284664
92,92,0.004565597999999227,0.29564698201225564,57.57808892004345
93,93,0.004625846999999794,0.295628131125256,57.554529249375726
94,94,0.004668107999975746,0.29560952005431873,57.57788521116314
95,95,0.004709482999942338,0.295591141666059,57.55465702001139
96,96,0.00474937499996031,0.29557299260114334,57.577755001686086
97,97,0.0047894090000113465,0.2955550662691873,57.554842949186394
98,98,0.004829387000029328,0.295537359525034,57.57768957769185
99,99,0.004870567000011761,0.29551986626738225,57.55507964551323
100,100,0.004910518000031061,0.2955025835452471,57.57768116174807
101,101,0.004949915000054261,0.29548550569883886,57.55536051650117
102,102,0.004989148000049681,0.2954686299536737,57.57772280822563
103,103,0.0050284150000834416,0.2954519510493821,57.55567968015924
104,104,0.005067756000073587,0.2954354663723269,57.57780831157363
105,105,0.005107124000119256,0.29541917102422105,57.556031887351104
106,106,0.0051530120001075375,0.29540306253836623,57.5779321257349
107,107,0.005193970000107129,0.2953871363453551,57.556412453422446
108,108,0.005234209000093415,0.29537139011304075,57.57808929316973
109,109,0.0052738520000730205,0.29535581957130164,57.55681719785056
110,110,0.005314226000052713,0.29534042251148096,57.578275382192466
111,111,0.005354869000029794,0.2953251949363085,57.557242390855194
112,112,0.005401396000024761,0.2953101347507155,57.578486431523125
113,113,0.0054427389999887055,0.29529523820662207,57.55768470606845
114,114,0.005481733000010536,0.2952805033136629,57.57871890111979
115,115,0.005521168000029775,0.29526592655172823,57.55814117849375
116,116,0.005559591000064756,0.29525150602716654,57.57896962849477
117,117,0.005598823000070752,0.2952372384287706,57.558609167094666
118,118,0.0056375140000568535,0.2952231219524027,57.57923578983194
119,119,0.005676551000078689,0.2952091534785943,57.559086321447595
120,120,0.005721392000054948,0.29519533128621867,57.57951486531924
121,121,0.005762774000061199,0.29518165243206956,57.55957055197059
122,122,0.005803863000039655,0.29516811527214687,57.57980460819086
123,123,0.005844217999992907,0.2951547170255278,57.56006000330704
124,124,0.005922274999988986,0.2951414561200032,57.580103017042966
125,125,0.005974330999947597,0.2951283299242888,57.56055303049879
126,126,0.006015558999934001,0.29511533693311914,57.58040831104387
127,127,0.006056228999909763,0.29510247465339196,57.56104817763105
128,128,0.006096193999894695,0.2950897416423737,57.58071890770984
129,129,0.006135920999895461,0.2950771355347491,57.56154415867238
130,130,0.006175234999886925,0.29506465494629425,57.581033402959
131,131,0.006214906999900904,0.29505229763003543,57.56203984026703
132,132,0.0062819329999115325,0.2950400622565847,57.58135055319253
133,133,0.006325167999875703,0.2950279466887164,57.56253422626776
134,134,0.006366084999854138,0.2950159496485167,57.581669259182526
135,135,0.006406501999833836,0.2950040691006786,57.563026443822004
136,136,0.006446515999869007,0.29499230381568176,57.58198855157304
137,137,0.006504897999889181,0.29498065185299543,57.56351573084695
138,138,0.0065531889998737824,0.2949691120286648,57.58230757782347
139,139,0.006594070999881296,0.29495768249041215,57.564001424748014
140,140,0.006633711999882053,0.2949463620972475,57.58262559044343
141,141,0.006672968999851037,0.2949351490791804,57.564482952251986
142,142,0.006712451999874247,0.2949240423357915,57.582941936385566
143,143,0.006751718999851164,0.29491304017391556,57.56495982024062
144,144,0.006790650999846548,0.29490214153149524,57.58325604747776
145,145,0.006858972999850721,0.29489134478718393,57.56543160748296
146,146,0.006903214999852025,0.294880648915246,57.58356743178931
147,147,0.006943807999846285,0.29487005236155917,57.56589795717605
148,148,0.0069833279998192666,0.2948595541348224,57.58387566583717
149,149,0.007023097999820038,0.29484915274391676,57.56635857021324
150,150,0.007063211999820851,0.2948388472302273,57.58418038754873
151,151,0.00710314399981371,0.294828636161756,57.56681319910798
152,152,0.007150693999847135,0.29481851861095193,57.58448128990596
153,153,0.007190858999877037,0.29480849320136415,57.567261642508555
154,154,0.007229895999842029,0.29479855903499813,57.58477811520427
155,155,0.00726927799985333,0.2947887147876551,57.567703740245804
156,156,0.0073084859998289176,0.2947789595894952,57.585070649865784
157,157,0.007347481999829597,0.2947692921655319,57.56813936886222
158,158,0.007386270999802491,0.2947597116727731,57.58535871975342
159,159,0.007452876999821001,0.29475021688263714,57.568568437575436
160,160,0.007496072999856551,0.2947408069777601,57.585642185937246
161,161,0.0075370319999024105,0.2947314807733689,57.568990884634495
162,162,0.007576676999917709,0.29472223747658943,57.585920940869634
163,163,0.007616295999866907,0.2947130759440539,57.569406674030965
164,164,0.007655593999857047,0.2947039954063124,57.58619490493019
165,165,0.007694427999865638,0.2946949947591754,57.569815792531124
166,166,0.007736473999898408,0.2946860732556198,57.58646402330498
167,167,0.007776250999881995,0.29467722982856864,57.570218246998344
168,168,0.00781538899991574,0.2946684637524895,57.586728263168425
169,169,0.00785428599988336,0.2946597739955004,57.57061406197831
170,170,0.007893239999873458,0.29465115985268053,57.58698761113908
171,171,0.007943389999866213,0.2946426203255597,57.57100327752184
172,172,0.008038884999905349,0.2946341547290027,57.58724207098339
173,173,0.008090595999931338,0.2946257620962927,57.57138594722298
174,174,0.008133011999916562,0.2946174417613016,57.58749166154409
175,175,0.008173255999906814,0.2946091927875208,57.57176213645196
176,176,0.00826152899992394,0.2946010145270964,57.587736414871955
177,177,0.008314659999939522,0.29459290607228705,57.572131920764534
178,178,0.008356926999908865,0.29458486679282136,57.58797637454187
179,179,0.008397869999896557,0.2945768958083803,57.57249538447104
180,180,0.00843793999990794,0.2945689925056212,57.58821159413584
181,181,0.008477376999906028,0.29456115603039107,57.57285261935018
182,182,0.008516920999909416,0.2945533857856576,57.588442135877365
183,183,0.008556580999936614,0.2945456809422586,57.57320372349381
184,184,0.008649150999929134,0.29453804091888647,57.588668069402715
185,185,0.008713732999922286,0.29453046491026974,57.57354880027037
186,186,0.008756632999904923,0.2945229523502708,57.5888894706566
187,187,0.008796967999899152,0.2945155024564766,57.5738879573957
188,188,0.008837264999897343,0.2945081146773936,57.58910642090032
189,189,0.008876943999894138,0.2945007882524996,57.57422130610128
190,190,0.008919167999920319,0.2944935226444445,57.589319005821814
191,191,0.00895984499993574,0.294486317113688,57.57454896039041
192,192,0.008999466999910055,0.29447917113654803,57.589527314738284
193,193,0.00903878899987376,0.29447208399361186,57.57487103637425
194,194,0.009078425999859974,0.2944650551744123,57.58973143988236
195,195,0.009118280999871331,0.29445808397885964,57.575187651679904
196,196,0.009157366999886563,0.2944511699092711,57.58993147576414
197,197,0.009206355999879179,0.2944443122841218,57.57549892492391
198,198,0.00924789099985901,0.2944375106181021,57.59012751860192
199,199,0.00928827399985721,0.2944307642475372,57.575804975244836
200,200,0.009329332999868711,0.29442407269909815,57.59031966581504
201,201,0.009368873999903826,0.29441743532628584,57.57610592188913
202,202,0.009410117999891554,0.29441085166737657,57.59050801557303
203,203,0.009458663999907913,0.29440432109240944,57.57640188384548
204,204,0.009499247999883664,0.2943978431509079,57.59069266639567
205,205,0.009538852999867231,0.2943914172288459,57.57669297952269
206,206,0.009578319999832274,0.29438504288665085,57.5908737167991
207,207,0.009617618999811839,0.2943787195256605,57.57697932646706
208,208,0.009657176999780859,0.2943724467168781,57.59105126498359
209,209,0.009696053999789456,0.29436622387646394,57.57726104111534
210,210,0.009757405999778257,0.2943600505856816,57.59122540855898
211,211,0.009799871999746301,0.2943539262750007,57.57753823857975
212,212,0.009839929999770902,0.2943478505356439,57.591396244304086
213,213,0.009879446999718766,0.29434182281190213,57.57781103246209
214,214,0.009918670999695678,0.29433584270466673,57.5915638679569
215,215,0.009957470999722773,0.2943299096715871,57.578079534693856
216,216,0.009996348999720794,0.29432402332294516,57.591728374032336
217,217,0.010043288999725064,0.2943181831293075,57.57834385539984
218,218,0.01008333299972719,0.294312388710079,57.59188985566518
219,219,0.010122396999690864,0.29430663954832387,57.578604102783004
220,220,0.010161364999646594,0.29430093527231244,57.5920484044754
221,221,0.01020074799964732,0.29429527537720696,57.57886038302822
222,222,0.010240107999663906,0.29428965949989505,57.59220411045382
223,223,0.010279310999635527,0.2942840871472555,57.57911280022315
224,224,0.01033731499961732,0.2942785579645552,57.59235706186594
225,225,0.010381732999633186,0.294273071470025,57.57936145629439
226,226,0.010422825999626184,0.29426762731708084,57.5925073451722
227,227,0.010462426999652052,0.2942622250349581,57.57960645095737
228,228,0.0105019669996409,0.2942568642850002,57.592655044963024
229,229,0.010577878999640689,0.2942515446071143,57.579847881678425
230,230,0.010622287999638047,0.29424626567035744,57.59280024390685
231,231,0.01066457599961268,0.2942410270249904,57.58008584364791
232,232,0.010705131999600326,0.2942358283475775,57.592943022710166
233,233,0.010744917999602421,0.294230669198428,57.58032042976298
234,234,0.010788363999552075,0.2942255492614148,57.59308346008797
235,235,0.010835014999543091,0.29422046810660346,57.58055173061902
236,236,0.010876057999553268,0.2942154254249822,57.59322163274368
237,237,0.010926191999544699,0.2942104207960933,57.580779834508974
238,238,0.010970987999598947,0.2942054539178546,57.59335761535744
239,239,0.011012742999639613,0.2942005243790159,57.58100482742914
240,240,0.011053875999607499,0.2941956318842446,57.593491480581804
241,241,0.011094488999617624,0.29419077603123966,57.581226793091304
242,242,0.011134997999590723,0.2941859565312444,57.59362329904412
243,243,0.011184270999592627,0.2941811729906592,57.58144581293991
244,244,0.011224935999564423,0.2941764251271339,57.59375313935461
245,245,0.011264664999600882,0.2941717125555319,57.58166196617402
246,246,0.01130474199959508,0.29416703499974695,57.59388106811973
247,247,0.011344101999611667,0.29416239208287576,57.5818753297732
248,248,0.0113833869996256,0.2941577835348979,57.59400714995989
249,249,0.01142246699964744,0.29415320898692215,57.582085978526955
250,250,0.011488811999640802,0.2941486681748611,57.594131447531254
251,251,0.011531057999604855,0.2941441607376227,57.58229398506716
252,252,0.01158014799960938,0.2941396864169041,57.59425402155084
253,253,0.011620635999634032,0.29413524485920683,57.58249941990307
254,254,0.01166067599967846,0.29413083581186905,57.594374930824635
255,255,0.011699957999667276,0.2941264589287885,57.58270235145852
256,256,0.011739843999691857,0.294122113962804,57.594494232278294
257,257,0.0117826909997234,0.2941178005750184,57.58290284611095
258,258,0.011823550999736199,0.29411351852363654,57.59461198098989
259,259,0.011863347999735652,0.2941092674767815,57.58310096823188
260,260,0.011903073999746994,0.29410504719789266,57.59472823022456
261,261,0.011942913999746452,0.29410085736193553,57.58329678022877
262,262,0.011983030999715538,0.29409669773745634,57.59484303147071
263,263,0.012022408999712297,0.29409256800609074,57.583490342587666
264,264,0.012072270999738066,0.2940884679413681,57.59495643447732
265,265,0.01211454899976161,0.2940843972314279,57.58368171391669
266,266,0.012155438999741364,0.2940803556546622,57.59506848729236
267,267,0.012195393999718362,0.29407634290555307,57.583870950990026
268,268,0.012235602999737694,0.2940723587672388,57.59517923630194
269,269,0.012275148999719931,0.2940684029403885,57.584058108792256
270,270,0.01232446499972184,0.2940644752127724,57.59528872627001
271,271,0.012365893999685795,0.29406057529109586,57.58424324056293
272,272,0.012406829999690672,0.2940567029676512,57.595397000378476
273,273,0.01244567699967547,0.29405285795503366,57.58442639784103
274,274,0.012484881999682784,0.29404904004995047,57.59550410026753
275,275,0.012523790999694029,0.29404524897074513,57.58460763050956
276,276,0.012562762999664301,0.2940414845184352,57.59561006607609
277,277,0.012625836999689,0.2940377464169755,57.58478698683972
278,278,0.012670585999671857,0.2940340344715923,57.59571493648218
279,279,0.012713204999670324,0.2940303484117189,57.5849645135349
280,280,0.012754263999681825,0.29402668804669146,57.59581874874322
281,281,0.012795235999647048,0.29402305311129245,57.585140255774235
282,282,0.012872297999649618,0.29401944341887243,57.59592153873597
283,283,0.012922553999658248,0.2940158587094374,57.5853142572557
284,284,0.012964701999692352,0.2940122988002587,57.596023340996275
285,285,0.013005503999693246,0.2940087634364447,57.585486560238635
286,286,0.013045866999732425,0.29400525243909653,57.59612418875826
287,287,0.013086310999710804,0.294001765558307,57.585657205585704
288,288,0.013126013999738007,0.29399830261891796,57.596224113993216
289,289,0.013166667999769288,0.2939948633758923,57.58582623280417
290,290,0.013232979999770578,0.2939914476577268,57.5963231474478
291,291,0.01327572999974791,0.2939880552241427,57.58599368008654
292,292,0.01331699899975547,0.29398468590720744,57.59642131868171
293,293,0.013357107999752316,0.293981339471293,57.58615958435036
294,294,0.01339748599974655,0.2939780157519556,57.59651865610484
295,295,0.013437160999785647,0.29397471451811236,57.5863239812774
296,296,0.013476856999830034,0.29397143560872885,57.59661518701359
297,297,0.013526315999854432,0.2939681787971654,57.58648690535195
298,298,0.013566453999885653,0.2939649439257191,57.59671093762662
299,299,0.013606249999895681,0.2939617307720938,57.5866483898983
300,300,0.013645620999909625,0.29395853918184267,57.59680593311986
301,301,0.013685552999902484,0.29395536893691654,57.58680846711754
302,302,0.013725789999909921,0.2939522198860506,57.59690019766077
303,303,0.013765318999958254,0.2939490918153486,57.586967168123316
304,304,0.013818182999955297,0.2939459845766564,57.59699375444188
305,305,0.013861158999986856,0.29394289796013856,57.5871245229769
306,306,0.013902664999989156,0.2939398318206815,57.5970866257135
307,307,0.013943849999975555,0.2939367859524221,57.58728056072141
308,308,0.013983877999976357,0.2939337602132185,57.597178832815764
309,309,0.014041744999929051,0.2939307544010932,57.5874353094151
310,310,0.014093628999944485,0.2939277683768095,57.5972703962098
311,311,0.0141350499999362,0.29392480194219106,57.587588796163864
312,312,0.014175455999975384,0.29392185496084167,57.59736133550818
313,313,0.014216231999967022,0.2939189272383034,57.587741047152875
314,314,0.014255780999974377,0.29391601864095723,57.59745166950456
315,315,0.014295943999968586,0.2939131289779839,57.58789208767738
316,316,0.014336432999982662,0.29391025811847943,57.59754141620257
317,317,0.014407365000010941,0.2939074058751851,57.588041942172715
318,318,0.014449880999961806,0.2939045721198521,57.597630592843906
319,319,0.014493177999952422,0.2939017566687058,57.58819063424341
320,320,0.014534704999960013,0.2938989593960936,57.59771921593565
321,321,0.014582391999965694,0.2938961801216511,57.58833818669154
322,322,0.014622805999977118,0.29389341872226477,57.59780730127683
323,323,0.014671856000006755,0.2938906750209076,57.58848462154423
324,324,0.014713259000018297,0.29388794889694925,57.59789486398426
325,325,0.014754528000025857,0.29388524017662987,57.58862996008043
326,326,0.014793155000063507,0.29388254874174746,57.59798191851759
327,327,0.014832590000082746,0.2938798744217406,57.58877422285682
328,328,0.014871523000067555,0.2938772171007825,57.598068478703645
329,329,0.014910757000109243,0.29387457661144295,57.58891742973302
330,330,0.014980812000089827,0.29387195284021833,57.598154557760026
331,331,0.015042372000095838,0.2938693456227443,57.589059599896046
332,332,0.015086752000115666,0.29386675484778957,57.598240168318014
333,333,0.015128042000071673,0.29386418035399176,57.58920075188391
334,334,0.01520186400006196,0.2938616220323427,57.598325322444744
335,335,0.015243992000080198,0.29385907972441944,57.589340903608665
336,336,0.015285569000070609,0.2938565533233882,57.598410031664805
337,337,0.015325794000091264,0.29385404267370524,57.58948007237864
338,338,0.015364722000072106,0.2938515476706638,57.59849430698094
339,339,0.015403561000084665,0.29384906816153994,57.58961827491998
340,340,0.015442816000131643,0.293846604043708,57.598578158894334
341,341,0.015481729000100586,0.29384415516720547,57.58975552739753
342,342,0.015520223000123679,0.29384172143144305,57.59866159742412
343,343,0.015566178000142372,0.29383930268916336,57.58989184543503
344,344,0.015607423000119525,0.293836898841769,57.59874463212629
345,345,0.015647531000126946,0.29383450974465264,57.59002724413473
346,346,0.015686827000081394,0.29383213530116653,57.598827272111954
347,347,0.015725773000099252,0.2938297753692989,57.59016173809628
348,348,0.01576444800008403,0.29382742985430915,57.598909526065064
349,349,0.01580328700009659,0.2938250986167291,57.590295341435024
350,350,0.01584320000011985,0.2938227815636847,57.5989914022595
351,351,0.015882185000123172,0.2938204785581995,57.590428067799785
352,352,0.015921274000106678,0.29381818950922567,57.5990729085756
353,353,0.015960103000111303,0.29381591428222864,57.59055993038994
354,354,0.0159988730001146,0.29381365278794797,57.59915405251616
355,355,0.01603812900009416,0.29381140489424146,57.59069094197196
356,356,0.016076679000093463,0.29380917051359795,57.59923484122181
357,357,0.01612275300010424,0.2938069495162197,57.59082111489547
358,358,0.016163925000114432,0.29380474181630767,57.59931528148594
359,359,0.016203743000119175,0.293802547286362,57.5909504611087
360,360,0.01624256400015156,0.2938003658422587,57.59939537976912
361,361,0.016281051000191837,0.2937981973587501,57.591078992173365
362,362,0.01631964500018057,0.29379604175335217,57.599475142212924
363,363,0.016358488000150828,0.2937938989030244,57.59120671927917
364,364,0.016399272000114706,0.2937917687268877,57.599554574653375
365,365,0.01643888800009563,0.2937896511040653,57.59133365325769
366,366,0.016478191000089737,0.29378754595524914,57.599633682633865
367,367,0.01651711000005207,0.29378545316168314,57.591459804595885
368,368,0.016555945000050087,0.29378337264559723,57.59971247141761
369,369,0.0165943050000692,0.2937813042903142,57.59158518344898
370,370,0.016632919000016955,0.2937792480195695,57.59979094599969
371,371,0.016679047000025093,0.29377720371872407,57.59170979965312
372,372,0.016720773000031386,0.2937751713129869,57.59986911111864
373,373,0.016761393000024327,0.2937731506897172,57.59183366273735
374,374,0.01680128900005684,0.29377114177556674,57.599946971267585
375,375,0.01684095200005231,0.29376914445985364,57.591956781935416
376,376,0.01688028000006625,0.29376715867064224,57.60002453070506
377,377,0.016920306000088203,0.2937651842991717,57.592079166196854
378,378,0.01696227100012493,0.2937632212748889,57.60010179346537
379,379,0.017002397000169367,0.29376126949091647,57.592200824198
380,380,0.01704210800016881,0.2937593288780553,57.60017876336853
381,381,0.01708221000018284,0.29375739933127515,57.59232176435236
382,382,0.017121601000155806,0.2937554807827022,57.60025544402994
383,383,0.017161145000159195,0.29375357312911754,57.592441994820724
384,384,0.017200576000163892,0.2937516763039454,57.60033183886965
385,385,0.017247897000174817,0.2937497902057428,57.59256152352088
386,386,0.017290365000178554,0.29374791476920503,57.600407951121205
387,387,0.017332116000147835,0.2937460498946313,57.592680358137045
388,388,0.01738428500016198,0.2937441955179611,57.60048378384029
389,389,0.01743253700016112,0.2937423515412022,57.5927985061288
390,390,0.017483266000169806,0.29374051790151273,57.60055933991296
391,391,0.01752484500019591,0.29373869450257634,57.592915974739896
392,392,0.017581871000174942,0.2937368812827444,57.60063462206358
393,393,0.017635640000150943,0.29373507814734434,57.59303277100656
394,394,0.01767720600020084,0.2937332850358961,57.60070963286242
395,395,0.01775448600017171,0.29373150185533947,57.59314890176559
396,396,0.017798969000182296,0.2937297285463389,57.600784374733074
397,397,0.01784076800015555,0.29372796501741594,57.593264373662144
398,398,0.017880923000120674,0.2937262112103557,57.60085884995943
399,399,0.0179211040001519,0.2937244670352314,57.59337919315723
400,400,0.01796125000015536,0.29372273243492597,57.60093306069251
401,401,0.018001321000156167,0.29372100732103484,57.59349336653489
402,402,0.018045188000144208,0.29371929163751587,57.60100700895694
403,403,0.018085281000196574,0.29371758529745823,57.59360689990914
404,404,0.018125740000243695,0.2937158882458726,57.60108069665722
405,405,0.018166171000245868,0.2937142003973135,57.59371979923066
406,406,0.01820521500025052,0.293712521697823,57.60115412558376
407,407,0.0182450860002632,0.29371085206339337,57.59383207029322
408,408,0.018284452000273177,0.293709191441077,57.6012272974186
409,409,0.018330996000315736,0.2937075397482767,57.593943718739844
410,410,0.018395500000281118,0.2937058969330344,57.601300213740984
411,411,0.018438224000249193,0.29370426291413737,57.59405475006878
412,412,0.018477649000203655,0.29370263764059673,57.60137287603263
413,413,0.018517069000210995,0.2937010210325583,57.59416516963917
414,414,0.01855661200022496,0.2936994130399827,57.6014452856829
415,415,0.018604466000226694,0.29369781358434865,57.59427498267663
416,416,0.018645117000232858,0.29369622261654715,57.60151744399362
417,417,0.018684934000248177,0.29369464005936496,57.594384194278454
418,418,0.018723971000270012,0.2936930658646045,57.60158935218379
419,419,0.018763283000282627,0.2936914999563365,57.59449280941876
420,420,0.018802913000286026,0.29368994228725587,57.60166101139409
421,421,0.018841634000295926,0.2936883927826937,57.59460083295333
422,422,0.018913974000270173,0.2936868513962194,57.60173242269121
423,423,0.018969244000288654,0.2936853180544009,57.59470826962437
424,424,0.019010760000298887,0.2936837927116644,57.601803587071885
425,425,0.019052051000301162,0.29368227529579194,57.59481512406492
426,426,0.019092395000257056,0.29368076576204916,57.601874505466974
427,427,0.019132237000235364,0.29367926403940964,57.59492140080333
428,428,0.019172039000238783,0.29367777008396184,57.601945178745176
429,429,0.019213004000278033,0.2936762838258488,57.595027104267295
430,430,0.019252316000233805,0.293674805221965,57.602015607716645
431,431,0.019291782000266267,0.29367333420360164,57.59513223878793
432,432,0.019331719000263092,0.29367187072844286,57.6020857931365
433,433,0.019370681000282275,0.29367041472890726,57.59523680860361
434,434,0.019410087000323983,0.2936689661634527,57.60215573570816
435,435,0.01944958900031679,0.29366752496560433,57.595340817863615
436,436,0.019495968000342145,0.29366609109457825,57.60222543608643
437,437,0.019537730000308784,0.2936646644849861,57.59544427063175
438,438,0.01957822100030171,0.29366324509678704,57.60229489488064
439,439,0.01961755300033019,0.2936618328656591,57.59554717088965
440,440,0.019695422000324925,0.2936604277522897,57.60236411265751
441,441,0.019738093000341905,0.29365902969340413,57.59564952254014
442,442,0.019779450000328325,0.2936576386504034,57.602433089943915
443,443,0.019820466000282977,0.293656254561041,57.59575132941031
444,444,0.019860548000281142,0.29365487738741713,57.60250182722954
445,445,0.019899883000277896,0.29365350706829507,57.59585259525452
446,446,0.01994407700027523,0.29365214356646024,57.60257032496943
447,447,0.019983843000318302,0.2936507868216673,57.595953323757314
448,448,0.0200500570003328,0.2936494367973735,57.6026385835864
449,449,0.020095110000283967,0.29364809343430676,57.59605351853618
450,450,0.02016024400029437,0.2936467566965827,57.60270660347332
451,451,0.020201466000287382,0.2936454265258852,57.59615318314419
452,452,0.020242810000240752,0.29364410288697534,57.602774384995364
453,453,0.020283235000249533,0.29364278572247554,57.59625232107253
454,454,0.02032235800027138,0.2936414749977792,57.60284192849206
455,455,0.02036398600029088,0.29364017065643083,57.59635093575297
456,456,0.02040445300031024,0.2936388726644438,57.60290923427932
457,457,0.020443663000264678,0.29363758096626785,57.59644903056022
458,458,0.02048519400028681,0.293636295528524,57.602976302651335
459,459,0.02052520800032198,0.2936350162965513,57.596546608814094
460,460,0.020565648000342662,0.2936337432375663,57.60304313388239
461,461,0.02063143200035711,0.29363247629778166,57.59664367378174
462,462,0.02067599800039943,0.2936312154449975,57.6031097282286
463,463,0.02071725700039906,0.2936299606262842,57.59674022867964
464,464,0.02075747200041178,0.2936287118100146,57.60317608592957
465,465,0.020797655000421855,0.29362746894410147,57.59683627667564
466,466,0.020837499000435855,0.2936262319974786,57.60324220720992
467,467,0.02087698500042734,0.2936250009188865,57.59693182089074
468,468,0.0209453170003826,0.29362377567780906,57.603308092280784
469,469,0.020989855000379976,0.2936225562237996,57.59702686440104
470,470,0.021049942000388455,0.2936213425268814,57.60337374134127
471,471,0.021097671000404716,0.29362013453740626,57.597121410239325
472,472,0.021138694000399028,0.29361893222592605,57.60343915457974
473,473,0.02123014500040199,0.29361773554357723,57.59721546139683
474,474,0.021276884000371865,0.29361654446143004,57.60350433217513
475,475,0.021318785000403295,0.2936153589313914,57.59730902082479
476,476,0.02137851600036811,0.2936141789250398,57.603569274298096
477,477,0.021419714000387557,0.29361300439503935,57.59740209143593
478,478,0.021459924000396313,0.2936118353134668,57.60363398111226
479,479,0.021511212000405067,0.2936106716337299,57.597494676106
480,480,0.02155196400042314,0.2936095133283941,57.60369845277519
481,481,0.021592029000430557,0.29360836035159804,57.597586777675026
482,482,0.02163221600039833,0.293607212676386,57.603762689439485
483,483,0.02167172600042022,0.29360607025761465,57.597678398948794
484,484,0.021711643000401182,0.2936049330687981,57.60382669125375
485,485,0.021751236000397967,0.2936038010654984,57.5977695427
486,486,0.021830390000445732,0.29360267422169023,57.60389045836348
487,487,0.021873310000444235,0.2936015524936288,57.597860211669534
488,488,0.02191423600044118,0.2936004358557406,57.60395399091195
489,489,0.02195408000045518,0.2935993242649617,57.59795040856761
490,490,0.022032163000460514,0.2935982176961617,57.604017289041046
491,491,0.02208080400049539,0.29359711610694583,57.598040136074914
492,492,0.022124786000517815,0.2935960194726181,57.60408035289198
493,493,0.022166183000535966,0.29359492775144136,57.59812939684358
494,494,0.022206378000532823,0.2935938409191455,57.60414318260611
495,495,0.022246417000530982,0.29359275893463976,57.598218193498305
496,496,0.022286831000542406,0.2935916817740717,57.60420577832552
497,497,0.0223267580005313,0.2935906093969856,57.598306528637266
498,498,0.022395151000523583,0.293589541779939,57.604268140193746
499,499,0.0224406940005224,0.2935884788831,57.598394404833016
500,500,0.02248328900049046,0.29358742068342797,57.60433026835634
501,501,0.02252373500050453,0.2935863671417045,57.59848182463344
502,502,0.022564302000489533,0.29358531823528305,57.60439216296144
503,503,0.022604148000482382,0.2935842739255481,57.59856879056253
504,504,0.02264410800052019,0.29358323419023963,57.6044538241603
505,505,0.022686678000525262,0.2935821989913344,57.59865530512123
506,506,0.022727616000508988,0.2935811683069517,57.604515252107774
507,507,0.02276692400050706,0.2935801420996506,57.59874137078816
508,508,0.02280641700048136,0.29357912034792233,57.604576446962824
509,509,0.02284580200051778,0.29357810301489795,57.59882699002042
510,510,0.022885345000531743,0.29357709007943394,57.60463740888889
511,511,0.02292463700052849,0.2935760815052239,57.598912165254205
512,512,0.02297327800056337,0.29357507727148185,57.60469813805433
513,513,0.023015163000593475,0.2935740773424545,57.598996898905504
514,514,0.02305789000064351,0.29357308169770696,57.60475863463278
515,515,0.023098178000680036,0.2935720903020293,57.59908119337078
516,516,0.023138053000650416,0.29357110313533114,57.604818898803515
517,517,0.02317795900063402,0.29357012016293677,57.599165051027484
518,518,0.023225808000631787,0.29356914136509377,57.604878930751724
519,519,0.023267061000638023,0.2935681667076514,57.59924847423471
520,520,0.023307123000677166,0.2935671961711888,57.60493873066886
521,521,0.023346872000672647,0.29356622972207164,57.59933146533371
522,522,0.023387342000660283,0.29356526734120403,57.60499829875287
523,523,0.023427202000675607,0.2935643089954592,57.5994140266484
524,524,0.02346701400068696,0.29356335466606065,57.60505763520845
525,525,0.023532614000714602,0.29356240432038005,57.5994961604859
526,526,0.023576257000740952,0.29356145793995414,57.60511674024728
527,527,0.02361833700075522,0.29356051549264517,57.59957786913696
528,528,0.023658722000789112,0.2935595769602969,57.60517561408825
529,529,0.023699544000805872,0.29355864231125395,57.599659154876456
530,530,0.023739219000788125,0.2935577115276615,57.60523425695757
531,531,0.023779608000779717,0.2935567845783381,57.59974001996379
532,532,0.0238287090007816,0.29355586144572476,57.60529266908903
533,533,0.02386969500082614,0.29355494209910615,57.5998204666433
534,534,0.023909164000826877,0.2935540265212136,57.60535085072408
535,535,0.02394892600085541,0.2935531146817899,57.59990049714467
536,536,0.023988126000858756,0.29355220656385106,57.605408802111995
537,537,0.024039606000826552,0.29355130213759084,57.599980113683245
538,538,0.02410384900082363,0.2935504013863046,57.60546652350998
539,539,0.024151569000821382,0.29354950428062904,57.60005931846047
540,540,0.024193307000814457,0.29354861080413386,57.60552401518329
541,541,0.024233957000831197,0.29354772092789133,57.60013811366413
542,542,0.02427421300080823,0.29354683463574044,57.60558127740527
543,543,0.024354503000836303,0.29354595189918187,57.600216501468736
544,544,0.024408741000797818,0.29354507270231867,57.6056383104575
545,545,0.024450374000821284,0.29354419701707274,57.60029448403578
546,546,0.024490891000823467,0.29354332482780643,57.60569511462977
547,547,0.0245314100008045,0.29354245610685614,57.600372063514044
548,548,0.02457162100080268,0.2935415908388384,57.605751690220174
549,549,0.024611619000779683,0.29354072899649686,57.60044924203987
550,550,0.02465097900079627,0.293539870564698,57.60580803753516
551,551,0.024720734000823086,0.29353901551658623,57.60052602173739
552,552,0.024763058000814908,0.2935381638372728,57.60586415688954
553,553,0.02480369300081975,0.2935373155002963,57.60060240471882
554,554,0.024843736000775607,0.2935364704910088,57.60592004860644
555,555,0.02488415800075927,0.29353562878333606,57.60067839308465
556,556,0.024923336000767904,0.2935347903628662,57.60597571301744
557,557,0.024963089000777927,0.29353395520390635,57.60075398892388
558,558,0.0250053040007856,0.2935331232922765,57.60603115046245
559,559,0.02504553800076792,0.2935322946026584,57.60082919431423
560,560,0.025085780000779323,0.2935314691210997,57.606086361289705
561,561,0.025125873000774845,0.2935306468226507,57.600904011322285
562,562,0.025165593000735953,0.2935298276935825,57.606141345855825
563,563,0.02520518400075389,0.2935290117093082,57.60097844200381
564,564,0.02524445200072023,0.2935281988563179,57.6061961045257
565,565,0.02529310200071677,0.29352738911038134,57.60105248840378
566,566,0.025335464000704633,0.2935265824582041,57.606250637672495
567,567,0.025377121000701663,0.2935257788759068,57.601126152556624
568,568,0.025417516000686646,0.2935249783504062,57.606304945677586
569,569,0.025458168000682235,0.29352418085816784,57.60119943648638
570,570,0.02549827900065793,0.29352338638631625,57.606359028930505
571,571,0.02554588700070326,0.29352259491165655,57.601272342206855
572,572,0.02558655400071075,0.2935218064215167,57.60641288782892
573,573,0.0256260450007062,0.2935210208930357,57.6013448717217
574,574,0.025665722000724145,0.29352023831374174,57.60646652277852
575,575,0.025704888000745996,0.2935194586611023,57.60141702702464
576,576,0.02574492200074019,0.29351868192284186,57.606519934192974
577,577,0.025784804000693384,0.29351790807675116,57.60148881009953
578,578,0.02585135800069338,0.2935171371107474,57.60657312249384
579,579,0.025896257000681544,0.29351636900293926,57.601560222920504
580,580,0.025947378000694243,0.2935156037414334,57.60662608811055
581,581,0.02598838700066608,0.2935148413046511,57.60163126745206
582,582,0.026027963000615273,0.293514081680885,57.6066788314802
583,583,0.026068264000628005,0.29351332484886417,57.60170194564924
584,584,0.026108034000628777,0.2935125707970637,57.6067313530476
585,585,0.026150598000640457,0.29351181950451555,57.601772259457654
586,586,0.026190298000642542,0.2935110709598741,57.60678365326508
587,587,0.026230093000663146,0.2935103251424689,57.60184221081358
588,588,0.026270128000646764,0.2935095820411307,57.606835732592465
589,589,0.026310343000602643,0.2935088416354819,57.601911801644114
590,590,0.02634965400056899,0.29350810391452636,57.606887591496935
591,591,0.026427338000530654,0.29350736885817474,57.6019810338672
592,592,0.026498243000503408,0.29350663645560066,57.60693923045294
593,593,0.026559147000511985,0.29350590668699866,57.60204990939173
594,594,0.02660300700051721,0.2935051795417089,57.60699064994212
595,595,0.02665399800054047,0.29350445500020533,57.60211843011765
596,596,0.026698895000549783,0.2935037330519919,57.60704185045312
597,597,0.02674191900052847,0.29350301367781706,57.602186597935955
598,598,0.026783126000509583,0.2935022968673458,57.60709283248161
599,599,0.026823734000515742,0.2935015826015969,57.60225441472884
600,600,0.026863879000529778,0.29350087087039334,57.607143596530044
601,601,0.026903969000500183,0.29350016165501985,57.6023218823697
602,602,0.026993408000521413,0.29349945494545493,57.607194143107634
603,603,0.027036510000471026,0.2934987507232448,57.602389002723264
604,604,0.02707719600044811,0.2934980489785203,57.60724447273019
605,605,0.027117514000451592,0.29349734969308544,57.60245577764555
606,606,0.027156820000413973,0.2934966528572209,57.60729458592005
607,607,0.0271965390004425,0.29349595845298404,57.60252220898403
608,608,0.02723635400047897,0.293495266470803,57.60734448320593
609,609,0.027279014000441748,0.2934945768929843,57.60258829857759
610,610,0.027319167000428024,0.29349388971010065,57.607394165122784
611,611,0.02735918200045262,0.29349320490470426,57.602654048256625
612,612,0.027398649000474506,0.2934925224675097,57.60744363221176
613,613,0.027438887000471368,0.2934918423813109,57.602719459843094
614,614,0.02747828100046945,0.29349116463696184,57.60749288502002
615,615,0.027537808000431596,0.2934904892174943,57.602784535150526
616,616,0.027584868000417373,0.29348981611389957,57.60754192410063
617,617,0.02762805400044499,0.29348914530944337,57.60284927598409
618,618,0.02766865300043264,0.2934884767952515,57.607590750012456
619,619,0.02770896100042819,0.2934878105548201,57.602913684140624
620,620,0.02774888200042369,0.2934871465794075,57.60763936332003
621,621,0.027788724000402,0.29348648485273654,57.60297776140867
622,622,0.02783974400040279,0.2934858253661954,57.60768776459344
623,623,0.02788072300040767,0.2934851681037301,57.60304150956849
624,624,0.02792061500042564,0.2934845130568568,57.60773595440818
625,625,0.027960688000405298,0.29348386020974127,57.60310493039216
626,626,0.02800042300043515,0.293483209554025,57.60778393334509
627,627,0.028042142000401782,0.29348256107408993,57.60316802564355
628,628,0.028083192000394774,0.2934819147617012,57.60783170199016
629,629,0.028150470000412042,0.29348127060145346,57.60323079707834
630,630,0.028211408000402116,0.2934806285852331,57.607879260934446
631,631,0.0282550350003703,0.2934799886978444,57.60329324644409
632,632,0.028295435000359248,0.2934793509312927,57.60792661077397
633,633,0.028335737000361405,0.29347871527058866,57.60335537548028
634,634,0.028375772000345023,0.293478081707855,57.60797375210958
635,635,0.028426626000339184,0.293477450228305,57.60341718591823
636,636,0.028466749000358504,0.29347682082417664,57.60802068554678
637,637,0.028506901000355356,0.2934761934808832,57.60347867948131
638,638,0.028546119000338877,0.29347556819077547,57.60806741169569
639,639,0.02860454300036963,0.2934749449394639,57.603539857884776
640,640,0.0286449120004022,0.2934743237194103,57.608113931170905
641,641,0.02868532300044535,0.29347370451641897,57.60360072283589
642,642,0.02873503600045524,0.2934730873230607,57.60816024459134
643,643,0.028799945000457683,0.2934724721253307,57.60366127603393
644,644,0.02884158800043224,0.2934718589159073,57.60820635258013
645,645,0.0288826390004715,0.2934712476809734,57.603721519170215
646,646,0.028930659000479864,0.2934706384133129,57.608252255764555
647,647,0.028975866000507722,0.2934700310992934,57.603781453928114
648,648,0.029017575000523266,0.293469425731803,57.60829795477585
649,649,0.029058978000477964,0.29346882229739135,57.60384108198306
650,650,0.029099101000497285,0.29346822078904816,57.608343450249144
651,651,0.0291392620004558,0.29346762119350245,57.603900405002584
652,652,0.029179225000461884,0.29346702350384446,57.60838874282332
653,653,0.0292193820004627,0.2934664277069795,57.60395942464632
654,654,0.029266976000428713,0.29346583379609653,57.60843383314093
655,655,0.029310116000431208,0.2934652417582746,57.604018142566055
656,656,0.029351026000426828,0.29346465158679946,57.608478721848016
657,657,0.02939190600039865,0.2934640632689216,57.60407656040569
658,658,0.029431544000374288,0.29346347679802187,57.608523409594085
659,659,0.029471739000371144,0.2934628921615193,57.6041346798013
660,660,0.029520559000388857,0.29346230935288853,57.608567897031925
661,661,0.0295613930003924,0.29346172835971435,57.60419250238117
662,662,0.02960156200038,0.2934611491755635,57.60861218481755
663,663,0.029641810000384794,0.2934605717881845,57.604250029765744
664,664,0.029681383000365713,0.2934599961912346,57.60865627361006
665,665,0.02972144800037313,0.29345942237262285,57.60430726356771
666,666,0.02976094000041485,0.29345885032609587,57.608700164071514
667,667,0.029829578000430956,0.2934582800397213,57.604364205391974
668,668,0.02987349700043751,0.2934577115073332,57.60874385686689
669,669,0.029915720000417423,0.2934571447171552,57.604420856835674
670,670,0.02995663900043155,0.2934565796631077,57.6087873526639
671,671,0.029997116000402002,0.2934560163335679,57.60447721948825
672,672,0.030036804000417305,0.29345545472254086,57.60883065213295
673,673,0.030076822000410175,0.29345489481855513,57.60453329493139
674,674,0.030125010000404018,0.29345433661569914,57.60887375594702
675,675,0.030165384000440554,0.29345378010265066,57.60458908473909
676,676,0.030204864000438647,0.2934532252735799,57.60891666478152
677,677,0.030244595000453955,0.2934526721173116,57.60464459047766
678,678,0.030283505000454625,0.2934521206280962,57.60895937931424
679,679,0.030322519000435477,0.2934515707949033,57.604699813705714
680,680,0.030362424000429655,0.2934510226120627,57.60900190022523
681,681,0.03040768200042976,0.29345047606868624,57.604754755974255
682,682,0.030448696000462405,0.2934499311591817,57.60904422819672
683,683,0.03048925300049632,0.29344938787280134,57.604809418826605
684,684,0.030528600000479855,0.2934488462040295,57.60908636391301
685,685,0.03056836900043436,0.2934483061422566,57.60486380379849
686,686,0.03060801700041793,0.2934477676820425,57.609128308060335
687,687,0.030653214000437856,0.2934472308129138,57.60491791241798
688,688,0.03069309300047962,0.29344669552950436,57.60917006132686
689,689,0.03073313000049893,0.2934461618214749,57.60497174620562
690,690,0.030771893000519412,0.2934456296835324,57.60921162440249
691,691,0.030810743000529328,0.2934450991054696,57.60502530667433
692,692,0.030850528000542,0.29344457008206515,57.60925299797888
693,693,0.030889091000574354,0.2934440426032421,57.605078595329495
694,694,0.030927973000530073,0.2934435166638495,57.609294182749224
695,695,0.030976036000538443,0.2934429922539387,57.605131613668924
696,696,0.031016927000564465,0.2934424693684283,57.60933517940829
697,697,0.0310563190005837,0.29344194799749584,57.60518436318296
698,698,0.031096214000569944,0.2934414281361283,57.60937598865224
699,699,0.031149637000567054,0.2934409097746276,57.60523684535436
700,700,0.031199716000571698,0.29344039290804785,57.6094166111786
701,701,0.03124203200059128,0.29343987752681383,57.605289061658446
702,702,0.031282376000547174,0.2934393636260456,57.60945704768613
703,703,0.03132262500054139,0.29343885119628865,57.605341013563056
704,704,0.03136287600051446,0.2934383402327284,57.609497298874786
705,705,0.03140186100051778,0.293437830726029,57.60539270252855
706,706,0.03144076900048276,0.29343732267143996,57.609537365445604
707,707,0.0315092990004473,0.29343681605974287,57.60544413000787
708,708,0.03155080800047472,0.29343631088625005,57.60957724810062
709,709,0.03161557000049697,0.29343580714185874,57.60549529744651
710,710,0.031656305000467455,0.2934353048219431,57.60961694754283
711,711,0.03169619200048146,0.2934348039175142,57.6055462062826
712,712,0.03173594800045976,0.2934343044240075,57.60965646447605
713,713,0.03178432500044437,0.2934338063325459,57.605596857946836
714,714,0.03182375300042395,0.29343330963862496,57.6096957996049
715,715,0.03186301500045374,0.2934328143334782,57.605647253862585
716,716,0.031902797000441296,0.29343232041266,57.60973495363467
717,717,0.031941422000443254,0.29343182786751304,57.60569739544585
718,718,0.03198023200042144,0.29343133669364985,57.6097739272713
719,719,0.03201968900043539,0.2934308468825202,57.60574728410531
720,720,0.03208282000042573,0.2934303584297938,57.60981272122127
721,721,0.03212723900043102,0.2934298713270266,57.60579692124233
722,722,0.032168334000402865,0.29342938556994425,57.60985133619153
723,723,0.03220741300043528,0.2934289011502068,57.605846308250996
724,724,0.032246685000416164,0.2934284180635957,57.60988977288947
725,725,0.032286394000379914,0.2934279363018735,57.60589544651809
726,726,0.032324811000421505,0.2934274558608761,57.60992803202277
727,727,0.032372026000416554,0.29342697673246737,57.60594433742318
728,728,0.03241257200039627,0.29342649891253686,57.60996611429944
729,729,0.03245179400039433,0.2934260223930484,57.6059929823386
730,730,0.03249072300042144,0.29342554716994407,57.610004020427645
731,731,0.032530257000416896,0.293425073235286,57.60604138262945
732,732,0.03256892300044001,0.2934246005850687,57.61004175111572
733,733,0.03260763900044594,0.2934241292114507,57.60608953965366
734,734,0.03267088800049578,0.29342365911047785,57.61007930707204
735,735,0.03271418700052209,0.29342319027440444,57.60613745476198
736,736,0.032754554000518965,0.29342272269932645,57.61011668900505
737,737,0.03279453100049068,0.2934222563775924,57.606185129298034
738,738,0.03283329400051116,0.29342179130534785,57.61015389762305
739,739,0.032872308000548855,0.2934213274750341,57.606232564598294
740,740,0.032912154000541705,0.2934208648828455,57.61019093363432
741,741,0.03295919700053673,0.29342040352131493,57.60627976199215
742,742,0.03299882000050047,0.2934199433866848,57.61022779774694
743,743,0.03303836700052898,0.293419484471578,57.60632672280189
744,744,0.03307691800051771,0.29341902677228443,57.610264490668705
745,745,0.03311605400051576,0.29341857028151574,57.606373448342744
746,746,0.03315568000056146,0.2934181149956085,57.6103010131072
747,747,0.03319567500057019,0.2934176609073619,57.60641993992293
748,748,0.033261119000542294,0.2934172080131584,57.610337365769595
749,749,0.0333040240005289,0.2934167563058836,57.60646619884363
750,750,0.03334422900053369,0.29341630578196515,57.61037354936272
751,751,0.033384042000534464,0.29341585643437373,57.60651222639902
752,752,0.03342417700054057,0.2934154082595814,57.6104095645929
753,753,0.0334960670004989,0.29341496125064276,57.60655802387633
754,754,0.03354544500047041,0.29341451540407404,57.610445412165994
755,755,0.03358719900046481,0.2934140707130121,57.60660359255584
756,756,0.03362685800050258,0.29341362717401637,57.610481092787275
757,757,0.033666006000487414,0.2934131847803056,57.60664893371091
758,758,0.03370598100048028,0.29341274352848146,57.6105166071614
759,759,0.03374493100051268,0.293412303411843,57.606694048607984
760,760,0.03378371500053845,0.29341186442703404,57.610551955992385
761,761,0.03384787800052891,0.29341142656743263,57.606738938506645
762,762,0.03389226300049586,0.2934109898297238,57.61058713998354
763,763,0.03393339700045317,0.29341055420736406,57.60678360465962
764,764,0.033972908000464486,0.29341011969707875,57.61062215983737
765,765,0.03401240500045333,0.29340968629240133,57.606828048312806
766,766,0.03405152000044609,0.29340925399009743,57.61065701625563
767,767,0.03409050400045999,0.29340882278377634,57.60687227070532
768,768,0.034138683000492165,0.29340839267024305,57.61069170993922
769,769,0.034179083000481114,0.2934079636431817,57.606916273069444
770,770,0.034218358000487115,0.2934075356994361,57.6107262415881
771,771,0.03425801800051431,0.29340710883276444,57.60696005663078
772,772,0.03429723000050444,0.2934066830400485,57.610760611901334
773,773,0.0343361760005223,0.29340625831511924,57.60700362260817
774,774,0.03437562200048205,0.2934058346548963,57.610794821577
775,775,0.03444053700047789,0.29340541205328236,57.60704697221372
776,776,0.03448676400051909,0.29340499050723406,57.61082887131213
777,777,0.03452884000051881,0.293404570010725,57.60709010665292
778,778,0.034569147000524936,0.2934041505607483,57.61086276180271
779,779,0.03460891700052571,0.2934037321513474,57.60713302712454
780,780,0.03464846200051852,0.2934033147795514,57.61089649374361
781,781,0.03468769700054963,0.2934028984394725,57.60717573482079
782,782,0.03472812300054784,0.29340248312817535,57.61093006782856
783,783,0.03476710700056174,0.29340206883984,57.60721823092723
784,784,0.03480652400054396,0.29340165557156617,57.61096348475012
785,785,0.034845976000553947,0.2934012433176007,57.60726051662288
786,786,0.034884973000600894,0.2934008320750777,57.61099674519961
787,787,0.03492407900063199,0.29340042183831033,57.60730259308018
788,788,0.03496340400062081,0.2934000126044663,57.61102984986711
789,789,0.0350091210005985,0.29339960436792395,57.60734446146506
790,790,0.03505011800058355,0.2933991971258845,57.61106279944139
791,791,0.035089298000571034,0.29339879087279047,57.60738612293695
792,792,0.03512875800055326,0.2933983856058761,57.61109559460991
793,793,0.03516796100052488,0.29339798131964706,57.60742757864883
794,794,0.03520739400056527,0.29339757801137023,57.61112823605876
795,795,0.03524669700055938,0.29339717567561363,57.60746882974721
796,796,0.03528765700059466,0.29339677430967614,57.611160724472654
797,797,0.0353269420006086,0.2933963739081874,57.6075098773722
798,798,0.03536639600059743,0.29339597446847776,57.611193060534866
799,799,0.0354055240005664,0.2933955759852378,57.60755072265751
800,800,0.03544439600057103,0.29339517845582885,57.611225244927184
801,801,0.03548331200056509,0.29339478187500134,57.607591366730475
802,802,0.035522792000563186,0.29339438624014724,57.61125727832997
803,803,0.03556787900060954,0.2933939915460761,57.60763181071213
804,804,0.035608877000584016,0.2933935977902101,57.61128916142202
805,805,0.03564916000055973,0.2933932049674172,57.60767205571715
806,806,0.03568851900053005,0.2933928130751492,57.6113208948806
807,807,0.03575711300055673,0.29339242210833155,57.607712102854
808,808,0.035803719000512046,0.2933920320644454,57.61135247938139
809,809,0.035847079000518534,0.2933916429384731,57.60775195322481
810,810,0.035887879000483736,0.2933912547279246,57.61138391559848
811,811,0.03592755700043426,0.29339086742783793,57.60779160792553
812,812,0.035966611000446846,0.29339048103575177,57.61141520420431
813,813,0.036005909000436986,0.29339009554675965,57.6078310680459
814,814,0.036045610000428496,0.293389710958428,57.611446345869695
815,815,0.03611911100040288,0.2933893272659047,57.60787033466949
816,816,0.03616298500043058,0.29338894446678415,57.61147734126373
817,817,0.036203718000422214,0.29338856255626794,57.60790940887372
818,818,0.03624401000041644,0.29338818153197743,57.61150819105384
819,819,0.036283449000393375,0.29338780138916754,57.60794829172987
820,820,0.03632262500042316,0.2933874221254867,57.61153889590567
821,821,0.036361941000450315,0.29338704373624175,57.607986984303196
822,822,0.03641108100043766,0.29338666621910775,57.61156945648315
823,823,0.0364509820004173,0.2933862895694432,57.608025487652824
824,824,0.036490980000451145,0.29338591378494927,57.61159987344844
825,825,0.036530696000454554,0.29338553886103547,57.608063802831865
826,826,0.0365699260004817,0.2933851647954286,57.61163014746186
827,827,0.03660908300048504,0.29338479158358854,57.608101930887436
828,828,0.03664815800050292,0.2933844192232673,57.61166027918192
829,829,0.0367002880005316,0.29338404770997467,57.60813987286067
830,830,0.03674257000051284,0.29338367704148755,57.61169026926531
831,831,0.03678325000049654,0.2933833072133645,57.608177629786745
832,832,0.03682420200050274,0.29338293822340733,57.61172011836684
833,833,0.03686410300048237,0.2933825700672227,57.60821520269492
834,834,0.036903411000480446,0.2933822027426369,57.61174982713943
835,835,0.03694260800051552,0.2933818362453041,57.60825259260856
836,836,0.036983806000478125,0.2933814705730748,57.611779396234105
837,837,0.037023562000513266,0.29338110572165016,57.60828980054515
838,838,0.03706296400048359,0.2933807416889041,57.61180882629996
839,839,0.03710240900051076,0.2933803784705844,57.60832682751635
840,840,0.037141933000498284,0.29338001606458824,57.6118381179842
841,841,0.03718087300052275,0.2933796544667092,57.60836367452801
842,842,0.037220466000519536,0.2933792936748677,57.61186727193199
843,843,0.03726818800049614,0.2933789336849021,57.60840034258018
844,844,0.037309946000448235,0.2933785744947555,57.611896288786596
845,845,0.03735096600047427,0.29337821610031134,57.608436832667174
846,846,0.03739099000046053,0.2933778584995349,57.61192516918924
847,847,0.03743068600044808,0.29337750168835347,57.60847314577758
848,848,0.03747161400048071,0.29337714566475454,57.61195391377918
849,849,0.03751994300046135,0.29337679042470866,57.608509282894246
850,850,0.03756019800044896,0.2933764359662253,57.61198252319363
851,851,0.037599859000465585,0.2933760822853179,57.60854524499442
852,852,0.03763936600046236,0.2933757293800172,57.61201099806776
853,853,0.037678623000431344,0.2933753772463792,57.60858103304963
854,854,0.03771807500038449,0.2933750258824557,57.61203933903473
855,855,0.03775728700037462,0.2933746752843444,57.60861664802586
856,856,0.03783540000040375,0.29337432545011816,57.61206754672559
857,857,0.03788174200042249,0.2933739763759156,57.60865209088346
858,858,0.03792266900040886,0.29337362805983047,57.61209562176933
859,859,0.03796245100045326,0.2933732804980422,57.60868736257722
860,860,0.03800156600044602,0.2933729336886645,57.61212356479286
861,861,0.0380501430004756,0.29337258762791707,57.60872246405643
862,862,0.038101580000500235,0.2933722423139339,57.61215137642099
863,863,0.038143640000498635,0.2933718977429741,57.60875739626485
864,864,0.03818482400049561,0.2933715539131916,57.612179057276386
865,865,0.03822536400048193,0.2933712108208846,57.60879216014078
866,866,0.03826584000046296,0.29337086846422633,57.612206607979616
867,867,0.03831014800044841,0.2933705268395539,57.60882675661707
868,868,0.038378660000432774,0.2933701859450598,57.61223402914911
869,869,0.03842496300040921,0.29336984577711916,57.60886118662114
870,870,0.03846781800041299,0.29336950633394354,57.612261321401135
871,871,0.03850891800044565,0.29336916761194554,57.60889545107502
872,872,0.03854915600044251,0.2933688296093557,57.6122884853498
873,873,0.038588935000404945,0.2933684923226237,57.608929550895404
874,874,0.038628620000451974,0.29336815574999847,57.61231552160709
875,875,0.03867792600044595,0.29336781988796656,57.6089634869936
876,876,0.03871781100042426,0.29336748473479507,57.612342430782746
877,877,0.03875748800044221,0.2933671502870068,57.608997260275665
878,878,0.03879701800042312,0.2933668165428869,57.61236921348437
879,879,0.038837061000435824,0.2933664834989937,57.609030871642325
880,880,0.03887683400046171,0.29336615115363035,57.61239587031736
881,881,0.03891642100046511,0.29336581950339047,57.60906432198906
882,882,0.03898272200046904,0.29336548854659467,57.61242240188489
883,883,0.03902551000044241,0.29336515827987153,57.609097612206156
884,884,0.03906622500045387,0.29336482870155883,57.61244880878797
885,885,0.03910586800049032,0.2933644998083198,57.60913074317869
886,886,0.039146258000471335,0.2933641715985091,57.612475091625335
887,887,0.039186007000466816,0.29336384406882393,57.60916371578653
888,888,0.03922620700046764,0.29336351721763587,57.612501250993546
889,889,0.03926862600047798,0.29336319104167574,57.60919653090445
890,890,0.0393085500004986,0.2933628655393317,57.61252728748692
891,891,0.039348911000502085,0.29336254070736756,57.609229189402086
892,892,0.039388820000510805,0.29336221654418826,57.6125532016975
893,893,0.03942822800053136,0.2933618930465901,57.609261692143996
894,894,0.03946796700051891,0.29336157021299414,57.61257899421515
895,895,0.03950747900051965,0.2933612480402291,57.60929403998964
896,896,0.03955464800048958,0.29336092652673207,57.6126046656274
897,897,0.03959627200049454,0.2933606056693636,57.60932623379351
898,898,0.039636912000503344,0.2933602854665766,57.612630216519634
899,899,0.03967680000050677,0.29335996591526325,57.60935827440503
900,900,0.03971699200047851,0.29335964701389183,57.61265564747489
901,901,0.039756525000484544,0.29335932875938575,57.60939016266866
902,902,0.039796116000445636,0.2933590111502287,57.61268095907396
903,903,0.03983833500041101,0.2933586941833747,57.60942189942393
904,904,0.03987822300041444,0.29335837785732277,57.612706151895395
905,905,0.039917906000425774,0.29335806216905713,57.60945348550542
906,906,0.039957892000415995,0.29335774711709195,57.61273122651546
907,907,0.039997730000436604,0.29335743269844133,57.6094849217428
908,908,0.04004121900038626,0.2933571189116343,57.612756183508125
909,909,0.04011046600038526,0.2933568057537145,57.60951620896091
910,910,0.040153329000418125,0.29335649322322543,57.61278102344509
911,911,0.04020219700043981,0.2933561813172404,57.6095473479797
912,912,0.0402431100004037,0.29335587003431696,57.6128057468958
913,913,0.040282909000382006,0.2933555593715573,57.609578339614316
914,914,0.040331967000383884,0.29335524932753343,57.61283035442739
915,915,0.04038514800038229,0.2933549398993758,57.60960918467513
916,916,0.04042617100043344,0.29335463108567084,57.6128548466047
917,917,0.04046683100040127,0.29335432288357677,57.609639883967716
918,918,0.0405072110004312,0.2933540152916941,57.612879223990284
919,919,0.040547234000428034,0.2933537083072089,57.60967043829292
920,920,0.04058706400041956,0.29335340192873544,57.612903487144415
921,921,0.040626898000425626,0.29335309615348715,57.60970084844689
922,922,0.04067561000039177,0.2933527909800918,57.61292763662507
923,923,0.04071763300038356,0.29335248640579015,57.60973111522105
924,924,0.04075847400042676,0.2933521824292231,57.61295167298792
925,925,0.04079866000040511,0.29335187904765847,57.6097612394022
926,926,0.04083843000040588,0.2933515762597502,57.61297559678635
927,927,0.04087806700039209,0.29335127406279277,57.609791221772475
928,928,0.04091791600041006,0.293350972455453,57.612999408571426
929,929,0.040960279000387345,0.2933506714350514,57.609821063109415
930,930,0.041000548000340586,0.2933503710002681,57.61302310889192
931,931,0.041040289000306984,0.2933500711484492,57.60985076418598
932,932,0.04107986500031302,0.2933497718782874,57.613046698294355
933,933,0.041119309000293924,0.2933494731871546,57.609880325770554
934,934,0.0411591710002881,0.29334917507375596,57.61307017732287
935,935,0.04119905100031929,0.29334887753548855,57.609909748627
936,936,0.04124578000028123,0.2933485805710701,57.613093546519366
937,937,0.041287440000246534,0.29334828417792247,57.60993903351468
938,938,0.04132803600026591,0.2933479883547756,57.61311680642341
939,939,0.041368378000242956,0.2933476930990761,57.60996818118844
940,940,0.04140865900023982,0.293347398409566,57.613139957572294
941,941,0.0414484230002472,0.29334710428371613,57.60999719239872
942,942,0.041495759000213184,0.2933468107202806,57.613163000501
943,943,0.041536041000199475,0.2933465177167542,57.6100260678915
944,944,0.04158027200014658,0.2933462252719029,57.61318593574219
945,945,0.04162039100015136,0.29334593338324527,57.61005480840836
946,946,0.041660003000174584,0.29334564204955893,57.61320876382626
947,947,0.04169947000019647,0.2933453512683856,57.61008341468647
948,948,0.04173918100019591,0.2933450610385148,57.61323148528129
949,949,0.041809130000217465,0.2933447713575116,57.61011188745869
950,950,0.0418525370002385,0.29334448222417653,57.613254100633085
951,951,0.04189378800020904,0.29334419363609754,57.61014022745354
952,952,0.041934798000170304,0.29334390559208656,57.61327661040513
953,953,0.04197568200015667,0.2933436180897544,57.61016843539518
954,954,0.04201564800013102,0.29334333112792377,57.613299015118635
955,955,0.04205552900015164,0.29334304470422784,57.61019651200357
956,956,0.042097764000175175,0.2933427588175005,57.6133213152925
957,957,0.04213789200019846,0.29334247346539694,57.61022445799435
958,958,0.042178065000200604,0.2933421886467619,57.61334351144336
959,959,0.04221792600020535,0.2933419043592724,57.610252274078945
960,960,0.04227456000018037,0.29334162060178387,57.61336560408556
961,961,0.04231486000014684,0.293341337371995,57.6102799609646
962,962,0.04238534000018035,0.2933410546687717,57.61338759373114
963,963,0.04244561100017563,0.29334077248983415,57.61030751935431
964,964,0.042488531000174135,0.2933404908340586,57.61340948088987
965,965,0.04254572100018095,0.2933402096991862,57.61033494994698
966,966,0.04263968600020007,0.2933399290841039,57.613431266069256
967,967,0.0426930240001866,0.2933396489865735,57.61036225343734
968,968,0.04274735200021951,0.29333936940549193,57.61345294977451
969,969,0.04280371900017599,0.29333909033864175,57.61038943051601
970,970,0.04284493500017561,0.2933388117849302,57.61347453250856
971,971,0.042885607000187065,0.29333853374216,57.61041648186953
972,972,0.04292541900019842,0.29333825620924825,57.613496014772096
973,973,0.04297832700018489,0.29333797918401805,57.610443408180366
974,974,0.04305678400015722,0.29333770266539616,57.61351739706352
975,975,0.043126556000117944,0.29333742665122553,57.610470210126955
976,976,0.043192486000123154,0.2933371511404429,57.61353867987897
977,977,0.04323611100011249,0.29333687613091075,57.61049688838372
978,978,0.04327801800013731,0.2933366016215753,57.613559863712325
979,979,0.043331383000122514,0.2933363276103187,57.61052344362105
980,980,0.043383245000143233,0.29333605409609653,57.61358094905522
981,981,0.04342727700014848,0.2933357810768101,57.610549876505424
982,982,0.04346920100016405,0.29333550855142454,57.613601936397025
983,983,0.04350938600015297,0.29333523651786003,57.61057618769931
984,984,0.04360216400010586,0.29333496497509115,57.61362282622485
985,985,0.04364619500012168,0.2933346939210567,57.610602377861305
986,986,0.043688982000105625,0.29333442335474036,57.6136436190236
987,987,0.04374227200008818,0.2933341532740997,57.610628447646064
988,988,0.043785613000068224,0.29333388367812724,57.61366431527588
989,989,0.04386109200009969,0.2933336145647991,57.610654397704394
990,990,0.043904647000090335,0.2933333459331168,57.61368491546212
991,991,0.04394637700011117,0.2933330777810743,57.61068022868323
992,992,0.04398722000007638,0.2933328101076823,57.61370542006048
993,993,0.044027398000082485,0.29333254291095245,57.610705941225646
994,994,0.04408800600003815,0.29333227618990426,57.61372582954691
995,995,0.04414171700005909,0.29333200994256725,57.61073153597098
996,996,0.04418947300007403,0.2933317441679695,57.61374614439511
997,997,0.04423089500005517,0.29333147886415795,57.6107570135547
998,998,0.04427170400003888,0.2933312140301694,57.61376636507661
999,999,0.04432033200004071,0.29333094966406814,57.61078237460854
1000,1000,0.04436560500005271,0.2933306857648992,57.613786492060676
1001,1001,0.044406258000037724,0.2933304223307441,57.610807619760514
1002,1002,0.044446461999996245,0.2933301593606564,57.6138065258144
1003,1003,0.044486384999970596,0.29332989685273425,57.61083274963487
1004,1004,0.044526324000003115,0.29332963480603974,57.61382646680265
1005,1005,0.044565667999961533,0.29332937321868785,57.61085776485219
1006,1006,0.044605443999955696,0.29332911208974843,57.61384631548812
1007,1007,0.044652983999924345,0.29332885141735343,57.610882666029354
1008,1008,0.044695293999950536,0.2933285912005805,57.613866072331284
1009,1009,0.04473561699995798,0.2933283314375781,57.61090745377961
1010,1010,0.0447755789999178,0.2933280721274319,57.61388573779045
1011,1011,0.04481477599989603,0.2933278132683065,57.61093212871254
1012,1012,0.04485446599989018,0.2933275548592954,57.61390531232173
1013,1013,0.044902378999893244,0.29332729689857917,57.610956691434126
1014,1014,0.044943378999903416,0.2933270393852595,57.613924796379045
1015,1015,0.04498276199990414,0.29332678231753234,57.610981142546784
1016,1016,0.04502251699994986,0.29332652569450723,57.61394419041421
1017,1017,0.045062138999981016,0.29332626951439583,57.61100548264931
1018,1018,0.04510144199997512,0.29332601377631534,57.61396349487678
1019,1019,0.04514053199994805,0.29332575847849296,57.61102971233699
1020,1020,0.045206966999955966,0.29332550362005333,57.61398271021422
1021,1021,0.04525322199992843,0.2933252491992389,57.61105383220158
1022,1022,0.04530585299988843,0.2933249952151818,57.61400183687183
1023,1023,0.04534648999987212,0.29332474166613964,57.6110778428313
1024,1024,0.04538607499983982,0.2933244885512522,57.614020875292724
1025,1025,0.04542542499979163,0.2933242358687917,57.611101744810895
1026,1026,0.04546523699980298,0.2933239836179052,57.614039825917914
1027,1027,0.04550704799981986,0.29332373179688004,57.61112553872166
1028,1028,0.045547322999823336,0.29332348040487033,57.61405868918627
1029,1029,0.04558661599980951,0.293323229440178,57.61114922514143
1030,1030,0.04562619099982612,0.29332297890196446,57.614077465534514
1031,1031,0.04566522299984399,0.29332272878854604,57.61117280464463
1032,1032,0.045704744999852664,0.29332247909909104,57.61409615539726
1033,1033,0.045743647999813675,0.2933222298319304,57.611196277802264
1034,1034,0.0457920919998287,0.2933219809862393,57.614114759207006
1035,1035,0.045833716999879925,0.29332173256036276,57.61121964518195
1036,1036,0.04587446499988346,0.2933214845534829,57.614133277394124
1037,1037,0.045914472999868394,0.29332123696395884,57.61124290734796
1038,1038,0.04595392199991011,0.29332098979097954,57.61415171038688
1039,1039,0.0459929999999531,0.2933207430329179,57.611266064861226
1040,1040,0.04603227099994456,0.29332049668896965,57.61417005861145
1041,1041,0.04607448799993108,0.29332025075752144,57.611289118279316
1042,1042,0.046114141999964886,0.29332000523777557,57.61418832249194
1043,1043,0.046153735999951095,0.29331976012813243,57.61131206815655
1044,1044,0.04619346499993071,0.29331951542780094,57.61420650245032
1045,1045,0.046232671999916874,0.2933192711351946,57.61133491504393
1046,1046,0.04627193499987925,0.2933190272495292,57.61422459890653
1047,1047,0.046311242999934166,0.2933187837692315,57.611357659489194
1048,1048,0.046359629999983554,0.29331854069352337,57.61424261227841
1049,1049,0.04640174200000047,0.29331829802084525,57.61138030203685
1050,1050,0.046443365000016,0.29331805575042513,57.61426054298173
1051,1051,0.0464832469999692,0.29331781388071626,57.611402843228184
1052,1052,0.046550574999969285,0.29331757241095346,57.61427839143022
1053,1053,0.046599651999997604,0.2933173313396023,57.61142528360125
1054,1054,0.04664372900003855,0.29331709066590406,57.61429615803556
1055,1055,0.04668445100003282,0.2933168503883371,57.61144762369094
1056,1056,0.046724615000016456,0.2933166105061489,57.61431384320734
1057,1057,0.046763947000044936,0.2933163710178304,57.611469864028976
1058,1058,0.04680348600004436,0.29331613192263495,57.61433144735319
1059,1059,0.046843175000049087,0.29331589321906615,57.61149200514394
1060,1060,0.04688260800003263,0.29331565490638356,57.61434897087861
1061,1061,0.046929583000007824,0.29331541698310293,57.61151404756123
1062,1062,0.046971326000004865,0.2933151794484896,57.614366414187174
1063,1063,0.04701185300001498,0.29331494230107186,57.61153599180322
1064,1064,0.04705197399999861,0.29331470554012073,57.61438377768037
1065,1065,0.04709166899999673,0.2933144691641768,57.61155783838914
1066,1066,0.04713845499998115,0.29331423317251687,57.61440106175768
1067,1067,0.047180761999982224,0.2933139975636932,57.61157958783515
1068,1068,0.04722113399998307,0.29331376233698875,57.614418266816635
1069,1069,0.047260576999974546,0.29331352749096734,57.611601240654366
1070,1070,0.04729983599997922,0.29331329302491777,57.61443539325271
1071,1071,0.04733870299997989,0.2933130589374156,57.61162279735686
1072,1072,0.04737812299998723,0.2933128252277553,57.61445244145941
1073,1073,0.047417280999979994,0.29331259189452386,57.6116442584497
1074,1074,0.04746503599994867,0.2933123589370214,57.61446941182828
1075,1075,0.04750568499997598,0.2933121263538464,57.611665624436945
1076,1076,0.04754548599998998,0.29331189414430475,57.61448630474884
1077,1077,0.047584666999966885,0.2933116623070058,57.611686895819666
1078,1078,0.047624350999967646,0.29331143084126116,57.614503120608695
1079,1079,0.04766324499996699,0.29331119974569153,57.61170807309599
1080,1080,0.047702621999974326,0.29331096901961384,57.614519859793454
1081,1081,0.04774442100000442,0.29331073866165985,57.611729156761086
1082,1082,0.04778472100002773,0.2933105086711518,57.61453652268679
1083,1083,0.047824581000043054,0.2933102790467327,57.61175014730719
1084,1084,0.04786424000008083,0.29331004978772984,57.6145531096704
1085,1085,0.04790330500009077,0.29330982089279717,57.61177104522365
1086,1086,0.04794287800012853,0.29330959236126736,57.614569621124105
1087,1087,0.04798196900014773,0.2933093641918048,57.611791850996894
1088,1088,0.04802940200016792,0.29330913638374784,57.614586057425726
1089,1089,0.04807074700016756,0.2933089089357713,57.6118125651105
1090,1090,0.04811311300016996,0.29330868184721837,57.61460241895117
1091,1091,0.04815330000019458,0.29330845511677484,57.61183318804517
1092,1092,0.04819323900017025,0.2933082287437889,57.61461870607449
1093,1093,0.04823261300020931,0.29330800272695673,57.61185372027879
1094,1094,0.048272599000199534,0.2933077770656316,57.61463491916775
1095,1095,0.04831438400015031,0.2933075517585198,57.6118741622864
1096,1096,0.04835438700013128,0.29330732680497995,57.61465105860114
1097,1097,0.048393573000112156,0.2933071022037283,57.61189451454024
1098,1098,0.0484333460000812,0.2933068779541284,57.61466712474297
1099,1099,0.04847232900004883,0.29330665405490686,57.611914777509774
1100,1100,0.048511864000090554,0.2933064305054319,57.614683117959665
1101,1101,0.04856810900008668,0.29330620730444035,57.61193495166168
1102,1102,0.048615211000083036,0.29330598445130507,57.61469903861572
1103,1103,0.048658084000123836,0.2933057619447726,57.611955037459886
1104,1104,0.048699097000110214,0.2933055397842212,57.61471488707382
1105,1105,0.048739625000109754,0.29330531796840686,57.6119750353656
1106,1106,0.04881658900012553,0.29330509649671244,57.61473066369475
1107,1107,0.0488668870000879,0.2933048753679038,57.611994945837274
1108,1108,0.048908443000129864,0.29330465458136856,57.614746368837444
1109,1109,0.048949191000133396,0.2933044341358822,57.61201476933069
1110,1110,0.04898916600012626,0.293304214030837,57.61476200285899
1111,1111,0.04902916100013499,0.2933039942650177,57.61203450629891
1112,1112,0.04906903400012652,0.29330377483782133,57.61477756611461
1113,1113,0.04910902300008502,0.29330355574804223,57.61205415719235
1114,1114,0.04917499900011535,0.2933033369950818,57.614793058957744
1115,1115,0.049217178000162676,0.29330311857774366,57.61207372245876
1116,1116,0.049257816000192634,0.293302900495434,57.61480848173995
1117,1117,0.04930294500019272,0.2933026827469654,57.61209320254324
1118,1118,0.04934355500017773,0.2933024653317486,57.61482383481097
1119,1119,0.04939982000018972,0.29330224824860524,57.61211259788829
1120,1120,0.04945033300020896,0.29330203149695044,57.61483911851879
1121,1121,0.04949124700021912,0.29330181507561515,57.612131908933804
1122,1122,0.0495309660001908,0.29330159898401886,57.61485433320951
1123,1123,0.04957080800016911,0.2933013832210012,57.61215113611704
1124,1124,0.04961011600016718,0.2933011677859861,57.61486947922749
1125,1125,0.04964988000011772,0.29330095267782214,57.612170279872736
1126,1126,0.049689500000113185,0.2933007378959374,57.614884556915264
1127,1127,0.05005371600009312,0.2933005234391895,57.61218934063304
1128,1128,0.050102365000100235,0.2933003093070106,57.61489956661364
1129,1129,0.050155320000101256,0.29330009549826686,57.61220831882756
1130,1130,0.05019687200012868,0.2932998820123949,57.61491450866157
1131,1131,0.050237908000099196,0.29329966884826936,57.61222721488336
1132,1132,0.05027857100009214,0.29329945600533097,57.6149293833963
1133,1133,0.05031889400009959,0.29329924348246317,57.612246029225034
1134,1134,0.050358882000125504,0.2932990312791107,57.6149441911533
1135,1135,0.05039896400012367,0.293298819394165,57.61226476227464
1136,1136,0.05045981800009258,0.2932986078270755,57.61495893226627
1137,1137,0.05050262400010297,0.29329839657674184,57.61228341445176
1138,1138,0.0505436050000867,0.29329818564261717,57.614973607067185
1139,1139,0.05058397800007697,0.2932979750236097,57.61230198617351
1140,1140,0.050623453000071095,0.29329776471917673,57.61498821588628
1141,1141,0.050663886000052116,0.2932975547282343,57.61232047785456
1142,1142,0.05071270100006586,0.29329734505024385,57.61500275905206
1143,1143,0.05075332900008789,0.2932971356841296,57.61233888990715
1144,1144,0.05079307500005825,0.2932969266293568,57.6150172368913
1145,1145,0.05083266100007222,0.29329671788485767,57.612357222741075
1146,1146,0.05087199800010467,0.29329650945010144,57.61503164972906
1147,1147,0.0509114390001173,0.2932963013240284,57.61237547676372
1148,1148,0.05095120600009295,0.2932960935061114,57.61504599788871
1149,1149,0.05102552000005289,0.29329588599529877,57.6123936523801
1150,1150,0.051068046000068534,0.2932956787910671,57.61506028169189
1151,1151,0.05111125900009483,0.2932954718923725,57.61241174999284
1152,1152,0.05115188800010628,0.29329526529869554,57.61507450145857
1153,1153,0.05123277700010931,0.29329505900899966,57.612429770002194
1154,1154,0.05128392700009954,0.2932948530227695,57.615088657507044
1155,1155,0.05132686200010994,0.29329464733897614,57.61244771280609
1156,1156,0.05136692600007109,0.29329444195710785,57.61510275015391
1157,1157,0.05140744200008385,0.2932942368761432,57.612465578800084
1158,1158,0.05144759100005558,0.29329403209557414,57.61511677971411
1159,1159,0.051487977000022056,0.2932938276143871,57.61248336837745
1160,1160,0.05152800000001889,0.29329362343207727,57.615130746500895
1161,1161,0.05159475300001759,0.29329341954763855,57.61250108192911
1162,1162,0.051637152000012065,0.29329321596056995,57.615144650825904
1163,1163,0.0516766549999943,0.2932930126698725,57.61251871984374
1164,1164,0.051715871999988394,0.293292809675049,57.6151584929991
1165,1165,0.05175475499999038,0.29329260697510756,57.61253628250771
1166,1166,0.05179361699998708,0.29329240456955463,57.61517227332881
1167,1167,0.05183213599997316,0.29329220245740556,57.61255377030513
1168,1168,0.05187896699993644,0.29329200063817024,57.61518599212175
1169,1169,0.05192389899997352,0.2932917991108712,57.61257118361786
1170,1170,0.05199014699996951,0.29329159787502185,57.615199649682985
1171,1171,0.05207799299995486,0.2932913969296517,57.61258852282551
1172,1172,0.052124255999956404,0.2932911962742777,57.61521324631596
1173,1173,0.0521650429999454,0.29329099590793634,57.61260578830551
1174,1174,0.05220542999995814,0.29329079583014783,57.61522678232254
1175,1175,0.05224472899999455,0.29329059603995583,57.61262298043302
1176,1176,0.05228335800001105,0.29329039653688393,57.61524025800296
1177,1177,0.052321889000040755,0.2932901973199825,57.61264009958104
1178,1178,0.05236250200005088,0.29328999838877856,57.6152536736559
1179,1179,0.052402076000021225,0.2932897997423294,57.61265714612039
1180,1180,0.05244138200004045,0.29328960138016513,57.61526702957838
1181,1181,0.0524805180000385,0.29328940330134995,57.612674120419705
1182,1182,0.05251899200004573,0.29328920550541737,57.6152803260659
1183,1183,0.052557766000063566,0.2932890079914379,57.61269102284546
1184,1184,0.052596009000069444,0.29328881075894864,57.615293563412386
1185,1185,0.052641458000039165,0.29328861380702675,57.61270785376201
1186,1186,0.052683743000045524,0.29328841713521225,57.61530674191016
1187,1187,0.052724355000066225,0.2932882207425891,57.612724613531554
1188,1188,0.052764077000063025,0.2932880246287005,57.61531986185002
1189,1189,0.052804174000016246,0.2932878287926368,57.61274130251419
1190,1190,0.052843502000030185,0.2932876332339446,57.61533292352121
1191,1191,0.05289193900006239,0.2932874379517203,57.612757921067896
1192,1192,0.05293257200003154,0.293287242945514,57.61534592721141
1193,1193,0.052972425000007206,0.29328704821442847,57.61277446954858
1194,1194,0.05301175200003172,0.29328685375801666,57.61535887320678
1195,1195,0.053051712000012685,0.2932866595753878,57.61279094831008
1196,1196,0.05309149999999363,0.29328646566609795,57.61537176179196
1197,1197,0.0531316400000037,0.2932862720292626,57.61280735770411
1198,1198,0.05319874600002095,0.29328607866444084,57.61538459325005
1199,1199,0.053242767000028834,0.2932858855707544,57.6128236980804
1200,1200,0.05328382400000464,0.2932856927477654,57.61539736786264
1201,1201,0.053323821999981647,0.2932855001946016,57.6128399697866
1202,1202,0.05336277699996117,0.2932853079108282,57.615410085909815
1203,1203,0.053413875999979155,0.2932851158955791,57.612856173168346
1204,1204,0.05346393499996793,0.2932849241484224,57.615422747670166
1205,1205,0.053505223999934515,0.29328473266849814,57.61287230856926
1206,1206,0.05354512799993927,0.29328454145537725,57.615435353420786
1207,1207,0.053585150999936104,0.2932843505082058,57.61288837633093
1208,1208,0.0536248109999633,0.29328415982655764,57.61544790343729
1209,1209,0.05366432099992835,0.29328396940958473,57.61290437679302
1210,1210,0.05370386299995289,0.2932837792568639,57.6154603979938
1211,1211,0.0537710229999675,0.2932835893675528,57.61292031029312
1212,1212,0.05382016899994824,0.29328339974123135,57.61547283736298
1213,1213,0.05386280499993745,0.293283210377063,57.61293617716697
1214,1214,0.053902832999938255,0.29328302127463035,57.615485221816016
1215,1215,0.053942917999904694,0.2932828324331026,57.612951977748246
1216,1216,0.05398303299989493,0.29328264385206537,57.615497551622674
1217,1217,0.05403242599987834,0.2932824555306935,57.61296771236875
1218,1218,0.05407210499987514,0.29328226746857533,57.61550982705123
1219,1219,0.054111936999902355,0.2932820796648914,57.61298338135831
1220,1220,0.05415169599990577,0.29328189211923283,57.615522048368504
1221,1221,0.054191420999927686,0.29328170483078575,57.61299898504489
1222,1222,0.054230490999941594,0.293281517799144,57.61553421583995
1223,1223,0.054270175999988624,0.2932813310234993,57.61301452375449
1224,1224,0.05432194399998025,0.2932811445034483,57.615546329729526
1225,1225,0.0543640209999694,0.2932809582381881,57.61302999781123
1226,1226,0.05440423400000327,0.293280772227318,57.61555839029982
1227,1227,0.054444615999955204,0.2932805864700408,57.61304540753738
1228,1228,0.05448433299994804,0.29328040096595825,57.61557039781196
1229,1229,0.05452409799994484,0.29328021571427854,57.61306075325329
1230,1230,0.054563791999896694,0.29328003071460623,57.615582352525685
1231,1231,0.05460483699994256,0.2932798459661548,57.613076035277494
1232,1232,0.054644182999936675,0.29327966146853146,57.61559425469935
1233,1233,0.054683692999958566,0.293279477220955,57.61309125392662
1234,1234,0.054723022999951354,0.2932792932230351,57.615606104589894
1235,1235,0.054762807999964025,0.29327910947399594,57.61310640951553
1236,1236,0.054802894999966156,0.2932789259734499,57.61561790245288
1237,1237,0.054842138999958934,0.29327874272062626,57.613121502357195
1238,1238,0.054891220999934376,0.2932785597151397,57.6156296485425
1239,1239,0.05493438899992498,0.2932783769562251,57.6131365327628
1240,1240,0.05497534499994572,0.29327819444349956,57.615641343111555
1241,1241,0.05501614199994265,0.2932780121762028,57.61315150104173
1242,1242,0.05505594499993549,0.29327783015395475,57.61565298641149
1243,1243,0.0550961229999416,0.29327764837600023,57.61316640750155
1244,1244,0.055142815999943195,0.2932774668419616,57.615664578692396
1245,1245,0.055182573999957185,0.2932772855510885,57.61318125244809
1246,1246,0.05522220299997116,0.29327710450300604,57.61567612020299
1247,1247,0.055261755999993056,0.29327692369696867,57.61319603618535
1248,1248,0.05530063599996993,0.293276743132604,57.61568761119067
1249,1249,0.05534121599998798,0.2932765628091715,57.61321075901562
1250,1250,0.055381249999982174,0.2932763827263012,57.6156990519015
1251,1251,0.05544720499995037,0.29327620288325745,57.613225421239406
1252,1252,0.055501753999919856,0.29327602327967256,57.61571044258018
1253,1253,0.05557096399991224,0.2932758439148159,57.6132400231555
1254,1254,0.055614612999875135,0.2932756647883223,57.615721783470114
1255,1255,0.05565507099987599,0.2932754858994657,57.613254565060934
1256,1256,0.05569521599983318,0.29327530724788325,57.61573307481336
1257,1257,0.05573474699986036,0.2932751288328539,57.61326904725106
1258,1258,0.055773874999886175,0.29327495065401693,57.61574431685071
1259,1259,0.055876529999920876,0.29327477271065616,57.61328347001948
1260,1260,0.05592424599990409,0.2932745950024133,57.6157555098216
1261,1261,0.05596687599989991,0.29327441752857675,57.61329783365815
1262,1262,0.05600657699989142,0.29327424028879057,57.6157666539642
1263,1263,0.0560455729998921,0.29327406328234756,57.613312138457296
1264,1264,0.05608408399990594,0.29327388650889435,57.615777749515374
1265,1265,0.05612262299990789,0.29327370996772834,57.613326384705495
1266,1266,0.056163829999889,0.2932735336584983,57.6157887967107
1267,1267,0.056202686999881735,0.2932733575805063,57.61334057268963
1268,1268,0.05624126499992599,0.2932731817334034,57.615799795784525
1269,1269,0.05627962199991998,0.29327300611649615,57.613354702694956
1270,1270,0.05631790099994305,0.2932728307294377,57.61581074696983
1271,1271,0.05635645599994632,0.2932726555715393,57.613368775005085
1272,1272,0.05639496699990332,0.29327248064245626,57.61582165049842
1273,1273,0.056441623999887724,0.2932723059415043,57.61338278990195
1274,1274,0.05648196399988592,0.29327213146834097,57.61583250660079
1275,1275,0.056523497999876327,0.2932719572222862,57.61339674766591
1276,1276,0.056562653999890244,0.2932717832029998,57.615843315506204
1277,1277,0.05660140699990279,0.29327160940980623,57.61341064857568
1278,1278,0.056639971999913996,0.29327143584236737,57.615854077442684
1279,1279,0.05667867699992257,0.293271262500012,57.613424492908386
1280,1280,0.05671987899995656,0.2932710893824043,57.61586479263699
1281,1281,0.056758750999961194,0.2932709164888771,57.613438280939526
1282,1282,0.056797773999960555,0.29327074381909674,57.615875461314666
1283,1283,0.05683647499995459,0.2932705713724005,57.613452012943064
1284,1284,0.0568761949999157,0.29327039914845665,57.61588608370004
1285,1285,0.056916057999899294,0.2932702271466069,57.613465689191344
1286,1286,0.056955844999890815,0.2932700553665215,57.61589666001618
1287,1287,0.05700452799987943,0.2932698838075462,57.61347930995515
1288,1288,0.05704612199991743,0.29326971246935357,57.615907190485004
1289,1289,0.0570864029999143,0.29326954135129346,57.61349287550373
1290,1290,0.05712614799995208,0.2932693704530404,57.615917675327154
1291,1291,0.0571661829999357,0.2932691997739485,57.61350638610477
1292,1292,0.05720545999997739,0.29326902931369414,57.61592811476213
1293,1293,0.05724507099995435,0.2932688590716358,57.61351984202441
1294,1294,0.05728714499991838,0.29326868904745157,57.61593850900818
1295,1295,0.057328236999921955,0.2932685192405042,57.61353324352728
1296,1296,0.057367843999941215,0.2932683496504739,57.61594885828242
1297,1297,0.05740798499994071,0.293268180276727,57.61354659087647
1298,1298,0.05744747899996128,0.29326801111894607,57.615959162800735
1299,1299,0.057487024999943515,0.2932678421765014,57.61355988433358
1300,1300,0.0575260789999561,0.29326767344907745,57.61596942277789
1301,1301,0.05757572699991442,0.29326750493604836,57.6135731241587
1302,1302,0.057618675999890456,0.2932673366371008,57.61597963842741
1303,1303,0.057659867999916514,0.2932671685516127,57.61358631061043
1304,1304,0.05769993999996359,0.2932670006792726,57.61598980996172
1305,1305,0.05779436499994972,0.29326683301946244,57.613599443945894
1306,1306,0.05784536899994919,0.2932666655718727,57.615999937592036
1307,1307,0.05788707699991846,0.2932664983358892,57.61361252442072
1308,1308,0.05792749499994443,0.29326633131120405,57.616010021528474
1309,1309,0.05796796699996776,0.2932661644972071,57.613625552289086
1310,1310,0.058007678999956624,0.2932659978935926,57.61602006197996
1311,1311,0.05804748200000631,0.2932658314997539,57.61363852780373
1312,1312,0.0580869039999925,0.293265665315387,57.6160300591543
1313,1313,0.058172964999982923,0.29326549933988927,57.61365145121592
1314,1314,0.058216002999984084,0.2932653335729586,57.61604001325818
1315,1315,0.05825713599995197,0.29326516801399594,57.6136643227755
1316,1316,0.058297878999951536,0.2932650026627011,57.61604992449713
1317,1317,0.05833818799999335,0.29326483751847876,57.61367714273088
1318,1318,0.05837784400000601,0.2932646725810305,57.616059793075564
1319,1319,0.058426197000017055,0.29326450784976466,57.61368991132905
1320,1320,0.05846643300003507,0.29326434332438484,57.61606961919682
1321,1321,0.05850630500003717,0.29326417900430274,57.61370262881559
1322,1322,0.05854608700002473,0.2932640148892238,57.616079403063075
1323,1323,0.05858601599999247,0.29326385097856367,57.61371529543467
1324,1324,0.05862525299994559,0.2932636872720293,57.616089144875424
1325,1325,0.058665019999978085,0.2932635237690398,57.61372791142909
1326,1326,0.058731268999963504,0.2932633604693041,57.616098844833864
1327,1327,0.05877633899996226,0.293263197372245,57.61374047704024
1328,1328,0.05881808299994873,0.29326303447757296,57.616108503137326
1329,1329,0.058878900999957295,0.2932628717847143,57.613752992508125
1330,1330,0.05892302399996652,0.29326270929338133,57.6161181199836
1331,1331,0.05896402899992381,0.29326254700300375,57.61376545807141
1332,1332,0.05901392699990993,0.29326238491329576,57.61612769556943
1333,1333,0.05905499599992936,0.29326222302369054,57.613777873967386
1334,1334,0.059094911999920896,0.2932620613339039,57.6161372300905
1335,1335,0.059134937999886006,0.2932618998433725,57.61379024043199
1336,1336,0.05917448699989336,0.2932617385518138,57.61614672374139
1337,1337,0.0592145059999325,0.29326157745866793,57.61380255769982
1338,1338,0.059253785999942465,0.2932614165636541,57.61615617671564
1339,1339,0.05931683599993676,0.2932612558662159,57.61381482600413
1340,1340,0.059361282999930154,0.2932610953660739,57.616165589205735
1341,1341,0.05941591199990626,0.29326093506267525,57.61382704557686
1342,1342,0.05945702099990058,0.2932607749557424,57.616174961403104
1343,1343,0.059496617999911905,0.29326061504472545,57.613839216648614
1344,1344,0.059536104999892814,0.29326045532934863,57.61618429349811
1345,1345,0.05957569599991075,0.29326029580906543,57.61385133944871
1346,1346,0.05961879099987755,0.29326013648360183,57.61619358568011
1347,1347,0.05965994799987584,0.2932599773524144,57.613863414205134
1348,1348,0.05970007099983832,0.2932598184152307,57.616202838137404
1349,1349,0.05974043899982462,0.29325965967151074,57.613875441144586
1350,1350,0.0597801109998386,0.29325950112098365,57.61621205105729
1351,1351,0.059819814999855225,0.2932593427631126,57.613887420492496
1352,1352,0.05985984299985603,0.2932591845976283,57.61622122462599
1353,1353,0.059909320999850024,0.2932590266239973,57.613899352473
1354,1354,0.05995220499983134,0.29325886884195185,57.616230359028776
1355,1355,0.059993146999829605,0.2932587112509615,57.61391123730894
1356,1356,0.060033321999810596,0.29325855385076016,57.61623945444985
1357,1357,0.060107260999814116,0.29325839664082065,57.61392307522195
1358,1358,0.06015180999980885,0.29325823962087844,57.61624851107244
1359,1359,0.06019478399980471,0.2932580827904093,57.61393486643235
1360,1360,0.06023604699981888,0.29325792614915047,57.61625752907877
1361,1361,0.06027644199986071,0.29325776969658063,57.613946611159264
1362,1362,0.06031644499984168,0.29325761343243867,57.61626650865005
1363,1363,0.06035643299986759,0.2932574573562064,57.613958309620536
1364,1364,0.06039629299988292,0.29325730146762413,57.61627544996653
1365,1365,0.060459957999853486,0.29325714576617684,57.613969962032776
1366,1366,0.06050527699983377,0.29325699025160623,57.61628435320744
1367,1367,0.0605473959998335,0.29325683492340043,57.61398156861139
1368,1368,0.06058817599983968,0.29325667978130254,57.61629321855105
1369,1369,0.060628582999868286,0.2932565248248038,57.613993129570574
1370,1370,0.06066849099988758,0.2932563700536488,57.61630204617467
1371,1371,0.060708213999873806,0.2932562154673316,57.61400464512328
1372,1372,0.06075594399987949,0.29325606106559854,57.61631083625461
1373,1373,0.060796781999897576,0.29325590684794656,57.61401611548127
1374,1374,0.060836526999878515,0.2932557528141232,57.61631958896625
1375,1375,0.060876528999926904,0.29325559896362874,57.61402754085512
1376,1376,0.060916124999948806,0.29325544529621206,57.61632830448397
1377,1377,0.06095631499999854,0.2932552918113761,57.614038921454224
1378,1378,0.06099591000003102,0.29325513850887147,57.61633698298124
1379,1379,0.06106168100006926,0.29325498538820405,57.61405025748676
1380,1380,0.06110466000006909,0.2932548324491258,57.616345624630554
1381,1381,0.06114525000003823,0.29325467969114527,57.61406154915977
1382,1382,0.06118578300004174,0.2932545271140161,57.61635422960349
1383,1383,0.06122659300001487,0.29325437471724974,57.614072796679096
1384,1384,0.0612669280000091,0.293254222500601,57.61636279807064
1385,1385,0.06130653300004951,0.2932540704635843,57.614084000249456
1386,1386,0.06134900100005325,0.29325391860595584,57.61637133020171
1387,1387,0.06138948900002106,0.29325376692723293,57.61409516007438
1388,1388,0.06142906200005882,0.29325361542717304,57.6163798261655
1389,1389,0.061468958000091334,0.29325346410529624,57.61410627635627
1390,1390,0.061508269000114524,0.29325331296136165,57.61638828612979
1391,1391,0.06154793600012454,0.2932531619948919,57.61411734929639
1392,1392,0.06158733200010147,0.29325301120564734,57.616396710261554
1393,1393,0.061636449000104676,0.2932528605931536,57.61412837909487
1394,1394,0.06167953900006751,0.29325271015717236,57.61640509872679
1395,1395,0.061720775000082995,0.2932525598972319,57.61413936595071
1396,1396,0.06176071300012609,0.29325240981309536,57.6164134516906
1397,1397,0.061801080000122965,0.29325225990429354,57.61415031006181
1398,1398,0.06184102400010261,0.29325211017059105,57.616421769317206
1399,1399,0.06188811000009764,0.2932519606115214,57.61416121162492
1400,1400,0.061928360000081284,0.2932518112268505,57.6164300517699
1401,1401,0.06196826300009661,0.2932516620161145,57.61417207083573
1402,1402,0.0620077920000881,0.2932515129790807,57.61643829921112
1403,1403,0.06204745500008357,0.2932513641152878,57.614182887888795
1404,1404,0.06208687800005919,0.2932512154245044,57.61644651180239
1405,1405,0.062126183000088986,0.2932510669062719,57.61419366297762
1406,1406,0.06219063700012839,0.29325091856036034,57.61645468970434
1407,1407,0.06223522700014428,0.29325077038631353,57.61420439629458
1408,1408,0.06228754900018885,0.2932506223839027,57.61646283307677
1409,1409,0.062329001000193784,0.2932504745526745,57.61421508803101
1410,1410,0.06236868400020512,0.2932503268924014,57.61647094207855
1411,1411,0.06242261000016924,0.29325017940263254,57.61422573837715
1412,1412,0.062468015000149535,0.2932500320831417,57.61647901686774
1413,1413,0.06251337300017212,0.29324988493348053,57.61423634752218
1414,1414,0.06255454800015059,0.2932497379534241,57.61648705760152
1415,1415,0.06259496000012632,0.2932495911425267,57.61424691565423
1416,1416,0.0626344310001059,0.29324944450056445,57.616495064436165
1417,1417,0.06267401100006964,0.2932492980270943,57.61425744296037
1418,1418,0.06274578200009273,0.29324915172189353,57.61650303752717
1419,1419,0.06278790600009643,0.2932490055845216,57.614267929626635
1420,1420,0.0628285790000973,0.29324885961475716,57.61651097702912
1421,1421,0.0628685940001219,0.29324871381216194,57.614278375838005
1422,1422,0.06290734600008818,0.29324856817651596,57.61651888309581
1423,1423,0.0629464290000783,0.2932484227073834,57.61428878177845
1424,1424,0.06299052200006372,0.2932482774045454,57.61652675588015
1425,1425,0.06303160400005936,0.2932481322675687,57.614299147630874
1426,1426,0.06307089700004553,0.2932479872962356,57.61653459553424
1427,1427,0.06311029900001586,0.29324784249011526,57.6143094735772
1428,1428,0.06314907000000858,0.2932476978489912,57.61654240220936
1429,1429,0.06318848799998023,0.2932475533724349,57.614319759798335
1430,1430,0.06322951099997454,0.29324740906023106,57.616550176055945
1431,1431,0.06330040299997108,0.29324726491195374,57.61433000647415
1432,1432,0.06334320299993124,0.29324712092738875,57.61655791722362
1433,1433,0.06338501499993754,0.2932469771061124,57.61434021378356
1434,1434,0.06342530799992119,0.2932468334479118,57.616565625861185
1435,1435,0.06346541499993918,0.2932466899523656,57.61435038190441
1436,1436,0.06350548999989769,0.29324654661926197,57.616573302116635
1437,1437,0.06354444999993802,0.2932464034481819,57.614360511013636
1438,1438,0.06358610899997075,0.2932462604389149,57.61658094613717
1439,1439,0.06362609299998212,0.29324611759104413,57.61437060128714
1440,1440,0.06366540300001589,0.29324597490436033,57.61658855806918
1441,1441,0.06370493400004307,0.2932458323784489,57.614380652899875
1442,1442,0.0637442720000081,0.29324569001310175,57.61659613805825
1443,1443,0.06378321699997969,0.2932455478079065,57.6143906660258
1444,1444,0.06382219099998565,0.29324540576265623,57.61660368624918
1445,1445,0.06387132200001133,0.293245263876941,57.61440064083792
1446,1446,0.0639124479999964,0.29324512215055476,57.61661120278598
1447,1447,0.06395252699996945,0.2932449805830899,57.61441057750828
1448,1448,0.0639925569999491,0.2932448391743416,57.61661868781187
1449,1449,0.0640317829999617,0.29324469792390434,57.61442047620797
1450,1450,0.06407100799992804,0.29324455683157447,57.61662614146932
1451,1451,0.06411099999991166,0.2932444158969487,57.61443033710712
1452,1452,0.064156834999892,0.2932442751198245,57.616633563899974
1453,1453,0.06419656899993242,0.2932441344998008,57.614440160374954
1454,1454,0.06423631299992394,0.29324399403667595,57.61664095524475
1455,1455,0.06427515599995104,0.29324385373005135,57.61444994617972
1456,1456,0.06431411399995568,0.29324371357972645,57.616648315643765
1457,1457,0.06435353399996302,0.2932435735853045,57.61445969468875
1458,1458,0.06439212499992664,0.29324343374658635,57.61665564523642
1459,1459,0.06443917399991506,0.2932432940631773,57.614469406068444
1460,1460,0.06447999899995693,0.2932431545348791,57.616662944161305
1461,1461,0.06451900299992985,0.2932430151612995,57.614479080484294
1462,1462,0.06455727099989872,0.29324287594224124,57.616670212556286
1463,1463,0.06462964399986504,0.293242736877314,57.61448871810088
1464,1464,0.06467470199987702,0.29324259796632174,57.61667745055849
1465,1465,0.0647171569998477,0.29324245920887615,57.614498319081854
1466,1466,0.06475784799982875,0.2932423206047824,57.61668465830427
1467,1467,0.0647971699998493,0.29324218215365416,57.61450788358999
1468,1468,0.06483637399986719,0.2932420438552975,57.61669183592925
1469,1469,0.06487630699984948,0.2932419057093284,57.61451741178713
1470,1470,0.06491543899983299,0.293241767715554,57.61669898356834
1471,1471,0.06497823599983121,0.2932416298735923,57.614526903834275
1472,1472,0.0650220429998285,0.29324149218325135,57.61670610135568
1473,1473,0.06508230299982642,0.29324135464415113,57.614536359891495
1474,1474,0.06512353999983134,0.29324121725610086,57.61671318942472
1475,1475,0.06516408199985335,0.2932410800187227,57.61454578011799
1476,1476,0.06520362299983162,0.29324094293182673,57.61672024790814
1477,1477,0.06524261999982173,0.2932408059950371,57.61455516467209
1478,1478,0.06529108899985658,0.29324066920816483,57.61672727693794
1479,1479,0.06533061699985865,0.2932405325708362,57.61456451371126
1480,1480,0.06536981199985803,0.29324039608286323,57.61673427664538
1481,1481,0.06540954199988391,0.2932402597438742,57.61457382739208
1482,1482,0.06544794899991757,0.2932401235536821,57.61674124716103
1483,1483,0.06550525099987681,0.2932399875119172,57.61458310587029
1484,1484,0.06554539899985912,0.29323985161839355,57.616748188614736
1485,1485,0.06559315199990579,0.2932397158727431,57.61459234930076
1486,1486,0.06563607599986199,0.2932395802747811,57.61675510113564
1487,1487,0.06567780599988282,0.2932394448241416,57.61460155783752
1488,1488,0.06571792199986248,0.2932393095206407,57.616761984852204
1489,1489,0.06577334199988627,0.29323917436391417,57.61461073163376
1490,1490,0.0658159529999125,0.2932390393537792,57.61676883989215
1491,1491,0.06585753799993199,0.29323890448987383,57.614619870841814
1492,1492,0.06589737799993145,0.29323876977201574,57.616775666382566
1493,1493,0.06593722099995603,0.29323863519984505,57.6146289756132
1494,1494,0.06597630299995672,0.29323850077318053,57.61678246444982
1495,1495,0.06601527099996929,0.29323836649166407,57.6146380460986
1496,1496,0.06605482599997003,0.29323823235511526,57.61678923421958
1497,1497,0.066093273999968,0.293238098363178,57.61464708244785
1498,1498,0.06614112899995916,0.29323796451567297,57.61679597581687
1499,1499,0.06618299699994168,0.2932378308122459,57.61465608481
1500,1500,0.06622311499995703,0.2932376972527182,57.61680268936602
1501,1501,0.06626335799995786,0.29323756383673744,57.614665053333276
1502,1502,0.06630333099997188,0.2932374305641263,57.61680937499068
1503,1503,0.06634241399996199,0.29323729743453397,57.61467398816509
1504,1504,0.06638984399995707,0.29323716444778397,57.61681603281386
1505,1505,0.06643079499997384,0.2932370316035275,57.61468288945203
1506,1506,0.06646978099996659,0.29323689890158905,57.61682266295785
1507,1507,0.06650900799996862,0.2932367663416213,57.614691757339926
1508,1508,0.06654918499992846,0.29323663392345006,57.616829265544354
1509,1509,0.06658796799990796,0.2932365016467296,57.614700591973794
1510,1510,0.06662730699991926,0.2932363695112865,57.61683584069437
1511,1511,0.0666917879999005,0.29323623751677713,57.61470939349784
1512,1512,0.0667363359999058,0.2932361056630289,57.61684238852824
1513,1513,0.06677696999986438,0.2932359739496998,57.614718162055524
1514,1514,0.06681693199982419,0.29323584237661815,57.616848909165675
1515,1515,0.06685569899980237,0.2932357109434439,57.61472689778948
1516,1516,0.06693139299983386,0.2932355796500062,57.616855402725726
1517,1517,0.06698197999980948,0.2932354484959667,57.61473560084161
1518,1518,0.06702406399983829,0.29323531748115533,57.61686186932683
1519,1519,0.0670645949998061,0.29323518660523573,57.61474427135302
1520,1520,0.06710557799976868,0.2932350558680385,57.616868309086755
1521,1521,0.06714538899979061,0.2932349252692291,57.61475290946406
1522,1522,0.06718534199978876,0.2932347948086391,57.61687472212264
1523,1523,0.06722510899976442,0.2932346644859355,57.61476151531429
1524,1524,0.06728832099980764,0.29323453430095076,57.61688110855101
1525,1525,0.06733291799980634,0.29323440425335373,57.61477008904257
1526,1526,0.06737564499979953,0.29323427434297766,57.61688746848774
1527,1527,0.06741603899985193,0.2932341445694931,57.61477863078697
1528,1528,0.06745591799983686,0.29323401493273393,57.616893802048104
1529,1529,0.06749564999984159,0.2932338854323728,57.61478714068479
1530,1530,0.06753439399983563,0.2932337560682443,57.61690010934672
1531,1531,0.06758273299988105,0.29323362684002247,57.61479561887263
1532,1532,0.06762293899987526,0.29323349774754315,57.616906390497626
1533,1533,0.06766269599989982,0.2932333687904819,57.61480406548633
1534,1534,0.06770182499991506,0.29323323996867523,57.61691264561424
1535,1535,0.06774160299994492,0.2932331112818006,57.61481248066101
1536,1536,0.06778114599995888,0.2932329827296953,57.61691887480936
1537,1537,0.06782027099995958,0.2932328543120381,57.61482086453103
1538,1538,0.06788694299996223,0.29323272602866757,57.616925078195166
1539,1539,0.0679291149999699,0.29323259787926403,57.61482921723006
1540,1540,0.06797877599996127,0.29323246986366663,57.61693125588326
1541,1541,0.0680236179999838,0.29323234198155745,57.614837538891024
1542,1542,0.06806304599996338,0.2932322142327766,57.61693740798464
1543,1543,0.06811934899997141,0.29323208661700767,57.61484582964614
1544,1544,0.06817994299996144,0.2932319591340914,57.6169435346097
1545,1545,0.06824091299995416,0.2932318317837131,57.61485408962691
1546,1546,0.06828198699992072,0.2932317045657145,57.61694963586824
1547,1547,0.06832268199991631,0.29323157747978235,57.61486231896413
1548,1548,0.0683789339999521,0.2932314505257591,57.61695571186949
1549,1549,0.06841925799994897,0.29323132370333316,57.61487051778787
1550,1550,0.06846586699998625,0.2932311970123478,57.61696176272205
1551,1551,0.06850709700000834,0.29323107045249297,57.614878686227556
1552,1552,0.06854759399999466,0.2932309440236127,57.616967788534
1553,1553,0.06858763899998621,0.2932308177253986,57.61488682441186
1554,1554,0.06862703699999884,0.29323069155769543,57.61697378941278
1555,1555,0.06866731100001289,0.2932305655201963,57.61489493246879
1556,1556,0.06871627300000682,0.2932304396127467,57.61697976546532
1557,1557,0.06875624000002745,0.29323031383504145,57.614903010525666
1558,1558,0.06879639499999257,0.2932301881869268,57.616985716797906
1559,1559,0.06883652799996298,0.2932300626680989,57.614911058709126
1560,1560,0.06887510599995039,0.293229937278405,57.61699164351631
1561,1561,0.06891448699991543,0.2932298120175427,57.6149190771451
1562,1562,0.068954134999899,0.29322968688535983,57.6169975457257
1563,1563,0.06901705299986816,0.29322956188155574,57.614927065958895
1564,1564,0.06907698299988851,0.2932294370059789,57.617003423530726
1565,1565,0.06911823599989475,0.29322931225833027,57.6149350252751
1566,1566,0.06915759799989019,0.29322918763845907,57.617009277035436
1567,1567,0.06921183599990854,0.29322906314606745,57.61494295521767
1568,1568,0.06926156099990521,0.29322893878100575,57.61701510634334
1569,1569,0.06932060099990167,0.2932288145429775,57.61495085590988
1570,1570,0.06936216399986961,0.2932286904318336,57.6170209115574
1571,1571,0.06940667999987227,0.2932285664472793,57.61495872747435
1572,1572,0.0694591909999076,0.2932284425891662,57.617026692780016
1573,1573,0.06950121899990336,0.2932283188572008,57.61496657003305
1574,1574,0.06958212299991828,0.2932281952512356,57.61703245011306
1575,1575,0.06962773199990124,0.2932280717709786,57.61497438370728
1576,1576,0.0696684079998704,0.29322794841628297,57.61703818365784
1577,1577,0.06970873899985008,0.2932278251868582,57.614982168617715
1578,1578,0.0697484869997993,0.293227702082558,57.61704389351513
1579,1579,0.06980487499981791,0.29322757910309344,57.61498992488439
1580,1580,0.06984584599979371,0.29322745624831903,57.61704957978518
1581,1581,0.0698872189998383,0.29322733351794716,57.61499765262668
1582,1582,0.06992691099986814,0.29322721091183307,57.617055242567695
1583,1583,0.06996720399990863,0.29322708842969053,57.61500535196333
1584,1584,0.07000627199994369,0.29322696607137555,57.61706088196184
1585,1585,0.07004606999993257,0.2932268438366033,57.615013023012466
1586,1586,0.0700878039999111,0.29322672172523045,57.617066498066286
1587,1587,0.07016596399995478,0.2932265997369737,57.615020665891585
1588,1588,0.07048165199995537,0.2932264778716902,57.61707209097913
1589,1589,0.07053813699997136,0.29322635612909814,57.61502828071754
1590,1590,0.07058131499996989,0.2932262345090555,57.617077660798
1591,1591,0.07062296799995238,0.2932261130112817,57.61503586760659
1592,1592,0.07066500899992434,0.29322599163563545,57.61708320761996
1593,1593,0.07070543599991197,0.29322587038183756,57.615043426674355
1594,1594,0.07074546699988105,0.2932257492497475,57.617088731541585
1595,1595,0.07078567399986468,0.29322562823908727,57.61505095803586
1596,1596,0.0708478989998298,0.29322550734971714,57.61709423265894
1597,1597,0.07090351099981262,0.2932253865813605,57.615058461805496
1598,1598,0.07095801399981383,0.2932252659338781,57.61709971106756
1599,1599,0.07099863799982131,0.2932251454069949,57.615065938097096
1600,1600,0.07103917899979706,0.29322502500057224,57.61710516686249
1601,1601,0.07108829599980027,0.2932249047143365,57.615073387023834
1602,1602,0.07112875199982227,0.29322478454814954,57.617110600138254
1603,1603,0.07116760899987185,0.293224664501739,57.61508080869833
1604,1604,0.07120660099985798,0.2932245445749677,57.6171160109889
1605,1605,0.07126189499985003,0.2932244247675645,57.615088203232574
1606,1606,0.07130121099987718,0.2932243050793929,57.617121399507965
1607,1607,0.07133966199990027,0.29322418551018287,57.615095570737985
1608,1608,0.07138741399990067,0.29322406605979867,57.61712676578849
1609,1609,0.07145126599994,0.2932239467279717,57.61510291132541
1610,1610,0.07149349199994504,0.29322382751456677,57.61713210992302
1611,1611,0.07153338599994186,0.29322370841931666,57.615110225105084
1612,1612,0.07161470599993436,0.29322358944208665,57.617137432003624
1613,1613,0.07166414999994686,0.293223470582611,57.615117512186664
1614,1614,0.07170487199994113,0.29322335184075554,57.61714273212186
1615,1615,0.07174428799999077,0.2932232332162559,57.615124772679245
1616,1616,0.071783747999973,0.2932231147089784,57.61714801036885
1617,1617,0.07182246299993267,0.29322299631866,57.61513200669134
1618,1618,0.0718610569999214,0.29322287804516783,57.617153266835174
1619,1619,0.07189966899989031,0.29322275988823987,57.615139214330895
1620,1620,0.07196342299994285,0.29322264184774405,57.61715850161098
1621,1621,0.07200632699994003,0.29322252392341946,57.61514639570528
1622,1622,0.0720469609998986,0.29322240611513484,57.617163714785924
1623,1623,0.07208594099989796,0.2932222884226304,57.61515355092132
1624,1624,0.0721252539999,0.2932221708457755,57.61716890644919
1625,1625,0.07216296199987937,0.2932220533843117,57.61516068008526
1626,1626,0.07220205699985627,0.2932219360381089,57.61717407668948
1627,1627,0.07224833799989483,0.29322181880690995,57.615167783302795
1628,1628,0.07228837299987845,0.2932217016905853,57.617179225595066
1629,1629,0.07232710299990686,0.2932215846888791,57.615174860679076
1630,1630,0.07237307799988457,0.2932214678016623,57.61718435325372
1631,1631,0.07241145799991955,0.2932213510286803,57.61518191231868
1632,1632,0.07245048499993345,0.29322123436980485,57.617189459752765
1633,1633,0.0724886349999565,0.2932211178247823,57.61518893832568
1634,1634,0.07255935099993849,0.29322100139348517,57.617194545179075
1635,1635,0.07260107199994081,0.2932208850756611,57.61519593880355
1636,1636,0.07264294299994845,0.2932207688711829,57.61719960961903
1637,1637,0.07269375099997433,0.29322065277979964,57.61520291385529
1638,1638,0.07275745399994094,0.29322053680138477,57.61720465315861
1639,1639,0.07280175099992903,0.29322042093568845,57.61520986358329
1640,1640,0.07290442799995844,0.29322030518258463,57.6172096758833
1641,1641,0.07294912699995848,0.2932201895418247,57.61521678808946
1642,1642,0.07299109499996348,0.2932200740132835,57.61721467787818
1643,1643,0.07303203099996836,0.2932199585967133,57.615223687475165
1644,1644,0.07308469999998124,0.2932198432919895,57.61721965922784
1645,1645,0.07314258599996037,0.29321972809886565,57.61523056184123
1646,1646,0.07318442699994421,0.2932196130172177,57.61722462001645
1647,1647,0.07322467599993843,0.2932194980468004,57.61523741128797
1648,1648,0.07330832499997086,0.29321938318749036,57.617229560327736
1649,1649,0.07335508899996057,0.29321926843904333,57.61524423591518
1650,1650,0.07339855399993667,0.2932191538013364,57.61723448024499
1651,1651,0.07343859799993879,0.29321903927412674,57.61525103582211
1652,1652,0.07351773799996408,0.29321892485729195,57.61723937985106
1653,1653,0.07356411799997886,0.2932188105505902,57.61525781110753
1654,1654,0.07360567599999968,0.2932186963538997,57.61724425922835
1655,1655,0.07364467700000432,0.29321858226697983,57.61526456186969
1656,1656,0.07368367800000897,0.2932184682897095,57.61724911845887
1657,1657,0.07372191500002145,0.293218354421849,57.615271288206316
1658,1658,0.07376058700003796,0.2932182406632777,57.617253957624186
1659,1659,0.0737985010000557,0.2932181270137572,57.615277990214636
1660,1660,0.07383688100003383,0.2932180134731675,57.61725877680542
1661,1661,0.07388264500002606,0.29321790004127124,57.61528466799138
1662,1662,0.07393240900000819,0.29321778671794896,57.61726357608329
1663,1663,0.07398998700000448,0.29321767350296424,57.61529132163278
1664,1664,0.074033997000015,0.29321756039619834,57.617268355538094
1665,1665,0.07407531100000142,0.29321744739741606,57.61529795123455
1666,1666,0.07411661899999444,0.29321733450649917,57.61727311524971
1667,1667,0.07415678199998865,0.2932172217232134,57.61530455689195
1668,1668,0.07419767899995122,0.2932171090474409,57.61727785529757
1669,1669,0.07423738199992158,0.29321699647894905,57.6153111386997
1670,1670,0.07432429899995441,0.29321688401762025,57.617282575760754
1671,1671,0.07436782899998207,0.2932167716632227,57.61531769675208
1672,1672,0.07440939499997512,0.29321665941563974,57.61728727671788
1673,1673,0.07444960700001957,0.29321654727464047,57.61532423114283
1674,1674,0.07449011700003894,0.29321643524010876,57.617291958247186
1675,1675,0.07453004100000271,0.2932163233118148,57.61533074196527
1676,1676,0.07458154800002603,0.293216211489643,57.617296620426494
1677,1677,0.07462343000003102,0.2932160997733646,57.6153372293122
1678,1678,0.0746645930000227,0.2932159881628646,57.61730126333321
1679,1679,0.0747049760000209,0.2932158766579154,57.61534369327597
1680,1680,0.07474547300006407,0.29321576525840204,57.61730588704435
1681,1681,0.07478493000007802,0.2932156539640983,57.61535013394839
1682,1682,0.07482546500011722,0.29321554277489004,57.617310491636545
1683,1683,0.07489853500010213,0.29321543169055175,57.6153565514209
1684,1684,0.07494105700010323,0.29321532071096973,57.61731507718603
1685,1685,0.0749814450001054,0.2932152098359196,57.615362945784405
1686,1686,0.07502234700007193,0.29321509906528836,57.61731964376859
1687,1687,0.07506129500006864,0.2932149883988525,57.61536931712934
1688,1688,0.07510165200005758,0.29321487783649947,57.61732419145971
1689,1689,0.07514098200005037,0.2932147673780068,57.615375665545734
1690,1690,0.0751907030000325,0.2932146570232626,57.61732872033439
1691,1691,0.07704684900005532,0.29321454677204545,57.6153819911231
1692,1692,0.07710843900002828,0.2932144366242437,57.617333230467324
1693,1693,0.07715269300007321,0.2932143265796371,57.61538829395051
1694,1694,0.07722042000006013,0.2932142166381146,57.61733772193277
1695,1695,0.07726662300007092,0.29321410679945686,57.6153945741166
1696,1696,0.07731001400003379,0.2932139970635532,57.61734219480463
1697,1697,0.07737487100007456,0.2932138874301856,57.615400831709515
1698,1698,0.0774404190000837,0.2932137778992437,57.617346649156396
1699,1699,0.07749683400004415,0.29321366847051034,57.615407066817006
1700,1700,0.07755353300007073,0.2932135591438758,57.61735108506121
1701,1701,0.0776090380001051,0.2932134499191239,57.61541327952634
1702,1702,0.07765351200009718,0.2932133407961456,57.61735550259184
1703,1703,0.07769441800007826,0.29321323177472536,57.615419469924326
1704,1704,0.07773513700004742,0.29321312285475476,57.61735990182065
1705,1705,0.0777756540000496,0.29321301403601935,57.61542563809738
1706,1706,0.07781542700007549,0.29321290531841115,57.61736428281966
1707,1707,0.07791326700009904,0.2932127967017166,57.61543178413144
1708,1708,0.07795829600013349,0.29321268818582824,57.617368645660505
1709,1709,0.07799961300008817,0.2932125797705336,57.61543790811202
1710,1710,0.07804076400009308,0.29321247145572554,57.61737299041447
1711,1711,0.07808052400008592,0.29321236324119265,57.61544401012421
1712,1712,0.0781207140000788,0.2932122551268282,57.617377317152446
1713,1713,0.07816071200011265,0.2932121471124217,57.61545009025266
1714,1714,0.0782110820001094,0.29321203919786715,57.61738162594498
1715,1715,0.07825140800008512,0.29321193138295465,57.61545614858158
1716,1716,0.07829195200008598,0.2932118236675789,57.617385916862276
1717,1717,0.07833136600009993,0.293211716051531,57.61546218519478
1718,1718,0.0783790310001109,0.2932116085347059,57.61739018997414
1719,1719,0.07842091500009474,0.2932115011168958,57.61546820017564
1720,1720,0.07847298900009037,0.29321139379799604,57.617394445350044
1721,1721,0.07851631500011536,0.29321128657779993,57.6154741936071
1722,1722,0.07855790900009652,0.2932111794562032,57.6173986830591
1723,1723,0.07859809600006429,0.2932110724329997,57.615480165571704
1724,1724,0.07865186200007201,0.2932109655080862,57.61740290317007
1725,1725,0.07869403600005853,0.29321085868125724,57.61548611615156
1726,1726,0.0787370530000544,0.2932107519524099,57.61740710575137
1727,1727,0.07877756100003808,0.2932106453213399,57.61549204542839
1728,1728,0.07881842700004427,0.2932105387879445,57.61741129087105
1729,1729,0.07885832600004505,0.29321043235202077,57.61549795348348
1730,1730,0.07889796900002466,0.29321032601346597,57.617415458596824
1731,1731,0.07893773900002543,0.2932102197720782,57.61550384039771
1732,1732,0.07898688100004847,0.29321011362775534,57.61741960899608
1733,1733,0.07902814800007718,0.29321000758029625,57.61550970625157
1734,1734,0.07906898200008072,0.29320990162959926,57.617423742135834
1735,1735,0.0791089940000802,0.29320979577546424,57.61551555112515
1736,1736,0.07914942800010749,0.29320969001778985,57.617427858082756
1737,1737,0.07918876700011879,0.2932095843563768,57.615521375098105
1738,1738,0.07923933400013539,0.2932094787911244,57.617431956903225
1739,1739,0.07929812600013975,0.29320937332183417,57.61552717824972
1740,1740,0.07935513900014257,0.2932092679484058,57.617436038663236
1741,1741,0.07939882900012663,0.2932091626706416,57.615532960658875
1742,1742,0.07943945600015923,0.2932090574884419,57.61744010342847
1743,1743,0.07947883200012029,0.2932089524016099,57.615538722404054
1744,1744,0.07954505100013876,0.2932088474100462,57.61744415126427
1745,1745,0.07959165200014695,0.2932087425135549,57.61554446356335
1746,1746,0.07963303200011751,0.29320863771203715,57.617448182235655
1747,1747,0.07967372300009856,0.2932085330052978,57.6155501842145
1748,1748,0.07971450700006244,0.2932084283932385,57.61745219640731
1749,1749,0.07975389700004598,0.29320832387566514,57.61555588443476
1750,1750,0.07980804000004582,0.2932082194524795,57.61745619384358
1751,1751,0.07984747500000822,0.29320811512348827,57.61556156430112
1752,1752,0.07988716800002749,0.29320801088859394,57.61746017460852
1753,1753,0.07992621800002553,0.293207906747604,57.61556722389009
1754,1754,0.0799659580000025,0.29320780270042135,57.61746413876582
1755,1755,0.08000531300001512,0.29320769874685415,57.61557286327786
1756,1756,0.08009477100000595,0.2932075948868058,57.617468086378885
1757,1757,0.08013826100005872,0.29320749112008554,57.61557848254022
1758,1758,0.08017956000003323,0.293207387446597,57.61747201751078
1759,1759,0.08021929700004193,0.29320728386615025,57.61558408175259
1760,1760,0.08026017000008778,0.2932071803786493,57.617475932224245
1761,1761,0.08030144800011385,0.29320707698390513,57.61558966098999
1762,1762,0.08034252100009098,0.2932069736818223,57.617479830581736
1763,1763,0.08039192400008233,0.2932068704722122,57.61559522032711
1764,1764,0.08043356100006349,0.29320676735498025,57.61748371264537
1765,1765,0.08047329000004311,0.2932066643299386,57.615600759838244
1766,1766,0.08051294400007691,0.2932065613969928,57.617487578476954
1767,1767,0.08055210600008422,0.293206458555956,57.61560627959732
1768,1768,0.08059225600010222,0.29320635580673415,57.617491428137996
1769,1769,0.0806597460000944,0.2932062531491414,57.615611779677906
1770,1770,0.08070322800011809,0.29320615058308375,57.617495261689676
1771,1771,0.08074393500015731,0.29320604810837625,57.615617260153215
1772,1772,0.08078434400010792,0.29320594572492564,57.617499079192896
1773,1773,0.08082391500010999,0.2932058434325475,57.61562272109609
1774,1774,0.08090772600013452,0.29320574123114895,57.61750288070823
1775,1775,0.08094988500010913,0.29320563912054637,57.61562816257899
1776,1776,0.08099938800012296,0.2932055371006473,57.61750666629597
1777,1777,0.08103991300015423,0.293205435171269,57.61563358467407
1778,1778,0.08108018000012862,0.29320533333231935,57.61751043601607
1779,1779,0.08111949800013463,0.29320523158361655,57.6156389874531
1780,1780,0.08115946900011295,0.29320512992506875,57.617514189928215
1781,1781,0.08119905300014807,0.29320502835649476,57.6156443709875
1782,1782,0.08126516900017577,0.29320492687780325,57.61751792809179
1783,1783,0.0813072600001874,0.29320482548881405,57.61564973534834
1784,1784,0.08134846500018966,0.29320472418943605,57.6175216505659
1785,1785,0.08138854600014156,0.2932046229794897,57.61565508060633
1786,1786,0.0814286550001384,0.29320452185888446,57.61752535740929
1787,1787,0.081473029000108,0.2932044208274416,57.61566040683187
1788,1788,0.08151361200009433,0.2932043198850708,57.6175290486805
1789,1789,0.08156240600010278,0.29320421903159416,57.615665714094966
1790,1790,0.08160478200011312,0.29320411826692183,57.61753272443772
1791,1791,0.08164642400009825,0.29320401759087666,57.61567100246532
1792,1792,0.08168634000008979,0.29320391700336906,57.61753638473886
1793,1793,0.08172634200008133,0.2932038165042227,57.615676272012266
1794,1794,0.08176604900012308,0.29320371609334855,57.617540029641575
1795,1795,0.0818359580001129,0.29320361577057086,57.61568152280485
1796,1796,0.08189662500012673,0.29320351553580093,57.61754365920319
1797,1797,0.08194311200014681,0.2932034153888639,57.6156867549117
1798,1798,0.0819841490001636,0.2932033153296715,57.61754727348077
1799,1799,0.08202474500018297,0.2932032153580493,57.61569196840118
1800,1800,0.08206447300017317,0.29320311547390954,57.61755087253108
1801,1801,0.08210433700020303,0.2932030156770788,57.6156971633413
1802,1802,0.08215441600020768,0.2932029159674695,57.61755445641065
1803,1803,0.08219537200022842,0.29320281634490897,57.61570233979972
1804,1804,0.0822352560002173,0.29320271680931,57.61755802517568
1805,1805,0.08227482000017972,0.2932026173605006,57.6157074978438
1806,1806,0.08231425900015665,0.29320251799839403,57.617561578882125
1807,1807,0.08235330000019303,0.29320241872281894,57.61571263754055
1808,1808,0.08243924900017419,0.293202319533689,57.61756511758562
1809,1809,0.08248381200019139,0.29320222043083377,57.61571775895668
1810,1810,0.08252641900014623,0.29320212141416696,57.617568641341585
1811,1811,0.08256694400012066,0.293202022483519,57.615722862158535
1812,1812,0.08260709000012412,0.2932019236388041,57.61757215020512
1813,1813,0.08264688300010903,0.29320182487985325,57.61572794721221
1814,1814,0.08268716500009532,0.29320172620658097,57.61757564423108
1815,1815,0.08284790500010786,0.29320162761881907,57.61573301418341
1816,1816,0.08289480900015178,0.2932015291164825,57.61757912347405
1817,1817,0.08293706400013434,0.2932014306994037,57.61573806313754
1818,1818,0.08298350100011476,0.2932013323674979,57.61758258798833
1819,1819,0.08305056000011746,0.2932012341205983,57.61574309413972
1820,1820,0.08310165700009975,0.29320113595862063,57.61758603782797
1821,1821,0.08314388500014047,0.2932010378813987,57.615748107254724
1822,1822,0.08318421700016643,0.2932009398888485,57.617589473046735
1823,1823,0.08323389600019482,0.2932008419808046,57.61575310254704
1824,1824,0.08327683300018407,0.29320074415718345,57.61759289369815
1825,1825,0.0833192620001455,0.2932006464178202,57.615758080080816
1826,1826,0.08336001600014242,0.29320054876263163,57.61759629983548
1827,1827,0.08340134000013677,0.2932004511914536,57.61576303991991
1828,1828,0.08344123700015871,0.29320035370420333,57.61759969151171
1829,1829,0.08348177500010934,0.29320025630071744,57.615767982127885
1830,1830,0.08355783000007477,0.2932001589809133,57.61760306877956
1831,1831,0.08360573700008445,0.2932000617446282,57.61577290676796
1832,1832,0.08364783500007889,0.29319996459178,57.617606431691506
1833,1833,0.08368878100003485,0.2931998675222066,57.6157778139031
1834,1834,0.08372909400003437,0.29319977053582624,57.61760978029981
1835,1835,0.08376896900000474,0.2931996736324775,57.61578270359594
1836,1836,0.08380823200002396,0.29319957681207887,57.61761311465641
1837,1837,0.08384843100003536,0.29319948007446983,57.61578757590881
1838,1838,0.08388990500003501,0.293199383419569,57.61761643481301
1839,1839,0.0839323280000599,0.2931992868472165,57.61579243090376
1840,1840,0.08397323000008328,0.29319919035733155,57.61761974082109
1841,1841,0.08401373500004183,0.29319909394975463,57.615797268642545
1842,1842,0.08405429700002287,0.2931989976244055,57.61762303273185
1843,1843,0.0840941060000091,0.2931989013811253,57.6158020891866
1844,1844,0.0841523089999896,0.2931988052198339,57.61762631059628
1845,1845,0.0842084120000095,0.2931987091403734,57.61580689259711
1846,1846,0.08425059199998941,0.2931986131426638,57.61762957446507
1847,1847,0.08430192299994133,0.293198517226548,57.61581167893491
1848,1848,0.08434929799994961,0.29319842139194624,57.61763282438871
1849,1849,0.0843907669999453,0.2931983256387021,57.6158164482606
1850,1850,0.08443361499996627,0.2931982299667361,57.617636060417425
1851,1851,0.08447400499994728,0.2931981343758925,57.61582120063447
1852,1852,0.08451398399995469,0.2931980388660923,57.617639282601196
1853,1853,0.08455416799995419,0.2931979434371802,57.615825936116536
1854,1854,0.0845939139999814,0.2931978480890775,57.61764249098977
1855,1855,0.08463398099996766,0.2931977528216297,57.615830654766505
1856,1856,0.08468878999997287,0.29319765763475847,57.61764568563266
1857,1857,0.08473163499996872,0.29319756252830986,57.61583535664383
1858,1858,0.08477250799995772,0.2931974675022057,57.61764886657912
1859,1859,0.08481302599994933,0.29319737255629286,57.61584004180766
1860,1860,0.08485299299996996,0.29319727769049353,57.61765203387817
1861,1861,0.08489255299997467,0.293197182904655,57.61584471031686
1862,1862,0.08493225799998072,0.2931970881987001,57.617655187578634
1863,1863,0.08498204799997211,0.2931969935724766,57.615849362230065
1864,1864,0.08502273499999546,0.2931968990259075,57.61765832772904
1865,1865,0.08506252900002664,0.2931968045588414,57.61585399760557
1866,1866,0.08511183900003516,0.2931967101712015,57.61766145437773
1867,1867,0.0851671330000272,0.29319661586283696,57.61585861650144
1868,1868,0.085249086000033,0.29319652163367155,57.6176645675728
1869,1869,0.08529655800003866,0.29319642748355484,57.615863218975456
1870,1870,0.08533851400005688,0.29319633341241086,57.617667667362106
1871,1871,0.08537982000007105,0.29319623942009004,57.615867805085095
1872,1872,0.08542015900002298,0.29319614550651657,57.617670753793284
1873,1873,0.08546803800004454,0.2931960516715415,57.615872374887644
1874,1874,0.0855103140000324,0.2931959579150893,57.61767382691375
1875,1875,0.08555319200007716,0.29319586423701166,57.615876928440024
1876,1876,0.0855936090001137,0.29319577063723345,57.617676886770674
1877,1877,0.08563406000013174,0.2931956771156069,57.61588146579897
1878,1878,0.08567411000012726,0.29319558367205706,57.61767993341102
1879,1879,0.08571430000017699,0.293195490306437,57.61588598702088
1880,1880,0.08596263800012593,0.2931953970186719,57.61768296688151
1881,1881,0.08600954600012756,0.29319530380861547,57.61589049216195
1882,1882,0.08605199600009428,0.29319521067619325,57.617685987228676
1883,1883,0.08609314900007803,0.29319511762125944,57.6158949812781
1884,1884,0.08613396400005513,0.29319502464374,57.61768899449878
1885,1885,0.08618611300005341,0.2931949317434896,57.61589945442497
1886,1886,0.08624700600006463,0.2931948389204347,57.617691988737896
1887,1887,0.08631708500007562,0.29319474617443037,57.61590391165793
1888,1888,0.08636122300009674,0.2931946535054034,57.617694969991895
1889,1889,0.08644158100008781,0.29319456091320956,57.61590835303213
1890,1890,0.08650306300006605,0.29319446839777585,57.61769793830638
1891,1891,0.08655104000007441,0.2931943759589587,57.61591277860244
1892,1892,0.08659170200007793,0.2931942835966852,57.617700893726784
1893,1893,0.08663282500009473,0.29319419131081254,57.61591718842348
1894,1894,0.08667252300011796,0.2931940991012681,57.617703836298304
1895,1895,0.08671245900012536,0.29319400696790954,57.615921582549625
1896,1896,0.08675531800008685,0.29319391491066477,57.61770676606594
1897,1897,0.08679575600007183,0.2931938229293918,57.615925961034996
1898,1898,0.08683564600005411,0.2931937310240188,57.61770968307446
1899,1899,0.08687570700004699,0.2931936391944046,57.615930323933426
1900,1900,0.0869154230000504,0.29319354744047754,57.61771258736843
1901,1901,0.08695527000003267,0.29319345576209693,57.615934671298554
1902,1902,0.0870123750000289,0.2931933641591914,57.617715478992196
1903,1903,0.08705546200002345,0.2931932726316209,57.61593900318374
1904,1904,0.08709659900000588,0.2931931811793144,57.617718357989915
1905,1905,0.08713738899996315,0.29319308980213243,57.61594331964213
1906,1906,0.08717740899993487,0.2931929985000041,57.61772122440552
1907,1907,0.08721770599993306,0.29319290727279046,57.61594762072656
1908,1908,0.08725749799992855,0.2931928161204211,57.617724078282734
1909,1909,0.0873077889999081,0.2931927250427576,57.61595190648969
1910,1910,0.08735574299993232,0.2931926340397297,57.61772691966512
1911,1911,0.08739650199993321,0.29319254311119974,57.61595617698391
1912,1912,0.08744112799996628,0.29319245225709756,57.617729748595956
1913,1913,0.08748139099998298,0.29319236147728595,57.61596043226136
1914,1914,0.08758257599998842,0.2931922707716953,57.6177325651184
1915,1915,0.08762630400002536,0.29319218014018894,57.61596467237396
1916,1916,0.08766714000000775,0.29319208958269727,57.61773536927534
1917,1917,0.08770766300000332,0.29319199909908444,57.61596889737338
1918,1918,0.08778752900002473,0.293191908689281,57.617738161109514
1919,1919,0.0878326720000473,0.2931918183531516,57.61597310731105
1920,1920,0.08788338700003351,0.2931917280906273,57.61774094066343
1921,1921,0.08792499399999087,0.2931916379015731,57.61597730223818
1922,1922,0.08796565500000497,0.2931915477859202,57.61774370797942
1923,1923,0.08800583300001108,0.2931914577435343,57.61598148220574
1924,1924,0.08804571500002112,0.293191367774347,57.61774646309961
1925,1925,0.08808534600001394,0.2931912778782243,57.61598564726446
1926,1926,0.08815279700002066,0.2931911880550983,57.61774920606591
1927,1927,0.08819768699999031,0.29319109830483536,57.615989797464835
1928,1928,0.08826243700002578,0.2931910086273679,57.617751936920065
1929,1929,0.08830407700003207,0.29319091902256283,57.615993932857144
1930,1930,0.08834490700002107,0.29319082949035274,57.61775465570362
1931,1931,0.08838546900005895,0.2931907400306053,57.61599805349144
1932,1932,0.08842540900008089,0.2931906506432531,57.61775736245791
1933,1933,0.0884749240000815,0.29319056132816446,57.61600215941754
1934,1934,0.08851623900005734,0.2931904720852723,57.6177600572241
1935,1935,0.08855648500002644,0.2931903829144454,57.61600625068501
1936,1936,0.08859703200005242,0.2931902938156169,57.617762740043155
1937,1937,0.08863758600006122,0.2931902047886561,57.61601032734325
1938,1938,0.08867767900005674,0.29319011583349647,57.61776541095585
1939,1939,0.08874381700002232,0.29319002695000784,57.61601438944138
1940,1940,0.08880574200003366,0.29318993813812394,57.61776807000277
1941,1941,0.08885191899997835,0.2931898493977149,57.61601843702834
1942,1942,0.08889358199996877,0.29318976072871505,57.61777071722432
1943,1943,0.08893529300002001,0.2931896721309949,57.6160224701528
1944,1944,0.08897356300002457,0.2931895836044889,57.61777335266071
1945,1945,0.089012771000057,0.29318949514906817,57.61602648886327
1946,1946,0.08906126200008657,0.2931894067646675,57.61777597635197
1947,1947,0.08910039200009123,0.2931893184511584,57.616030493207994
1948,1948,0.08913892900005749,0.293189230208476,57.61777858833797
1949,1949,0.08917773800004625,0.2931891420364924,57.61603448323502
1950,1950,0.08921630700007199,0.2931890539351426,57.617781188658334
1951,1951,0.08925461600006201,0.2931889659042996,57.61603845899217
1952,1952,0.08933222500007787,0.2931888779438986,57.617783777352564
1953,1953,0.08937714900008586,0.29318879005381293,57.61604242052707
1954,1954,0.08941719700010253,0.2931887022339782,57.61778635445998
1955,1955,0.08945694800013371,0.2931886144842681,57.616046367887115
1956,1956,0.08949719200012396,0.29318852680461854,57.61778892001967
1957,1957,0.08953733400016972,0.2931884391949039,57.61605030111947
1958,1958,0.08957607300021664,0.29318835165506,57.6177914740706
1959,1959,0.08961435100019344,0.2931882641849619,57.61605422027114
1960,1960,0.08965572200020233,0.2931881767845458,57.617794016651516
1961,1961,0.08969483000015543,0.2931880894536869,57.61605812538886
1962,1962,0.08973323400016397,0.29318800219232183,57.61779654780103
1963,1963,0.08977193200013289,0.29318791500032654,57.616062016519216
1964,1964,0.08981039300010707,0.29318782787763764,57.617799067557534
1965,1965,0.0898488800000905,0.2931877408241314,57.61606589370854
1966,1966,0.08991534700010106,0.2931876538397449,57.61780157595927
1967,1967,0.08995639900012975,0.29318756692435494,57.616069757002975
1968,1968,0.08999562200011724,0.2931874800778987,57.61780407304432
1969,1969,0.09003449100009675,0.2931873933002535,57.616073606448474
1970,1970,0.09007332800007362,0.2931873065913569,57.61780655885055
1971,1971,0.09014887400007865,0.2931872199510866,57.61607744209074
1972,1972,0.090189783000028,0.2931871333793803,57.617809033415696
1973,1973,0.09023778700003504,0.2931870468761162,57.61608126397532
1974,1974,0.09027761999999484,0.2931869604412324,57.617811496777314
1975,1975,0.0903161960000034,0.2931868740746075,57.61608507214752
1976,1976,0.09035435699996697,0.29318678777617974,57.61781394897277
1977,1977,0.09039291099998081,0.2931867015458282,57.6160888666525
1978,1978,0.09043132599998671,0.29318661538349156,57.61781639003928
1979,1979,0.09048747099996035,0.2931865292890493,57.61609264753516
1980,1980,0.09053246399997761,0.2931864432624401,57.61781882001388
1981,1981,0.09057298400000491,0.2931863573035441,57.61609641484023
1982,1982,0.09061213199998974,0.29318627141230025,57.61782123893348
1983,1983,0.09065145899995741,0.2931861855885891,57.616100168612256
1984,1984,0.09069016699993426,0.29318609983234983,57.617823646834744
1985,1985,0.09072862199991505,0.29318601414346346,57.61610390889555
1986,1986,0.09076709099991831,0.2931859285218694,57.61782604375424
1987,1987,0.0908132209999053,0.29318584296744904,57.616107635734274
1988,1988,0.09085247099989147,0.2931857574801422,57.61782842972836
1989,1989,0.09089116399985642,0.2931856720598307,57.61611134917235
1990,1990,0.09093030399986901,0.2931855867064544,57.617830804793314
1991,1991,0.0909685449998392,0.2931855014198958,57.616115049253544
1992,1992,0.09100642399982917,0.29318541620009475,57.61783316898516
1993,1993,0.09104497299983905,0.29318533104693445,57.6161187360214
1994,1994,0.0910948899998516,0.29318524596035495,57.617835522339774
1995,1995,0.0911529179998638,0.2931851609402398,57.61612240951929
1996,1996,0.09119402799984755,0.29318507598652915,57.61783786489293
1997,1997,0.09123347499985357,0.2931849910991072,57.616126069790404
1998,1998,0.0912720389998185,0.2931849062779145,57.61784019668018
1999,1999,0.09131071099983501,0.2931848215228352,57.61612971687772
2000,2000,0.09134916499982637,0.29318473683381047,57.617842517736925
