epoch,updates,time,train_loss,val_rmse
1,1,1.7478000017945305e-05,0.30877518006952187,68.6124738897015
2,2,2.9022000035183737e-05,0.2533959254961266,61.84067532238744
3,3,4.179600000497885e-05,0.23535566966916058,60.44251538346229
4,4,5.1423999991584424e-05,0.22663270501583885,59.37174640325906
5,5,6.781400003319504e-05,0.22170003955369408,58.92991301706838
6,6,7.730600003696964e-05,0.21868830873661585,58.65224661720457
7,7,8.679500001562701e-05,0.2167465248687296,58.517183902410444
8,8,9.555500002988992e-05,0.21543823418351674,58.447668247473835
9,9,0.00010438800006795645,0.2145242616482529,58.421873243781704
10,10,0.0001128840000319542,0.2138662802074974,58.42061666318718
11,11,0.00012154800003827404,0.21338030246549952,58.43459844907828
12,12,0.00013050600006181412,0.21301310311006938,58.457474334961816
13,13,0.0001395040000602421,0.21272971657179268,58.48550645597323
14,14,0.00014830900005335934,0.21250649827840862,58.5162711894844
15,15,0.00015712900005837582,0.21232709387570342,58.54825366169872
16,16,0.00016581900001710892,0.212179993484925,58.58049044020938
17,17,0.00017894699999487784,0.21205698814488616,58.61238356293665
18,18,0.00018794799996157963,0.21195216218293633,58.64357084754798
19,19,0.00019679099995073557,0.21186121694217164,58.67384552990798
20,20,0.00021476099999517828,0.21178100679982562,58.70310226365917
21,21,0.0002262630000018362,0.2117092153623557,58.731301593013264
22,22,0.00023652299995546855,0.2116441265279223,58.758446050244686
23,23,0.0002464489999738362,0.21158446101762382,58.78456413541558
24,24,0.00025569599995378667,0.21152925877695003,58.809699549978994
25,25,0.0002672049999432602,0.2114777938913624,58.8339040110764
26,26,0.0002765379999232209,0.21142951275386415,58.857232505405236
27,27,0.0002854559999150297,0.21138398897358537,58.87974021528104
28,28,0.00029420799990020896,0.21134089040016293,58.90148058953306
29,29,0.000303076999955465,0.21129995495170842,58.92250419614617
30,30,0.0003119079999578389,0.2112609728596994,58.94285810469668
31,31,0.00032099699996024356,0.21122377360279265,58.962585623410384
32,32,0.0003296269999282231,0.21118821627377812,58.981726268895045
33,33,0.0003383569999186875,0.21115418246439094,59.000315883821614
34,34,0.0003473629999461991,0.21112157099932027,59.0183868439602
35,35,0.0003562519999604774,0.2110902940300067,59.03596831438727
36,36,0.0003653589999430551,0.21106027412947623,59.05308652766382
37,37,0.0003744019999771808,0.2110314421248982,59.069765065935165
38,38,0.00038324699994518596,0.2110037354744044,59.08602513533135
39,39,0.0003919099999620812,0.21097709704588952,59.1018858255391
40,40,0.00040072599995255587,0.21095147419308255,59.11736435052605
41,41,0.0004124739999724625,0.21092681805176056,59.1324762685236
42,42,0.00042182199996432246,0.21090308299926472,59.14723568079877
43,43,0.0004305499999759377,0.2108802262353952,59.16165540967403
44,44,0.00043939699997963544,0.2108582074537468,59.17574715683092
45,45,0.00044812300001240146,0.21083698858063785,59.18952164326822
46,46,0.000457169000014801,0.21081653356474464,59.202988732449995
47,47,0.000465746000031686,0.21079680820494948,59.2161575382314
48,48,0.0004745120000393399,0.210777780007151,59.22903651912656
49,49,0.00048335900004303767,0.2107594180631772,59.241633560413
50,50,0.0004921170000784514,0.21074169294670744,59.25395604546838
51,51,0.0005009180001138702,0.21072457662241137,59.266010917623
52,52,0.0005094830000871298,0.2107080423654787,59.27780473369297
53,53,0.0005181970000762703,0.21069206468942303,59.28934371024191
54,54,0.0005270530000416329,0.21067661928057152,59.300633763506106
55,55,0.00053578500006779,0.21066168293804077,59.31168054381211
56,56,0.0005636970000750807,0.21064723351828965,59.32248946521835
57,57,0.0005749890000856794,0.21063324988355292,59.333065731023275
58,58,0.0005847160001053453,0.2106197118536203,59.34341435570262
59,59,0.0005935080001222559,0.2106066001605421,59.3535401837665
60,60,0.000602276000108759,0.21059389640593415,59.36344790596372
61,61,0.0006111210001336076,0.21058158302061805,59.373142073204285
62,62,0.000619922000112183,0.21056964322638547,59.38262710852174
63,63,0.0006284910000999844,0.2105580609997095,59.39190731735355
64,64,0.0006371200001353827,0.21054682103725914,59.40098689637996
65,65,0.0006458530001509644,0.21053590872309008,59.409869941128775
66,66,0.0006548100001850798,0.21052531009740585,59.41856045252452
67,67,0.0006635150002125556,0.21051501182679405,59.42706234253627
68,68,0.0006719240002439619,0.21050500117585416,59.43537943905579
69,69,0.000680609000255572,0.21049526598014148,59.44351549012001
70,70,0.0006962180002574314,0.21048579462035732,59.45147416757508
71,71,0.0007082480002509328,0.21047657599772382,59.45925907026563
72,72,0.0007183860002442088,0.2104675995104831,59.46687372682062
73,73,0.0007276220002836453,0.21045885503146794,59.474321598097234
74,74,0.0007368380003072161,0.21045033288669132,59.481606079334874
75,75,0.0007457200003386788,0.21044202383490712,59.48873050206416
76,76,0.0007600990003311381,0.21043391904809802,59.49569813580886
77,77,0.000769826000350804,0.21042601009284553,59.50251218961338
78,78,0.0007789590003994817,0.210418288912543,59.509175813423255
79,79,0.0007877360004044931,0.2104107478104122,59.515692099342296
80,80,0.0007966360004161288,0.21040337943328777,59.52206408278623
81,81,0.0008052110004541646,0.2103961767561329,59.5282947435497
82,82,0.0008143210004618595,0.21038913306725512,59.534387006800976
83,83,0.0008228970004893199,0.21038224195418803,59.54034374401633
84,84,0.0008316970004784707,0.2103754972902114,59.54616777386431
85,85,0.0008404600004610074,0.2103688932214784,59.551861863048366
86,86,0.0008494870004369659,0.21036242415472411,59.55742872711508
87,87,0.0008584250004446403,0.21035608474552844,59.56287103123381
88,88,0.0008671380004443563,0.2103498698871081,59.56819139095284
89,89,0.0008756800004903198,0.21034377469961446,59.57339237293608
90,90,0.0008846310005310443,0.21033779451991375,59.578476495683724
91,91,0.0008931110005505616,0.2103319248918285,59.583446230239666
92,92,0.0009064140005534682,0.2103261615568188,59.58830400088786
93,93,0.000916311000537462,0.21032050044508382,59.5930521858395
94,94,0.0009257300005174329,0.21031493766706474,59.597693117912485
95,95,0.0009347490004643078,0.21030946950533072,59.60222908520432
96,96,0.0009438220004653886,0.21030409240683087,59.60666233175922
97,97,0.0009524710004598091,0.2102988029754958,59.61099505823025
98,98,0.0009614450004278297,0.21029359796517177,59.615229422536984
99,99,0.0009703220004553259,0.2102884742728751,59.619367540518816
100,100,0.0009791100004576947,0.21028342893234925,59.62341148658448
101,101,0.0009879490004323088,0.2102784591079134,59.62736329435761
102,102,0.0009966420004161591,0.21027356208858772,59.63122495731852
103,103,0.001005408000423813,0.2102687352824841,59.63499842944226
104,104,0.0010140420004631778,0.21026397621144927,59.63868562583266
105,105,0.001022578000458907,0.21025928250594994,59.64228842335247
106,106,0.0010348390004537578,0.2102546519001882,59.64580866124936
107,107,0.0010440130004099046,0.21025008222743743,59.64924814177762
108,108,0.0010592760003760304,0.21024557141558803,59.65260863081538
109,109,0.0010697370003640572,0.21024111748289476,59.65589185847721
110,110,0.0010795480003480407,0.21023671853391493,59.6590995197219
111,111,0.0010899180003889342,0.21023237275563048,59.66223327495513
112,112,0.001098913000362245,0.21022807841374433,59.665294750627076
113,113,0.0011080830003606934,0.21022383384914387,59.66828553982441
114,114,0.0011171430003855676,0.21021963747452435,59.67120720285691
115,115,0.0011264490004236904,0.21021548777116353,59.67406126783824
116,116,0.0011354680004274087,0.21021138328584296,59.67684923126073
117,117,0.0011441330004231531,0.21020732262790637,59.67957255856425
118,118,0.0011529470004347786,0.21020330446645297,59.68223268469878
119,119,0.0011617230004503654,0.210199327527655,59.68483101468058
120,120,0.0011707510004157484,0.2101953905921974,59.68736892414203
121,121,0.001179489000378453,0.21019149249283298,59.68984775987477
122,122,0.0011882950004178383,0.21018763211204725,59.69226884036622
123,123,0.0011968270003990256,0.2101838083798285,59.69463345632929
124,124,0.0012055150003789095,0.21018002027153912,59.696942871225296
125,125,0.0012141020003468839,0.2101762668058822,59.69919832177987
126,126,0.0012289480003460085,0.21017254704295968,59.701401018492
127,127,0.0012398200003076454,0.2101688600824186,59.703552146135934
128,128,0.0012493940003537318,0.2101652050616806,59.705652864256095
129,129,0.0012589040003945229,0.21016158115425101,59.707704307654836
130,130,0.0012680340004180835,0.21015798756810428,59.709707586873115
131,131,0.0012769220003860937,0.21015442354414252,59.71166378866399
132,132,0.0012857170003712781,0.21015088835472304,59.71357397645904
133,133,0.0012944750003498484,0.21014738130225233,59.715439190827496
134,134,0.0013033240003323954,0.21014390171784367,59.71726044992844
135,135,0.0013121750002937915,0.2101404489600347,59.71903874995565
136,136,0.0013207940002644136,0.21013702241356336,59.72077506557552
137,137,0.0013297940002416908,0.21013362148819878,59.72247035035783
138,138,0.0013387720002242531,0.2101302456176244,59.7241255371994
139,139,0.0013474430002133886,0.2101268942583723,59.72574153874081
140,140,0.001356167000210462,0.21012356688880443,59.72731924777621
141,141,0.0013648050002075252,0.21012026300814088,59.72885953765595
142,142,0.0013736250001556982,0.21011698213553098,59.730363262682644
143,143,0.0013821710001593601,0.21011372380916668,59.73183125850015
144,144,0.0013910190001524825,0.21011048758543602,59.73326434247591
145,145,0.001399870000170722,0.2101072730381141,59.73466331407654
146,146,0.0014084550001598473,0.21010407975759135,59.736028955236755
147,147,0.0014171420001503066,0.21010090735013565,59.737362030721734
148,148,0.0014285230001291893,0.21009775543718848,59.73866328848291
149,149,0.0014379080001276634,0.21009462365469217,59.73993346000741
150,150,0.0014475760001460003,0.2100915116524475,59.741173260660965
151,151,0.0014568520001034813,0.2100884190935009,59.74238339002464
152,152,0.0014654370001494499,0.2100853456535582,59.74356453222533
153,153,0.0014740550001874908,0.21008229102042547,59.74471735625994
154,154,0.0014826130001779347,0.210079254893475,59.745842516313736
155,155,0.0014912730001697128,0.2100762369831348,59.74694065207244
156,156,0.0015001670001879575,0.2100732370104016,59.74801238902861
157,157,0.0015092390001996137,0.21007025470637558,59.749058338782056
158,158,0.0015178720001927104,0.21006728981181622,59.75007909933453
159,159,0.0015265600002294377,0.21006434207671743,59.751075255378744
160,160,0.0015351550002264958,0.2100614112599028,59.752047378581814
161,161,0.0015437080002129733,0.21005849712863842,59.75299602786309
162,162,0.0015523450001637684,0.2100555994582629,59.753921749666716
163,163,0.0015790250001828099,0.21005271803183503,59.75482507822869
164,164,0.001590554000188149,0.21004985263979598,59.7557065358387
165,165,0.0015999500001839806,0.21004700307964774,59.75656663309685
166,166,0.0016089610002154586,0.2100441691556454,59.757405869165176
167,167,0.00161794600023768,0.21004135067850344,59.75822473201419
168,168,0.001626582000255894,0.21003854746511536,59.759023698664514
169,169,0.0016351940002437004,0.21003575933828583,59.75980323542356
170,170,0.0016439380002566395,0.21003298612647447,59.76056379811757
171,171,0.0016528210002775268,0.21003022766355212,59.76130583231884
172,172,0.0016615590002970748,0.2100274837885664,59.76202977356837
173,173,0.001670244000308685,0.21002475434552006,59.762736047593975
174,174,0.0016797170003428619,0.2100220391831571,59.76342507052401
175,175,0.0016885130003743143,0.21001933815475968,59.7640972490965
176,176,0.0016970070003594628,0.2100166511179541,59.764752980864266
177,177,0.001705615000389571,0.21001397793452506,59.765392654395555
178,178,0.0017142150003905954,0.21001131847023843,59.76601664947069
179,179,0.0017229810003982493,0.21000867259467212,59.76662533727455
180,180,0.0017314390004230518,0.2100060401810542,59.76721908058512
181,181,0.0017399190003857257,0.2100034211061088,59.767798233958025
182,182,0.001748463000353695,0.21000081524990827,59.768363143907294
183,183,0.0017567570003507171,0.20999822249573244,59.76891414908229
184,184,0.0017654940003239972,0.20999564272993407,59.76945158044095
185,185,0.0017739510003025316,0.20999307584180993,59.76997576141935
186,186,0.00178439500029981,0.20999052172347868,59.7704870080977
187,187,0.001793501000292963,0.20998798026976262,59.77098562936292
188,188,0.0018023580003045936,0.2099854513780766,59.7714719270676
189,189,0.0018109320002963614,0.20998293494832,59.77194619618577
190,190,0.0018194550002590404,0.20998043088277515,59.772408724965224
191,191,0.0018279870002402276,0.20997793908600937,59.772859795076705
192,192,0.0018365130002280239,0.20997545946478138,59.773299681759795
193,193,0.001845055000217144,0.20997299192795263,59.773728653965826
194,194,0.001853501000198321,0.20997053638640167,59.77414697449759
195,195,0.00186210200018877,0.2099680927529427,59.77455490014615
196,196,0.001871413000174016,0.20996566094224814,59.7749526818247
197,197,0.0018806520001817262,0.20996324087077411,59.775340564699476
198,198,0.00188954800017882,0.20996083245668937,59.77571878831796
199,199,0.0018980880001322475,0.2099584356198074,59.77608758673421
200,200,0.0019066020001332618,0.20995605028152214,59.77644718863155
201,201,0.001933842000084951,0.20995367636474496,59.776797817442585
202,202,0.001945731000091655,0.20995131379384654,59.77713969146659
203,203,0.0019554060000928075,0.2099489624945998,59.77747302398443
204,204,0.001964752000048975,0.20994662239412568,59.777798023370856
205,205,0.0019739230000936914,0.2099442934208419,59.77811489320449
206,206,0.0019827540000960653,0.2099419755044132,59.77842383237534
207,207,0.0019914740001354403,0.20993966857570434,59.77872503518997
208,208,0.00200010400010342,0.209937372566735,59.77901869147439
209,209,0.0020088410000767,0.20993508741063668,59.779304986674745
210,210,0.0020176110000988956,0.20993281304161127,59.77958410195569
211,211,0.0020262460000708415,0.20993054939489192,59.7798562142967
212,212,0.0020347960000890453,0.2099282964067053,59.780121496586226
213,213,0.0020432300000834402,0.2099260540142355,59.780380117713854
214,214,0.002051863000076537,0.2099238221555898,59.780632242660275
215,215,0.002065720000075544,0.20992160076976565,59.780878032585505
216,216,0.0020768740001244623,0.2099193897966192,59.78111764491494
217,217,0.0020861970000964902,0.20991718917683524,59.78135123342369
218,218,0.002095009000072423,0.20991499885189852,59.78157894831892
219,219,0.00210371500003248,0.2099128187640661,59.7818009363205
220,220,0.002112522999993871,0.20991064885634106,59.782017340739706
221,221,0.0021210610000252927,0.2099084890724476,59.782228301556366
222,222,0.0021315970000159723,0.2099063393568066,59.78243395549418
223,223,0.0021406160000196905,0.20990419965451299,59.782634436094376
224,224,0.002149524999992991,0.2099020699113133,59.78282987378783
225,225,0.002158450000024459,0.20989995007358492,59.783020395965394
226,226,0.002167113000041354,0.20989784008831594,59.783206127046924
227,227,0.002176127000041106,0.2098957399030858,59.783387188548524
228,228,0.002184917000022324,0.20989364946604672,59.78356369914846
229,229,0.0021936690000643466,0.2098915687259062,59.783735774751506
230,230,0.0022021810000865116,0.2098894976319102,59.78390352855196
231,231,0.0022107880000703517,0.2098874361338269,59.78406707109517
232,232,0.0022230160000731303,0.20988538418193098,59.78422651033768
233,233,0.0022323770000980403,0.2098833417269892,59.78438195170613
234,234,0.002242064000085975,0.20988130872024607,59.78453349815473
235,235,0.002251229000080457,0.2098792851134101,59.784681250221546
236,236,0.0022786310000810772,0.2098772708586409,59.78482530608343
237,237,0.0022914880000826088,0.20987526590853706,59.78496576160981
238,238,0.0023022250000508393,0.20987327021612356,59.78510271041525
239,239,0.002312153000048056,0.2098712837348409,59.7852362439108
240,240,0.002321196000082182,0.20986930641853394,59.785366451354186
241,241,0.0023299140000858642,0.20986733822144132,59.785493419899
242,242,0.002338664000035351,0.20986537909818562,59.7856172346426
243,243,0.0023472950000495985,0.20986342900376376,59.78573797867309
244,244,0.0023558750000347572,0.20986148789353734,59.78585573311513
245,245,0.0023646590000225842,0.20985955572322432,59.78597057717483
246,246,0.0023734740000236343,0.20985763244889008,59.786082588183554
247,247,0.002382167999996909,0.20985571802693956,59.786191841640765
248,248,0.00239062999997941,0.2098538124141096,59.786298411255856
249,249,0.0023993199999949866,0.20985191556746097,59.78640236898918
250,250,0.0024078229999986434,0.2098500274443715,59.78650378509197
251,251,0.002416438000011567,0.20984814800252924,59.78660272814553
252,252,0.0024253839999914817,0.20984627719992574,59.786699265099415
253,253,0.002433809999956793,0.20984441499484954,59.7867934613088
254,254,0.002442386999973678,0.2098425613458804,59.78688538057105
255,255,0.0024508349999337042,0.2098407162118831,59.7869750851614
256,256,0.0024593509999135676,0.20983887955200214,59.787062635867834
257,257,0.002468538999892189,0.20983705132565605,59.78714809202523
258,258,0.0024831289999269757,0.20983523149253244,59.78723151154866
259,259,0.0024932889999149666,0.20983342001258265,59.787312950966026
260,260,0.0025024949999306045,0.20983161684601745,59.78739246544985
261,261,0.002510887999960687,0.20982982195330202,59.78747010884848
262,262,0.0025193949999788856,0.2098280352951517,59.78754593371641
263,263,0.0025279349999891565,0.20982625683252742,59.78761999134412
264,264,0.0025365199999782817,0.2098244865266323,59.787692331787106
265,265,0.002545377999979337,0.20982272433890672,59.787763003894256
266,266,0.0025538939999592003,0.2098209702310253,59.787832055335635
267,267,0.002562432999923203,0.20981922416489282,59.78789953262964
268,268,0.0025711759998898742,0.2098174861026408,59.78796548116945
269,269,0.002579713999921296,0.20981575600662417,59.788029945249065
270,270,0.002588738999918405,0.20981403383941777,59.78809296808852
271,271,0.0025977859999102293,0.20981231956381335,59.788154591858664
272,272,0.0026066909999258314,0.2098106131428166,59.788214857705434
273,273,0.002615283999887197,0.2098089145396438,59.788273805773386
274,274,0.0026300209998453283,0.20980722371771948,59.788331475228894
275,275,0.002640327999870351,0.2098055406406733,59.788387904282665
276,276,0.0026497109998331325,0.2098038652723376,59.788443130211874
277,277,0.0026590219998183784,0.20980219757674476,59.78849718938167
278,278,0.0026681149997784814,0.2098005375181247,59.788550117266325
279,279,0.0026769429998125815,0.20979888506090236,59.788601948469754
280,280,0.0026856639997845377,0.20979724016969575,59.78865271674571
281,281,0.0026942669998106794,0.20979560280931334,59.78870245501743
282,282,0.002703191999842147,0.20979397294475205,59.788751195396856
283,283,0.002711812999848462,0.20979235054119505,59.78879896920344
284,284,0.0027205209998442115,0.20979073556400993,59.788845806982515
285,285,0.0027292769998439326,0.20978912797874646,59.78889173852319
286,286,0.0027377499998806343,0.2097875277511348,59.788936792875944
287,287,0.002746751999893604,0.20978593484708366,59.788980998369716
288,288,0.002755592999903911,0.20978434923267847,59.78902438262866
289,289,0.0027644529999406586,0.20978277087417962,59.789066972588536
290,290,0.0027730429999337503,0.20978119973802084,59.78910879451267
291,291,0.0027818329999149682,0.20977963579080733,59.78914987400756
292,292,0.002790645999937169,0.20977807899931444,59.789190236038216
293,293,0.002799607999975251,0.2097765293304859,59.78922990494301
294,294,0.002808319999928699,0.20977498675143233,59.789268904448285
295,295,0.0028168909998953495,0.20977345122942995,59.78930725768263
296,296,0.0028253539999241184,0.20977192273191894,59.78934498719075
297,297,0.002835118999939823,0.2097704012265019,59.7893821149471
298,298,0.002844048999975257,0.20976888668094304,59.78941866236917
299,299,0.0028529470000080437,0.20976737906316617,59.789454650330505
300,300,0.0028616920000104074,0.20976587834125385,59.78949009917335
301,301,0.002870606999977099,0.20976438448344595,59.7895250287211
302,302,0.002879429999950389,0.20976289745813861,59.78955945829036
303,303,0.0028885349999541177,0.20976141723388267,59.7895934067029
304,304,0.0028969809999352947,0.20975994377938278,59.789626892297086
305,305,0.002905583999904593,0.2097584770634962,59.7896599329393
306,306,0.002915249999887237,0.20975701705523153,59.78969254603493
307,307,0.002924285999881704,0.20975556372374787,59.789724748539186
308,308,0.002933172999917133,0.20975411703835353,59.78975655696766
309,309,0.0029416669999022815,0.2097526769685049,59.789787987406605
310,310,0.0029505599999311016,0.2097512434838056,59.789819055523054
311,311,0.002959274999909667,0.20974981655400557,59.78984977657459
312,312,0.002975096999875859,0.2097483961489998,59.78988016541905
313,313,0.0029854669998599093,0.20974698223882743,59.789910236523845
314,314,0.0029948329998887857,0.2097455747936708,59.789940003975175
315,315,0.003004073999875345,0.20974417378385468,59.78996948148701
316,316,0.0030126939998922353,0.20974277917984507,59.78999868240986
317,317,0.003021432999901208,0.2097413909522486,59.79002761973927
318,318,0.0030301819999181134,0.20974000907181126,59.790056306124264
319,319,0.003038861999925757,0.20973863350941802,59.79008475387553
320,320,0.003047676999926807,0.2097372642360914,59.79011297497332
321,321,0.003056619999938448,0.20973590122299113,59.79014098107533
322,322,0.003065419999927599,0.20973454444141307,59.790168783524315
323,323,0.0030740539999669636,0.2097331938627883,59.79019639335552
324,324,0.0030829229999653762,0.20973184945868262,59.790223821303975
325,325,0.0030918269999347103,0.2097305112007955,59.79025107781159
326,326,0.0031004359998973996,0.20972917906095925,59.79027817303414
327,327,0.003109377999919616,0.20972785301113858,59.790305116848
328,328,0.003117950999921959,0.2097265330234296,59.79033191885686
329,329,0.0031267469999534114,0.20972521907005903,59.7903585883981
330,330,0.0031354469999200774,0.20972391112338343,59.790385134549226
331,331,0.003144278999911876,0.20972260915588892,59.79041156613397
332,332,0.0031531629999221877,0.20972131314018969,59.790437891728416
333,333,0.003161678999902051,0.20972002304902806,59.79046411966684
334,334,0.0031705869999427705,0.20971873885527328,59.790490258047505
335,335,0.0031809819999466526,0.20971746053192106,59.790516314738305
336,336,0.0031899329999305337,0.20971618805209266,59.79054229738227
337,337,0.0031988649998879737,0.20971492138903444,59.79056821340293
338,338,0.0032076839999035656,0.20971366051611737,59.790594070009575
339,339,0.003216485999928409,0.20971240540683567,59.79061987420243
340,340,0.0032254759999545968,0.2097111560348068,59.79064563277759
341,341,0.0032341129999622353,0.20970991237377076,59.790671352332026
342,342,0.0032431749999659587,0.20970867439758917,59.790697039268295
343,343,0.0032521429999974316,0.20970744208024478,59.79072269979923
344,344,0.0032610760000011396,0.20970621539584067,59.79074833995254
345,345,0.0032698910000021897,0.20970499431860004,59.790773965575255
346,346,0.0032785180000018954,0.20970377882286526,59.79079958233809
347,347,0.0032875750000016524,0.20970256888309718,59.7908251957397
348,348,0.0032965499999590975,0.2097013644738749,59.79085081111087
349,349,0.0033056099999839716,0.20970016556989488,59.79087643361854
350,350,0.0033323309999673256,0.2096989721459704,59.790902068269816
351,351,0.0033438879999607707,0.20969778417703103,59.79092771991582
352,352,0.0033539679999989858,0.20969660163812204,59.790953393255506
353,353,0.0033627360000423323,0.2096954245044036,59.79097909283936
354,354,0.0033736510000608178,0.2096942527511507,59.791004823072996
355,355,0.0033829280000645667,0.20969308635375208,59.791030588220714
356,356,0.003391838000027292,0.20969192528770997,59.79105639240896
357,357,0.0034004080000613612,0.20969076952863935,59.79108223962966
358,358,0.0034092340000597687,0.20968961905226755,59.791108133743556
359,359,0.003418046000092545,0.2096884738344336,59.79113407848339
360,360,0.003426736000051278,0.20968733385108762,59.7911600774571
361,361,0.003435304000049655,0.20968619907829059,59.79118613415082
362,362,0.0034439370000427516,0.2096850694922133,59.79121225193193
363,363,0.0034757350000518272,0.20968394506913643,59.791238434051984
364,364,0.0034877040000651505,0.2096828257854494,59.79126468364954
365,365,0.003497760000072958,0.20968171161765028,59.791291003752995
366,366,0.0035070230000542324,0.20968060254234522,59.791317397283294
367,367,0.0035161540000672176,0.20967949853624754,59.79134386705659
368,368,0.003525005000085457,0.2096783995761778,59.79137041578689
369,369,0.003533616000083839,0.20967730563906292,59.79139704608855
370,370,0.0035427120001259027,0.20967621670193565,59.791423760478786
371,371,0.00355328000011923,0.20967513274193425,59.791450561380096
372,372,0.0035624590001361867,0.20967405373630188,59.79147745112265
373,373,0.0035716710001452157,0.2096729796623862,59.79150443194659
374,374,0.003580343000180619,0.2096719104976387,59.7915315060043
375,375,0.0035892490001288024,0.20967084621961427,59.791558675362566
376,376,0.0035981450001258963,0.20966978680597098,59.79158594200483
377,377,0.0036067580001031274,0.20966873223446889,59.79161330783326
378,378,0.0036152720001041416,0.20966768248297063,59.791640774670746
379,379,0.0036241380001342804,0.20966663752943984,59.79166834426298
380,380,0.003633017000140626,0.20966559735194135,59.79169601828044
381,381,0.0036416130001271085,0.20966456192864055,59.79172379832023
382,382,0.0036504270000818906,0.209663531237803,59.79175168590799
383,383,0.0036594510000895752,0.20966250525779354,59.79177968249977
384,384,0.0036681950001025143,0.20966148396707657,59.79180778948375
385,385,0.0036770470001101785,0.2096604673442147,59.79183600818201
386,386,0.0037058150001598733,0.2096594553678691,59.79186433985226
387,387,0.0037170160001664954,0.20965844801679845,59.791892785689456
388,388,0.0037268850001623832,0.20965744526985894,59.79192134682748
389,389,0.0037363380001806945,0.20965644710600342,59.79195002434068
390,390,0.003745406000177809,0.2096554535042811,59.79197881924543
391,391,0.0037540760001775197,0.2096544644438374,59.7920077325017
392,392,0.0037649400001669164,0.2096534799039129,59.79203676501442
393,393,0.003774119000183873,0.2096524998638433,59.79206591763506
394,394,0.003782791000162433,0.209651524303059,59.792095191162915
395,395,0.00379418800014264,0.2096505532010846,59.79212458634659
396,396,0.003803237000113313,0.2096495865375383,59.792154103885245
397,397,0.0038121000001183347,0.2096486242921316,59.79218374443
398,398,0.0038207900001339112,0.2096476664446689,59.792213508585135
399,399,0.003829439000128332,0.20964671297504708,59.79224339690941
400,400,0.003838105000113501,0.20964576386325495,59.79227340991723
401,401,0.0038468890001581713,0.20964481908937274,59.792303548079886
402,402,0.003856104000135474,0.20964387863357217,59.792333811826694
403,403,0.0038651880001339123,0.2096429424761155,59.79236420154613
404,404,0.003873964000149499,0.20964201059735524,59.792394717586944
405,405,0.003882934000159821,0.20964108297773387,59.79242536025927
406,406,0.0038917720001450107,0.2096401595977834,59.79245612983566
407,407,0.003902051000125084,0.20963924043812476,59.79248702655209
408,408,0.003912032000130239,0.2096383254794677,59.79251805060904
409,409,0.0039214650001326845,0.20963741470261,59.79254920217243
410,410,0.003930666000144356,0.2096365080884376,59.792580481374586
411,411,0.003939726000112387,0.20963560561792344,59.792611888315186
412,412,0.0039484000001266395,0.20963470727212796,59.79264342306218
413,413,0.003956948000109151,0.20963381303219783,59.79267508565268
414,414,0.003965812000103597,0.20963292287936616,59.792706876093845
415,415,0.003974709000090115,0.20963203679495196,59.79273879436369
416,416,0.003983425000058105,0.20963115476035937,59.79277084041202
417,417,0.003992002000018147,0.2096302767570779,59.792803014161095
418,418,0.004000706999988779,0.20962940276668163,59.79283531550657
419,419,0.004009286999973938,0.20962853277082866,59.79286774431817
420,420,0.004018289999976332,0.20962766675126138,59.792900300440486
421,421,0.004026887999941664,0.2096268046898053,59.79293298369372
422,422,0.0040407699999036595,0.20962594656836933,59.79296579387437
423,423,0.004050967999887689,0.20962509236894475,59.792998730755954
424,424,0.004060307999907309,0.20962424207360567,59.79303179408973
425,425,0.0040691359998845655,0.2096233956645078,59.793064983605284
426,426,0.00407831099988698,0.20962255312388853,59.793098299011284
427,427,0.004086981999932959,0.20962171443406644,59.79313173999602
428,428,0.004095829999926082,0.20962087957744105,59.79316530622809
429,429,0.004104628999925808,0.20962004853649235,59.79319899735699
430,430,0.004113448999930824,0.20961922129378033,59.7932328130137
431,431,0.004122063999943748,0.20961839783194475,59.79326675281127
432,432,0.004130965999934233,0.20961757813370477,59.7933008163454
433,433,0.004145666999932018,0.2096167621818587,59.793335003194926
434,434,0.004160391999903368,0.20961594995928307,59.79336931292246
435,435,0.004173892999915552,0.20961514144893312,59.793403745074805
436,436,0.004188294999948994,0.20961433663384194,59.79343829918358
437,437,0.004203125999936219,0.20961353549712,59.7934729747656
438,438,0.004212056999961078,0.20961273802195507,59.79350777132343
439,439,0.0042209490000004735,0.20961194419161197,59.793542688345916
440,440,0.004229766999969797,0.20961115398943164,59.7935777253085
441,441,0.004247438999982478,0.20961036739883152,59.793612881673816
442,442,0.0042628310000054626,0.20960958440330488,59.79364815689202
443,443,0.0042772950000085075,0.20960880498641998,59.79368355040132
444,444,0.004287146000024222,0.20960802913182075,59.79371906162833
445,445,0.004296126000042477,0.2096072568232255,59.79375468998846
446,446,0.004304917000069963,0.2096064880444273,59.793790434886425
447,447,0.004313809000052515,0.2096057227792931,59.79382629571649
448,448,0.004322718000082659,0.20960496101176357,59.793862271862956
449,449,0.004331636000074468,0.20960420272585287,59.79389836270049
450,450,0.004340400000046429,0.20960344790564825,59.79393456759449
451,451,0.004349312000044847,0.20960269653530955,59.79397088590144
452,452,0.004357923000043229,0.20960194859906922,59.79400731696924
453,453,0.004366681000021799,0.20960120408123178,59.794043860137556
454,454,0.004375642000013613,0.20960046296617327,59.79408051473816
455,455,0.00439199500004861,0.20959972523834142,59.794117280095215
456,456,0.00440333500006318,0.2095989908822548,59.794154155525604
457,457,0.004413660000068376,0.20959825988250297,59.79419114033924
458,458,0.004423538000082772,0.20959753222374572,59.79422823383932
459,459,0.004432608000058735,0.2095968078907132,59.79426543532268
460,460,0.004441438000071685,0.20959608686820513,59.79430274408002
461,461,0.004450277000046299,0.20959536914109084,59.7943401593962
462,462,0.004458835000036743,0.20959465469430877,59.794377680550504
463,463,0.0044678920000365,0.20959394351286617,59.7944153068169
464,464,0.004476956000019072,0.20959323558183895,59.794453037464294
465,465,0.004485439999996288,0.20959253088637114,59.79449087175674
466,466,0.004494311000030393,0.20959182941167462,59.79452880895377
467,467,0.00450336800003015,0.209591131143029,59.794566848310524
468,468,0.004512291000025925,0.20959043606578107,59.794604989078046
469,469,0.004520950000028279,0.20958974416534473,59.794643230503475
470,470,0.004529691000016101,0.20958905542720027,59.79468157183029
471,471,0.004538505000027726,0.20958836983689472,59.794720012298484
472,472,0.004547225000010258,0.20958768738004083,59.794758551144795
473,473,0.004555901999992784,0.2095870080423174,59.7947971876029
474,474,0.004564740999967398,0.2095863318094683,59.79483592090362
475,475,0.00457354699994994,0.20958565866730314,59.79487475027508
476,476,0.00458421299993006,0.2095849886016958,59.7949136749429
477,477,0.004593476999957602,0.20958432159858506,59.79495269413043
478,478,0.004602367999950729,0.20958365764397394,59.79499180705886
479,479,0.004611155999953098,0.2095829967239293,59.79503101294739
480,480,0.004620217999956822,0.2095823388245819,59.79507031101345
481,481,0.004628831999980321,0.20958168393212556,59.795109700472835
482,482,0.004637480999974741,0.20958103203281767,59.795149180539816
483,483,0.004646160999982385,0.2095803831129779,59.79518875042738
484,484,0.00465506299997287,0.2095797371589889,59.79522840934731
485,485,0.004663721999975223,0.20957909415729534,59.79526815651037
486,486,0.00467537099996207,0.20957845409440384,59.795307991126386
487,487,0.004684555999972417,0.20957781695688274,59.79534791240449
488,488,0.004693449999990662,0.2095771827313618,59.79538791955314
489,489,0.004702293000036661,0.2095765514045318,59.795428011780345
490,490,0.0047345940000127484,0.20957592296314445,59.79546818829368
491,491,0.004746348000026046,0.20957529739401198,59.79550844830056
492,492,0.004756561000021975,0.20957467468400678,59.795548791008194
493,493,0.004765920000068036,0.2095740548200615,59.795589215623835
494,494,0.004775238000092941,0.2095734377891683,59.79562972135481
495,495,0.004784430000086104,0.20957282357837878,59.79567030740867
496,496,0.004793451000068671,0.20957221217480387,59.7957109729933
497,497,0.004802146000088214,0.20957160356561336,59.795751717316975
498,498,0.0048107600001117135,0.2095709977380355,59.79579253958853
499,499,0.004819671000063863,0.2095703946793572,59.795833439017386
500,500,0.004828387000088696,0.2095697943769234,59.7958744148137
501,501,0.0048416360000942404,0.2095691968181367,59.79591546618845
502,502,0.004850447000080749,0.20956860199045743,59.795956592353484
503,503,0.004867221000040445,0.20956800988140323,59.795997792521646
504,504,0.004878952000069603,0.20956742047854873,59.79603906590686
505,505,0.004889038000044366,0.20956683376952545,59.79608041172419
506,506,0.004898528000012448,0.20956624974202132,59.79612182918993
507,507,0.004907725999999002,0.2095656683837806,59.796163317521696
508,508,0.004916808000018591,0.20956508968260354,59.796204875938464
509,509,0.004931757000065318,0.2095645136263462,59.79624650366069
510,510,0.0049422300000401265,0.20956394020292027,59.796288199910336
511,511,0.004952305000074375,0.20956336940029224,59.796329963910964
512,512,0.004961579000053007,0.2095628012064841,59.796371794887804
513,513,0.0049704490000976875,0.2095622356095723,59.79641369206781
514,514,0.004979264000098738,0.20956167259768785,59.79645565467969
515,515,0.004988350000076025,0.2095611121590161,59.79649768195406
516,516,0.0049978170000599675,0.20956055428179626,59.79653977312338
517,517,0.0050064590000715725,0.2095599989543214,59.7965819274221
518,518,0.005015570000068692,0.20955944616493807,59.7966241440867
519,519,0.005024489000106769,0.20955889590204593,59.796666422355685
520,520,0.0050333290000708075,0.20955834815409796,59.79670876146972
521,521,0.005042103000050702,0.20955780290959963,59.796751160671626
522,522,0.005051341000068987,0.20955726015710915,59.796793619206426
523,523,0.005060182000079294,0.20955671988523686,59.79683613632144
524,524,0.0050855910000677795,0.20955618208264523,59.79687871126625
525,525,0.0050972470000374415,0.20955564673804863,59.79692134329283
526,526,0.0051067500000385735,0.20955511384021286,59.79696403165552
527,527,0.005115815000010571,0.20955458337795524,59.79700677561111
528,528,0.0051249530000063714,0.209554055340144,59.79704957441884
529,529,0.005134036000015385,0.2095535297156983,59.79709242734048
530,530,0.0051426770000375654,0.20955300649358813,59.797135333640334
531,531,0.005151358000034634,0.20955248566283366,59.797178292585286
532,532,0.005160061000026417,0.20955196721250535,59.79722130344483
533,533,0.0051688400000102774,0.20955145113172358,59.797264365491124
534,534,0.00517770100003645,0.20955093740965855,59.797307477998956
535,535,0.005186326000057306,0.20955042603552976,59.797350640245874
536,536,0.0051951150000491,0.20954991699860617,59.79739385151214
537,537,0.005203824000034274,0.20954941028820584,59.79743711108075
538,538,0.005212483000036627,0.20954890589369524,59.79748041823752
539,539,0.005221173000052204,0.20954840380449,59.797523772271084
540,540,0.005229872000086289,0.20954790401005377,59.79756717247288
541,541,0.005238785000074131,0.20954740649989836,59.79761061813724
542,542,0.005247413000120105,0.20954691126358369,59.79765410856136
543,543,0.005256029000122453,0.2095464182907172,59.79769764304536
544,544,0.005264621000151237,0.2095459275709541,59.79774122089225
545,545,0.005273195000143005,0.2095454390939966,59.797784841408024
546,546,0.005281745000161209,0.20954495284959407,59.79782850390162
547,547,0.0052928600001678205,0.20954446882754282,59.79787220768493
548,548,0.00530191400014246,0.20954398701768565,59.797915952072906
549,549,0.005310677000124997,0.20954350740991184,59.79795973638346
550,550,0.005319691000124749,0.20954302999415703,59.798003559937555
551,551,0.005328401000156191,0.20954255476040254,59.79804742205918
552,552,0.005337199000166493,0.20954208169867586,59.7980913220754
553,553,0.0053458810001529855,0.2095416107990497,59.79813525931633
554,554,0.005354610000154025,0.20954114205164237,59.79817923311519
555,555,0.005363097000156358,0.20954067544661734,59.79822324280827
556,556,0.005371821000153432,0.20954021097418285,59.79826728773498
557,557,0.005380425000168998,0.2095397486245921,59.79831136723783
558,558,0.005389311000158159,0.20953928838814276,59.79835548066245
559,559,0.005397812000182967,0.20953883025517686,59.798399627357625
560,560,0.005406487000186644,0.20953837421608051,59.79844380667525
561,561,0.005415280000192979,0.20953792026128376,59.7984880179704
562,562,0.005423962000179472,0.20953746838126053,59.798532260601256
563,563,0.005437095000161207,0.20953701856652815,59.79857653392921
564,564,0.005447209000180919,0.20953657080764732,59.79862083731879
565,565,0.005456661000209806,0.2095361250952219,59.79866517013771
566,566,0.005465394000225388,0.20953568141989873,59.79870953175684
567,567,0.0054740820002052715,0.2095352397723672,59.79875392155026
568,568,0.00548292700023012,0.20953480014335957,59.79879833889521
569,569,0.00549168500020869,0.20953436252365032,59.79884278317213
570,570,0.005500550000192561,0.20953392690405592,59.798887253764626
571,571,0.005509102000189614,0.20953349327543505,59.798931750059516
572,572,0.005517621000194595,0.2095330616286881,59.79897627144684
573,573,0.0055265760001930175,0.20953263195475694,59.799020817319764
574,574,0.005541160000234413,0.20953220424462501,59.79906538707471
575,575,0.005555521000246699,0.2095317784893169,59.79910998011127
576,576,0.005564712000250438,0.20953135467989817,59.79915459583224
577,577,0.005573223000283178,0.2095309328074752,59.799199233643606
578,578,0.005581746000245857,0.20953051286319513,59.79924389295455
579,579,0.005590546000235008,0.20953009483824553,59.79928857317746
580,580,0.005599160000201664,0.2095296787238541,59.799333273727896
581,581,0.005607724000185499,0.20952926451128878,59.799377994024645
582,582,0.005616625000186559,0.20952885219185746,59.79942273348965
583,583,0.005625082000165094,0.20952844175690766,59.79946749154803
584,584,0.005635984000150529,0.2095280331978264,59.79951226762814
585,585,0.005645125000114604,0.2095276265060402,59.79955706116148
586,586,0.005653816000119605,0.20952722167301469,59.79960187158273
587,587,0.0056624490001127015,0.20952681869025447,59.79964669832973
588,588,0.005670928000085951,0.209526417549303,59.79969154084354
589,589,0.0056796390001068175,0.2095260182417426,59.799736398568335
590,590,0.005688445000089359,0.20952562075919362,59.79978127095147
591,591,0.0056970580000665905,0.209525225093315,59.799826157443455
592,592,0.005705799000054412,0.20952483123580382,59.799871057497974
593,593,0.005714840000052845,0.20952443917839503,59.7999159705718
594,594,0.005724133000057918,0.20952404891286136,59.79996089612492
595,595,0.005732656000020597,0.20952366043101314,59.8000058336204
596,596,0.005741263000004437,0.2095232737246982,59.800050782524465
597,597,0.005749941999965813,0.20952288878580147,59.80009574230643
598,598,0.005758983999953671,0.20952250560624516,59.800140712438775
599,599,0.005776615000002039,0.20952212417798824,59.800185692397065
600,600,0.005787064999992708,0.2095217444930265,59.80023068165994
601,601,0.00579672099996742,0.20952136654339243,59.8002756797092
602,602,0.005806148999965899,0.20952099032115468,59.800320686029664
603,603,0.0058149409999828094,0.20952061581841833,59.80036570010929
604,604,0.005823896999970657,0.20952024302732455,59.800410721439086
605,605,0.005832568999949217,0.20951987194005034,59.800455749513105
606,606,0.005841590999978052,0.20951950254880847,59.80050078382851
607,607,0.005850338000016109,0.2095191348458473,59.80054582388547
608,608,0.0058592160000330296,0.20951876882345077,59.80059086918722
609,609,0.005868074000034085,0.20951840447393785,59.80063591924
610,610,0.005876829000044381,0.20951804178966277,59.800680973553135
611,611,0.005885411999997814,0.2095176807630146,59.8007260316389
612,612,0.005894173000001501,0.20951732138641732,59.800771093012614
613,613,0.005904187999988153,0.20951696365232944,59.80081615719259
614,614,0.005913787999986653,0.209516607553244,59.800861223700146
615,615,0.005922622999946725,0.2095162530816883,59.800906292059544
616,616,0.00593184199993857,0.2095159002302238,59.800951361798056
617,617,0.005940512999927705,0.20951554899144592,59.80099643244589
618,618,0.005951398999911817,0.2095151993579841,59.80104150353622
619,619,0.005960688999891772,0.2095148513225012,59.80108657460519
620,620,0.005969510999875638,0.20951450487769385,59.80113164519182
621,621,0.005978536999862172,0.20951416001629192,59.8011767148381
622,622,0.005987384999855294,0.2095138167310586,59.80122178308892
623,623,0.00599614199984444,0.20951347501478998,59.80126684949209
624,624,0.006005033999826992,0.2095131348603154,59.80131191359827
625,625,0.006013834999862411,0.20951279626049651,59.80135697496106
626,626,0.006022472999859474,0.2095124592082281,59.8014020331369
627,627,0.006044444999872667,0.20951212369643704,59.801447087685126
628,628,0.006053644999894914,0.2095117897180827,59.80149213816789
629,629,0.006062473999861595,0.20951145726615658,59.801537184150206
630,630,0.006071542999848134,0.2095111263336823,59.801582225199944
631,631,0.006080092999866338,0.2095107969137153,59.80162726088773
632,632,0.006117388999825835,0.2095104689993426,59.80167229078709
633,633,0.006130950999818197,0.20951014258368317,59.801717314474296
634,634,0.006144890999792096,0.20950981765988702,59.80176233152842
635,635,0.006158992999758084,0.20950949422113585,59.80180734153132
636,636,0.006168655999772454,0.20950917226064236,59.80185234406764
637,637,0.006177642999773525,0.20950885177165007,59.80189733872474
638,638,0.006186446999777218,0.2095085327474338,59.801942325092774
639,639,0.006195266999782234,0.20950821518129875,59.8019873027646
640,640,0.0062042359998031316,0.2095078990665808,59.802032271335825
641,641,0.0062129839998306124,0.20950758439664652,59.80207723040476
642,642,0.006221983999864733,0.2095072711648924,59.80212217957243
643,643,0.006231074999845987,0.20950695936474545,59.80216711844255
644,644,0.006246295999858376,0.20950664898966256,59.80221204662149
645,645,0.006257427999855736,0.20950634003313057,59.80225696371835
646,646,0.006267316999867489,0.20950603248866606,59.80230186934484
647,647,0.0062809529998730795,0.20950572634981532,59.802346763115324
648,648,0.006289782999886029,0.20950542161015398,59.802391644646825
649,649,0.006298409999885735,0.20950511826328716,59.802436513559
650,650,0.006317229999922347,0.20950481630284926,59.80248136947409
651,651,0.006326746999945954,0.2095045157225035,59.80252621201695
652,652,0.006335557999989305,0.20950421651594245,59.802571040815046
653,653,0.006344789000024775,0.20950391867688725,59.802615855498416
654,654,0.00635367000000997,0.2095036221990877,59.80266065569966
655,655,0.006362392000028194,0.20950332707632235,59.802705441053945
656,656,0.00637102700000014,0.20950303330239808,59.802750211199005
657,657,0.0063797569999906045,0.20950274087115012,59.80279496577507
658,658,0.006388603999994302,0.20950244977644178,59.80283970442493
659,659,0.006397655999990093,0.20950216001216457,59.80288442679389
660,660,0.006406346999995094,0.20950187157223774,59.80292913252974
661,661,0.006414824999978919,0.20950158445060849,59.80297382128275
662,662,0.006423631999950885,0.20950129864125167,59.80301849270572
663,663,0.006432511999946655,0.2095010141381695,59.80306314645387
664,664,0.006441128999938428,0.20950073093539168,59.80310778218491
665,665,0.006449633999977777,0.20950044902697545,59.80315239955899
666,666,0.006462903999988612,0.2095001684070049,59.80319699823868
667,667,0.006473060999951485,0.2094998890695913,59.803241577889004
668,668,0.006482376999940698,0.20949961100887274,59.80328613817736
669,669,0.006491095999933805,0.20949933421901418,59.803330678773584
670,670,0.0064998119999017945,0.2094990586942072,59.803375199349894
671,671,0.006508512999914728,0.20949878442867,59.80341969958088
672,672,0.006517356999893309,0.2094985114166472,59.8034641791435
673,673,0.006526061999920785,0.20949823965240968,59.80350863771708
674,674,0.006535521999921912,0.20949796913025437,59.803553074983284
675,675,0.006544330999929571,0.20949769984450453,59.80359749062611
676,676,0.006553454999902897,0.2094974317895093,59.8036418843319
677,677,0.006562195999947562,0.20949716495964343,59.80368625578928
678,678,0.0065709789999459645,0.2094968993493077,59.80373060468918
679,679,0.0065795859999298045,0.2094966349529282,59.803774930724856
680,680,0.0065885959999150145,0.20949637176495667,59.80381923359181
681,681,0.006597378999913417,0.20949610977987013,59.8038635129878
682,682,0.006606244999886712,0.20949584899217089,59.8039077686129
683,683,0.00661503499986793,0.20949558939638632,59.803952000169375
684,684,0.006623611999884815,0.2094953309870689,59.80399620736174
685,685,0.006632455999863396,0.20949507375879595,59.80404038989676
686,686,0.0066409089998273885,0.2094948177061695,59.80408454748338
687,687,0.006649935999803347,0.2094945628238164,59.80412867983276
688,688,0.006660488999841618,0.20949430910638792,59.804172786658256
689,689,0.0066701899998520275,0.20949405654856001,59.80421686767541
690,690,0.006679036999855725,0.20949380514503255,59.80426092260191
691,691,0.006690570999865031,0.20949355489053,59.80430495115765
692,692,0.006699905999880684,0.20949330577980083,59.80434895306461
693,693,0.006708549999871138,0.20949305780761748,59.804392928046965
694,694,0.006717471999877489,0.20949281096877617,59.80443687583099
695,695,0.006726536999849486,0.20949256525809723,59.80448079614507
696,696,0.0067357179999021355,0.20949232067042434,59.804524688719724
697,697,0.0067443659999071315,0.20949207720062488,59.80456855328753
698,698,0.006753129999879093,0.20949183484358974,59.80461238958318
699,699,0.006761622999874817,0.20949159359423297,59.80465619734343
700,700,0.006773283999848445,0.2094913534474921,59.80469997630708
701,701,0.006800126999848999,0.20949111439832763,59.80474372621502
702,702,0.006812574999855769,0.20949087644172318,59.804787446810174
703,703,0.006823188999874219,0.20949063957268524,59.80483113783746
704,704,0.006832593999888559,0.20949040378624323,59.804874799043866
705,705,0.006841449999910765,0.20949016907744916,59.80491843017837
706,706,0.0068528499999160886,0.20948993544137762,59.80496203099194
707,707,0.006862103999935698,0.209489702873126,59.80500560123755
708,708,0.006871185999955287,0.20948947136781365,59.80504914067015
709,709,0.006880346999935227,0.20948924092058266,59.80509264904668
710,710,0.006889268999941578,0.20948901152659705,59.80513612612599
711,711,0.006897959999946579,0.209488783181043,59.805179571668916
712,712,0.0069065009999462745,0.2094885558791288,59.80522298543825
713,713,0.006915099999957874,0.20948832961608452,59.805266367198655
714,714,0.006924176999916654,0.20948810438716198,59.80530971671676
715,715,0.006934036999894033,0.20948788018763487,59.80535303376111
716,716,0.006943514999875333,0.20948765701279837,59.8053963181021
717,717,0.006952652999871134,0.20948743485796925,59.80543956951206
718,718,0.006961488999877474,0.20948721371848567,59.80548278776518
719,719,0.006970022999837511,0.20948699358970688,59.80552597263751
720,720,0.00697891799984518,0.20948677446701358,59.805569123906984
721,721,0.006987503999880573,0.20948655634580757,59.80561224135338
722,722,0.0070100269999215925,0.20948633922151164,59.805655324758284
723,723,0.007020516999943993,0.20948612308956935,59.805698373905145
724,724,0.007029772999942452,0.20948590794544533,59.80574138857922
725,725,0.007039065999947525,0.20948569378462467,59.80578436856758
726,726,0.007047856999975011,0.20948548060261338,59.805827313659094
727,727,0.007056752999972105,0.2094852683949378,59.80587022364441
728,728,0.007065411999974458,0.20948505715714483,59.805913098316
729,729,0.007074330999955691,0.20948484688480165,59.80595593746804
730,730,0.007083048999959374,0.20948463757349575,59.805998740896534
731,731,0.007094486999960736,0.2094844292188347,59.80604150839919
732,732,0.007103742999959195,0.2094842218164463,59.806084239775494
733,733,0.00711278799997217,0.20948401536197817,59.80612693482663
734,734,0.007121403999974518,0.20948380985109796,59.80616959335555
735,735,0.0071299299999623145,0.209483605279493,59.80621221516688
736,736,0.007146842999929959,0.20948340164287044,59.80625480006699
737,737,0.007166498999936266,0.209483198936957,59.806297347863904
738,738,0.007177197999965301,0.20948299715749893,59.80633985836736
739,739,0.007186663999959819,0.20948279630026173,59.80638233138878
740,740,0.007196058999966226,0.20948259636103078,59.80642476674124
741,741,0.007206517999975404,0.2094823973356102,59.80646716423947
742,742,0.007215824999946108,0.20948219921982342,59.80650952369988
743,743,0.007224797999924704,0.2094820020095131,59.80655184494047
744,744,0.007233762999874216,0.2094818057005408,59.80659412778093
745,745,0.007242854999901738,0.20948161028878703,59.806636372042554
746,746,0.0072513519999120035,0.20948141577015106,59.80667857754823
747,747,0.007259964999889235,0.20948122214055098,59.80672074412246
748,748,0.007268670999906135,0.2094810293959235,59.80676287159135
749,749,0.007277487999886034,0.20948083753222385,59.80680495978262
750,750,0.007286142999873846,0.2094806465454259,59.8068470085255
751,751,0.007294601999888073,0.20948045643152177,59.80688901765087
752,752,0.007306591999906686,0.20948026718652196,59.806930986991105
753,753,0.0073159049998707815,0.20948007880645508,59.80697291638018
754,754,0.007324986999833527,0.20947989128736824,59.8070148056536
755,755,0.007334086999833289,0.20947970462532617,59.807056654648385
756,756,0.0073500469998748486,0.209479518816412,59.80709846320312
757,757,0.007359250999911637,0.20947933385672626,59.807140231157874
758,758,0.0073680069999113584,0.20947914974238793,59.80718195835424
759,759,0.00738010199989958,0.20947896646953323,59.80722364463533
760,760,0.007389471999886155,0.20947878403431622,59.80726528984571
761,761,0.00739837399987664,0.20947860243290856,59.807306893831466
762,762,0.007407831999842074,0.20947842166149933,59.80734845644015
763,763,0.007416547999810064,0.20947824171629512,59.80738997752078
764,764,0.007425187999785976,0.20947806259351973,59.80743145692383
765,765,0.007433885999773793,0.20947788428941438,59.807472894501224
766,766,0.007451585999774579,0.20947770680023742,59.80751429010636
767,767,0.00746352199979583,0.20947753012226414,59.807555643594014
768,768,0.007472681999786346,0.20947735425178704,59.80759695482045
769,769,0.007499770999743305,0.20947717918511546,59.80763822364331
770,770,0.0075141959997608865,0.20947700491857585,59.80767944992166
771,771,0.00752522099980979,0.20947683144851106,59.80772063351598
772,772,0.007535430999780601,0.20947665877128094,59.80776177428811
773,773,0.007544975999792314,0.2094764868832617,59.80780287210134
774,774,0.007553955999753725,0.20947631578084663,59.80784392682028
775,775,0.007562818999758747,0.20947614546044488,59.80788493831093
776,776,0.0075716959997294,0.20947597591848244,59.80792590644066
777,777,0.0075805119997198744,0.2094758071514015,59.8079668310782
778,778,0.007589316999712992,0.20947563915566053,59.8080077120936
779,779,0.007598029999712708,0.20947547192773397,59.8080485493583
780,780,0.007606732999704491,0.20947530546411283,59.808089342745006
781,781,0.007615508999663234,0.20947513976130377,59.80813009212782
782,782,0.007629808999695342,0.20947497481582958,59.80817079738211
783,783,0.007639903999688613,0.20947481062422885,59.80821145838457
784,784,0.007649222999702943,0.20947464718305608,59.808252075013215
785,785,0.007658466999714619,0.20947448448888153,59.808292647147304
786,786,0.007667406999701143,0.20947432253829104,59.808333174667446
787,787,0.007676372999753767,0.20947416132788607,59.808373657455476
788,788,0.007685285999741609,0.20947400085428372,59.80841409539454
789,789,0.007698054999764281,0.2094738411141165,59.80845448836903
790,790,0.007707192999760082,0.20947368210403214,59.8084948362646
791,791,0.007716178999771728,0.20947352382069395,59.808535138968146
792,792,0.007725106999771469,0.20947336626078034,59.80857539636783
793,793,0.00773989499975869,0.20947320942098502,59.80861560835301
794,794,0.007749086999751853,0.2094730532980166,59.80865577481432
795,795,0.007757926999772735,0.20947289788859905,59.80869589564358
796,796,0.0077671149998082,0.20947274318947098,59.808735970733835
797,797,0.007776268999805325,0.209472589197386,59.80877599997934
798,798,0.007785067999805051,0.20947243590911285,59.80881598327555
799,799,0.007793674999788891,0.20947228332143455,59.808855920519115
800,800,0.007802252999795201,0.20947213143114923,59.80889581160786
801,801,0.007811125999751312,0.20947198023506935,59.808935656440795
802,802,0.007823280999730287,0.2094718297300223,59.80897545491812
803,803,0.0078408559997456,0.20947167991284962,59.80901520694117
804,804,0.007852764999711326,0.20947153078040728,59.809054912412435
805,805,0.007873681999740256,0.20947138232956605,59.809094571235605
806,806,0.007883596999761266,0.2094712345572106,59.80913418331547
807,807,0.007892632999755733,0.20947108746023982,59.80917374855796
808,808,0.007901456999775291,0.2094709410355671,59.80921326687017
809,809,0.007910308999726112,0.20947079528011966,59.80925273816027
810,810,0.007919041999741694,0.2094706501908388,59.8092921623376
811,811,0.007927761999724225,0.20947050576467985,59.80933153931257
812,812,0.007936497999764924,0.20947036199861216,59.80937086899671
813,813,0.007945328999767298,0.20947021888961873,59.80941015130266
814,814,0.007954007999728674,0.20947007643469645,59.80944938614412
815,815,0.007962486999701923,0.2094699346308559,59.809488573435914
816,816,0.007972527999697832,0.20946979347512143,59.80952771309393
817,817,0.007981916999710847,0.20946965296453088,59.80956680503508
818,818,0.007991118999711944,0.2094695130961356,59.80960584917743
819,819,0.007999848999702408,0.2094693738670005,59.809644845440054
820,820,0.008008693999670413,0.2094692352742039,59.809683793743055
821,821,0.008017626999674121,0.2094690973148375,59.809722694007654
822,822,0.00802652199968179,0.20946895998600618,59.80976154615605
823,823,0.00803543299963394,0.20946882328482816,59.809800350111466
824,824,0.008052138999630643,0.20946868720843473,59.80983910579823
825,825,0.008061429999656866,0.20946855175397036,59.809877813141625
826,826,0.008070274999681715,0.20946841691859255,59.80991647206798
827,827,0.008078829999703885,0.20946828269947196,59.8099550825046
828,828,0.008087727999679828,0.20946814909379177,59.80999364437983
829,829,0.00809661999966238,0.2094680160987485,59.81003215762299
830,830,0.008105456999658145,0.20946788371155103,59.81007062216442
831,831,0.008114214999693559,0.20946775192942158,59.8101090379354
832,832,0.008123119999652317,0.20946762074959438,59.81014740486822
833,833,0.008131767999657313,0.20946749016931684,59.81018572289612
834,834,0.00814066099962929,0.2094673601858487,59.81022399195335
835,835,0.008149416999629011,0.20946723079646232,59.81026221197508
836,836,0.008158100999594353,0.20946710199844243,59.81030038289745
837,837,0.00816732399960074,0.20946697378908624,59.81033850465755
838,838,0.00817619399964542,0.20946684616570332,59.81037657719341
839,839,0.00818480099962926,0.20946671912561549,59.81041460044401
840,840,0.00819791899965594,0.20946659266615675,59.810452574349235
841,841,0.008208203999686248,0.2094664667846736,59.81049049884993
842,842,0.008217890999674182,0.2094663414785242,59.81052837388783
843,843,0.008226780999677885,0.20946621674507915,59.81056619940561
844,844,0.008235633999674974,0.20946609258172094,59.810603975346844
845,845,0.008244457999694532,0.20946596898584396,59.810641701656
846,846,0.008253360999674442,0.20946584595485465,59.81067937827848
847,847,0.008262187999662274,0.20946572348617107,59.81071700516053
848,848,0.008271040999659363,0.20946560157722344,59.8107545822493
849,849,0.008279861999653804,0.20946548022545336,59.81079210949285
850,850,0.008288590999654843,0.2094653594283143,59.81082958684008
851,851,0.008297211999661158,0.20946523918327145,59.810867014240785
852,852,0.008306037999659566,0.20946511948780142,59.81090439164561
853,853,0.008314791999623594,0.20946500033939247,59.81094171900605
854,854,0.008323578999636538,0.20946488173554415,59.8109789962745
855,855,0.008332327999653444,0.20946476367376773,59.81101622340416
856,856,0.008341033999670344,0.20946464615158575,59.811053400349074
857,857,0.008349661999659475,0.20946452916653183,59.81109052706416
858,858,0.00835856399964996,0.20946441271615107,59.81112760350515
859,859,0.008367284999621916,0.20946429679800002,59.81116462962858
860,860,0.008375886999658633,0.20946418140964596,59.81120160539185
861,861,0.00838465799961341,0.2094640665486675,59.81123853075316
862,862,0.008400601999596802,0.20946395221265435,59.81127540567151
863,863,0.008409791999554272,0.20946383839920704,59.81131223010673
864,864,0.008418740999559304,0.20946372510593744,59.81134900401944
865,865,0.008427530999540522,0.209463612330468,59.81138572737106
866,866,0.008436209999558741,0.20946350007043216,59.8114224001238
867,867,0.008444922999558457,0.20946338832347408,59.81145902224066
868,868,0.00845376299957934,0.2094632770872489,59.811495593685436
869,869,0.008462534999580384,0.20946316635942228,59.811532114422675
870,870,0.008471647999556353,0.2094630561376706,59.81156858441769
871,871,0.008480517999601034,0.20946294641968088,59.81160500363662
872,872,0.008489261999613973,0.20946283720315076,59.8116413720463
873,873,0.008498071999611057,0.20946272848578829,59.81167768961437
874,874,0.008506851999641185,0.2094626202653121,59.81171395630918
875,875,0.008515574999648834,0.20946251253945108,59.81175017209986
876,876,0.00852454599964858,0.20946240530594484,59.81178633695629
877,877,0.008533292999686637,0.2094622985625429,59.81182245084906
878,878,0.008547786999656637,0.20946219230700533,59.811858513749506
879,879,0.008558700999628854,0.20946208653710247,59.8118945256297
880,880,0.008567949999644497,0.20946198125061458,59.81193048646243
881,881,0.008576893999645563,0.2094618764453323,59.811966396221194
882,882,0.008585915999674398,0.20946177211905642,59.812002254880255
883,883,0.00859495299965829,0.20946166826959756,59.812038062414516
884,884,0.008604014999662013,0.20946156489477655,59.81207381879963
885,885,0.00861302999965119,0.20946146199242394,59.81210952401196
886,886,0.008621988999664154,0.20946135956038048,59.81214517802851
887,887,0.0086306239996361,0.20946125759649656,59.812180780827035
888,888,0.00863928599966357,0.20946115609863253,59.81221633238596
889,889,0.008648012999685761,0.2094610550646585,59.81225183268438
890,890,0.008657014999641888,0.20946095449245425,59.81228728170208
891,891,0.008665627999675962,0.2094608543799092,59.81232267941953
892,892,0.00867444399972328,0.20946075472492268,59.81235802581785
893,893,0.008683275999715079,0.20946065552540338,59.812393320878826
894,894,0.008692111999721419,0.2094605567792695,59.81242856458493
895,895,0.008700937999719827,0.20946045848444897,59.81246375691926
896,896,0.008709616999681202,0.20946036063887913,59.812498897865595
897,897,0.008718174999671646,0.2094602632405066,59.81253398740832
898,898,0.008726858999636988,0.20946016628728764,59.812569025532525
899,899,0.00873569899965787,0.20946006977718756,59.8126040122239
900,900,0.008746839999673739,0.20945997370818117,59.81263894746876
901,901,0.008755899999698613,0.20945987807825253,59.812673831254095
902,902,0.008765055999674587,0.20945978288539469,59.81270866356748
903,903,0.008773974999712664,0.20945968812761023,59.812743444397135
904,904,0.008782957999699192,0.2094595938029106,59.812778173731886
905,905,0.008791742999676444,0.20945949990931634,59.812812851561205
906,906,0.008800571999643125,0.20945940644485733,59.812847477875124
907,907,0.00880921399965473,0.20945931340757196,59.812882052664335
908,908,0.008817837999686162,0.209459220795508,59.81291657592009
909,909,0.008826689999693826,0.20945912860672197,59.81295104763425
910,910,0.008835537999686949,0.20945903683927927,59.8129854677993
911,911,0.008844229999681374,0.20945894549125432,59.81301983640827
912,912,0.008852963999629537,0.20945885456073007,59.81305415345482
913,913,0.008861555999658322,0.20945876404579838,59.81308841893316
914,914,0.008870395999679204,0.20945867394455975,59.8131226328381
915,915,0.008899873999666852,0.20945858425512356,59.81315679516501
916,916,0.008910895999690638,0.20945849497560756,59.81319090590983
917,917,0.008921031999705065,0.20945840610413832,59.81322496506908
918,918,0.00893101899970361,0.20945831763885084,59.813258972639844
919,919,0.008940800999710063,0.20945822957788873,59.81329292861976
920,920,0.008950071999720421,0.209458141919404,59.813326833007004
921,921,0.008959445999721538,0.20945805466155717,59.81336068580033
922,922,0.008968433999712033,0.20945796780251716,59.81339448699904
923,923,0.008977098999707778,0.2094578813404612,59.81342823660296
924,924,0.008986019999724704,0.20945779527357497,59.81346193461246
925,925,0.008995129999675555,0.20945770960005233,59.813495581028484
926,926,0.00900403199966604,0.20945762431809542,59.81352917585245
927,927,0.009012956999640664,0.20945753942591466,59.81356271908635
928,928,0.009049593999634453,0.20945745492172854,59.813596210732676
929,929,0.009060186999647613,0.20945737080376384,59.81362965079447
930,930,0.009069920999650094,0.20945728707025527,59.813663039275255
931,931,0.009079375999647255,0.2094572037194457,59.81369637617912
932,932,0.009088557999632485,0.20945712074958606,59.81372966151061
933,933,0.009097479999638836,0.20945703815893535,59.81376289527481
934,934,0.009106521999626693,0.20945695594576022,59.81379607747732
935,935,0.009115294999617163,0.2094568741083355,59.81382920812421
936,936,0.009126205999621106,0.2094567926449439,59.81386228722206
937,937,0.009135476999631464,0.20945671155387593,59.81389531477795
938,938,0.009144541999603462,0.20945663083342986,59.81392829079946
939,939,0.009153173999607134,0.2094565504819117,59.813961215294626
940,940,0.00916186599960156,0.20945647049763547,59.81399408827199
941,941,0.00917047899957879,0.20945639087892262,59.814026909740576
942,942,0.009179145999610228,0.20945631162410236,59.81405967970988
943,943,0.009187763999648269,0.20945623273151165,59.81409239818986
944,944,0.009196448999659879,0.20945615419949468,59.81412506519096
945,945,0.00920501799964768,0.2094560760264037,59.81415768072409
946,946,0.00921379699963154,0.20945599821059824,59.814190244800606
947,947,0.009222643999635238,0.20945592075044522,59.81422275743236
948,948,0.009231518999627042,0.20945584364431927,59.81425521863162
949,949,0.00924031999966246,0.20945576689060225,59.81428762841114
950,950,0.009249266999688643,0.20945569048768356,59.81431998678409
951,951,0.009263727999666571,0.2094556144339599,59.81435229376414
952,952,0.00927403999969556,0.20945553872783523,59.81438454936534
953,953,0.009283533999735027,0.20945546336772106,59.81441675360223
954,954,0.00929260299977841,0.20945538835203562,59.81444890648978
955,955,0.00930164099980857,0.20945531367920495,59.81448100804336
956,956,0.009310697999808326,0.2094552393476621,59.81451305827883
957,957,0.009319577999804096,0.20945516535584713,59.814545057212406
958,958,0.009328557999822351,0.20945509170220736,59.8145770048608
959,959,0.0093375099998525,0.20945501838519712,59.8146089012411
960,960,0.009346522999862827,0.209454945403278,59.814640746370834
961,961,0.0093553579998229,0.20945487275491836,59.81467254026794
962,962,0.009363968999821282,0.20945480043859377,59.81470428295077
963,963,0.00937285599985671,0.20945472845278662,59.81473597443808
964,964,0.009381711999878917,0.20945465679598632,59.81476761474905
965,965,0.009390679999853546,0.2094545854666892,59.81479920390322
966,966,0.009399563999863858,0.20945451446339838,59.8148307419206
967,967,0.009408263999830524,0.20945444378462388,59.81486222882154
968,968,0.009417180999832908,0.2094543734288826,59.81489366462682
969,969,0.009426191999807543,0.20945430339469798,59.81492504935758
970,970,0.009435028999803308,0.2094542336806004,59.814956383035394
971,971,0.00944368399979112,0.20945416428512706,59.814987665682175
972,972,0.009452604999751202,0.2094540952068215,59.81501889732024
973,973,0.00946712299975161,0.2094540264442344,59.81505007797229
974,974,0.009477676999779305,0.20945395799592248,59.81508120766141
975,975,0.009486923999759256,0.20945388986044958,59.81511228641105
976,976,0.009495677999780128,0.2094538220363858,59.81514331424501
977,977,0.009504565999748138,0.2094537545223079,59.81517429118751
978,978,0.009513681999749224,0.20945368731679903,59.815205217263106
979,979,0.009522563999723843,0.20945362041844895,59.81523609249671
980,980,0.009531364999702419,0.20945355382585384,59.815266916913615
981,981,0.009550233999675584,0.20945348753761622,59.81529769053946
982,982,0.009560020999686003,0.2094534215523451,59.815328413400245
983,983,0.009568940999713504,0.2094533558686557,59.8153590855223
984,984,0.00957754499972907,0.20945329048516972,59.81538970693237
985,985,0.00958619599970234,0.20945322540051503,59.815420277657466
986,986,0.009594766999668991,0.20945316061332597,59.815450797725
987,987,0.009603390999700423,0.2094530961222429,59.8154812671627
988,988,0.009619649999706326,0.2094530319259124,59.81551168599864
989,989,0.009631269999715641,0.2094529680229875,59.81554205426125
990,990,0.009641585999759172,0.2094529044121271,59.81557237197924
991,991,0.00965108799977088,0.20945284109199638,59.81560263918174
992,992,0.009660203999771966,0.2094527780612666,59.81563285589812
993,993,0.00966915699979154,0.20945271531861498,59.81566302215812
994,994,0.009678104999750303,0.20945265286272488,59.815693137991815
995,995,0.009686641999735457,0.20945259069228572,59.81572320342956
996,996,0.00969540999972196,0.20945252880599297,59.81575321850208
997,997,0.009704249999742842,0.20945246720254776,59.81578318324038
998,998,0.00971294399977296,0.20945240588065747,59.81581309767578
999,999,0.00972186199976477,0.20945234483903521,59.815842961839934
1000,1000,0.009730691999777719,0.20945228407640012,59.8158727757648
1001,1001,0.009739469999772155,0.209452223591477,59.81590253948262
1002,1002,0.00974805499976128,0.20945216338299666,59.815932253025956
1003,1003,0.009756811999750425,0.2094521034496956,59.81596191642768
1004,1004,0.009765602999777911,0.20945204379031607,59.815991529720954
1005,1005,0.009774314999788203,0.20945198440360624,59.81602109293922
1006,1006,0.009783069999741656,0.20945192528831985,59.816050606116264
1007,1007,0.009791651999762507,0.20945186644321637,59.81608006928611
1008,1008,0.009800330999723883,0.20945180786706094,59.81610948248311
1009,1009,0.009808960999748706,0.20945174955862433,59.81613884574187
1010,1010,0.00981957799973543,0.20945169151668303,59.8161681590973
1011,1011,0.009828818999721989,0.20945163374001888,59.8161974225846
1012,1012,0.009837599999741542,0.2094515762274196,59.81622663623924
1013,1013,0.009846426999786217,0.20945151897767827,59.81625580009698
1014,1014,0.009855567999807135,0.20945146198959344,59.81628491419385
1015,1015,0.009864459999846531,0.20945140526196923,59.81631397856613
1016,1016,0.009873411999819837,0.20945134879361538,59.8163429932504
1017,1017,0.009882202999847323,0.2094512925833467,59.81637195828352
1018,1018,0.009890870999811341,0.20945123662998372,59.81640087370257
1019,1019,0.009900277999861373,0.20945118093235218,59.81642973954493
1020,1020,0.00991038499989827,0.20945112548928352,59.81645855584826
1021,1021,0.009919892999903368,0.20945107029961407,59.816487322650424
1022,1022,0.009929337999892596,0.20945101536218577,59.81651603998961
1023,1023,0.00993823999988308,0.20945096067584557,59.816544707904185
1024,1024,0.009947183999884146,0.20945090623944615,59.81657332643285
1025,1025,0.009961228999884497,0.20945085205184502,59.81660189561452
1026,1026,0.0099715779999201,0.20945079811190512,59.81663041548833
1027,1027,0.009981073999938417,0.2094507444184946,59.81665888609373
1028,1028,0.009990411999922344,0.20945069097048655,59.81668730747035
1029,1029,0.009999399999912839,0.2094506377667594,59.81671567965812
1030,1030,0.010008258999903319,0.20945058480619677,59.81674400269715
1031,1031,0.010017486999856828,0.20945053208768724,59.81677227662785
1032,1032,0.010026369999820872,0.20945047961012458,59.81680050149083
1033,1033,0.010034999999788852,0.20945042737240743,59.81682867732694
1034,1034,0.010043622999774016,0.20945037537343975,59.81685680417727
1035,1035,0.010052234999761822,0.2094503236121302,59.81688488208315
1036,1036,0.010060952999765505,0.2094502720873927,59.81691291108611
1037,1037,0.010069670999769187,0.20945022079814585,59.816940891227944
1038,1038,0.010078444999749081,0.20945016974331354,59.81696882255063
1039,1039,0.010086989999706475,0.20945011892182425,59.8169967050964
1040,1040,0.010095944999704898,0.20945006833261165,59.8170245389077
1041,1041,0.01010489199973108,0.209450017974614,59.81705232402719
1042,1042,0.01011340699972152,0.20944996784677458,59.817080060497744
1043,1043,0.010122059999730482,0.20944991794804146,59.817107748362474
1044,1044,0.010130921999689235,0.20944986827736756,59.81713538766466
1045,1045,0.010139696999715397,0.2094498188337105,59.81716297844787
1046,1046,0.01014875299972573,0.20944976961603276,59.81719052075578
1047,1047,0.01015991899976143,0.2094497206233015,59.81721801463235
1048,1048,0.010169551999752002,0.20944967185448865,59.81724546012172
1049,1049,0.010178424999764957,0.20944962330857073,59.81727285726822
1050,1050,0.010187222999775258,0.20944957498452899,59.81730020611643
1051,1051,0.01019607299974723,0.2094495268813495,59.81732750671109
1052,1052,0.010204832999761493,0.2094494789980226,59.81735475909712
1053,1053,0.010213621999753286,0.20944943133354385,59.81738196331968
1054,1054,0.010222587999749067,0.2094493838869125,59.81740911942411
1055,1055,0.010231336999709129,0.2094493366571333,59.81743622745594
1056,1056,0.01024003399970752,0.209449289643215,59.817463287460896
1057,1057,0.010248715999694014,0.209449242844171,59.81749029948487
1058,1058,0.010257480999712243,0.20944919625901925,59.81751726357397
1059,1059,0.010266331999730482,0.20944914988678226,59.81754417977447
1060,1060,0.010275033999732841,0.20944910372648673,59.81757104813286
1061,1061,0.010283891999733896,0.20944905777716408,59.81759786869577
1062,1062,0.010309975999746257,0.20944901203785007,59.81762464151003
1063,1063,0.01032145799973705,0.20944896650758493,59.81765136662267
1064,1064,0.010331452999707835,0.20944892118541314,59.817678044080836
1065,1065,0.01034047499973667,0.2094488760703837,59.81770467393193
1066,1066,0.010349615999757589,0.20944883116154975,59.81773125622345
1067,1067,0.010358443999734845,0.20944878645796897,59.81775779100313
1068,1068,0.01036722399970813,0.2094487419587033,59.81778427831884
1069,1069,0.010376166999719771,0.20944869766281884,59.81781071821862
1070,1070,0.010384729999714182,0.20944865356938613,59.81783711075067
1071,1071,0.010393734999752269,0.20944860967747986,59.8178634559634
1072,1072,0.010402484999758599,0.20944856598617886,59.81788975390532
1073,1073,0.010411281999779476,0.2094485224945664,59.81791600462515
1074,1074,0.01042007099977127,0.2094484792017297,59.81794220817174
1075,1075,0.010428729999773623,0.20944843610676042,59.81796836459413
1076,1076,0.010442236999779198,0.20944839320875416,59.81799447394148
1077,1077,0.01045242399976587,0.20944835050681068,59.81802053626314
1078,1078,0.010461505999785459,0.20944830800003383,59.81804655160858
1079,1079,0.010470734999785236,0.20944826568753172,59.81807252002746
1080,1080,0.010479511999790248,0.20944822356841636,59.81809844156956
1081,1081,0.010488452999766196,0.209448181641804,59.81812431628484
1082,1082,0.010496921999731512,0.2094481399068147,59.81815014422336
1083,1083,0.010508258999720965,0.20944809836257264,59.81817592543537
1084,1084,0.010517432999733956,0.20944805700820612,59.81820165997125
1085,1085,0.010526250999760123,0.20944801584284728,59.818227347881525
1086,1086,0.010535035999794218,0.2094479748656322,59.81825298921686
1087,1087,0.010543891999816424,0.20944793407570114,59.81827858402805
1088,1088,0.010552794999796333,0.209447893472198,59.81830413236605
1089,1089,0.010561478999761675,0.2094478530542708,59.81832963428194
1090,1090,0.0105702929997733,0.20944781282107125,59.818355089826916
1091,1091,0.010579095999730725,0.20944777277175522,59.81838049905235
1092,1092,0.010588025999709316,0.2094477329054822,59.81840586200973
1093,1093,0.01059702299971832,0.20944769322141557,59.818431178750664
1094,1094,0.010605740999722002,0.20944765371872265,59.81845644932688
1095,1095,0.010614849999740272,0.20944761439657444,59.818481673790274
1096,1096,0.01062340899972014,0.20944757525414576,59.81850685219283
1097,1097,0.010632211999734409,0.20944753629061524,59.81853198458669
1098,1098,0.01065797899974541,0.20944749750516525,59.81855707102409
1099,1099,0.010669883999696594,0.2094474588969818,59.81858211155741
1100,1100,0.010679714999696444,0.20944742046525472,59.81860710623914
1101,1101,0.010689014999684332,0.2094473822091777,59.818632055121896
1102,1102,0.010698573999661676,0.20944734412794777,59.81865695825841
1103,1103,0.010707466999633652,0.20944730622076585,59.81868181570153
1104,1104,0.010717726999644128,0.20944726848683637,59.818706627504234
1105,1105,0.010727162999614848,0.20944723092536766,59.81873139371959
1106,1106,0.010735988999613255,0.20944719353557134,59.818756114400806
1107,1107,0.010744725999643379,0.209447156316663,59.81878078960118
1108,1108,0.010753547999627244,0.20944711926786128,59.81880541937412
1109,1109,0.010762475999626986,0.209447082388389,59.81883000377316
1110,1110,0.010771068999645195,0.20944704567747216,59.81885454285194
1111,1111,0.010779406999631647,0.20944700913434042,59.818879036664185
1112,1112,0.010788236999644596,0.20944697275822682,59.81890348526375
1113,1113,0.010797062999699847,0.20944693654836813,59.8189278887046
1114,1114,0.010806035999678443,0.2094469005040045,59.81895224704077
1115,1115,0.010814818999676845,0.20944686462437945,59.818976560326426
1116,1116,0.01082348399967259,0.20944682890874,59.819000828615806
1117,1117,0.01083201799968947,0.20944679335633695,59.81902505196327
1118,1118,0.010840768999685224,0.2094467579664239,59.819049230423296
1119,1119,0.010849470999687583,0.20944672273825843,59.819073364050396
1120,1120,0.010859340999672895,0.20944668767110117,59.81909745289923
1121,1121,0.010869187999674068,0.20944665276421623,59.81912149702454
1122,1122,0.01087884899970959,0.20944661801687114,59.819145496481156
1123,1123,0.01088806699971201,0.20944658342833677,59.81916945132398
1124,1124,0.010897169999736889,0.20944654899788728,59.81919336160806
1125,1125,0.010906287999773667,0.20944651472480003,59.81921722738846
1126,1126,0.010915196999746968,0.20944648060835597,59.8192410487204
1127,1127,0.010924075999753313,0.209446446647839,59.81926482565915
1128,1128,0.010932930999729251,0.20944641284253665,59.81928855826006
1129,1129,0.01094157599970913,0.20944637919173936,59.8193122465786
1130,1130,0.010950305999699594,0.20944634569474108,59.819335890670274
1131,1131,0.010958973999663613,0.2094463123508388,59.81935949059071
1132,1132,0.01096795099965675,0.2094462791593329,59.819383046395615
1133,1133,0.010976858999640626,0.20944624611952672,59.81940655814074
1134,1134,0.010985778999668128,0.20944621323072718,59.81943002588196
1135,1135,0.01100034999961963,0.2094461804922438,59.81945344967518
1136,1136,0.011011098999574642,0.20944614790338975,59.81947682957643
1137,1137,0.011020387999565173,0.20944611546348116,59.819500165641784
1138,1138,0.011029456999551712,0.20944608317183722,59.8195234579274
1139,1139,0.011038300999530293,0.2094460510277803,59.819546706489504
1140,1140,0.011047606999511572,0.20944601903063584,59.819569911384406
1141,1141,0.011056926999515326,0.2094459871797325,59.81959307266848
1142,1142,0.011066171999516428,0.20944595547440184,59.81961619039817
1143,1143,0.011075108999477834,0.20944592391397848,59.819639264629984
1144,1144,0.01108394399949475,0.2094458924978002,59.8196622954205
1145,1145,0.011092609999479919,0.20944586122520764,59.81968528282638
1146,1146,0.011101332999487568,0.20944583009554466,59.81970822690433
1147,1147,0.011110117999521663,0.2094457991081579,59.81973112771112
1148,1148,0.011118702999510788,0.20944576826239722,59.819753985303606
1149,1149,0.011127490999513157,0.20944573755761517,59.81977679973868
1150,1150,0.011136045999535327,0.20944570699316756,59.819799571073325
1151,1151,0.011144774999536367,0.20944567656841295,59.819822299364546
1152,1152,0.011153442999557228,0.20944564628271284,59.819844984669444
1153,1153,0.011162274999549027,0.2094456161354318,59.81986762704516
1154,1154,0.011170911999556665,0.209445586125937,59.819890226548914
1155,1155,0.011179507999543148,0.20944555625359895,59.81991278323794
1156,1156,0.011188273999550802,0.20944552651779055,59.819935297169565
1157,1157,0.011198993999585127,0.20944549691788794,59.81995776840115
1158,1158,0.011208316999613999,0.20944546745326986,59.819980196990144
1159,1159,0.011216957999579336,0.20944543812331812,59.82000258299399
1160,1160,0.011225850999608156,0.2094454089274172,59.82002492647024
1161,1161,0.011234490999584068,0.20944537986495437,59.82004722747646
1162,1162,0.011243428999591742,0.20944535093531982,59.820069486070274
1163,1163,0.011252032999607309,0.2094453221379065,59.82009170230939
1164,1164,0.01126088799964009,0.20944529347211,59.8201138762515
1165,1165,0.01126978299964776,0.2094452649373288,59.82013600795439
1166,1166,0.011278552999669955,0.2094452365329641,59.82015809747588
1167,1167,0.011287283999649844,0.20944520825841995,59.82018014487384
1168,1168,0.011296157999652223,0.20944518011310287,59.82020215020615
1169,1169,0.011304989999644022,0.2094451520964223,59.8202241135308
1170,1170,0.011313562999646365,0.20944512420779032,59.820246034905765
1171,1171,0.011322446999656677,0.20944509644662168,59.82026791438907
1172,1172,0.011358185999654324,0.2094450688123338,59.82028975203882
1173,1173,0.011369931999638538,0.20944504130434677,59.8203115479131
1174,1174,0.011380122999639752,0.2094450139220834,59.82033330207009
1175,1175,0.011389887999655457,0.20944498666496897,59.82035501456796
1176,1176,0.011399001999677694,0.20944495953243164,59.820376685464964
1177,1177,0.011407982999685373,0.20944493252390198,59.82039831481935
1178,1178,0.011416686999666581,0.20944490563881313,59.820419902689444
1179,1179,0.011425506999671597,0.20944487887660104,59.82044144913355
1180,1180,0.011434264999650168,0.209444852236704,59.82046295421006
1181,1181,0.011442969999677644,0.20944482571856302,59.82048441797736
1182,1182,0.011452010999676077,0.20944479932162174,59.820505840493915
1183,1183,0.01146074999968505,0.20944477304532602,59.82052722181816
1184,1184,0.011469600999703289,0.20944474688912454,59.82054856200862
1185,1185,0.011478401999681864,0.20944472085246846,59.82056986112379
1186,1186,0.011487283999656484,0.2094446949348114,59.82059111922226
1187,1187,0.011496140999668114,0.2094446691356094,59.82061233636258
1188,1188,0.011504841999681048,0.2094446434543211,59.82063351260338
1189,1189,0.01151372399971251,0.20944461789040766,59.8206546480033
1190,1190,0.01152225999970824,0.20944459244333252,59.820675742620985
1191,1191,0.011531314999672304,0.20944456711256176,59.820696796515136
1192,1192,0.011540202999697158,0.20944454189756379,59.820717809744465
1193,1193,0.011548997999682342,0.20944451679780945,59.8207387823677
1194,1194,0.011559931999727269,0.20944449181277214,59.820759714443604
1195,1195,0.011569144999725722,0.20944446694192734,59.82078060603095
1196,1196,0.011578188999749273,0.20944444218475325,59.82080145718854
1197,1197,0.011587273999737135,0.20944441754073045,59.820822267975174
1198,1198,0.011596078999730253,0.2094443930093416,59.82084303844972
1199,1199,0.01160469099971806,0.2094443685900721,59.82086376867104
1200,1200,0.011613653999688722,0.20944434428240935,59.82088445869798
1201,1201,0.011622442999680516,0.2094443200858433,59.82090510858945
1202,1202,0.011631379999641922,0.2094442959998663,59.820925718404354
1203,1203,0.011640272999670742,0.20944427202397287,59.82094628820162
1204,1204,0.0116489639996189,0.20944424815765972,59.82096681804018
1205,1205,0.011657766999633168,0.20944422440042618,59.820987307979
1206,1206,0.011666611999601173,0.20944420075177367,59.821007758077045
1207,1207,0.01167516999964846,0.20944417721120592,59.82102816839329
1208,1208,0.01168389299965611,0.20944415377822895,59.82104853898673
1209,1209,0.011710175999667172,0.20944413045235094,59.82106886991638
1210,1210,0.011722146999659344,0.2094441072330826,59.82108916124123
1211,1211,0.011732081999639377,0.20944408411993645,59.821109413020324
1212,1212,0.011741159999644424,0.20944406111242758,59.8211296253127
1213,1213,0.01175026299961246,0.20944403821007324,59.82114979817738
1214,1214,0.011759495999626779,0.2094440154123927,59.82116993167343
1215,1215,0.011768159999633099,0.20944399271890746,59.821190025859906
1216,1216,0.011776933999612993,0.2094439701291417,59.82121008079587
1217,1217,0.011785511999619303,0.20944394764262095,59.82123009654039
1218,1218,0.011794441999654737,0.2094439252588736,59.821250073152555
1219,1219,0.0118031869996571,0.20944390297742976,59.821270010691435
1220,1220,0.011811946999671363,0.20944388079782203,59.82128990921613
1221,1221,0.011820998999667154,0.20944385871958476,59.821309768785696
1222,1222,0.011848903999691629,0.2094438367422549,59.821329589459246
1223,1223,0.01186276399965891,0.20944381486537103,59.821349371295874
1224,1224,0.011873481999657542,0.20944379308847416,59.82136911435469
1225,1225,0.01188298399966925,0.20944377141110732,59.82138881869474
1226,1226,0.011892368999667724,0.2094437498328156,59.821408484375176
1227,1227,0.011901104999708423,0.20944372835314617,59.821428111455056
1228,1228,0.011909937999689646,0.20944370697164835,59.82144769999349
1229,1229,0.011918945999696007,0.20944368568787336,59.821467250049565
1230,1230,0.011929615999690668,0.20944366450137458,59.82148676168237
1231,1231,0.011938932999726148,0.20944364341170743,59.82150623495101
1232,1232,0.011948095999741781,0.2094436224184294,59.82152566991454
1233,1233,0.011956960999725652,0.20944360152109986,59.82154506663207
1234,1234,0.011965658999713469,0.20944358071928035,59.82156442516264
1235,1235,0.011974699999711902,0.20944356001253436,59.82158374556536
1236,1236,0.011984040999720946,0.20944353940042718,59.82160302789927
1237,1237,0.011992831999748432,0.20944351888252652,59.82162227222343
1238,1238,0.012001638999777242,0.20944349845840168,59.8216414785969
1239,1239,0.012010251999811317,0.20944347812762412,59.82166064707872
1240,1240,0.012018906999799128,0.20944345788976715,59.82167977772793
1241,1241,0.012027548999810733,0.20944343774440613,59.82169887060354
1242,1242,0.012036874999807878,0.20944341769111824,59.821717925764595
1243,1243,0.01204639299982091,0.20944339772948273,59.821736943270075
1244,1244,0.012055556999825967,0.2094433778590807,59.82175592317899
1245,1245,0.012069500999814409,0.20944335807949518,59.82177486555034
1246,1246,0.012080419999790593,0.209443338390311,59.82179377044308
1247,1247,0.012089943999797015,0.2094433187911152,59.82181263791618
1248,1248,0.012099163999778284,0.20944329928149624,59.8218314680286
1249,1249,0.01210800699976744,0.20944327986104494,59.82185026083926
1250,1250,0.012116947999743388,0.20944326052935355,59.82186901640711
1251,1251,0.01212581899972065,0.2094432412860166,59.82188773479104
1252,1252,0.012134889999742882,0.20944322213063007,59.821906416049956
1253,1253,0.012143681999702949,0.2094432030627922,59.821925060242734
1254,1254,0.012152801999661733,0.20944318408210275,59.821943667428236
1255,1255,0.012161578999666744,0.20944316518816336,59.82196223766532
1256,1256,0.012170214999684958,0.20944314638057765,59.82198077101282
1257,1257,0.012178985999696579,0.20944312765895085,59.82199926752954
1258,1258,0.01218767699970158,0.20944310902289015,59.82201772727428
1259,1259,0.012196287999699962,0.20944309047200446,59.82203615030584
1260,1260,0.012204935999704958,0.20944307200590448,59.82205453668296
1261,1261,0.01221377599972584,0.2094430536242028,59.82207288646438
1262,1262,0.01222272899968857,0.2094430353265134,59.82209119970884
1263,1263,0.012231525999652604,0.2094430171124527,59.82210947647503
1264,1264,0.0122402809996629,0.20944299898163818,59.82212771682163
1265,1265,0.012249424999652092,0.20944298093368952,59.82214592080732
1266,1266,0.012258350999616141,0.2094429629682279,59.822164088490716
1267,1267,0.012270669999622896,0.20944294508487638,59.82218221993045
1268,1268,0.012280009999585673,0.20944292728325964,59.82220031518511
1269,1269,0.01228887199960127,0.2094429095630041,59.82221837431328
1270,1270,0.012297701999614219,0.20944289192373797,59.822236397373494
1271,1271,0.01230634899962979,0.20944287436509113,59.822254384424284
1272,1272,0.012315508999620306,0.20944285688669495,59.82227233552415
1273,1273,0.012324440999577746,0.20944283948818276,59.82229025073158
1274,1274,0.012333614999533893,0.2094428221691895,59.82230813010501
1275,1275,0.012342197999544169,0.2094428049293516,59.82232597370285
1276,1276,0.012351164999529374,0.20944278776830738,59.822343781583555
1277,1277,0.012360031999548937,0.20944277068569664,59.82236155380544
1278,1278,0.012368805999528831,0.209442753681161,59.822379290426895
1279,1279,0.012377716999480981,0.20944273675434366,59.8223969915062
1280,1280,0.012386474999516395,0.20944271990488922,59.82241465710169
1281,1281,0.012395308999543886,0.2094427031324443,59.82243228727159
1282,1282,0.012418445999514915,0.20944268643665676,59.82244988207416
1283,1283,0.012430648999554705,0.20944266981717638,59.822467441567596
1284,1284,0.012440391999575695,0.2094426532736543,59.82248496581007
1285,1285,0.012449690999574159,0.20944263680574343,59.82250245485974
1286,1286,0.012458912999534277,0.20944262041309822,59.82251990877471
1287,1287,0.012468115999524798,0.20944260409537457,59.82253732761308
1288,1288,0.012477059999525864,0.2094425878522301,59.82255471143289
1289,1289,0.012485823999497825,0.20944257168332392,59.82257206029219
1290,1290,0.012494664999508132,0.20944255558831687,59.822589374248956
1291,1291,0.012503856999558138,0.20944253956687103,59.822606653361134
1292,1292,0.012512809999577712,0.20944252361865023,59.82262389768667
1293,1293,0.01252156399954174,0.2094425077433199,59.82264110728346
1294,1294,0.012530035999532174,0.2094424919405468,59.82265828220935
1295,1295,0.012538608999534517,0.2094424762099993,59.82267542252219
1296,1296,0.012547443999551433,0.20944246055134735,59.82269252827975
1297,1297,0.01255624299955116,0.20944244496426237,59.822709599539806
1298,1298,0.012565210999525789,0.2094424294484172,59.822726636360066
1299,1299,0.012573883999550617,0.20944241400348632,59.82274363879825
1300,1300,0.012582975999578139,0.2094423986291456,59.82276060691197
1301,1301,0.012591935999580528,0.20944238332507228,59.82277754075888
1302,1302,0.012600711999596115,0.20944236809094546,59.822794440396535
1303,1303,0.012609302999578631,0.2094423529264452,59.82281130588251
1304,1304,0.01261802599958628,0.20944233783125343,59.82282813727428
1305,1305,0.012628597999594149,0.20944232280505332,59.82284493462934
1306,1306,0.01263772899955029,0.20944230784752957,59.82286169800511
1307,1307,0.012646470999527537,0.20944229295836833,59.822878427458996
1308,1308,0.012655441999527284,0.2094422781372571,59.822895123048355
1309,1309,0.012664390999532316,0.20944226338388489,59.82291178483049
1310,1310,0.01267309199954525,0.20944224869794204,59.822928412862694
1311,1311,0.012681780999571401,0.20944223407912044,59.8229450072022
1312,1312,0.012690548999557905,0.20944221952711334,59.82296156790622
1313,1313,0.012699165999549678,0.2094422050416153,59.8229780950319
1314,1314,0.012708170999530921,0.20944219062232242,59.82299458863637
1315,1315,0.01271691499954386,0.20944217626893197,59.823011048776706
1316,1316,0.012725572999556789,0.20944216198114285,59.823027475509946
1317,1317,0.012734480999540665,0.20944214775865524,59.82304386889309
1318,1318,0.012743168999520549,0.2094421336011707,59.82306022898309
1319,1319,0.012752101999524257,0.20944211950839203,59.82307655583687
1320,1320,0.012783943999522762,0.20944210548002368,59.82309284951129
1321,1321,0.012794750999546523,0.209442091515771,59.82310911006318
1322,1322,0.01280450499956487,0.20944207761534128,59.82312533754933
1323,1323,0.012813786999572585,0.20944206377844252,59.82314153202649
1324,1324,0.012822828999617286,0.20944205000478455,59.82315769355135
1325,1325,0.012831621999623621,0.2094420362940782,59.823173822180564
1326,1326,0.01284030099964184,0.20944202264603595,59.823189917970765
1327,1327,0.012849311999616475,0.2094420090603711,59.82320598097849
1328,1328,0.012858031999599007,0.20944199553679882,59.82322201126029
1329,1329,0.012866801999621202,0.2094419820750352,59.823238008872636
1330,1330,0.012875776999635491,0.20944196867479778,59.82325397387195
1331,1331,0.01288489599960485,0.20944195533580537,59.82326990631463
1332,1332,0.012894039999594042,0.20944194205777797,59.823285806257026
1333,1333,0.012902832999600378,0.2094419288404371,59.82330167375541
1334,1334,0.012911749999602762,0.2094419156835052,59.823317508866054
1335,1335,0.012920299999620966,0.20944190258670634,59.82333331164516
1336,1336,0.01292894199963257,0.20944188954976564,59.82334908214887
1337,1337,0.012937845999658748,0.20944187657240945,59.82336482043332
1338,1338,0.012946953999687594,0.20944186365436548,59.82338052655455
1339,1339,0.01295864499968502,0.20944185079536273,59.82339620056858
1340,1340,0.01296803699966631,0.20944183799513127,59.823411842531385
1341,1341,0.012977216999672692,0.20944182525340252,59.82342745249887
1342,1342,0.01298767599968187,0.209441812569909,59.823443030526924
1343,1343,0.012996820999660486,0.20944179994438483,59.82345857667136
1344,1344,0.013006885999629958,0.20944178737656471,59.82347409098794
1345,1345,0.013016184999628422,0.20944177486618504,59.823489573532406
1346,1346,0.013025120999600404,0.2094417624129834,59.82350502436042
1347,1347,0.013033980999580308,0.20944175001669835,59.82352044352762
1348,1348,0.013042860999576078,0.20944173767706978,59.82353583108958
1349,1349,0.013051586999608844,0.20944172539383873,59.823551187101806
1350,1350,0.013060544999632384,0.20944171316674742,59.823566511619795
1351,1351,0.013069348999636077,0.20944170099553946,59.82358180469897
1352,1352,0.013078094999627865,0.20944168887995915,59.82359706639469
1353,1353,0.013086932999613055,0.20944167681975245,59.823612296762285
1354,1354,0.01309574499964583,0.2094416648146662,59.82362749585703
1355,1355,0.01310466899963103,0.20944165286444844,59.82364266373414
1356,1356,0.013113654999642677,0.20944164096884843,59.823657800448785
1357,1357,0.013127855999641724,0.20944162912761663,59.82367290605609
1358,1358,0.013138337999635041,0.20944161734050443,59.823687980611105
1359,1359,0.01314800499960711,0.20944160560726455,59.82370302416885
1360,1360,0.013157211999612173,0.20944159392765074,59.823718036784285
1361,1361,0.013166198999613243,0.20944158230141793,59.823733018512314
1362,1362,0.01317497699960768,0.20944157072832204,59.82374796940779
1363,1363,0.013184105999641815,0.20944155920812035,59.82376288952552
1364,1364,0.013193038999645523,0.2094415477405711,59.82377777892023
1365,1365,0.013201730999639949,0.20944153632543355,59.82379263764664
1366,1366,0.013210401999629084,0.20944152496246823,59.82380746575938
1367,1367,0.013219370999593139,0.20944151365143665,59.82382226331302
1368,1368,0.013228207999588903,0.20944150239210152,59.82383703036212
1369,1369,0.013236902999608446,0.20944149118422647,59.823851766961134
1370,1370,0.013250855999615396,0.20944148002757634,59.823866473164486
1371,1371,0.013260847999617908,0.209441468921917,59.823881149026555
1372,1372,0.013270320999595242,0.20944145786701548,59.82389579460165
1373,1373,0.013279290999605564,0.20944144686263977,59.82391040994402
1374,1374,0.013288270999566976,0.2094414359085587,59.823924995107866
1375,1375,0.013297423999574676,0.20944142500454277,59.82393955014735
1376,1376,0.013306240999611418,0.20944141415036305,59.823954075116546
1377,1377,0.01331767099964054,0.20944140334579156,59.8239685700695
1378,1378,0.013327200999640354,0.2094413925906018,59.82398303506018
1379,1379,0.013336317999630865,0.209441381884568,59.82399747014251
1380,1380,0.013345826999625388,0.20944137122746545,59.82401187537037
1381,1381,0.013354660999652879,0.20944136061907062,59.82402625079754
1382,1382,0.013363636999656592,0.20944135005916079,59.82404059647779
1383,1383,0.01337252599967087,0.20944133954751443,59.824054912464824
1384,1384,0.013381230999641502,0.20944132908391092,59.82406919881225
1385,1385,0.01338971699965441,0.20944131866813068,59.824083455573685
1386,1386,0.013398802999688542,0.2094413082999551,59.82409768280264
1387,1387,0.013407312999675014,0.20944129797916672,59.82411188055256
1388,1388,0.013416070999653584,0.20944128770554887,59.82412604887686
1389,1389,0.01342476099966916,0.2094412774788859,59.82414018782891
1390,1390,0.013433303999647705,0.2094412672989634,59.82415429746198
1391,1391,0.01344201899962627,0.2094412571655676,59.82416837782931
1392,1392,0.013469470999609712,0.20944124707848585,59.82418242898407
1393,1393,0.013481475999640224,0.20944123703750653,59.82419645097938
1394,1394,0.013491412999599106,0.20944122704241888,59.824210443868296
1395,1395,0.01350060299961342,0.20944121709301328,59.82422440770381
1396,1396,0.013509681999607892,0.20944120718908074,59.82423834253888
1397,1397,0.01351840699959439,0.20944119733041358,59.824252248426355
1398,1398,0.01352739599957431,0.20944118751680488,59.82426612541908
1399,1399,0.013536176999593863,0.20944117774804868,59.824279973569794
1400,1400,0.013545219999571145,0.20944116802394,59.82429379293123
1401,1401,0.013553867999576141,0.20944115834427482,59.824307583555985
1402,1402,0.013562467999577166,0.2094411487088499,59.82432134549668
1403,1403,0.013571084999568939,0.2094411391174632,59.8243350788058
1404,1404,0.013579887999583207,0.2094411295699133,59.82434878353586
1405,1405,0.013588596999625224,0.20944112006599996,59.8243624597392
1406,1406,0.013597515999606458,0.20944111060552364,59.82437610746819
1407,1407,0.013606344999573139,0.2094411011882859,59.8243897267751
1408,1408,0.013615236999555691,0.20944109181408907,59.824403317712154
1409,1409,0.013624069999536914,0.20944108248273643,59.82441688033151
1410,1410,0.013632854999571009,0.20944107319403227,59.82443041468525
1411,1411,0.013641543999597161,0.20944106394778145,59.82444392082544
1412,1412,0.013650249999557218,0.2094410547437902,59.82445739880402
1413,1413,0.013658932999533135,0.2094410455818652,59.82447084867292
1414,1414,0.013667500999531512,0.2094410364618142,59.824484270483985
1415,1415,0.013677702999530084,0.20944102738344592,59.82449766428901
1416,1416,0.013686843999494158,0.2094410183465697,59.82451103013971
1417,1417,0.01369605299947807,0.20944100935099605,59.82452436808777
1418,1418,0.013704997999525403,0.2094410003965361,59.82453767818477
1419,1419,0.013713875999542324,0.209440991483002,59.82455096048226
1420,1420,0.013722549999556577,0.20944098261020663,59.824564215031735
1421,1421,0.013731463999590687,0.20944097377796392,59.8245774418846
1422,1422,0.013740088999611544,0.2094409649860884,59.8245906410922
1423,1423,0.013748654999631071,0.20944095623439565,59.82460381270584
1424,1424,0.013757468999585853,0.20944094752270195,59.824616956776744
1425,1425,0.01376609199962786,0.2094409388508246,59.82463007335606
1426,1426,0.013775039999643468,0.20944093021858148,59.82464316249492
1427,1427,0.013783811999644513,0.2094409216257915,59.82465622424436
1428,1428,0.013792485999601922,0.20944091307227442,59.82466925865534
1429,1429,0.013801247999595034,0.20944090455785064,59.82468226577879
1430,1430,0.013819160999560154,0.20944089608234157,59.824695245665545
1431,1431,0.013830632999543013,0.20944088764556928,59.82470819836641
1432,1432,0.013840829999537618,0.20944087924735677,59.82472112393209
1433,1433,0.013850201999503042,0.20944087088752783,59.82473402241326
1434,1434,0.01385951699950283,0.20944086256590697,59.824746893860514
1435,1435,0.013868551999507872,0.20944085428231954,59.82475973832438
1436,1436,0.013877403999515536,0.2094408460365918,59.824772555855326
1437,1437,0.013885981999521846,0.20944083782855066,59.82478534650376
1438,1438,0.013894642999559892,0.20944082965802382,59.82479811032002
1439,1439,0.013903689999551716,0.20944082152484,59.824810847354385
1440,1440,0.013912622999555424,0.20944081342882834,59.82482355765706
1441,1441,0.013921288999540593,0.20944080536981902,59.82483624127821
1442,1442,0.013930124999546933,0.20944079734764293,59.82484889826791
1443,1443,0.013939227999571813,0.20944078936213176,59.824861528676166
1444,1444,0.013947993999579467,0.20944078141311784,59.82487413255294
1445,1445,0.013957925999534382,0.2094407735004344,59.82488670994814
1446,1446,0.013967132999539444,0.2094407656239155,59.82489926091157
1447,1447,0.013975817999551055,0.2094407577833957,59.82491178549299
1448,1448,0.013984902999538917,0.2094407499787106,59.82492428374211
1449,1449,0.013993541999525405,0.20944074220969627,59.824936755708556
1450,1450,0.014002462999542331,0.20944073447618974,59.824949201441875
1451,1451,0.014011299999538096,0.20944072677802889,59.824961620991594
1452,1452,0.01402215399951956,0.20944071911505185,59.82497401440714
1453,1453,0.014031679999504831,0.20944071148709809,59.824986381737865
1454,1454,0.014041219999512577,0.20944070389400743,59.824998723033104
1455,1455,0.014050234999501754,0.20944069633562049,59.825011038342076
1456,1456,0.014059403999510778,0.2094406888117787,59.82502332771396
1457,1457,0.014068236999548844,0.20944068132232427,59.82503559119785
1458,1458,0.014077304999545959,0.2094406738670999,59.82504782884281
1459,1459,0.014086252999561566,0.2094406664459492,59.825060040697814
1460,1460,0.014095006999525594,0.20944065905871642,59.82507222681177
1461,1461,0.014103618999570244,0.2094406517052465,59.82508438723351
1462,1462,0.014112410999530312,0.20944064438538526,59.82509652201184
1463,1463,0.014121034999561743,0.20944063709897898,59.82510863119546
1464,1464,0.014129607999564087,0.20944062984587483,59.825120714833005
1465,1465,0.014138480999577041,0.20944062262592048,59.82513277297308
1466,1466,0.01414742199955299,0.20944061543896453,59.82514480566418
1467,1467,0.014175561999536512,0.2094406082848561,59.82515681295477
1468,1468,0.014187157999572264,0.20944060116344518,59.82516879489324
1469,1469,0.014197583999532526,0.20944059407458224,59.82518075152788
1470,1470,0.014207246999546896,0.20944058701811843,59.82519268290697
1471,1471,0.014216469999553283,0.20944057999390592,59.82520458907868
1472,1472,0.014235482999538362,0.20944057300179708,59.82521647009112
1473,1473,0.014245648999519744,0.2094405660416453,59.82522832599236
1474,1474,0.014254929999481192,0.20944055911330434,59.825240156830375
1475,1475,0.014264157999491545,0.20944055221662905,59.8252519626531
1476,1476,0.014272976999450293,0.20944054535147463,59.82526374350836
1477,1477,0.014282005999461944,0.20944053851769692,59.82527549944397
1478,1478,0.014290901999459038,0.20944053171515264,59.82528723050762
1479,1479,0.014300044999458805,0.20944052494369897,59.82529893674698
1480,1480,0.014309010999454586,0.20944051820319382,59.82531061820963
1481,1481,0.014318069999490035,0.20944051149349577,59.8253222749431
1482,1482,0.014326935999520174,0.20944050481446397,59.82533390699483
1483,1483,0.014335609999534427,0.20944049816595833,59.825345514412206
1484,1484,0.014344692999486597,0.2094404915478392,59.82535709724255
1485,1485,0.014353447999496893,0.2094404849599679,59.82536865553312
1486,1486,0.014362085999493956,0.20944047840220606,59.825380189331085
1487,1487,0.014370869999481783,0.209440471874416,59.82539169868357
1488,1488,0.014385949999507375,0.20944046537646088,59.825403183637626
1489,1489,0.014396235999470264,0.20944045890820423,59.82541464424025
1490,1490,0.01440530999946077,0.2094404524695104,59.82542608053833
1491,1491,0.014414242999464477,0.20944044606024426,59.82543749257873
1492,1492,0.014423141999486688,0.20944043968027118,59.825448880408246
1493,1493,0.014432189999467937,0.20944043332945755,59.82546024407357
1494,1494,0.014441083999486182,0.20944042700766985,59.82547158362136
1495,1495,0.014450068999508403,0.20944042071477548,59.825482899098205
1496,1496,0.014458878999505487,0.20944041445064251,59.82549419055059
1497,1497,0.014467691999527688,0.20944040821513926,59.82550545802499
1498,1498,0.014476436999530051,0.2094404020081351,59.82551670156777
1499,1499,0.014485320999540363,0.20944039582949966,59.825527921225245
1500,1500,0.014494041999569163,0.20944038967910328,59.825539117043654
1501,1501,0.014502664999554327,0.20944038355681693,59.825550289069184
1502,1502,0.014511236999567245,0.20944037746251215,59.825561437347936
1503,1503,0.014519968999593402,0.20944037139606103,59.825572561925945
1504,1504,0.014533504999633351,0.20944036535733626,59.8255836628492
1505,1505,0.01454364499966232,0.20944035934621105,59.825594740163595
1506,1506,0.014552629999684541,0.2094403533625594,59.825605793914974
1507,1507,0.014561557999684283,0.20944034740625575,59.82561682414911
1508,1508,0.014570795999645725,0.20944034147717489,59.82562783091171
1509,1509,0.014579625999658674,0.2094403355751926,59.82563881424841
1510,1510,0.014588326999671608,0.20944032970018497,59.82564977420476
1511,1511,0.014597127999650183,0.20944032385202876,59.825660710826284
1512,1512,0.014605827999673693,0.20944031803060117,59.82567162415842
1513,1513,0.014614642999674743,0.20944031223578,59.825682514246516
1514,1514,0.014623398999674464,0.20944030646744377,59.825693381135885
1515,1515,0.014632110999627912,0.20944030072547143,59.82570422487173
1516,1516,0.014640965999660693,0.20944029500974234,59.82571504549925
1517,1517,0.01465790399964817,0.20944028932013667,59.82572584306352
1518,1518,0.01466930699967861,0.20944028365653505,59.825736617609586
1519,1519,0.01467927299972871,0.20944027801881862,59.82574736918239
1520,1520,0.014688926999724572,0.2094402724068689,59.82575809782683
1521,1521,0.014698198999724355,0.2094402668205684,59.82576880358772
1522,1522,0.014707296999745267,0.20944026125979967,59.82577948650986
1523,1523,0.014716288999750304,0.20944025572444622,59.825790146637885
1524,1524,0.014727068999775383,0.20944025021439167,59.82580078401645
1525,1525,0.014736569999740823,0.20944024472952055,59.8258113986901
1526,1526,0.014745472999720732,0.2094402392697176,59.825821990703325
1527,1527,0.01475462399969274,0.20944023383486843,59.825832560100544
1528,1528,0.014763413999673958,0.20944022842485896,59.825843106926115
1529,1529,0.014772092999635333,0.20944022303957557,59.825853631224305
1530,1530,0.0147811289996298,0.20944021767890528,59.82586413303934
1531,1531,0.014789846999633482,0.20944021234273563,59.82587461241536
1532,1532,0.0147986519996266,0.20944020703095464,59.825885069396456
1533,1533,0.014812338999661279,0.20944020174345082,59.82589550402665
1534,1534,0.014822155999638653,0.20944019648011322,59.82590591634986
1535,1535,0.0148312489996556,0.20944019124083135,59.82591630640999
1536,1536,0.01484006399965665,0.2094401860254954,59.82592667425084
1537,1537,0.014848666999682791,0.20944018083399582,59.82593701991613
1538,1538,0.014875931999654313,0.20944017566622355,59.82594734344958
1539,1539,0.014888913999698161,0.2094401705220704,59.825957644894764
1540,1540,0.014899078999690119,0.2094401654014283,59.82596792429523
1541,1541,0.01490885699968203,0.2094401603041898,59.825978181694445
1542,1542,0.01491822599967918,0.2094401552302478,59.825988417135825
1543,1543,0.014927169999680245,0.20944015017949605,59.825998630662696
1544,1544,0.014936224999701153,0.20944014515182852,59.82600882231833
1545,1545,0.014944948999698227,0.20944014014713958,59.82601899214593
1546,1546,0.014954114999738977,0.20944013516532423,59.82602914018863
1547,1547,0.014964147999762645,0.20944013020627805,59.82603926648948
1548,1548,0.014973909999810076,0.20944012526989683,59.826049371091514
1549,1549,0.014982815999815102,0.20944012035607704,59.82605945403764
1550,1550,0.014992084999846611,0.20944011546471564,59.82606951537071
1551,1551,0.015000927999835767,0.20944011059570983,59.826079555133546
1552,1552,0.015009658999815656,0.2094401057489576,59.82608957336887
1553,1553,0.015018438999788941,0.20944010092435714,59.826099570119325
1554,1554,0.015027431999783403,0.20944009612180725,59.82610954542752
1555,1555,0.015035998999735511,0.20944009134120709,59.82611949933596
1556,1556,0.015044673999739189,0.2094400865824564,59.82612943188714
1557,1557,0.01505361199969002,0.20944008184545532,59.82613934312343
1558,1558,0.015538767999714764,0.20944007713010432,59.82614923308716
1559,1559,0.01555527399972334,0.2094400724363046,59.826159101820565
1560,1560,0.015566341999715405,0.2094400677639577,59.826168949365865
1561,1561,0.015576298999746996,0.20944006311296548,59.82617877576517
1562,1562,0.015585726999745475,0.20944005848323025,59.82618858106053
1563,1563,0.015594699999724071,0.209440053874655,59.826198365293926
1564,1564,0.015604039999686847,0.2094400492871429,59.8262081285073
1565,1565,0.015613314999711747,0.20944004472059782,59.82621787074247
1566,1566,0.015622146999703546,0.2094400401749239,59.82622759204125
1567,1567,0.015630978999695344,0.2094400356500256,59.82623729244536
1568,1568,0.015639955999688482,0.2094400311458082,59.82624697199643
1569,1569,0.015649000999701457,0.209440026662177,59.82625663073606
1570,1570,0.015657803999715725,0.209440022199038,59.82626626870577
1571,1571,0.015666924999720777,0.20944001775629748,59.826275885946984
1572,1572,0.01567573599976413,0.20944001333386222,59.8262854825011
1573,1573,0.015684996999766554,0.20944000893163947,59.82629505840945
1574,1574,0.015693803999795364,0.2094400045495368,59.82630461371325
1575,1575,0.015702683999791134,0.20944000018746228,59.826314148453704
1576,1576,0.015711481999801435,0.20943999584532438,59.82632366267192
1577,1577,0.015720418999762842,0.20943999152303194,59.82633315640894
1578,1578,0.015738547999774255,0.2094399872204943,59.82634262970576
1579,1579,0.015748017999783315,0.20943998293762112,59.82635208260327
1580,1580,0.015756945999783056,0.20943997867432262,59.826361515142345
1581,1581,0.0157659619998185,0.20943997443050918,59.82637092736373
1582,1582,0.015774767999857886,0.20943997020609192,59.82638031930817
1583,1583,0.01578360499985365,0.20943996600098208,59.826389691016296
1584,1584,0.015792466999869248,0.20943996181509147,59.82639904252869
1585,1585,0.01580098399989538,0.20943995764833218,59.82640837388587
1586,1586,0.01581010299986474,0.20943995350061684,59.82641768512826
1587,1587,0.0158188969998605,0.20943994937185834,59.826426976296275
1588,1588,0.01582761499986418,0.20943994526197018,59.8264362474302
1589,1589,0.015836520999869208,0.2094399411708659,59.82644549857029
1590,1590,0.015845451999894067,0.20943993709845984,59.826454729756726
1591,1591,0.015854327999875295,0.20943993304466646,59.82646394102962
1592,1592,0.01586313099983272,0.20943992900940075,59.82647313242903
1593,1593,0.01589413899984038,0.20943992499257794,59.826482303994915
1594,1594,0.01590527899980998,0.2094399209941138,59.826491455767204
1595,1595,0.015914951999832283,0.2094399170139244,59.826500587785745
1596,1596,0.015924320999829433,0.20943991305192622,59.8265097000903
1597,1597,0.015933796999831884,0.20943990910803606,59.826518792720606
1598,1598,0.01594253699983028,0.20943990518217123,59.826527865716315
1599,1599,0.0159515259998102,0.20943990127424938,59.82653691911699
1600,1600,0.01596038699977953,0.20943989738418847,59.82654595296216
1601,1601,0.015969351999785886,0.20943989351190676,59.826554967291266
1602,1602,0.015978320999806783,0.20943988965732319,59.82656396214371
1603,1603,0.015987302999803887,0.20943988582035672,59.826572937558794
1604,1604,0.015996241999800986,0.20943988200092684,59.82658189357577
1605,1605,0.016005142999802047,0.20943987819895343,59.82659083023383
1606,1606,0.016013832999817623,0.2094398744143568,59.826599747572104
1607,1607,0.01602317999982006,0.20943987064705738,59.82660864562963
1608,1608,0.016031989999817142,0.2094398668969762,59.82661752444541
1609,1609,0.016040864999808946,0.20943986316403454,59.82662638405835
1610,1610,0.01604952599979015,0.2094398594481541,59.82663522450733
1611,1611,0.016058120999787207,0.20943985574925678,59.82664404583112
1612,1612,0.01606688899977371,0.20943985206726518,59.82665284806845
1613,1613,0.016075593999801185,0.20943984840210178,59.82666163125799
1614,1614,0.01608446699981414,0.20943984475368985,59.82667039543833
1615,1615,0.016095998999787753,0.2094398411219528,59.826679140648004
1616,1616,0.01610526399980472,0.20943983750681439,59.82668786692546
1617,1617,0.016114159999858657,0.20943983390819867,59.82669657430911
1618,1618,0.01612286499982929,0.20943983032603022,59.826705262837294
1619,1619,0.01613153299985015,0.20943982676023395,59.82671393254826
1620,1620,0.016140562999851227,0.20943982321073484,59.82672258348022
1621,1621,0.01614927299988267,0.2094398196774586,59.82673121567131
1622,1622,0.016158101999906194,0.20943981616033092,59.8267398291596
1623,1623,0.016166989999874204,0.2094398126592781,59.82674842398309
1624,1624,0.01618827699985559,0.20943980917422658,59.826757000179754
1625,1625,0.016197978999855422,0.20943980570510332,59.82676555778743
1626,1626,0.016207145999828754,0.20943980225183553,59.82677409684395
1627,1627,0.016215783999825817,0.2094397988143506,59.82678261738705
1628,1628,0.016224578999811,0.20943979539257662,59.82679111945443
1629,1629,0.016233207999789556,0.20943979198644153,59.82679960308367
1630,1630,0.01624663699976736,0.209439788595874,59.82680806831236
1631,1631,0.01625665699975798,0.2094397852208029,59.826816515177974
1632,1632,0.016266062999761743,0.20943978186115733,59.82682494371793
1633,1633,0.01627504899977339,0.20943977851686685,59.82683335396959
1634,1634,0.01628397699977313,0.20943977518786117,59.826841745970256
1635,1635,0.016292700999770204,0.20943977187407062,59.82685011975714
1636,1636,0.016301661999762018,0.2094397685754255,59.82685847536741
1637,1637,0.016310405999774957,0.20943976529185662,59.82686681283817
1638,1638,0.016319643999793243,0.20943976202329515,59.82687513220647
1639,1639,0.016328444999828662,0.20943975876967247,59.82688343350926
1640,1640,0.01633738199984691,0.2094397555309202,59.82689171678345
1641,1641,0.01634654799983082,0.20943975230697048,59.82689998206589
1642,1642,0.016355421999833197,0.20943974909775567,59.826908229393354
1643,1643,0.016369555999801833,0.20943974590320832,59.82691645880256
1644,1644,0.016379747999849315,0.2094397427232615,59.82692467033016
1645,1645,0.016389355999876898,0.20943973955784842,59.826932864012726
1646,1646,0.016398263999860774,0.20943973640690272,59.8269410398868
1647,1647,0.016407336999861855,0.20943973327035814,59.826949197988824
1648,1648,0.016416117999881408,0.209439730148149,59.82695733835521
1649,1649,0.016429229999914696,0.2094397270402098,59.82696546102228
1650,1650,0.01643892799995683,0.20943972394647517,59.82697356602629
1651,1651,0.0164484729999117,0.2094397208668803,59.826981653403465
1652,1652,0.01645772099993792,0.20943971780136056,59.82698972318994
1653,1653,0.01646660499994823,0.2094397147498515,59.82699777542178
1654,1654,0.016475609999929475,0.20943971171228926,59.827005810135
1655,1655,0.01648458199997549,0.20943970868860998,59.82701382736556
1656,1656,0.016493578999984493,0.20943970567875028,59.82702182714934
1657,1657,0.01650227300001461,0.20943970268264694,59.827029809522166
1658,1658,0.016511037000043416,0.2094396997002371,59.82703777451979
1659,1659,0.01651965100001007,0.20943969673145832,59.82704572217791
1660,1660,0.016528688999983387,0.20943969377624802,59.82705365253217
1661,1661,0.016537533999951393,0.2094396908345443,59.82706156561814
1662,1662,0.016546425999933945,0.20943968790628553,59.8270694614713
1663,1663,0.01655533199993897,0.20943968499141022,59.82707734012713
1664,1664,0.01658340999995289,0.20943968208985717,59.827085201620996
1665,1665,0.016596306999986155,0.20943967920156542,59.827093045988214
1666,1666,0.016606764000016483,0.20943967632647453,59.827100873264044
1667,1667,0.01661621099998456,0.20943967346452405,59.82710868348367
1668,1668,0.016625279000038518,0.20943967061565394,59.82711647668224
1669,1669,0.016637738000042646,0.2094396677798044,59.827124252894805
1670,1670,0.016646754000021247,0.209439664956916,59.82713201215638
1671,1671,0.016655613000011726,0.20943966214692936,59.827139754501914
1672,1672,0.01666453700005377,0.20943965934978562,59.82714747996627
1673,1673,0.016673762000039005,0.2094396565654261,59.82715518858428
1674,1674,0.01668270999999777,0.2094396537937923,59.82716288039069
1675,1675,0.01669153299997106,0.2094396510348261,59.827170555420196
1676,1676,0.01670058499996685,0.20943964828846956,59.82717821370745
1677,1677,0.0167091409999216,0.20943964555466513,59.827185855286984
1678,1678,0.016717926999888277,0.2094396428333553,59.82719348019333
1679,1679,0.01672653799988666,0.20943964012448313,59.82720108846094
1680,1680,0.016735170999879756,0.20943963742799168,59.82720868012417
1681,1681,0.01674400899992179,0.2094396347438244,59.827216255217365
1682,1682,0.0167526489998977,0.20943963207192498,59.82722381377478
1683,1683,0.016761299999927814,0.20943962941223723,59.82723135583061
1684,1684,0.01677008399991564,0.20943962676470546,59.82723888141899
1685,1685,0.01677869799993914,0.20943962412927408,59.827246390574004
1686,1686,0.016789341999924545,0.20943962150588782,59.82725388332966
1687,1687,0.01679850199991506,0.20943961889449156,59.827261359719905
1688,1688,0.016807436999897618,0.20943961629503058,59.82726881977864
1689,1689,0.016816236999943612,0.2094396137074502,59.82727626353968
1690,1690,0.01682479399994463,0.20943961113169626,59.82728369103681
1691,1691,0.016833555999937744,0.20943960856771465,59.827291102303725
1692,1692,0.01684214299996256,0.20943960601545153,59.82729849737408
1693,1693,0.016850715999964905,0.20943960347485338,59.82730587628145
1694,1694,0.016859479999936866,0.20943960094586686,59.827313239059364
1695,1695,0.016868061999957717,0.20943959842843898,59.82732058574129
1696,1696,0.01687705899996672,0.20943959592251682,59.827327916360616
1697,1697,0.01688585099998363,0.2094395934280478,59.82733523095071
1698,1698,0.01689463299999261,0.20943959094497971,59.82734252954482
1699,1699,0.016903231000014785,0.20943958847326025,59.82734981217619
1700,1700,0.016911982999999964,0.20943958601283766,59.827357078877974
1701,1701,0.016927221999992526,0.20943958356366033,59.827364329683256
1702,1702,0.01693774900002154,0.20943958112567676,59.827371564625096
1703,1703,0.016947215000016058,0.20943957869883584,59.82737878373645
1704,1704,0.01695686100003968,0.2094395762830866,59.82738598705026
1705,1705,0.016965982000044733,0.20943957387837858,59.82739317459938
1706,1706,0.016974759000049744,0.20943957148466097,59.82740034641658
1707,1707,0.016983601000049475,0.20943956910188374,59.82740750253463
1708,1708,0.016992426000058458,0.20943956672999686,59.8274146429862
1709,1709,0.01700110400003041,0.2094395643689506,59.827421767803884
1710,1710,0.01701004199998124,0.2094395620186953,59.827428877020274
1711,1711,0.01701861099996904,0.20943955967918174,59.82743597066784
1712,1712,0.017027116999940972,0.20943955735036074,59.82744304877904
1713,1713,0.017036099999984344,0.20943955503218356,59.827450111386234
1714,1714,0.017044750999957614,0.20943955272460144,59.82745715852177
1715,1715,0.017053286999953343,0.20943955042756587,59.82746419021787
1716,1716,0.017062243999930615,0.20943954814102891,59.82747120650676
1717,1717,0.017070660999934262,0.20943954586494243,59.82747820742056
1718,1718,0.017079426999941916,0.2094395435992586,59.82748519299137
1719,1719,0.017087952999929712,0.20943954134392992,59.82749216325121
1720,1720,0.017096503999880497,0.20943953909890925,59.82749911823203
1721,1721,0.017105295999897407,0.20943953686414912,59.82750605796575
1722,1722,0.01711433499991699,0.2094395346396029,59.827512982484194
1723,1723,0.017130047999955877,0.2094395324252238,59.827519891819165
1724,1724,0.01713958599992793,0.2094395302209655,59.82752678600239
1725,1725,0.01714830699995673,0.20943952802678148,59.827533665065516
1726,1726,0.017157144999998764,0.20943952584262604,59.82754052904017
1727,1727,0.017165793999993184,0.20943952366845303,59.8275473779579
1728,1728,0.017174398999998175,0.20943952150421688,59.82755421185019
1729,1729,0.017183256000009806,0.2094395193498724,59.8275610307485
1730,1730,0.017192111999975168,0.2094395172053741,59.82756783468416
1731,1731,0.017200913000010587,0.20943951507067715,59.82757462368852
1732,1732,0.017209640000032778,0.2094395129457367,59.827581397792834
1733,1733,0.017218387000070834,0.2094395108305082,59.82758815702829
1734,1734,0.017227515000058702,0.20943950872494718,59.82759490142603
1735,1735,0.017236315000104696,0.20943950662900945,59.82760163101715
1736,1736,0.017244983000125558,0.20943950454265123,59.827608345832665
1737,1737,0.017253790000097524,0.20943950246582843,59.827615045903556
1738,1738,0.017262605000098574,0.20943950039849774,59.82762173126072
1739,1739,0.01727728300011222,0.20943949834061565,59.827628401935
1740,1740,0.017288159000145242,0.20943949629213893,59.82763505795722
1741,1741,0.017297693000159597,0.20943949425302466,59.827641699358075
1742,1742,0.01730698400018582,0.20943949222323005,59.82764832616829
1743,1743,0.017315887000222574,0.20943949020271252,59.82765493841844
1744,1744,0.017324959000177387,0.20943948819142966,59.827661536139125
1745,1745,0.017333716000166532,0.2094394861893392,59.827668119360844
1746,1746,0.01734293500021522,0.20943948419639918,59.82767468811403
1747,1747,0.017351814000221566,0.2094394822125678,59.82768124242909
1748,1748,0.017360626000254342,0.2094394802378034,59.82768778233635
1749,1749,0.017369356000244807,0.20943947827206452,59.8276943078661
1750,1750,0.017378475000214166,0.20943947631530999,59.82770081904856
1751,1751,0.017388625000251068,0.2094394743674986,59.82770731591388
1752,1752,0.017397814000275957,0.20943947242858962,59.82771379849216
1753,1753,0.017407148000245343,0.2094394704985423,59.827720266813486
1754,1754,0.01741667700025573,0.20943946857731618,59.82772672090782
1755,1755,0.017425766000258136,0.20943946666487087,59.8277331608051
1756,1756,0.017434636000245973,0.20943946476116634,59.82773958653523
1757,1757,0.01744370700021136,0.2094394628661625,59.82774599812801
1758,1758,0.017452760000196577,0.20943946097981972,59.827752395613224
1759,1759,0.0174613750002095,0.20943945910209827,59.82775877902056
1760,1760,0.017474664000189932,0.2094394572329589,59.82776514837971
1761,1761,0.017484790000139583,0.20943945537236233,59.827771503720236
1762,1762,0.01749344400013797,0.20943945352026946,59.8277778450717
1763,1763,0.017502162000141652,0.20943945167664146,59.82778417246358
1764,1764,0.01751150000012558,0.20943944984143978,59.82779048592532
1765,1765,0.01752021000015702,0.20943944801462566,59.82779678548629
1766,1766,0.017529213000159416,0.20943944619616092,59.827803071175786
1767,1767,0.017538162000164448,0.2094394443860074,59.8278093430231
1768,1768,0.01754724100015892,0.209439442584127,59.82781560105743
1769,1769,0.017555698000194297,0.209439440790482,59.82782184530792
1770,1770,0.017564670000240312,0.20943943900503478,59.82782807580369
1771,1771,0.017573528000241367,0.20943943722774783,59.827834292573755
1772,1772,0.01758238000024903,0.20943943545858396,59.82784049564711
1773,1773,0.017590995000261955,0.2094394336975058,59.82784668505269
1774,1774,0.017599489000247104,0.20943943194447662,59.82785286081937
1775,1775,0.017608104000203184,0.20943943019945951,59.82785902297596
1776,1776,0.01762189000021408,0.20943942846241792,59.82786517155123
1777,1777,0.017631957000219245,0.20943942673331545,59.8278713065739
1778,1778,0.017641091000200504,0.20943942501211565,59.82787742807261
1779,1779,0.017650434000188397,0.2094394232987825,59.82788353607597
1780,1780,0.0176594460002093,0.20943942159328002,59.82788963061253
1781,1781,0.017668141000228843,0.20943941989557252,59.827895711710774
1782,1782,0.017676840000206084,0.20943941820562423,59.827901779399134
1783,1783,0.01768571200017277,0.2094394165233997,59.82790783370599
1784,1784,0.017694749000213505,0.20943941484886378,59.82791387465969
1785,1785,0.017703841000184184,0.2094394131819812,59.82791990228849
1786,1786,0.017712864000202444,0.20943941152271697,59.827925916620615
1787,1787,0.017721603000211417,0.2094394098710363,59.82793191768422
1788,1788,0.017730353000217747,0.2094394082269046,59.827937905507426
1789,1789,0.017748163000192108,0.20943940659028729,59.82794388011829
1790,1790,0.017759969000167075,0.20943940496115002,59.827949841544815
1791,1791,0.017770113000153742,0.20943940333945868,59.82795578981492
1792,1792,0.017779792000112593,0.2094394017251791,59.82796172495656
1793,1793,0.01778910700011238,0.2094394001182775,59.82796764699753
1794,1794,0.017798104000121384,0.20943939851872015,59.82797355596562
1795,1795,0.017806925000115825,0.20943939692647354,59.82797945188859
1796,1796,0.01781748300010122,0.2094393953415041,59.82798533479409
1797,1797,0.017826545000104943,0.2094393937637788,59.82799120470977
1798,1798,0.017835374000128468,0.20943939219326427,59.82799706166318
1799,1799,0.017844150000144055,0.20943939062992775,59.82800290568187
1800,1800,0.017853221000109443,0.2094393890737364,59.82800873679329
1801,1801,0.017862138000111827,0.20943938752465746,59.82801455502484
1802,1802,0.017870692000144572,0.20943938598265857,59.82802036040391
1803,1803,0.01787920300012047,0.20943938444770727,59.82802615295779
1804,1804,0.01788788100009242,0.20943938291977132,59.82803193271374
1805,1805,0.017896689000110655,0.20943938139881876,59.82803769969896
1806,1806,0.017905577000078665,0.2094393798848176,59.8280434539406
1807,1807,0.017914109000116696,0.20943937837773613,59.828049195465766
1808,1808,0.01792307400012305,0.20943937687754266,59.82805492430149
1809,1809,0.017931531000101586,0.20943937538420568,59.82806064047476
1810,1810,0.01794023600012906,0.20943937389769401,59.828066344012534
1811,1811,0.017955174000121588,0.20943937241797628,59.82807203494168
1812,1812,0.01796544300015057,0.20943937094502155,59.82807771328904
1813,1813,0.017975118000151724,0.20943936947879888,59.8280833790814
1814,1814,0.017984143000148833,0.20943936801927743,59.828089032345495
1815,1815,0.01799287100016045,0.20943936656642667,59.828094673107984
1816,1816,0.018001448000177334,0.2094393651202161,59.828100301395516
1817,1817,0.018012405000149556,0.2094393636806153,59.82810591723465
1818,1818,0.018021630000134792,0.20943936224759413,59.82811152065191
1819,1819,0.018030645000123968,0.20943936082112255,59.82811711167378
1820,1820,0.018039393000094606,0.20943935940117053,59.82812269032666
1821,1821,0.018048172000078466,0.20943935798770835,59.82812825663693
1822,1822,0.018057206000094084,0.2094393565807063,59.828133810630895
1823,1823,0.018065945000103056,0.20943935518013482,59.828139352334844
1824,1824,0.018074740000145084,0.20943935378596462,59.82814488177497
1825,1825,0.018083473000103822,0.20943935239816644,59.82815039897743
1826,1826,0.01809205500006783,0.20943935101671105,59.82815590396835
1827,1827,0.018100774000060937,0.20943934964156946,59.828161396773794
1828,1828,0.018109411000068576,0.20943934827271288,59.82816687741975
1829,1829,0.018117929000084132,0.20943934691011273,59.82817234593219
1830,1830,0.018126706000089143,0.20943934555374014,59.82817780233702
1831,1831,0.018139431000122386,0.20943934420356675,59.828183246660096
1832,1832,0.01815119000013965,0.20943934285956434,59.82818867892721
1833,1833,0.01816030500015131,0.20943934152170451,59.82819409916414
1834,1834,0.018168985000158955,0.20943934018995936,59.82819950739659
1835,1835,0.01817773200019701,0.20943933886430086,59.82820490365018
1836,1836,0.018186414000183504,0.20943933754470123,59.82821028795055
1837,1837,0.01819493400017791,0.20943933623113273,59.82821566032324
1838,1838,0.018203617000153827,0.20943933492356775,59.828221020793734
1839,1839,0.018212426000104642,0.20943933362197903,59.828226369387515
1840,1840,0.018221199000151955,0.20943933232633907,59.828231706129976
1841,1841,0.01822985800015431,0.20943933103662074,59.82823703104646
1842,1842,0.018238583000140807,0.20943932975279705,59.828242344162284
1843,1843,0.018247402000099555,0.20943932847484095,59.82824764550268
1844,1844,0.01825612400011778,0.2094393272027257,59.82825293509287
1845,1845,0.018265072000133387,0.2094393259364246,59.82825821295799
1846,1846,0.01827370200015821,0.20943932467591106,59.828263479123166
1847,1847,0.018287778000171784,0.2094393234211585,59.828268733613434
1848,1848,0.018298188000187565,0.2094393221721408,59.8282739764538
1849,1849,0.01830750600021247,0.20943932092883175,59.828279207669226
1850,1850,0.018316393000191056,0.209439319691205,59.82828442728462
1851,1851,0.018325519000200075,0.20943931845923486,59.828289635324815
1852,1852,0.018334495000203788,0.20943931723289533,59.82829483181465
1853,1853,0.01834505400023545,0.2094393160121608,59.82830001677886
1854,1854,0.018354809000243222,0.20943931479700542,59.828305190242176
1855,1855,0.01836391800020465,0.20943931358740392,59.82831035222924
1856,1856,0.01837337500018066,0.2094393123833308,59.82831550276467
1857,1857,0.01838208100019756,0.20943931118476086,59.82832064187301
1858,1858,0.01839076600020917,0.20943930999166888,59.828325769578804
1859,1859,0.01839948400021285,0.20943930880402986,59.8283308859065
1860,1860,0.01840836600018747,0.2094393076218189,59.828335990880525
1861,1861,0.018417367000211016,0.20943930644501116,59.828341084525235
1862,1862,0.018426188000205457,0.20943930527358193,59.828346166864954
1863,1863,0.01843481200023689,0.2094393041075066,59.828351237923954
1864,1864,0.0184438990002036,0.20943930294676083,59.82835629772647
1865,1865,0.01845255100022314,0.20943930179132014,59.82836134629665
1866,1866,0.018461413000181892,0.20943930064116034,59.82836638365865
1867,1867,0.018470158000184256,0.20943929949625725,59.828371409836514
1868,1868,0.01847904400023026,0.20943929835658692,59.82837642485431
1869,1869,0.018490748000203894,0.20943929722212537,59.82838142873601
1870,1870,0.018499990000179878,0.20943929609284875,59.828386421505535
1871,1871,0.018508831000190185,0.20943929496873354,59.82839140318677
1872,1872,0.018517751000217686,0.20943929384975596,59.828396373803585
1873,1873,0.018526428000200212,0.2094392927358926,59.828401333379745
1874,1874,0.018535140000210504,0.20943929162712008,59.82840628193901
1875,1875,0.018544068000210245,0.20943929052341512,59.828411219505064
1876,1876,0.018552730000180873,0.20943928942475465,59.828416146101574
1877,1877,0.01856116000021757,0.20943928833111547,59.828421061752124
1878,1878,0.018569953000223904,0.20943928724247474,59.82842596648029
1879,1879,0.018578540000248722,0.2094392861588096,59.82843086030956
1880,1880,0.018587325000225974,0.20943928508009724,59.828435743263405
1881,1881,0.018596179000212487,0.20943928400631506,59.828440615365245
1882,1882,0.018604560000198944,0.20943928293744057,59.82844547663844
1883,1883,0.018613244000164286,0.20943928187345132,59.82845032710631
1884,1884,0.018621880000125657,0.20943928081432495,59.828455166792146
1885,1885,0.018634645000133787,0.20943927976003932,59.82845999571914
1886,1886,0.018644848000121783,0.20943927871057205,59.828464813910514
1887,1887,0.018654037000146673,0.2094392776659015,59.82846962138938
1888,1888,0.018662983000126587,0.20943927662600548,59.828474418178835
1889,1889,0.018671595000114394,0.20943927559086226,59.8284792043019
1890,1890,0.018680412000151136,0.20943927456045,59.8284839797816
1891,1891,0.018689234000191846,0.20943927353474737,59.82848874464087
1892,1892,0.018698156000198196,0.2094392725137325,59.82849349890261
1893,1893,0.018707349000180784,0.2094392714973842,59.82849824258969
1894,1894,0.01871595700015405,0.2094392704856811,59.8285029757249
1895,1895,0.01872488100013925,0.20943926947860178,59.82850769833104
1896,1896,0.01873368700012179,0.20943926847612532,59.82851241043079
1897,1897,0.018742398000142657,0.20943926747823066,59.828517112046846
1898,1898,0.01875118800018072,0.20943926648489683,59.82852180320183
1899,1899,0.018759774000216112,0.20943926549610287,59.82852648391834
1900,1900,0.018768588000227737,0.20943926451182823,59.828531154218894
1901,1901,0.018777521000231445,0.2094392635320521,59.828535814125985
1902,1902,0.01878648000024441,0.20943926255675402,59.82854046366207
1903,1903,0.01879529500024546,0.2094392615859135,59.82854510284955
1904,1904,0.018804201000250487,0.20943926061951013,59.828549731710766
1905,1905,0.018812775000242254,0.20943925965752366,59.82855435026805
1906,1906,0.018821533000220825,0.20943925869993382,59.82855895854365
1907,1907,0.018830381000213947,0.20943925774672062,59.8285635565598
1908,1908,0.018840863000207264,0.20943925679786407,59.82856814433867
1909,1909,0.01885059400018463,0.20943925585334416,59.82857272190239
1910,1910,0.018859466000208158,0.20943925491314114,59.82857728927305
1911,1911,0.01886829300019599,0.2094392539772353,59.82858184647268
1912,1912,0.018877033000194388,0.20943925304560693,59.828586393523295
1913,1913,0.018885892000184867,0.20943925211823655,59.828590930446836
1914,1914,0.018894526000224232,0.2094392511951046,59.82859545726522
1915,1915,0.01890311900024244,0.20943925027619179,59.8285999740003
1916,1916,0.018911810000247442,0.2094392493614788,59.82860448067391
1917,1917,0.01892053400030136,0.20943924845094655,59.82860897730781
1918,1918,0.01892925200030504,0.20943924754457574,59.828613463923745
1919,1919,0.01893790600036027,0.20943924664234742,59.82861794054339
1920,1920,0.01894661600033487,0.20943924574424277,59.82862240718839
1921,1921,0.018955147000326633,0.2094392448502427,59.82862686388036
1922,1922,0.0189638880003713,0.20943924396032873,59.82863131064084
1923,1923,0.018978788000367786,0.20943924307448206,59.82863574749134
1924,1924,0.018989098000361082,0.20943924219268412,59.82864017445334
1925,1925,0.01899878600033844,0.20943924131491634,59.828644591548255
1926,1926,0.019007846000306472,0.20943924044116033,59.82864899879747
1927,1927,0.019016620000286366,0.2094392395713978,59.82865339622232
1928,1928,0.01902508400030456,0.20943923870561046,59.82865778384411
1929,1929,0.019034049000310915,0.20943923784378013,59.82866216168407
1930,1930,0.019043150000300102,0.20943923698588876,59.828666529763424
1931,1931,0.01905201100026943,0.20943923613191834,59.82867088810333
1932,1932,0.019060882000246693,0.20943923528185093,59.82867523672491
1933,1933,0.019069594000256984,0.20943923443566867,59.828679575649254
1934,1934,0.019078252000269913,0.2094392335933539,59.82868390489737
1935,1935,0.019086976000266986,0.20943923275488882,59.82868822449028
1936,1936,0.019117069000230913,0.20943923192025593,59.828692534448905
1937,1937,0.019129561000227113,0.2094392310894377,59.82869683479418
1938,1938,0.019139427000197884,0.20943923026241665,59.82870112554696
1939,1939,0.019148616000222773,0.20943922943917548,59.828705406728055
1940,1940,0.019157529000210616,0.2094392286196968,59.828709678358244
1941,1941,0.01916630500016936,0.2094392278039636,59.82871394045829
1942,1942,0.01917507000018759,0.20943922699195855,59.82871819304887
1943,1943,0.019183816000179377,0.2094392261836649,59.82872243615062
1944,1944,0.01919452800018462,0.20943922537906534,59.828726669784174
1945,1945,0.019203561000153968,0.20943922457814323,59.828730893970096
1946,1946,0.019213009000168313,0.20943922378088164,59.82873510872891
1947,1947,0.019221752000134984,0.20943922298726392,59.82873931408109
1948,1948,0.019230393000157164,0.2094392221972734,59.82874351004708
1949,1949,0.01923901600014233,0.20943922141089344,59.8287476966473
1950,1950,0.019247653000149967,0.2094392206281076,59.828751873902085
1951,1951,0.019256506000147056,0.2094392198488994,59.82875604183176
1952,1952,0.019265090000146756,0.2094392190732526,59.8287602004566
1953,1953,0.01927358900013587,0.2094392183011508,59.82876434979685
1954,1954,0.019282313000132945,0.20943921753257788,59.82876848987268
1955,1955,0.019292318000111663,0.20943921676751762,59.82877262070425
1956,1956,0.019301771000129975,0.20943921600595403,59.828776742311675
1957,1957,0.019311050000112573,0.20943921524787118,59.82878085471502
1958,1958,0.019320266000136144,0.2094392144932531,59.82878495793431
1959,1959,0.019337170000142123,0.20943921374208394,59.82878905198953
1960,1960,0.019347867000135466,0.2094392129943479,59.828793136900615
1961,1961,0.01935748900012868,0.20943921225002946,59.8287972126875
1962,1962,0.019366790000105993,0.20943921150911274,59.82880127937002
1963,1963,0.019375884000112364,0.20943921077158245,59.828805336967996
1964,1964,0.01938493900007643,0.2094392100374229,59.82880938550123
1965,1965,0.019394015000045783,0.20943920930661886,59.828813424989434
1966,1966,0.019403106000027037,0.2094392085791549,59.828817455452345
1967,1967,0.019411989000047924,0.20943920785501577,59.82882147690959
1968,1968,0.019421051000051648,0.20943920713418626,59.828825489380804
1969,1969,0.019429703000014342,0.20943920641665129,59.828829492885546
1970,1970,0.019438652000019374,0.20943920570239571,59.82883348744339
1971,1971,0.019447987000035027,0.20943920499140464,59.828837473073804
1972,1972,0.019456767000065156,0.20943920428366306,59.828841449796265
1973,1973,0.019465457000080733,0.20943920357915627,59.82884541763017
1974,1974,0.0194740460000844,0.20943920287786932,59.82884937659491
1975,1975,0.019485292000069876,0.20943920217978762,59.82885332670982
1976,1976,0.01949443400008022,0.20943920148489636,59.8288572679942
1977,1977,0.01950343400011434,0.20943920079318112,59.828861200467315
1978,1978,0.019512240000153724,0.2094392001046273,59.828865124148365
1979,1979,0.019520916000146826,0.2094391994192205,59.82886903905655
1980,1980,0.01952964600013729,0.2094391987369463,59.828872945210996
1981,1981,0.019540106000135893,0.20943919805779035,59.8288768426308
1982,1982,0.01954943800012643,0.20943919738173852,59.828880731335026
1983,1983,0.0195582880000984,0.20943919670877653,59.8288846113427
1984,1984,0.019566973000053167,0.20943919603889027,59.82888848267279
1985,1985,0.019575831000054222,0.20943919537206565,59.82889234534425
1986,1986,0.019584624000060558,0.2094391947082887,59.82889619937599
1987,1987,0.019593213000064225,0.20943919404754555,59.828900044786856
1988,1988,0.019601782000052026,0.20943919338982225,59.828903881595686
1989,1989,0.019610476000082144,0.20943919273510506,59.82890770982125
1990,1990,0.019619229000056748,0.20943919208338024,59.82891152948232
1991,1991,0.019627916000047207,0.20943919143463402,59.82891534059759
1992,1992,0.01963665500005618,0.2094391907888529,59.82891914318572
1993,1993,0.019645269000022836,0.20943919014602333,59.828922937265354
1994,1994,0.019654168000045047,0.20943918950613172,59.82892672285509
1995,1995,0.01966265300006853,0.20943918886916466,59.82893049997346
1996,1996,0.019692054000074677,0.20943918823510888,59.828934268638996
1997,1997,0.01970285800007332,0.20943918760395103,59.82893802887016
1998,1998,0.019712125000069136,0.20943918697567782,59.82894178068541
1999,1999,0.01972483700006933,0.20943918635027609,59.82894552410313
2000,2000,0.019735749000062697,0.20943918572773276,59.828949259141694
