epoch,updates,time,train_loss,val_rmse
1,1,4.7329999972589576e-05,0.32714465024456063,67.16151011293451
2,2,7.382100000086211e-05,0.2658187694000329,61.117295167054806
3,3,8.914099998946767e-05,0.2389021308965149,59.53145347259664
4,4,0.00010114099995917059,0.2258929701551303,58.65107796145319
5,5,0.00011220599992611824,0.21928624563502588,58.419760842469294
6,6,0.00012215399993920073,0.21580420678728,58.375223925083034
7,7,0.0001318129999390294,0.21390367853932263,58.432304516026065
8,8,0.00014677099994742093,0.21282792774836978,58.51722077848534
9,9,0.00015831099995011755,0.2121947859435552,58.60783454454608
10,10,0.00016765899999882095,0.21180621288851095,58.69235166686132
11,11,0.0001851920000035534,0.211556969323823,58.76761458492276
12,12,0.00019628699999429955,0.21138965808211577,58.83309491445328
13,13,0.0002060439999809205,0.21127210695648538,58.88965007321549
14,14,0.00021567299995695066,0.21118576035927042,58.93848931122379
15,15,0.00022487899997258864,0.21111959979438186,58.98085994986036
16,16,0.00023543699995798306,0.21106689111420737,59.017882892348254
17,17,0.00024510699995516916,0.21102340358116858,59.05051403952285
18,18,0.00025453299991795575,0.21098641027500947,59.079543367504485
19,19,0.0002635999998688021,0.21095411218132168,59.10561367102345
20,20,0.00027279799985535647,0.210925297384219,59.129243441592436
21,21,0.0002817659998868294,0.21089913398453516,59.150849331975245
22,22,0.0002910479998945448,0.21087504106311686,59.170765843854355
23,23,0.00029989899991278435,0.21085260638884956,59.18926181128116
24,24,0.00030879599989930284,0.21083153283817416,59.20655380540006
25,25,0.00031783699989773595,0.21081160287131595,59.22281687096187
26,26,0.0003273859998671469,0.21079265461089416,59.23819304677492
27,27,0.0003361739998695157,0.21077456551871104,59.252798096192684
28,28,0.0003453219998732493,0.21075724113114236,59.26672681320355
29,29,0.000354078999862395,0.21074060721019253,59.280057205522034
30,30,0.00038610199987942906,0.21072460422865885,59.292853796631654
31,31,0.00039794799988612795,0.2107091834666066,59.30517023818196
32,32,0.0004083379998860437,0.21069430422984586,59.317051382739436
33,33,0.0004181929998594569,0.21067993185551495,59.32853493383857
34,34,0.0004280689998950038,0.21066603627340477,59.33965276426858
35,35,0.00043733399991197075,0.21065259096189987,59.350431973257955
36,36,0.00044678999989855583,0.210639572185554,59.360895737501956
37,37,0.00045580399989830767,0.21062695843459658,59.37106399883085
38,38,0.0004760759999271613,0.21061473000984923,59.38095402193885
39,39,0.00048569099993756026,0.21060286871278242,59.390580848350744
40,40,0.0004947669999069149,0.21059135761190242,59.399957667202415
41,41,0.0005040239998947982,0.21058018086477692,59.40909611907013
42,42,0.000513251999905151,0.21056932358078984,59.418006545709474
43,43,0.0005224659998930292,0.21055877171384718,59.42669819593343
44,44,0.0005315659998927913,0.2105485119772169,59.435179395798926
45,45,0.0005469859999038817,0.21053853177482007,59.44345768965323
46,46,0.0005677349998904901,0.21052881914482927,59.45153995731351
47,47,0.0005772309998519631,0.2105193627125429,59.45943251164137
48,48,0.0005868299998610382,0.21051015165031242,59.46714117996861
49,49,0.0006049899998288311,0.21050117564288892,59.474671372186755
50,50,0.0006147429998009102,0.21049242485698003,59.482028137797236
51,51,0.0006239349997940735,0.21048388991412426,59.489216213802756
52,52,0.0006331519998070689,0.21047556186621647,59.496240064984754
53,53,0.0006426869998108486,0.2104674321731866,59.503103917839155
54,54,0.000651943999798732,0.2104594926824574,59.50981178922036
55,55,0.0006610919998024656,0.2104517356098954,59.51636751056292
56,56,0.000669952999828638,0.21044415352204043,59.52277474840131
57,57,0.0006866569998464911,0.21043673931944298,59.529037021786536
58,58,0.0006971979998979805,0.21042948622098104,59.53515771709836
59,59,0.0007063709998647028,0.21042238774905012,59.541140100668535
60,60,0.0007153869998433038,0.2104154377155454,59.54698732956247
61,61,0.000731438999821421,0.21040863020856587,59.55270246080946
62,62,0.0007420529998398706,0.2104019595797857,59.55828845932505
63,63,0.0007589919998167716,0.21039542043244408,59.563748204729286
64,64,0.000770825999779845,0.2103890076099132,59.56908449723235
65,65,0.0007814149997784625,0.21038271618480878,59.574300062731474
66,66,0.000791694999804804,0.210376541448611,59.57939755724031
67,67,0.0008009489997675701,0.21037047890176885,59.584379570753
68,68,0.0008101429997395826,0.21036452424426072,59.58924863062869
69,69,0.0008191489997670942,0.21035867336658887,59.59400720456938
70,70,0.0008279209997681392,0.21035292234118638,59.59865770325222
71,71,0.0008368809997705284,0.21034726741421514,59.603202482668166
72,72,0.0008496439997429661,0.2103417049977372,59.6076438462106
73,73,0.0008589319997440725,0.21033623166224188,59.611984046551214
74,74,0.0008779859997503081,0.21033084412951072,59.61622528733421
75,75,0.0009008419997371675,0.21032553926580655,59.620369724715594
76,76,0.000922963999755666,0.21032031407536952,59.62441946876987
77,77,0.0009525499997948828,0.21031516569420794,59.62837658478329
78,78,0.0009699589998035663,0.21031009138416878,59.63224309444968
79,79,0.0009838859998012595,0.2103050885272773,59.63602097698263
80,80,0.0009959879998291399,0.21030015462033033,59.63971217015569
81,81,0.0010078859998543521,0.21029528726973495,59.643318571280055
82,82,0.0010176209998462582,0.2102904841865797,59.64684203812862
83,83,0.001038860999813096,0.2102857431819276,59.65028438981295
84,84,0.0010492289997614535,0.2102810621623222,59.65364740761963
85,85,0.0010590229997546885,0.21027643912549585,59.65693283581051
86,86,0.0010687669997651028,0.21027187215627158,59.660142382391804
87,87,0.001083886999765582,0.21026735942264987,59.663277719855124
88,88,0.0010955979997788745,0.21026289917207208,59.66634048589393
89,89,0.0011055379997628734,0.21025848972785166,59.66933228409777
90,90,0.0011150209997481397,0.2102541294857669,59.67225468462664
91,91,0.0011245029997439815,0.2102498169108073,59.67510922486737
92,92,0.0011337869997873895,0.21024555053406618,59.6778974100736
93,93,0.0011428099997488061,0.21024132894977357,59.68062071399058
94,94,0.0011518119997049325,0.21023715081246322,59.68328057946617
95,95,0.0011644169996998244,0.21023301483426665,59.685878419048784
96,96,0.0011740689997168374,0.21022891978232972,59.68841561557322
97,97,0.0011836709996941863,0.21022486447634547,59.69089352273506
98,98,0.0011933049997310263,0.21022084778619798,59.69331346565421
99,99,0.0012023219997558954,0.2102168686297131,59.695676741428045
100,100,0.0012113999997609426,0.21021292597050922,59.69798461967471
101,101,0.0012202799997567126,0.21020901881594672,59.7002383430668
102,102,0.001231590999736909,0.21020514621516817,59.702439127855804
103,103,0.0012411719997089676,0.2102013072572279,59.704588164387566
104,104,0.001250689999721999,0.21019750106930554,59.70668661760909
105,105,0.0012598889996979779,0.21019372681499982,59.70873562756664
106,106,0.0012690449996739517,0.21018998369269973,59.71073630989571
107,107,0.0012794769996276045,0.21018627093402897,59.71268975630252
108,108,0.0012892059996261196,0.21018258780235985,59.71459703503771
109,109,0.0012985699996761468,0.21017893359139536,59.71645919136193
110,110,0.0013081779996468867,0.21017530762381384,59.71827724800368
111,111,0.0013171689996624991,0.21017170924997589,59.720052205609406
112,112,0.0013259839996635492,0.2101681378466883,59.72178504318605
113,113,0.0013348869996434587,0.21016459281602526,59.723476718535984
114,114,0.0013477469996701075,0.21016107358420072,59.725128168684606
115,115,0.00135694099964212,0.21015757960049336,59.72674031030052
116,116,0.001366081999663038,0.21015411033621892,59.72831404010852
117,117,0.001374924999652194,0.21015066528374904,59.729850235295395
118,118,0.0013840999996546088,0.2101472439555746,59.731349753908525
119,119,0.0013931319996345337,0.21014384588341084,59.73281343524762
120,120,0.001427452999621437,0.21014047061734292,59.734242100249446
121,121,0.00144014999960973,0.21013711772501012,59.73563655186566
122,122,0.0014508899996030777,0.21013378679082656,59.736997575433925
123,123,0.0014608129995963282,0.21013047741523708,59.7383259390423
124,124,0.0014705569996067425,0.2101271892140068,59.739622393887
125,125,0.0014798079996012348,0.21012392181754216,59.74088767462367
126,126,0.0014892169996301163,0.2101206748702435,59.7421224997121
127,127,0.0014981839996153212,0.21011744802988525,59.74332757175469
128,128,0.0015072149996058215,0.21011424096702574,59.74450357782847
129,129,0.001516041999650497,0.21011105336444225,59.74565118981107
130,130,0.001525414999662189,0.21010788491659227,59.74677106470045
131,131,0.0015373279996424571,0.2101047353290987,59.74786384492857
132,132,0.0015473069996119193,0.21010160431825795,59.748930158669175
133,133,0.001556590999598484,0.21009849161057056,59.74997062013969
134,134,0.0015658369995890098,0.21009539694229323,59.750985829897196
135,135,0.0015749879996178606,0.21009232005901018,59.75197637512886
136,136,0.001587201999655008,0.2100892607152241,59.752942829936615
137,137,0.0015967559996283853,0.21008621867396604,59.75388575561633
138,138,0.0016060789996572566,0.2100831937064221,59.75480570093161
139,139,0.001615115999641148,0.21008018559157715,59.75570320238198
140,140,0.001625759999683396,0.210077194115875,59.75657878446607
141,141,0.001635356999713622,0.21007421907289298,59.75743295993935
142,142,0.001644522999754372,0.21007126026303194,59.75826623006691
143,143,0.0016534199997408905,0.21006831749321975,59.75907908487103
144,144,0.0016625669997551995,0.21006539057662835,59.75987200337397
145,145,0.0016713679997906183,0.21006247933240324,59.76064545383571
146,146,0.0016803069997877174,0.21005958358540538,59.761399893987
147,147,0.0016918569997983468,0.21005670316596456,59.76213577125767
148,148,0.001701260999823262,0.21005383790964388,59.762853523000246
149,149,0.0017104189998349284,0.21005098765701466,59.763553576709114
150,150,0.0017201359998466614,0.21004815225344178,59.764236350235095
151,151,0.0017336019998879237,0.21004533154887808,59.76490225199568
152,152,0.0017429999998626045,0.21004252539766902,59.765551681180966
153,153,0.0017589729998803705,0.21003973365836445,59.76618502795525
154,154,0.0017704629999002464,0.21003695619354087,59.766802673654595
155,155,0.0017809289998922395,0.2100341928696296,59.767404990980125
156,156,0.0017907839998656527,0.21003144355675438,59.767992344187505
157,157,0.0018003299998667899,0.21002870812857488,59.76856508927227
158,158,0.0018111549998707233,0.21002598646213863,59.76912357415145
159,159,0.0018206549999035815,0.21002327843773777,59.7696681388413
160,160,0.0018298629998980687,0.21002058393877415,59.7701991156313
161,161,0.0018388839999374795,0.2100179028516289,59.77071682925457
162,162,0.0018529729999272604,0.21001523506553893,59.77122159705457
163,163,0.0018667199998958495,0.21001258047247817,59.771713729148445
164,164,0.001876015999869196,0.21000993896704476,59.77219352858672
165,165,0.0018850309998583725,0.21000731044635249,59.77266129150978
166,166,0.0018943409998541938,0.21000469480992814,59.77311730730092
167,167,0.0019033139998896331,0.21000209195961253,59.77356185873617
168,168,0.0019122229998629336,0.2099995017994663,59.77399522213096
169,169,0.0019210399998996763,0.2099969242356799,59.774417667483526
170,170,0.0019298589999152682,0.2099943591764874,59.77482945861548
171,171,0.0019385299999044037,0.20999180653208485,59.77523085330906
172,172,0.0019508569998833991,0.2099892662145513,59.77562210344174
173,173,0.001960248999864689,0.2099867381377737,59.7760034551177
174,174,0.001970252999853983,0.20998422221737548,59.77637514879663
175,175,0.0019795349998616985,0.20998171837064805,59.77673741941966
176,176,0.001988756999821817,0.20997922651648518,59.77709049653258
177,177,0.00200920299982954,0.20997674657532056,59.77743460440649
178,178,0.0020187259997896945,0.20997427846906808,59.77776996215565
179,179,0.0020280049997722926,0.20997182212106436,59.77809678385301
180,180,0.0020371209997733786,0.20996937745601477,59.77841527864299
181,181,0.0020461089997638737,0.20996694439994082,59.77872565085199
182,182,0.002054858999770204,0.2099645228801302,59.7790281000964
183,183,0.002063518999761982,0.2099621128250898,59.779322821388284
184,184,0.002072404999751143,0.20995971416449918,59.77961000523876
185,185,0.002081494999742972,0.20995732682916798,59.77988983775908
186,186,0.0021086059997514894,0.20995495075099363,59.780162500759594
187,187,0.0021217859997477717,0.20995258586292176,59.780428171846395
188,188,0.002132084999743711,0.20995023209890842,59.780687024516034
189,189,0.0021415759997012174,0.20994788939388356,59.780939228247966
190,190,0.0021617449997393123,0.20994555768371595,59.781184948595076
191,191,0.0021723509997855217,0.20994323690518052,59.78142434727226
192,192,0.0021821079997721426,0.20994092699592612,59.78165758224286
193,193,0.002191774999801055,0.2099386278944454,59.78188480780346
194,194,0.0022009699998193355,0.2099363395400457,59.78210617466654
195,195,0.002212181999823315,0.2099340618728211,59.78232183004155
196,196,0.0022587589998011026,0.2099317948336261,59.782531917714
197,197,0.0022725449998119984,0.20992953836405004,59.78273657812293
198,198,0.0022941469998158937,0.2099272924063927,59.78293594843659
199,199,0.0023069759998293193,0.20992505690364155,59.78313016262646
200,200,0.0023299559998122277,0.20992283179944862,59.783319351539696
201,201,0.002340947999812215,0.20992061703811016,59.78350364296982
202,202,0.0023513569997817285,0.20991841256454552,59.78368316172602
203,203,0.0023610559998132885,0.20991621832427826,59.78385802970077
204,204,0.0023750869998480084,0.20991403426341693,59.784028365935995
205,205,0.002384656999879553,0.2099118603286379,59.7841942866878
206,206,0.002393939999876693,0.20990969646716762,59.78435590548971
207,207,0.002403251999908207,0.20990754262676678,59.78451333321448
208,208,0.002412518999904023,0.20990539875571418,59.78466667813462
209,209,0.00242157599990378,0.20990326480279228,59.78481604598148
210,210,0.002430613999877096,0.20990114071727242,59.78496154000302
211,211,0.002439583999887418,0.20989902644890146,59.78510326102038
212,212,0.0024484729999016963,0.20989692194788825,59.78524130748306
213,213,0.0024574669998855825,0.20989482716489127,59.78537577552298
214,214,0.0024874349998640355,0.2098927420510065,59.78550675900724
215,215,0.0024987669999063655,0.20989066655775582,59.785634349589735
216,216,0.0025090109999155175,0.20988860063707607,59.78575863676164
217,217,0.00252926399991793,0.2098865442413083,59.785879707900726
218,218,0.0025396859999204935,0.20988449732318765,59.7859976483196
219,219,0.0025489139999308463,0.20988245983583356,59.786112541312775
220,220,0.002557902999910766,0.20988043173274043,59.786224468202875
221,221,0.002566873999910513,0.20987841296776882,59.786333508385546
222,222,0.002575923999927454,0.2098764034951365,59.786439739373606
223,223,0.00258470199992189,0.20987440326941068,59.78654323683999
224,224,0.0025937949999388366,0.20987241224549955,59.78664407465992
225,225,0.002602630999945177,0.20987043037864525,59.786742324951966
226,226,0.0026113169999462116,0.20986845762441617,59.78683805811827
227,227,0.0026201619999142167,0.20986649393870016,59.78693134288385
228,228,0.002633452999873498,0.20986453927769777,59.78702224633502
229,229,0.002643047999868031,0.2098625935979159,59.78711083395688
230,230,0.002652128999841352,0.2098606568561615,59.78719716967013
231,231,0.0026607519998833595,0.20985872900953573,59.78728131586681
232,232,0.0026696029998447557,0.209856810015428,59.787363333445455
233,233,0.0026782339998590032,0.20985489983151073,59.78744328184533
234,234,0.002688892999856307,0.20985299841573427,59.787521219079906
235,235,0.002700379999851066,0.2098511057263214,59.78759720176967
236,236,0.0027093739998917954,0.20984922172176257,59.787671285174035
237,237,0.002718530999857194,0.20984734636081143,59.78774352322268
238,238,0.0027273379998860037,0.20984547960248004,59.787813968546104
239,239,0.00273639699986461,0.2098436214060348,59.78788267250547
240,240,0.0027450189999171926,0.20984177173099217,59.787949685221854
241,241,0.0027538709999248567,0.20983993053711433,59.78801505560478
242,242,0.0027626549999126837,0.20983809778440593,59.78807883138004
243,243,0.0027713309999057856,0.20983627343310995,59.788141059117066
244,244,0.0027799829999253234,0.20983445744370396,59.788201784255506
245,245,0.00278900599988674,0.20983264977689706,59.78826105113125
246,246,0.0027978939999115937,0.20983085039362623,59.78831890300194
247,247,0.0028066979999152863,0.20982905925505335,59.78837538207178
248,248,0.002815532999932202,0.20982727632256187,59.78843052951588
249,249,0.00284683099994254,0.2098255015577538,59.788484385504
250,250,0.0028604129999507677,0.20982373492244716,59.78853698922378
251,251,0.0028709779999189777,0.20982197637867256,59.788588378903384
252,252,0.002880724999897666,0.2098202258886711,59.78863859183374
253,253,0.0028902829999424284,0.20981848341489145,59.78868766439015
254,254,0.0028994489999831785,0.20981674891998736,59.78873563205352
255,255,0.0029087169999684193,0.20981502236681515,59.788782529431
256,256,0.002918024999928548,0.2098133037184316,59.78882839027626
257,257,0.0029337299999383504,0.20981159293809132,59.78887324750921
258,258,0.0029438369999184033,0.2098098899892447,59.78891713323534
259,259,0.0029533209999499377,0.20980819483553584,59.78896007876462
260,260,0.0029626379999285746,0.20980650744080037,59.7890021146299
261,261,0.0029714949998833617,0.20980482776906334,59.78904327060496
262,262,0.0029803849998870646,0.20980315578453737,59.7890835757221
263,263,0.002989297999874907,0.20980149145162083,59.789123058289434
264,264,0.0029980359998376116,0.20979983473489577,59.789161745907585
265,265,0.0030067879998796343,0.20979818559912633,59.78919966548624
266,266,0.003015754999864839,0.2097965440092571,59.78923684326012
267,267,0.003024790999859306,0.20979490993041092,59.789273304804794
268,268,0.003033782999864343,0.20979328332788783,59.789309075051875
269,269,0.003049141999895255,0.20979166416716302,59.78934417830412
270,270,0.003061154999898008,0.20979005241388565,59.78937863825005
271,271,0.0030706789999044304,0.2097884480338771,59.78941247797823
272,272,0.003079957999943872,0.2097868509931295,59.789445719991306
273,273,0.003088829999967402,0.20978526125780428,59.78947838621961
274,274,0.003097481999930096,0.20978367879423096,59.78951049803459
275,275,0.0031064019999575976,0.20978210356890556,59.789542076261796
276,276,0.0031153019999692333,0.2097805355484895,59.78957314119367
277,277,0.0031240759999491274,0.20977897469980783,59.789603712601995
278,278,0.0031426599999235805,0.2097774209898486,59.78963380975007
279,279,0.0031524049999234194,0.2097758743857612,59.7896634514046
280,280,0.003161217999888777,0.20977433485485508,59.78969265584733
281,281,0.0031701619998898423,0.20977280236459903,59.78972144088642
282,282,0.0031790889999001593,0.20977127688261946,59.78974982386751
283,283,0.0031974579998745867,0.20976975837669953,59.789777821684595
284,284,0.0032094319998918763,0.2097682468147783,59.789805450790595
285,285,0.003219988999887846,0.2097667421649491,59.78983272720776
286,286,0.003229932999886387,0.2097652443954587,59.78985966653771
287,287,0.0032395759998848916,0.2097637534747065,59.789886283971406
288,288,0.0032493549998662274,0.20976226937124318,59.78991259429875
289,289,0.003258524999864676,0.20976079205376982,59.789938611918046
290,290,0.003268027999865808,0.20975932149113696,59.78996435084521
291,291,0.0032771389998629274,0.2097578576523434,59.7899898247228
292,292,0.003290575999869816,0.2097564005065356,59.79001504682883
293,293,0.0033001729998431983,0.20975495002300656,59.7900400300853
294,294,0.0033097309998311175,0.20975350617119493,59.79006478706669
295,295,0.0033191319998309154,0.2097520689206839,59.79008933000813
296,296,0.003328257999839934,0.20975063824120063,59.79011367081344
297,297,0.003347094999867295,0.20974921410261527,59.790137821062935
298,298,0.003356782999844654,0.20974779647494002,59.790161792021124
299,299,0.0033660839998788106,0.2097463853283283,59.79018559464418
300,300,0.0033751199998732773,0.20974498063307398,59.79020923958724
301,301,0.003383997999890198,0.20974358235961063,59.790232737211575
302,302,0.0033927199999084223,0.20974219047851034,59.79025609759154
303,303,0.0034031089999189135,0.2097408049604835,59.79027933052142
304,304,0.0034121759999266033,0.20973942577637752,59.79030244552208
305,305,0.003421193999940897,0.2097380528971762,59.79032545184747
306,306,0.0034301159999472475,0.2097366862939991,59.79034835849101
307,307,0.0034387969999443158,0.2097353259381006,59.79037117419176
308,308,0.0034475919999295,0.2097339718008692,59.790393907440524
309,309,0.0034563009999146743,0.20973262385382713,59.790416566485774
310,310,0.003468276999910813,0.2097312820686286,59.79043915933947
311,311,0.003477746999919873,0.20972994641706066,59.790461693782646
312,312,0.0034866969999143294,0.2097286168710409,59.79048417737104
313,313,0.003496045999895614,0.2097272934026178,59.79050661744041
314,314,0.003505349999898044,0.20972597598396966,59.79052902111186
315,315,0.0035148549998780254,0.2097246645874038,59.79055139529701
316,316,0.0035241059998725177,0.20972335918535623,59.79057374670298
317,317,0.003540238999903522,0.20972205975039065,59.79059608183739
318,318,0.00355145999992601,0.2097207662551978,59.79061840701308
319,319,0.0035616799999047544,0.20971947867259513,59.79064072835286
320,320,0.003571304999923086,0.20971819697552574,59.79066305179411
321,321,0.0035806339999453485,0.20971692113705803,59.79068538309325
322,322,0.0035929219999388806,0.2097156511303848,59.79070772783009
323,323,0.0036027729999545954,0.20971438692882288,59.79073009141214
324,324,0.003612651999958416,0.20971312850581242,59.79075247907881
325,325,0.003622567999968851,0.20971187583491602,59.79077489590545
326,326,0.003641201999982968,0.20971062888981848,59.790797346807366
327,327,0.0036517450000133067,0.20970938764432592,59.790819836543704
328,328,0.003668238999978257,0.2097081520723655,59.790842369721254
329,329,0.0036796900000126698,0.2097069221479843,59.79086495079819
330,330,0.0036899280000284307,0.20970569784534918,59.79088758408769
331,331,0.0037025120000180323,0.209704479138746,59.7909102737615
332,332,0.0037126200000443532,0.20970326600257902,59.79093302385334
333,333,0.003721788000007109,0.20970205841137055,59.790955838262406
334,334,0.0037333619999913026,0.20970085633975988,59.79097872075654
335,335,0.0037539900000069792,0.20969965976250315,59.79100167497557
336,336,0.0037733300000013514,0.20969846865447278,59.791024704434406
337,337,0.0037840379999920515,0.2096972829906564,59.79104781252619
338,338,0.0037939840000262848,0.2096961027461571,59.79107100252519
339,339,0.003803170000026057,0.20969492789619207,59.79109427758987
340,340,0.0038124430000152643,0.2096937584160925,59.7911176407657
341,341,0.003821430000016335,0.20969259428130305,59.79114109498793
342,342,0.0038304760000187343,0.209691435467381,59.79116464308442
343,343,0.0038393250000012813,0.209690281949996,59.79118828777827
344,344,0.0038483289999931003,0.20968913370492942,59.79121203169039
345,345,0.003857354999979634,0.20968799070807378,59.79123587734215
346,346,0.0038664969999899768,0.2096868529354324,59.7912598271578
347,347,0.0038937419999456324,0.20968572036311856,59.79128388346696
348,348,0.003907515999969746,0.20968459296735523,59.791308048506934
349,349,0.003919134000000213,0.20968347072447432,59.79133232442513
350,350,0.003929598000013357,0.20968235361091664,59.791356713281225
351,351,0.0039399050000383795,0.2096812416032308,59.79138121704948
352,352,0.003949439000052735,0.20968013467807292,59.79140583762084
353,353,0.003958633000024747,0.20967903281220648,59.79143057680509
354,354,0.003967885000008664,0.209677935982501,59.791455436332875
355,355,0.003977147000000514,0.20967684416593252,59.79148041785779
356,356,0.003986337000014828,0.20967575733958238,59.79150552295827
357,357,0.0040031589999784956,0.2096746754806368,59.79153075313959
358,358,0.004014215999973203,0.2096735985663869,59.79155610983569
359,359,0.004023915999937344,0.2096725265742276,59.79158159441102
360,360,0.00403334099996755,0.20967145948165744,59.79160720816239
361,361,0.004042757999968671,0.2096703972662781,59.79163295232065
362,362,0.004055038999979388,0.20966933990579373,59.7916588280524
363,363,0.004064791999951467,0.20966828737801094,59.79168483646173
364,364,0.0040738789999750225,0.20966723966083733,59.791710978591794
365,365,0.004082968999966852,0.2096661967322824,59.791737255426426
366,366,0.0040918339999507225,0.20966515857045592,59.79176366789166
367,367,0.004101950000006127,0.20966412515356794,59.79179021685731
368,368,0.004110999999966225,0.2096630964599284,59.79181690313841
369,369,0.00412033899999642,0.20966207246794635,59.79184372749665
370,370,0.004129632000001493,0.20966105315612987,59.791870690641844
371,371,0.004138721000003898,0.20966003850308546,59.79189779323327
372,372,0.004147559999978512,0.20965902848751727,59.791925035881015
373,373,0.004156209999962357,0.20965802308822695,59.79195241914733
374,374,0.00416565399996216,0.20965702228411356,59.791979943547865
375,375,0.004183733999980177,0.20965602605417227,59.79200760955297
376,376,0.0041938649999906374,0.20965503437749466,59.79203541758889
377,377,0.00420322299999043,0.20965404723326783,59.792063368038995
378,378,0.0042123260000153095,0.20965306460077412,59.79209146124489
379,379,0.0042213300000071285,0.20965208645939076,59.79211969750763
380,380,0.004230178000057094,0.2096511127885893,59.79214807708878
381,381,0.004246586000078878,0.2096501435679353,59.79217660021153
382,382,0.004258273000061763,0.20964917877708736,59.79220526706173
383,383,0.004268355000021984,0.2096482183957978,59.79223407778897
384,384,0.0042776460000482075,0.2096472624039111,59.79226303250754
385,385,0.004286957000033453,0.2096463107813641,59.792292131297465
386,386,0.0042961290000675945,0.20964536350818538,59.79232137420542
387,387,0.004305413000054159,0.20964442056449484,59.792350761245736
388,388,0.004314523000061854,0.20964348193050356,59.79238029240127
389,389,0.004323512000041774,0.20964254758651263,59.79240996762431
390,390,0.004332744000009825,0.20964161751291366,59.79243978683744
391,391,0.004341794000026766,0.2096406916901878,59.79246974993446
392,392,0.004350620000025174,0.20963977009890553,59.79249985678114
393,393,0.004359695999994528,0.20963885271972602,59.79253010721606
394,394,0.004368564000003516,0.209637939533397,59.79256050105144
395,395,0.004383201999985431,0.2096370305207544,59.79259103807387
396,396,0.004392907999999807,0.20963612566272144,59.79262171804509
397,397,0.004401921000010134,0.20963522494030884,59.792652540702726
398,398,0.004411005000008572,0.20963432833461407,59.79268350576102
399,399,0.004419892000044001,0.209633435826821,59.79271461291152
400,400,0.004428729000039766,0.20963254739819964,59.792745861823754
401,401,0.00444156200001089,0.20963166303010544,59.792777252145946
402,402,0.004451250000045093,0.2096307827039795,59.792808783505656
403,403,0.004460628999993332,0.20962990640134718,59.79284045551036
404,404,0.004469944999982545,0.2096290341038189,59.79287226774817
405,405,0.00447932299994136,0.20962816579308877,59.792904219788376
406,406,0.004488338999976804,0.20962730145093478,59.79293631118203
407,407,0.004497443999980533,0.20962644105921818,59.792968541462606
408,408,0.004506537999986904,0.2096255845998831,59.79300091014647
409,409,0.004515255999933743,0.20962473205495633,59.79303341673347
410,410,0.004523982999955933,0.20962388340654672,59.79306606070753
411,411,0.004532837999931871,0.2096230386368451,59.79309884153705
412,412,0.004541616999915732,0.20962219772812332,59.79313175867554
413,413,0.004550546999894323,0.2096213606627348,59.79316481156205
414,414,0.004559296999843809,0.20962052742311313,59.79319799962168
415,415,0.004567963999818403,0.20961969799177282,59.79323132226607
416,416,0.004583695999826887,0.20961887235130755,59.793264778893814
417,417,0.004594740999834812,0.20961805048439114,59.79329836889097
418,418,0.0046154129998399185,0.20961723237377652,59.79333209163146
419,419,0.004625086999851646,0.20961641800229516,59.79336594647755
420,420,0.004634676999842213,0.20961560735285745,59.79339993278019
421,421,0.004643427999837968,0.20961480040845168,59.793434049879494
422,422,0.00465275699986023,0.20961399715214377,59.793468297105115
423,423,0.0046616869998956645,0.2096131975670773,59.79350267377665
424,424,0.004677739999863206,0.2096124016364728,59.79353717920397
425,425,0.004688708999879054,0.2096116093436275,59.79357181268767
426,426,0.004699063999851205,0.20961082067191494,59.793606573519334
427,427,0.004708382999865535,0.20961003560478475,59.79364146098197
428,428,0.004717577999826972,0.20960925412576226,59.79367647435034
429,429,0.00472660499980293,0.20960847621844772,59.79371161289124
430,430,0.004735945999811975,0.20960770186651695,59.79374687586386
431,431,0.004744886999787923,0.20960693105371997,59.79378226252015
432,432,0.00475422999983266,0.20960616376388116,59.79381777210506
433,433,0.004763335999825813,0.20960539998089897,59.79385340385684
434,434,0.00477253599984806,0.20960463968874518,59.79388915700742
435,435,0.004781310999817379,0.20960388287146506,59.7939250307826
436,436,0.004796941999870796,0.20960312951317683,59.79396102440237
437,437,0.004807035999874643,0.2096023795980711,59.79399713708121
438,438,0.004816184999867801,0.20960163311041097,59.79403336802831
439,439,0.004836502999864933,0.20960089003453125,59.79406971644784
440,440,0.004846282999892537,0.20960015035483864,59.794106181539235
441,441,0.004858532999890031,0.20959941405581076,59.79414276249739
442,442,0.0048680589999321455,0.20959868112199648,59.79417945851295
443,443,0.004877237999949102,0.20959795153801508,59.794216268772516
444,444,0.004886419999934333,0.20959722528855634,59.79425319245886
445,445,0.0048955989999512894,0.20959650235837987,59.79429022875118
446,446,0.004904850999935206,0.20959578273231497,59.794327376825294
447,447,0.0049139049999666895,0.20959506639526032,59.79436463585385
448,448,0.004922548999957144,0.20959435333218362,59.794402005006546
449,449,0.00493316799997956,0.2095936435281212,59.79443948345032
450,450,0.004949530999965646,0.2095929369681779,59.79447707034954
451,451,0.004961313999956474,0.20959223363752658,59.79451476486618
452,452,0.004971698999952423,0.20959153352140775,59.79455256616004
453,453,0.004980988999989222,0.20959083660512975,59.79459047338892
454,454,0.004990261999978429,0.2095901428740677,59.79462848570876
455,455,0.004999503999954413,0.20958945231366363,59.79466660227384
456,456,0.0050086999999621185,0.20958876490942627,59.79470482223692
457,457,0.005019956999944952,0.20958808064693044,59.79474314474943
458,458,0.005030016999967302,0.20958739951181696,59.794781568961625
459,459,0.005039205999935348,0.20958672148979224,59.79482009402269
460,460,0.005048202999887508,0.20958604656662805,59.79485871908097
461,461,0.005082574999846656,0.20958537472816116,59.79489744328404
462,462,0.005094055999848024,0.20958470596029322,59.79493626577888
463,463,0.005104083999810882,0.20958404024898997,59.794975185712
464,464,0.005113552999773674,0.2095833775802817,59.795014202229574
465,465,0.005122987999754969,0.20958271794026231,59.7950533144776
466,466,0.005134500999758984,0.2095820613150893,59.795092521601966
467,467,0.0051441139997336904,0.2095814076909835,59.795131822748615
468,468,0.005155327999716519,0.20958075705422854,59.79517121706367
469,469,0.005165055999668766,0.20958010939117108,59.7952107036935
470,470,0.005174216999648706,0.2095794646882199,59.79525028178488
471,471,0.005183237999631274,0.20957882293184593,59.7952899504851
472,472,0.005192462999673353,0.209578184108582,59.79532970894201
473,473,0.005201471999669138,0.20957754820502247,59.79536955630423
474,474,0.005210568999643783,0.20957691520782307,59.79540949172112
475,475,0.0052240989996334974,0.2095762851037003,59.79544951434299
476,476,0.005233576999671641,0.2095756578794315,59.795489623321146
477,477,0.005244401999675574,0.20957503352185466,59.795529817807946
478,478,0.0052535299997202856,0.2095744120178674,59.795570096956965
479,479,0.005265937999752168,0.2095737933544277,59.79561045992303
480,480,0.0052833969997436725,0.209573177518553,59.7956509058623
481,481,0.005302716999722179,0.20957256449731998,59.79569143393239
482,482,0.00533863799972778,0.20957195427786462,59.795732043292396
483,483,0.00535112999972398,0.20957134684738135,59.795772733103
484,484,0.005361238999739726,0.20957074219312347,59.79581350252657
485,485,0.005371084999694631,0.2095701403024023,59.79585435072716
486,486,0.005380581999702372,0.20956954116258733,59.79589527687066
487,487,0.005389512999727231,0.20956894476110555,59.795936280124806
488,488,0.00539866799971378,0.2095683510854417,59.79597735965926
489,489,0.0054077439996831345,0.20956776012313752,59.79601851464569
490,490,0.00541651399970533,0.20956717186179177,59.79605974425781
491,491,0.005425836999677358,0.2095665862890598,59.79610104767146
492,492,0.005434540999658566,0.20956600339265355,59.79614242406464
493,493,0.005443034999643714,0.2095654231603409,59.79618387261757
494,494,0.005461679999655189,0.20956484557994592,59.79622539251278
495,495,0.0054717819996312755,0.20956427063934804,59.79626698293509
496,496,0.005487417999631816,0.20956369832648217,59.79630864307174
497,497,0.005497397999590703,0.2095631286293385,59.79635037211237
498,498,0.005506767999577278,0.20956256153596206,59.79639216924913
499,499,0.00551593299957176,0.2095619970344524,59.79643403367667
500,500,0.00552485699955696,0.20956143511296357,59.796475964592204
501,501,0.005545253999571287,0.20956087575970367,59.79651796119558
502,502,0.005554981999580377,0.20956031896293484,59.79656002268925
503,503,0.005564378999565633,0.20955976471097273,59.7966021482784
504,504,0.005573798999591872,0.2095592129921864,59.79664433717093
505,505,0.005582875999607495,0.20955866379499827,59.79668658857749
506,506,0.00559167899956492,0.20955811710788338,59.79672890171151
507,507,0.005600301999606927,0.20955757291936958,59.79677127578931
508,508,0.0056091999996397135,0.2095570312180373,59.79681371003002
509,509,0.0056179129996394295,0.2095564919925188,59.79685620365568
510,510,0.005626779999658993,0.2095559552314987,59.79689875589126
511,511,0.0056435069996609855,0.2095554209237131,59.796941365964685
512,512,0.005655130999628,0.20955488905794958,59.79698403310686
513,513,0.005675128999598655,0.20955435962304705,59.797026756551695
514,514,0.005685628999628989,0.20955383260789545,59.79706953553612
515,515,0.0056951989996605334,0.2095533080014354,59.797112369300145
516,516,0.005704404999676171,0.20955278579265812,59.79715525708684
517,517,0.005713398999716901,0.20955226597060506,59.79719819814242
518,518,0.005722525999715344,0.2095517485243679,59.79724119171616
519,519,0.005731407999746807,0.20955123344308826,59.797284237060516
520,520,0.005740038999761055,0.20955072071595707,59.79732733343111
521,521,0.0057490299997198235,0.2095502103322148,59.79737048008676
522,522,0.005758033999768486,0.20954970228115113,59.79741367628943
523,523,0.0057670199997232885,0.20954919655210488,59.79745692130435
524,524,0.005776031999687348,0.20954869313446325,59.79750021439998
525,525,0.005784759999698963,0.20954819201766214,59.79754355484799
526,526,0.005793619999678867,0.2095476931911856,59.79758694192335
527,527,0.005802676999678624,0.20954719664456603,59.797630374904294
528,528,0.005812838999702308,0.2095467023673832,59.797673853072325
529,529,0.005822209999735151,0.20954621034926504,59.79771737571227
530,530,0.005831622999778574,0.20954572057988644,59.79776094211226
531,531,0.005841472999748021,0.20954523304896988,59.79780455156373
532,532,0.005854097999758778,0.20954474774628437,59.79784820336147
533,533,0.005864040999767894,0.20954426466164605,59.79789189680359
534,534,0.005873094999742534,0.20954378378491742,59.79793563119156
535,535,0.005882228999723793,0.20954330510600738,59.797979405830205
536,536,0.005891251999742053,0.20954282861487095,59.7980232200277
537,537,0.0059000409997338465,0.20954235430150894,59.798067073095616
538,538,0.0059089029997494436,0.20954188215596806,59.798110964348865
539,539,0.005917856999758442,0.20954141216834044,59.79815489310577
540,540,0.005926705999740989,0.20954094432876333,59.79819885868801
541,541,0.0059357359997420645,0.20954047862741929,59.79824286042069
542,542,0.005952597999737463,0.20954001505453554,59.79828689763227
543,543,0.005962542999725429,0.20953955360038423,59.79833096965465
544,544,0.005995332999702896,0.20953909425528175,59.79837507582309
545,545,0.006008525999675385,0.2095386370095888,59.798419215476265
546,546,0.006018866999681904,0.2095381818537102,59.798463387956254
547,547,0.006028438999692298,0.20953772877809448,59.79850759260856
548,548,0.006037800999706633,0.20953727777323403,59.798551828782045
549,549,0.006047104999709063,0.20953682882966454,59.79859609582903
550,550,0.006065438999712569,0.209536381937965,59.79864039310521
551,551,0.006075413999724333,0.20953593708875742,59.79868471996969
552,552,0.006084603999738647,0.20953549427270682,59.798729075785
553,553,0.0060935009997251655,0.20953505348052068,59.79877345991703
554,554,0.006102657999690564,0.20953461470294907,59.79881787173512
555,555,0.006111742999678427,0.2095341779307843,59.79886231061197
556,556,0.006120624999653046,0.20953374315486079,59.79890677592372
557,557,0.006129610999664692,0.20953331036605494,59.79895126704985
558,558,0.006139014999632764,0.20953287955528452,59.79899578337329
559,559,0.006147924999595489,0.2095324507135092,59.79904032428033
560,560,0.006157055999608474,0.20953202383172984,59.79908488916063
561,561,0.006165790999602905,0.2095315989009882,59.799129477407256
562,562,0.0061746779995814904,0.2095311759123674,59.79917408841664
563,563,0.006183472999566675,0.20953075485699094,59.7992187215886
564,564,0.006192132999558453,0.20953033572602314,59.799263376326294
565,565,0.00620318999955316,0.20952991851066852,59.799308052036274
566,566,0.006212901999560927,0.20952950320217192,59.79935274812841
567,567,0.0062224469995726395,0.2095290897918182,59.79939746401597
568,568,0.0062365919995954755,0.2095286782709319,59.79944219911552
569,569,0.006246163999549026,0.20952826863087745,59.799486952847005
570,570,0.006255034999526288,0.20952786086305855,59.79953172463368
571,571,0.006263867999507511,0.20952745495891825,59.799576513902124
572,572,0.0062727019994781585,0.20952705090993873,59.79962132008225
573,573,0.006281854999485859,0.20952664870764107,59.799666142607286
574,574,0.006290880999529236,0.20952624834358521,59.79971098091372
575,575,0.0062997619995144305,0.20952584980936947,59.79975583444143
576,576,0.006308590999537955,0.2095254530966307,59.79980070263347
577,577,0.006320450999510285,0.20952505819704398,59.79984558493625
578,578,0.006330037999532578,0.20952466510232234,59.79989048079945
579,579,0.006343746999561972,0.2095242738042168,59.79993538967599
580,580,0.006355488999531644,0.20952388429451604,59.79998031102206
581,581,0.00636511699951825,0.20952349656504637,59.80002524429709
582,582,0.006374619999519382,0.20952311060767106,59.80007018896377
583,583,0.006383595999523095,0.2095227264142911,59.80011514448801
584,584,0.0063928599995506374,0.2095223439768442,59.800160110338936
585,585,0.0064022269995689385,0.20952196328730482,59.80020508598889
586,586,0.006411499999558146,0.20952158433768447,59.80025007091342
587,587,0.0064204689995222,0.20952120712003094,59.800295064591275
588,588,0.006429124999499436,0.2095208316264282,59.80034006650438
589,589,0.006440848999488935,0.20952045784899678,59.800385076137836
590,590,0.0064749469995035724,0.20952008577989284,59.80043009297991
591,591,0.006488032999527604,0.20951971541130873,59.80047511652203
592,592,0.006500918999506666,0.20951934673547218,59.80052014625876
593,593,0.006517650999455782,0.20951897974464673,59.800565181687816
594,594,0.006529813999406997,0.209518614431131,59.80061022231
595,595,0.006549292999409317,0.20951825078725908,59.80065526762928
596,596,0.006559345999448851,0.2095178888053998,59.800700317152696
597,597,0.006568907999451312,0.2095175284779572,59.800745370390395
598,598,0.006577942999456354,0.20951716979736978,59.8007904268556
599,599,0.0065871329994706684,0.20951681275611067,59.8008354860646
600,600,0.006598966999433742,0.20951645734668742,59.80088054753677
601,601,0.006608471999413723,0.20951610356164185,59.80092561079451
602,602,0.0066176119994452165,0.20951575139354983,59.80097067536326
603,603,0.006637718999400022,0.20951540083502126,59.80101574077152
604,604,0.006647354999415711,0.20951505187869954,59.80106080655078
605,605,0.006656517999431344,0.20951470451726198,59.801105872235524
606,606,0.006665660999431111,0.20951435874341928,59.80115093736328
607,607,0.006674610999425568,0.2095140145499154,59.80119600147453
608,608,0.006683132999455665,0.2095136719295275,59.80124106411271
609,609,0.006696974999442773,0.20951333087506568,59.80128612482425
610,610,0.0067079089994876995,0.2095129913793732,59.8013311831585
611,611,0.006717627999478282,0.2095126534353255,59.80137623866781
612,612,0.006726990999482041,0.20951231703583104,59.80142129090736
613,613,0.006736417999434252,0.20951198217383052,59.80146633943535
614,614,0.006749103999425188,0.20951164884229678,59.8015113838128
615,615,0.006764877999387409,0.20951131703423512,59.80155642360368
616,616,0.006780837999372125,0.20951098674268254,59.8016014583748
617,617,0.006795125999417451,0.20951065796070792,59.80164648769586
618,618,0.006810000999394106,0.20951033068141173,59.80169151113942
619,619,0.006825007999395893,0.20951000489792618,59.80173652828088
620,620,0.006841728999404495,0.2095096806034146,59.80178153869846
621,621,0.006857231999447322,0.20950935779107197,59.80182654197325
622,622,0.00686639399947353,0.20950903645412397,59.801871537689074
623,623,0.0068754029994693155,0.20950871658582743,59.80191652543263
624,624,0.006887856999469477,0.20950839817946987,59.801961504793354
625,625,0.006897219999473236,0.2095080812283697,59.80200647536347
626,626,0.006906761999459832,0.20950776572587565,59.802051436738
627,627,0.006916163999449054,0.2095074516653671,59.80209638851464
628,628,0.006925647999423745,0.20950713904025348,59.8021413302939
629,629,0.006934719999378558,0.20950682784397434,59.80218626167897
630,630,0.006943847999366426,0.20950651806999934,59.80223118227578
631,631,0.006953675999398001,0.20950620971182787,59.80227609169296
632,632,0.006962984999404398,0.2095059027629892,59.802320989541826
633,633,0.006972311999390968,0.2095055972170419,59.802365875436365
634,634,0.006981110999390694,0.20950529306757426,59.80241074899327
635,635,0.006990001999383821,0.20950499030820371,59.80245560983182
636,636,0.006998672999372957,0.20950468893257687,59.802500457574
637,637,0.0070076199993991395,0.2095043889343694,59.80254529184442
638,638,0.007016216999375047,0.20950409030728606,59.802590112270266
639,639,0.00703018799936217,0.20950379304505992,59.80263491848138
640,640,0.007040996999364779,0.20950349714145322,59.80267971011018
641,641,0.00705081899934612,0.20950320259025637,59.80272448679166
642,642,0.007060058999343255,0.20950290938528834,59.80276924816341
643,643,0.007076489999349178,0.20950261752039612,59.80281399386555
644,644,0.0070873209993465025,0.20950232698945515,59.80285872354078
645,645,0.007096569999305302,0.2095020377863685,59.8029034368343
646,646,0.007105515999285217,0.2095017499050675,59.80294813339388
647,647,0.0071145279993061195,0.20950146333951083,59.80299281286976
648,648,0.007129759999315866,0.20950117808368499,59.80303747491471
649,649,0.007144138999308325,0.20950089413160405,59.80308211918397
650,650,0.0071570859993244085,0.2095006114773092,59.80312674533526
651,651,0.007168456999352202,0.20950033011486902,59.803171353028794
652,652,0.0071775759993215615,0.2095000500383792,59.80321594192719
653,653,0.007186468999293538,0.20949977124196234,59.803260511695555
654,654,0.007195555999317094,0.20949949371976795,59.8033050620014
655,655,0.0072045819993036275,0.20949921746597225,59.80334959251466
656,656,0.007213438999315258,0.20949894247477818,59.80339410290767
657,657,0.007223307999311146,0.20949866874041492,59.80343859285517
658,658,0.007232318999285781,0.20949839625713848,59.80348306203429
659,659,0.007241436999265716,0.2094981250192306,59.803527510124525
660,660,0.007250425999302479,0.20949785502099946,59.803571936807714
661,661,0.007259174999262541,0.20949758625677925,59.80361634176808
662,662,0.007268112999270215,0.20949731872092994,59.803660724692136
663,663,0.007276843999250104,0.20949705240783734,59.803705085268774
664,664,0.007285520999232631,0.20949678731191287,59.80374942318917
665,665,0.0072941299992521635,0.2094965234275937,59.80379373814679
666,666,0.007303075999232078,0.20949626074934208,59.80383802983742
667,667,0.0073119299992185915,0.20949599927164578,59.80388229795911
668,668,0.007320775999232865,0.20949573898901783,59.803926542212196
669,669,0.007329810999237907,0.20949547989599618,59.803970762299244
670,670,0.007338813999240301,0.20949522198714376,59.80401495792509
671,671,0.007347459999266448,0.20949496525704847,59.80405912879679
672,672,0.007366394999223758,0.20949470970032286,59.804103274623614
673,673,0.007377508999240945,0.2094944553116041,59.804147395117084
674,674,0.0073879579992421895,0.20949420208555378,59.804191489990885
675,675,0.007397472999230104,0.20949395001685822,59.80423555896091
676,676,0.007406878999233868,0.20949369910022758,59.8042796017452
677,677,0.007416099999261405,0.20949344933039651,59.804323618064025
678,678,0.007425752999267843,0.20949320070212366,59.804367607639755
679,679,0.007434725999246439,0.20949295321019157,59.804411570196926
680,680,0.007444036999231685,0.20949270684940666,59.80445550546222
681,681,0.007455186999209218,0.2094924616145991,59.80449941316442
682,682,0.007464413999230146,0.20949221750062266,59.804543293034435
683,683,0.0074735279991955395,0.20949197450235474,59.804587144805275
684,684,0.007482487999197929,0.20949173261469586,59.80463096821203
685,685,0.007491462999155374,0.20949149183257018,59.8046747629919
686,686,0.007500387999186842,0.20949125215092493,59.80471852888411
687,687,0.007509207999191858,0.2094910135647304,59.804762265629975
688,688,0.007518443999174451,0.20949077606897995,59.80480597297286
689,689,0.007527674999153078,0.20949053965868975,59.80484965065814
690,690,0.007536721999144902,0.20949030432889865,59.80489329843326
691,691,0.00754554099910365,0.20949007007466847,59.80493691604762
692,692,0.007561268999097592,0.20948983689108333,59.80498050325269
693,693,0.007571265999104071,0.20948960477324988,59.80502405980188
694,694,0.007580545999076094,0.20948937371629722,59.80506758545064
695,695,0.007589917999098361,0.20948914371537672,59.805111079956326
696,696,0.007598858999074309,0.2094889147656617,59.80515454307832
697,697,0.007607710999081974,0.20948868686234778,59.80519797457793
698,698,0.007616519999089633,0.2094884600006524,59.80524137421839
699,699,0.0076251309990880145,0.209488234175815,59.8052847417649
700,700,0.007633844999077155,0.2094880093830966,59.80532807698457
701,701,0.007648032999099996,0.2094877856177799,59.80537137964642
702,702,0.0076574799991249165,0.20948756287516937,59.80541464952135
703,703,0.007666633999122041,0.20948734115059073,59.80545788638219
704,704,0.007675941999139013,0.20948712043939102,59.80550109000363
705,705,0.0076846999991175835,0.20948690073693885,59.805544260162236
706,706,0.0076935679991265715,0.20948668203862364,59.80558739663643
707,707,0.0077080329991758845,0.20948646433985613,59.8056304992065
708,708,0.007719771999177283,0.2094862476360679,59.80567356765456
709,709,0.0077299239991930335,0.2094860319227115,59.80571660176455
710,710,0.007739600999229879,0.2094858171952601,59.80575960132227
711,711,0.0077491919992667135,0.20948560344920783,59.805802566115275
712,712,0.00776026399927332,0.20948539068006916,59.80584549593297
713,713,0.007769425999242685,0.20948517888337928,59.805888390566516
714,714,0.0077785709992213015,0.2094849680546936,59.8059312498089
715,715,0.0077875629992263384,0.2094847581895879,59.805974073454834
716,716,0.00779672999919967,0.20948454928365817,59.80601686130084
717,717,0.007806059999211357,0.20948434133252058,59.80605961314514
718,718,0.007846222999205565,0.20948413433181137,59.806102328787745
719,719,0.007868127999188346,0.20948392827718657,59.80614500803039
720,720,0.007880202999217545,0.20948372316432223,59.80618765067652
721,721,0.007900757999266261,0.2094835189889141,59.80623025653131
722,722,0.00791115099923445,0.20948331574667745,59.806272825401635
723,723,0.007926993999205934,0.2094831134333474,59.80631535709607
724,724,0.007937385999241542,0.20948291204467848,59.80635785142488
725,725,0.007958598999266542,0.2094827115764445,59.8064003082
726,726,0.00797017899930097,0.20948251202443866,59.80644272723503
727,727,0.007979553999291511,0.20948231338447343,59.80648510834526
728,728,0.00798892499926751,0.20948211565238045,59.80652745134759
729,729,0.007998309999265985,0.2094819188240101,59.8065697560606
730,730,0.008007602999271057,0.20948172289523223,59.806612022304456
731,731,0.008016502999282693,0.2094815278619351,59.80665424990099
732,732,0.008025719999295688,0.20948133372002625,59.80669643867363
733,733,0.008036105999281062,0.20948114046543137,59.80673858844742
734,734,0.008045935999234644,0.20948094809409518,59.80678069904899
735,735,0.008055334999198749,0.2094807566019807,59.80682277030655
736,736,0.008064442999170751,0.20948056598506962,59.806864802049915
737,737,0.008077714999160435,0.2094803762393618,59.806906794110446
738,738,0.008088337999197392,0.20948018736087545,59.80694874632107
739,739,0.008098196999185348,0.20947999934564707,59.80699065851626
740,740,0.00810730999921816,0.2094798121897311,59.80703253053207
741,741,0.008116597999219266,0.2094796258892001,59.80707436220604
742,742,0.008126006999191304,0.2094794404401447,59.807116153377265
743,743,0.008135300999185802,0.20947925583867313,59.80715790388634
744,744,0.008144259999141923,0.20947907208091163,59.80719961357539
745,745,0.008153434999144338,0.20947888916300406,59.80724128228804
746,746,0.008162415999152017,0.20947870708111194,59.80728290986938
747,747,0.008171679999122716,0.20947852583141433,59.807324496166
748,748,0.008180545999152855,0.20947834541010768,59.80736604102598
749,749,0.008189974999140759,0.2094781658134059,59.807407544298854
750,750,0.008198877999120668,0.2094779870375402,59.80744900583561
751,751,0.008207637999134931,0.20947780907875901,59.8074904254887
752,752,0.008216552999158466,0.2094776319333278,59.80753180311199
753,753,0.008236913999155604,0.2094774555975293,59.80757313856083
754,754,0.008246810999139598,0.20947728006766306,59.807614431691945
755,755,0.008255978999159197,0.20947710534004574,59.8076556823635
756,756,0.008265159999155003,0.2094769314110106,59.80769689043508
757,757,0.008274372999153456,0.20947675827690773,59.80773805576766
758,758,0.008285395999166667,0.20947658593410404,59.8077791782236
759,759,0.00829485499917837,0.2094764143789829,59.807820257666656
760,760,0.008303952999142439,0.20947624360794423,59.807861293961956
761,761,0.008312922999095917,0.20947607361740447,59.80790228697603
762,762,0.008322296999097034,0.20947590440379643,59.80794323657671
763,763,0.008331487999100773,0.20947573596356905,59.807984142633245
764,764,0.008352567999111216,0.20947556829318784,59.80802500501617
765,765,0.008362175999138799,0.20947540138913406,59.80806582359742
766,766,0.008371430999147833,0.2094752352479054,59.80810659825019
767,767,0.008380192999140945,0.20947506986601538,59.80814732884908
768,768,0.008389139999167128,0.20947490523999346,59.80818801526994
769,769,0.008397893999131156,0.2094747413663849,59.80822865738997
770,770,0.00840670199914939,0.20947457824175103,59.80826925508763
771,771,0.00841558399912401,0.20947441586266857,59.808309808242704
772,772,0.00843233499915641,0.20947425422573016,59.80835031673626
773,773,0.008443355999133928,0.20947409332754377,59.80839078045062
774,774,0.008453626999141761,0.2094739331647329,59.808431199269414
775,775,0.008463131999121742,0.20947377373393658,59.808471573077505
776,776,0.008472456999129463,0.20947361503180942,59.808511901761015
777,777,0.008481979999089617,0.20947345705502093,59.80855218520734
778,778,0.008490967999136956,0.2094732998002558,59.80859242330507
779,779,0.008499921999145954,0.20947314326421437,59.80863261594406
780,780,0.00850875199910206,0.20947298744361162,59.808672763015416
781,781,0.008517770999105778,0.20947283233517766,59.8087128644114
782,782,0.008532056999058568,0.20947267793565763,59.808752920025555
783,783,0.008546671999056343,0.20947252424181134,59.80879292975257
784,784,0.00855653699903769,0.20947237125041374,59.80883289348837
785,785,0.008565505999058587,0.2094722189582542,59.80887281113006
786,786,0.008574392999037173,0.20947206736213697,59.80891268257592
787,787,0.00858296099903555,0.20947191645888077,59.80895250772542
788,788,0.008591593999028646,0.20947176624531888,59.8089922864792
789,789,0.008600441999021768,0.20947161671829928,59.80903201873905
790,790,0.008609116999025446,0.20947146787468396,59.809071704407934
791,791,0.008621659998993891,0.20947131971134958,59.80911134338995
792,792,0.008630799999025385,0.20947117222518694,59.80915093559035
793,793,0.008639819999018528,0.20947102541310103,59.80919048091552
794,794,0.008648840999001095,0.20947087927201102,59.809229979272956
795,795,0.008657699998991575,0.20947073379885026,59.80926943057131
796,796,0.00866668799898207,0.20947058899056592,59.80930883472032
797,797,0.008675878998985809,0.2094704448441192,59.80934819163087
798,798,0.008684856998968371,0.20947030135648526,59.80938750121489
799,799,0.008702764998986368,0.2094701585246531,59.80942676338546
800,800,0.008713309998995555,0.20947001634562526,59.80946597805672
801,801,0.008722592998992695,0.20946987481641827,59.8095051451439
802,802,0.008731674998955441,0.20946973393406215,59.809544264563314
803,803,0.00874101699895391,0.20946959369560042,59.80958333623234
804,804,0.008749994998936472,0.20946945409809029,59.809622360069405
805,805,0.00875890499895604,0.2094693151386023,59.80966133599402
806,806,0.008774385999004153,0.20946917681422042,59.80970026392672
807,807,0.008786733998988439,0.20946903912204187,59.80973914378912
808,808,0.008796900998959245,0.20946890205917726,59.809777975503835
809,809,0.008806577998939247,0.20946876562275035,59.80981675899452
810,810,0.00881753299893262,0.20946862980989803,59.80985549418588
811,811,0.008827157998894108,0.20946849461777023,59.809894181003635
812,812,0.00883655199891109,0.2094683600435301,59.80993281937449
813,813,0.008845773998928053,0.20946822608435353,59.80997140922616
814,814,0.008854928998971445,0.20946809273742945,59.81000995048739
815,815,0.00886431199899107,0.20946795999995949,59.810048443087915
816,816,0.00887314199900402,0.20946782786915827,59.81008688695843
817,817,0.008882475999030248,0.20946769634225304,59.81012528203065
818,818,0.00889156299899696,0.20946756541648376,59.81016362823723
819,819,0.008900372998994044,0.20946743508910295,59.810201925511834
820,820,0.008909552999000425,0.20946730535737568,59.81024017378906
821,821,0.008918596999023976,0.2094671762185796,59.810278373004486
822,822,0.008927228999027648,0.20946704767000465,59.81031652309462
823,823,0.008936078999056463,0.20946691970895337,59.81035462399695
824,824,0.008944997999037696,0.2094667923327405,59.81039267564988
825,825,0.008953832999054612,0.20946666553869298,59.81043067799275
826,826,0.008964813999057242,0.20946653932415013,59.81046863096585
827,827,0.008974247999049112,0.2094664136864635,59.810506534510374
828,828,0.008983313999010534,0.20946628862299635,59.81054438856845
829,829,0.00899228499901028,0.20946616413112434,59.81058219308311
830,830,0.00900124499901267,0.20946604020823506,59.81061994799828
831,831,0.009010117999025624,0.20946591685172797,59.81065765325883
832,832,0.009019174999025381,0.20946579405901444,59.81069530881049
833,833,0.009028494999029135,0.20946567182751782,59.81073291459988
834,834,0.009037693999005114,0.20946555015467294,59.81077047057453
835,835,0.00905698699898494,0.2094654290379266,59.81080797668283
836,836,0.009067343998992783,0.20946530847473716,59.81084543287404
837,837,0.009077101999025672,0.20946518846257456,59.810882839098305
838,838,0.009086346999026773,0.20946506899892048,59.810920195306636
839,839,0.009095456999034468,0.20946495008126792,59.810957501450886
840,840,0.009109573999012355,0.20946483170712143,59.81099475748377
841,841,0.009121142998992582,0.20946471387399695,59.811031963358836
842,842,0.00913090499898317,0.20946459657942174,59.8110691190305
843,843,0.009142751998979293,0.20946447982093452,59.81110622445399
844,844,0.009152334998987044,0.20946436359608497,59.81114327958539
845,845,0.009161707998941893,0.2094642479024342,59.81118028438158
846,846,0.009170795998954873,0.20946413273755438,59.81121723880029
847,847,0.009179626998957247,0.20946401809902881,59.81125414280004
848,848,0.009188722998942467,0.20946390398445186,59.81129099634018
849,849,0.009197736998942219,0.20946379039142876,59.811327799380884
850,850,0.009210357998938434,0.20946367731757587,59.81136455188307
851,851,0.00922612299893899,0.20946356476052022,59.8114012538085
852,852,0.009237329998939003,0.2094634527179001,59.8114379051197
853,853,0.009247202998949433,0.20946334118736393,59.811474505780005
854,854,0.009256911998932082,0.2094632301665715,59.8115110557535
855,855,0.009266605998902833,0.20946311965319306,59.81154755500509
856,856,0.009276013998885446,0.20946300964490944,59.81158400350039
857,857,0.009287121998909242,0.20946290013941213,59.81162040120586
858,858,0.009296733998894524,0.20946279113440325,59.811656748088616
859,859,0.009306014998912815,0.20946268262759524,59.811693044116645
860,860,0.009315303998903346,0.20946257461671114,59.811729289258594
861,861,0.009324248998893836,0.20946246709948443,59.81176548348392
862,862,0.009333527998933278,0.2094623600736588,59.811801626762765
863,863,0.00934241999891583,0.20946225353698833,59.811837719066055
864,864,0.009351312998887806,0.2094621474872374,59.81187376036542
865,865,0.009360165998884895,0.20946204192218057,59.81190975063324
866,866,0.009369092998895212,0.2094619368396026,59.81194568984259
867,867,0.009377971998901558,0.20946183223729825,59.81198157796728
868,868,0.009386865998919802,0.2094617281130726,59.81201741498184
869,869,0.009395615998926132,0.20946162446474045,59.812053200861484
870,870,0.009404470998958914,0.20946152129012693,59.81208893558216
871,871,0.009413430998961303,0.20946141858706677,59.812124619120496
872,872,0.00942714499893782,0.20946131635340492,59.812160251453825
873,873,0.009438147998935165,0.2094612145869959,59.81219583256017
874,874,0.009447558998942895,0.2094611132857042,59.81223136241822
875,875,0.009456715998908294,0.20946101244740417,59.812266841007364
876,876,0.009465832998898804,0.2094609120699795,59.81230226830768
877,877,0.009474970998894605,0.20946081215132392,59.81233764429991
878,878,0.009483972998907575,0.2094607126893407,59.812372968965434
879,879,0.009493116998896767,0.2094606136819424,59.81240824228634
880,880,0.009502066998891223,0.20946051512705158,59.812443464245355
881,881,0.009510983998893607,0.2094604170226001,59.81247863482586
882,882,0.00951991999886559,0.20946031936652912,59.81251375401189
883,883,0.009529063998854781,0.2094602221567895,59.81254882178812
884,884,0.009548821998862422,0.20946012539134115,59.812583838139886
885,885,0.009558435998883397,0.2094600290681536,59.812618803053155
886,886,0.009567521998917528,0.20945993318520548,59.81265371651451
887,887,0.00957675999887897,0.20945983774048463,59.81268857851118
888,888,0.009585616998833757,0.20945974273198825,59.812723389031014
889,889,0.009594719998858636,0.20945964815772256,59.8127581480625
890,890,0.009603662998870277,0.20945955401570288,59.81279285559472
891,891,0.009612686998877962,0.20945946030395374,59.81282751161738
892,892,0.009621594998861838,0.20945936702050857,59.812862116120776
893,893,0.009633457998859285,0.20945927416340987,59.81289666909586
894,894,0.009642925998889496,0.20945918173070896,59.81293117053412
895,895,0.009656460998883176,0.20945908972046637,59.8129656204277
896,896,0.009667736998892451,0.20945899813075103,59.81300001876927
897,897,0.009676686998886908,0.2094589069596411,59.81303436555217
898,898,0.009685639998906481,0.20945881620522327,59.81306866077027
899,899,0.009694365998882404,0.2094587258655931,59.813102904418024
900,900,0.009703347998879508,0.2094586359388549,59.81313709649048
901,901,0.009712055998875258,0.20945854642312153,59.81317123698326
902,902,0.009720732998857784,0.2094584573165144,59.813205325892525
903,903,0.009732544998826143,0.2094583686171638,59.813239363215054
904,904,0.009741883998799494,0.20945828032320837,59.813273348948144
905,905,0.009751044998779435,0.20945819243279512,59.81330728308967
906,906,0.00975988799876859,0.20945810494407988,59.81334116563805
907,907,0.009776061998763907,0.20945801785522655,59.813374996592266
908,908,0.009788639998760118,0.2094579311644077,59.813408775951835
909,909,0.009799383998768008,0.20945784486980407,59.813442503716814
910,910,0.00980933999875333,0.2094577589696048,59.81347617988782
911,911,0.009819047998746555,0.2094576734620073,59.81350980446597
912,912,0.00982836599877146,0.2094575883452172,59.81354337745296
913,913,0.009837382998796329,0.20945750361744833,59.81357689885097
914,914,0.009846175998802664,0.20945741927692269,59.81361036866273
915,915,0.009855126998786545,0.20945733532187047,59.81364378689148
916,916,0.009864080998795544,0.2094572517505297,59.81367715354098
917,917,0.009872924998774124,0.20945716856114685,59.81371046861551
918,918,0.009881822998750067,0.2094570857519762,59.81374373211985
919,919,0.009890926998764371,0.2094570033212799,59.8137769440593
920,920,0.009899766998785253,0.2094569212673283,59.81381010443964
921,921,0.009908417998758523,0.20945683958839934,59.813843213267184
922,922,0.009917227998755607,0.209456758282779,59.81387627054869
923,923,0.009931969998717705,0.2094566773487612,59.81390927629147
924,924,0.009946436998689023,0.20945659678464756,59.81394223050328
925,925,0.00996007599871973,0.20945651658874742,59.813975133192386
926,926,0.009985319998691011,0.2094564367593779,59.81400798436752
927,927,0.009994813998730478,0.20945635729486373,59.814040784037914
928,928,0.010003901998686615,0.20945627819353743,59.81407353221324
929,929,0.010013283998659972,0.209456199453739,59.81410622890369
930,930,0.010022358998639902,0.20945612107381625,59.814138874119884
931,931,0.010031302998640967,0.2094560430521242,59.814171467872924
932,932,0.010040203998642028,0.20945596538702568,59.81420401017437
933,933,0.010059043998637662,0.2094558880768909,59.81423650103625
934,934,0.010069358998634925,0.20945581112009748,59.81426894047105
935,935,0.010078266998618801,0.2094557345150305,59.81430132849168
936,936,0.010088140998618655,0.20945565826008244,59.814333665111526
937,937,0.010097735998613189,0.20945558235365314,59.81436595034443
938,938,0.010107468998569402,0.2094555067941496,59.814398184204634
939,939,0.010116852998578452,0.20945543157998636,59.81443036670687
940,940,0.010131836998539256,0.2094553567095849,59.814462497866266
941,941,0.010142500998540527,0.20945528218137427,59.814494577698404
942,942,0.010152244998550941,0.2094552079937903,59.814526606219296
943,943,0.010166437998577749,0.20945513414527633,59.81455858344537
944,944,0.010176123998576259,0.20945506063428268,59.814590509393476
945,945,0.010185637998574748,0.20945498745926652,59.81462238408092
946,946,0.010194719998594337,0.20945491461869248,59.81465420752538
947,947,0.010209943998631843,0.20945484211103196,59.81468597974497
948,948,0.010219463998623723,0.20945476993476347,59.814717700758216
949,949,0.010228400998641973,0.20945469808837222,59.81474937058404
950,950,0.010237576998690656,0.20945462657035077,59.8147809892418
951,951,0.010246507998658672,0.20945455537919808,59.81481255675123
952,952,0.010255638998671657,0.20945448451342033,59.81484407313247
953,953,0.0102645369986476,0.20945441397153042,59.81487553840604
954,954,0.010273485998652632,0.2094543437520481,59.8149069525929
955,955,0.010282278998658967,0.20945427385349974,59.81493831571436
956,956,0.010291033998669263,0.20945420427441852,59.814969627792124
957,957,0.010299749998637253,0.20945413501334428,59.815000888848296
958,958,0.010308557998655488,0.20945406606882372,59.81503209890536
959,959,0.010322455998618807,0.20945399743941,59.81506325798616
960,960,0.010333104998665021,0.20945392912366304,59.81509436611393
961,961,0.010342206998700476,0.20945386112014905,59.815125423312296
962,962,0.010351424998702896,0.20945379342744108,59.81515642960522
963,963,0.010360449998700005,0.20945372604411872,59.815187385017055
964,964,0.010369400998683886,0.2094536589687677,59.81521828957251
965,965,0.010378371998683633,0.2094535921999806,59.815249143296676
966,966,0.010387154998682036,0.20945352573635637,59.815279946214964
967,967,0.010396276998676512,0.20945345957650016,59.81531069835319
968,968,0.01040506699865773,0.20945339371902358,59.815341399737484
969,969,0.010413948998689193,0.20945332816254472,59.815372050394345
970,970,0.01042264699867701,0.2094532629056879,59.81540265035063
971,971,0.010431396998626496,0.20945319794708359,59.81543319963354
972,972,0.010440035998612984,0.20945313328536874,59.8154636982706
973,973,0.01044890799857967,0.2094530689191865,59.8154941462897
974,974,0.010474896998573513,0.20945300484718601,59.81552454371904
975,975,0.010489067998548762,0.20945294106802276,59.815554890587194
976,976,0.010500556998579214,0.2094528775803585,59.815585186923045
977,977,0.010510651998572484,0.20945281438286076,59.8156154327558
978,978,0.010520360998555134,0.20945275147420347,59.815645628115
979,979,0.010529527998585309,0.20945268885306642,59.81567577303054
980,980,0.010538952998615514,0.2094526265181356,59.81570586753261
981,981,0.010547878998636406,0.20945256446810287,59.8157359116517
982,982,0.010556838998638796,0.20945250270166613,59.81576590541867
983,983,0.010565658998586969,0.20945244121752923,59.81579584886467
984,984,0.010584111998582557,0.2094523800144019,59.81582574202114
985,985,0.01059430499856262,0.20945231909099984,59.81585558491986
986,986,0.010637014998565064,0.2094522584460446,59.81588537759293
987,987,0.010648854998521529,0.20945219807826349,59.8159151200727
988,988,0.010659336998571689,0.20945213798638976,59.815944812391905
989,989,0.010669360998576849,0.20945207816916234,59.81597445458348
990,990,0.01067895099862426,0.2094520186253261,59.81600404668076
991,991,0.010688255998616114,0.20945195935363137,59.81603358871731
992,992,0.01069773299860799,0.20945190035283434,59.81606308072701
993,993,0.010707836998619769,0.20945184162169703,59.81609252274403
994,994,0.01071719699859841,0.2094517831589869,59.816121914802814
995,995,0.01073717399862062,0.20945172496347708,59.81615125693813
996,996,0.010748894998641845,0.2094516670339464,59.816180549185
997,997,0.01075854899869455,0.2094516093691792,59.816209791578736
998,998,0.010767858998690372,0.20945155196796533,59.81623898415491
999,999,0.010777243998688846,0.20945149482910036,59.81626812694941
1000,1000,0.010786429998688618,0.20945143795138524,59.816297219998376
1001,1001,0.01079537899869365,0.20945138133362623,59.81632626333821
1002,1002,0.010804465998717205,0.20945132497463542,59.81635525700562
1003,1003,0.01081347499871299,0.20945126887322996,59.816384201037536
1004,1004,0.01082219799872064,0.20945121302823264,59.81641309547119
1005,1005,0.01084665599876189,0.2094511574384717,59.816441940344085
1006,1006,0.010859538998772678,0.20945110210278034,59.81647073569393
1007,1007,0.01087000499876467,0.20945104701999748,59.81649948155877
1008,1008,0.010879418998797519,0.20945099218896718,59.816528177976835
1009,1009,0.010895560998847031,0.20945093760853892,59.81655682498666
1010,1010,0.01090640799884568,0.20945088327756722,59.81658542262701
1011,1011,0.010915738998846791,0.209450829194912,59.816613970936906
1012,1012,0.01093146199889361,0.2094507753594384,59.81664246995563
1013,1013,0.010940787998890755,0.20945072177001664,59.81667091972268
1014,1014,0.010949984998887885,0.2094506684255221,59.81669932027785
1015,1015,0.010958960998891598,0.2094506153248354,59.8167276716611
1016,1016,0.010967914998900596,0.20945056246684227,59.816755973912706
1017,1017,0.010976971998900353,0.2094505098504334,59.816784227073136
1018,1018,0.010985898998853827,0.2094504574745048,59.81681243118313
1019,1019,0.010994587998823135,0.20945040533795717,59.81684058628361
1020,1020,0.011003647998791166,0.2094503534396966,59.81686869241579
1021,1021,0.011012497998819981,0.20945030177863397,59.81689674962107
1022,1022,0.011021147998803826,0.20945025035368509,59.816924757941095
1023,1023,0.011029886998812799,0.20945019916377092,59.81695271741774
1024,1024,0.01103887999880726,0.20945014820781716,59.81698062809309
1025,1025,0.01104773299880435,0.20945009748475477,59.81700849000947
1026,1026,0.01106019399884417,0.20945004699351888,59.81703630320942
1027,1027,0.011069704998817542,0.2094499967330503,59.81706406773568
1028,1028,0.011078448998773638,0.20944994670229425,59.81709178363123
1029,1029,0.01108751999879587,0.2094498969002007,59.81711945093925
1030,1030,0.011096258998747999,0.20944984732572466,59.81714706970314
1031,1031,0.011105390998750408,0.2094497979778259,59.81717463996652
1032,1032,0.011114237998754106,0.20944974885546871,59.81720216177318
1033,1033,0.011123401998759164,0.20944969995762244,59.81722963516717
1034,1034,0.011132027998769445,0.20944965128326076,59.81725706019271
1035,1035,0.01114108099875466,0.2094496028313624,59.81728443689421
1036,1036,0.011150398998779565,0.20944955460091058,59.81731176531634
1037,1037,0.011159261998784586,0.20944950659089312,59.81733904550391
1038,1038,0.011169226998788417,0.20944945880030263,59.81736627750195
1039,1039,0.01117843199881463,0.2094494112281362,59.81739346135569
1040,1040,0.011187494998864622,0.20944936387339555,59.81742059711054
1041,1041,0.011202764998870407,0.209449316735087,59.81744768481213
1042,1042,0.011213441998904727,0.20944926981222114,59.81747472450623
1043,1043,0.01122378499894694,0.20944922310381356,59.81750171623886
1044,1044,0.011233184998957313,0.20944917660888396,59.81752866005618
1045,1045,0.011242452998942554,0.20944913032645662,59.81755555600456
1046,1046,0.011251492998951562,0.20944908425556047,59.81758240413054
1047,1047,0.011260590998972475,0.20944903839522858,59.81760920448084
1048,1048,0.011269530998958999,0.20944899274449857,59.817635957102375
1049,1049,0.011278592998962722,0.20944894730241254,59.81766266204223
1050,1050,0.011287403999006074,0.2094489020680168,59.81768931934766
1051,1051,0.011296182999046778,0.20944885704036234,59.81771592906608
1052,1052,0.01131086399908554,0.209448812218504,59.817742491245134
1053,1053,0.011325850999071463,0.20944876760150133,59.817769005932576
1054,1054,0.011335884999084556,0.20944872318841792,59.81779547317635
1055,1055,0.011345057999108121,0.20944867897832198,59.8178218930246
1056,1056,0.011353690999158061,0.20944863497028562,59.817848265525576
1057,1057,0.01136330799914731,0.2094485911633854,59.81787459072775
1058,1058,0.011372759999176196,0.209448547556702,59.81790086867971
1059,1059,0.011381862999144232,0.20944850414932034,59.81792709943024
1060,1060,0.011390744999175695,0.20944846094032957,59.81795328302827
1061,1061,0.011402158999203493,0.20944841792882296,59.81797941952288
1062,1062,0.011411871999200685,0.20944837511389783,59.818005508963324
1063,1063,0.011420913999188542,0.20944833249465575,59.81803155139899
1064,1064,0.011429942999200193,0.2094482900702025,59.81805754687945
1065,1065,0.011438950999206554,0.20944824783964758,59.818083495454395
1066,1066,0.0114479519992301,0.20944820580210494,59.81810939717368
1067,1067,0.011457055999244403,0.20944816395669244,59.818135252087316
1068,1068,0.011466044999224323,0.20944812230253188,59.81816106024545
1069,1069,0.011474915999201585,0.20944808083874916,59.818186821698376
1070,1070,0.011483922999218521,0.20944803956447414,59.818212536496546
1071,1071,0.011492845999214296,0.2094479984788409,59.81823820469053
1072,1072,0.011501930999202159,0.20944795758098705,59.81826382633105
1073,1073,0.01151080899921908,0.2094479168700544,59.81828940146899
1074,1074,0.011519823999208256,0.20944787634518866,59.818314930155324
1075,1075,0.011528500999190783,0.20944783600553937,59.81834041244121
1076,1076,0.011552167999184348,0.20944779585026002,59.818365848377915
1077,1077,0.01156308299914599,0.20944775587850806,59.818391238016844
1078,1078,0.011573095999153793,0.20944771608944468,59.818416581409544
1079,1079,0.011582651999162863,0.20944767648223478,59.818441878607665
1080,1080,0.011591606999161286,0.20944763705604727,59.81846712966304
1081,1081,0.011600669999154434,0.20944759781005484,59.818492334627564
1082,1082,0.011609672999156828,0.20944755874343385,59.8185174935533
1083,1083,0.011618320999161824,0.20944751985536456,59.81854260649244
1084,1084,0.011627354999177442,0.2094474811450309,59.81856767349727
1085,1085,0.011636253999199653,0.2094474426116205,59.818592694620214
1086,1086,0.011645321999196767,0.2094474042543248,59.818617669913834
1087,1087,0.011654357999191234,0.20944736607233871,59.81864259943078
1088,1088,0.01166309399917509,0.20944732806486122,59.81866748322384
1089,1089,0.011672195999210544,0.2094472902310947,59.818692321345914
1090,1090,0.0116810539992116,0.20944725257024516,59.818717113850006
1091,1091,0.011690120999162446,0.20944721508152223,59.81874186078926
1092,1092,0.011698971999180685,0.20944717776413935,59.81876656221691
1093,1093,0.01170747899914204,0.2094471406173132,59.81879121818632
1094,1094,0.011716200999103421,0.20944710364026456,59.81881582875093
1095,1095,0.011724813999080652,0.20944706683221728,59.81884039396433
1096,1096,0.011733759999060567,0.20944703019239902,59.8188649138802
1097,1097,0.011742303999028536,0.20944699372004086,59.818889388552314
1098,1098,0.011752378999062785,0.20944695741437747,59.81891381803458
1099,1099,0.01176214199909964,0.20944692127464695,59.818938202380984
1100,1100,0.011771680999061118,0.2094468853000909,59.81896254164561
1101,1101,0.011780669999097881,0.20944684948995437,59.81898683588266
1102,1102,0.011790033999091065,0.20944681384348604,59.81901108514645
1103,1103,0.011799446999134489,0.20944677835993772,59.81903528949135
1104,1104,0.011808473999110447,0.20944674303856484,59.81905944897187
1105,1105,0.011817367999128692,0.20944670787862626,59.81908356364259
1106,1106,0.01182621499913239,0.20944667287938407,59.8191076335582
1107,1107,0.01183495199910567,0.2094466380401038,59.81913165877348
1108,1108,0.01184355699911066,0.2094466033600544,59.81915563934328
1109,1109,0.011852078999083915,0.2094465688385082,59.819179575322586
1110,1110,0.011861060999081019,0.20944653447474057,59.81920346676644
1111,1111,0.011869928999090007,0.20944650026803052,59.81922731372997
1112,1112,0.011878680999075186,0.20944646621766028,59.81925111626842
1113,1113,0.011893330999100726,0.20944643232291513,59.81927487443709
1114,1114,0.011904269999092776,0.20944639858308398,59.81929858829139
1115,1115,0.011913940999079387,0.20944636499745867,59.819322257886796
1116,1116,0.011923451999052759,0.20944633156533451,59.819345883278885
1117,1117,0.011932489999026075,0.2094462982860099,59.819369464523284
1118,1118,0.011941695999041713,0.20944626515878642,59.81939300167573
1119,1119,0.011950656999033527,0.20944623218296904,59.819416494792044
1120,1120,0.011959843999022723,0.2094461993578655,59.819439943928096
1121,1121,0.011968761999014532,0.2094461666827873,59.81946334913986
1122,1122,0.011978043999022248,0.20944613415704855,59.819486710483375
1123,1123,0.011986983999065615,0.20944610177996673,59.81951002801475
1124,1124,0.011998566999068316,0.20944606955086253,59.81953330179016
1125,1125,0.012016949999065218,0.2094460374690595,59.8195565318659
1126,1126,0.012029146999111617,0.2094460055338844,59.81957971829827
1127,1127,0.012039683999091721,0.20944597374466714,59.81960286114371
1128,1128,0.012049496999111398,0.2094459421007406,59.81962596045865
1129,1129,0.012059363999128436,0.2094459106014408,59.819649016299664
1130,1130,0.012068949999161305,0.20944587924610664,59.81967202872335
1131,1131,0.012078345999157136,0.2094458480340802,59.819694997786385
1132,1132,0.012089382999192821,0.2094458169647064,59.81971792354551
1133,1133,0.012098881999179412,0.2094457860373334,59.819740806057524
1134,1134,0.01211259399917708,0.20944575525131212,59.81976364537931
1135,1135,0.0121221369991531,0.2094457246059965,59.819786441567786
1136,1136,0.012134963999187676,0.20944569410074348,59.819809194679955
1137,1137,0.012144669999145208,0.20944566373491294,59.819831904772855
1138,1138,0.012153923999164817,0.20944563350786757,59.819854571903626
1139,1139,0.012162793999152655,0.20944560341897317,59.81987719612939
1140,1140,0.012171654999121984,0.2094455734675982,59.819899777507416
1141,1141,0.012180318999128303,0.2094455436531143,59.819922316094974
1142,1142,0.012189517999104282,0.20944551397489572,59.819944811949405
1143,1143,0.012198428999113275,0.20944548443231964,59.8199672651281
1144,1144,0.012207071999114305,0.20944545502476622,59.81998967568849
1145,1145,0.012222349999149174,0.2094454257516182,59.8200120436881
1146,1146,0.01223337199917296,0.20944539661226133,59.82003436918446
1147,1147,0.012243163999187345,0.20944536760608418,59.82005665223518
1148,1148,0.012252952999233457,0.20944533873247811,59.82007889289791
1149,1149,0.012262243999202838,0.2094453099908371,59.820101091230335
1150,1150,0.012273764999179093,0.20944528138055812,59.82012324729022
1151,1151,0.012283401999184207,0.20944525290104063,59.82014536113534
1152,1152,0.012292537999201159,0.20944522455168715,59.820167432823546
1153,1153,0.012301830999206231,0.20944519633190264,59.82018946241271
1154,1154,0.012310825999236386,0.20944516824109508,59.82021144996077
1155,1155,0.0123197719992163,0.2094451402786748,59.82023339552568
1156,1156,0.012328956999226648,0.2094451124440551,59.820255299165474
1157,1157,0.012337906999221104,0.20944508473665188,59.82027716093819
1158,1158,0.012346755999203651,0.20944505715588374,59.820298980901924
1159,1159,0.012356656999202187,0.20944502970117185,59.82032075911481
1160,1160,0.012366038999175544,0.20944500237194008,59.820342495635
1161,1161,0.012374999999167358,0.20944497516761493,59.82036419052074
1162,1162,0.012383763999196162,0.20944494808762554,59.82038584383025
1163,1163,0.012392900999202539,0.20944492113140362,59.820407455621826
1164,1164,0.01240163399921812,0.20944489429838356,59.820429025953764
1165,1165,0.012417463999213396,0.20944486758800226,59.82045055488444
1166,1166,0.012427525999214595,0.20944484099969904,59.82047204247222
1167,1167,0.01243678699921702,0.20944481453291616,59.820493488775526
1168,1168,0.01244565399917974,0.2094447881870982,59.82051489385281
1169,1169,0.012454550999166258,0.20944476196169215,59.820536257762555
1170,1170,0.012463833999163398,0.20944473585614776,59.82055758056325
1171,1171,0.012472615999172376,0.2094447098699172,59.82057886231347
1172,1172,0.012481694999223691,0.20944468400245522,59.82060010307174
1173,1173,0.01249063399922079,0.20944465825321895,59.82062130289669
1174,1174,0.012499477999199371,0.20944463262166801,59.82064246184692
1175,1175,0.012508308999201745,0.20944460710726454,59.820663579981094
1176,1176,0.01251712499919222,0.2094445817094731,59.820684657357866
1177,1177,0.012526074999186676,0.20944455642776083,59.82070569403595
1178,1178,0.012534723999181097,0.20944453126159715,59.82072669007406
1179,1179,0.012543698999195385,0.20944450621045388,59.82074764553094
1180,1180,0.01257194999919875,0.20944448127380536,59.820768560465346
1181,1181,0.012583668999184283,0.2094444564511283,59.8207894349361
1182,1182,0.012593535999144478,0.2094444317419018,59.82081026900197
1183,1183,0.012603133999164129,0.20944440714560736,59.8208310627218
1184,1184,0.01261271099917849,0.20944438266172888,59.82085181615444
1185,1185,0.012621777999186179,0.20944435828975247,59.82087252935876
1186,1186,0.012631113999191257,0.2094443340291667,59.82089320239363
1187,1187,0.01263983799918833,0.20944430987946264,59.820913835317945
1188,1188,0.012648448999186712,0.20944428584013328,59.82093442819063
1189,1189,0.012657516999183827,0.2094442619106742,59.82095498107063
1190,1190,0.012666587999149215,0.20944423809058332,59.82097549401688
1191,1191,0.012675304999163473,0.20944421437936075,59.82099596708832
1192,1192,0.012684586999171188,0.20944419077650897,59.82101640034396
1193,1193,0.012693432999128618,0.20944416728153253,59.82103679384276
1194,1194,0.012702182999134948,0.2094441438939386,59.82105714764372
1195,1195,0.012710844999162418,0.20944412061323614,59.82107746180585
1196,1196,0.012719452999135683,0.20944409743893688,59.821097736388175
1197,1197,0.01272816999914994,0.20944407437055432,59.82111797144973
1198,1198,0.012736819999133786,0.20944405140760444,59.821138167049526
1199,1199,0.012745687999142774,0.20944402854960534,59.82115832324664
1200,1200,0.012754734999134598,0.2094440057960774,59.82117844010011
1201,1201,0.012763547999156799,0.20944398314654303,59.821198517669
1202,1202,0.012777518999200765,0.20944396060052708,59.82121855601237
1203,1203,0.012787745999162325,0.2094439381575564,59.82123855518931
1204,1204,0.012797451999119858,0.2094439158171599,59.82125851525889
1205,1205,0.012806172999148657,0.20944389357886886,59.82127843628019
1206,1206,0.012814937999166887,0.20944387144221666,59.821298318312294
1207,1207,0.01282372699915868,0.20944384940673874,59.82131816141429
1208,1208,0.01283249999914915,0.20944382747197254,59.82133796564529
1209,1209,0.012841334999166065,0.20944380563745804,59.82135773106436
1210,1210,0.012849982999171061,0.20944378390273682,59.82137745773061
1211,1211,0.012858922999157585,0.20944376226735284,59.82139714570314
1212,1212,0.012867840999149394,0.20944374073085212,59.82141679504104
1213,1213,0.012876635999134578,0.20944371929278258,59.8214364058034
1214,1214,0.012885534999099946,0.20944369795269463,59.821455978049315
1215,1215,0.012894494999102335,0.20944367671014025,59.82147551183789
1216,1216,0.012903208999091476,0.20944365556467368,59.8214950072282
1217,1217,0.012912106999067419,0.20944363451585116,59.82151446427933
1218,1218,0.012925847999042617,0.20944361356323113,59.82153388305037
1219,1219,0.01294661699904509,0.20944359270637372,59.8215532636004
1220,1220,0.012956406999080627,0.2094435719448414,59.821572605988486
1221,1221,0.012965742999085705,0.20944355127819841,59.8215919102737
1222,1222,0.012975007999045829,0.20944353070601107,59.821611176515106
1223,1223,0.01298387899902309,0.20944351022784777,59.82163040477175
1224,1224,0.01299272199906909,0.20944348984327862,59.821649595102706
1225,1225,0.013001735999068842,0.20944346955187593,59.82166874756698
1226,1226,0.013010349999092341,0.20944344935321393,59.82168786222362
1227,1227,0.013019263999126451,0.20944342924686873,59.82170693913165
1228,1228,0.013028187999111651,0.2094434092324183,59.821725978350095
1229,1229,0.013037127999098175,0.2094433893094428,59.82174497993793
1230,1230,0.013045915999100544,0.20944336947752407,59.821763943954174
1231,1231,0.013054583999064562,0.20944334973624587,59.821782870457795
1232,1232,0.01306345999904579,0.20944333008519414,59.821801759507764
1233,1233,0.013072236999050801,0.20944331052395632,59.821820611163055
1234,1234,0.01308103999906507,0.20944329105212198,59.8218394254826
1235,1235,0.013089726999055529,0.20944327166928248,59.821858202525334
1236,1236,0.013098517999083015,0.20944325237503103,59.82187694235018
1237,1237,0.013113685999087465,0.20944323316896296,59.82189564501603
1238,1238,0.013123106999046286,0.20944321405067498,59.82191431058178
1239,1239,0.013134812999055612,0.209443195019766,59.82193293910632
1240,1240,0.013144111999054076,0.2094431760758368,59.821951530648484
1241,1241,0.013153292999106725,0.2094431572184895,59.82197008526713
1242,1242,0.013169020999100667,0.20944313844732873,59.821988603021076
1243,1243,0.013178426999104431,0.20944311976196037,59.82200708396914
1244,1244,0.013187287999130604,0.2094431011619924,59.82202552817011
1245,1245,0.013200945999130909,0.20944308264703446,59.82204393568275
1246,1246,0.01321238599911112,0.20944306421669803,59.82206230656581
1247,1247,0.013221775999056717,0.20944304587059645,59.822080640878035
1248,1248,0.01324022199906949,0.2094430276083446,59.822098938678145
1249,1249,0.013275354999052524,0.20944300942955923,59.822117200024806
1250,1250,0.013288371999067294,0.20944299133385888,59.82213542497673
1251,1251,0.013299498999060688,0.20944297332086398,59.82215361359254
1252,1252,0.013309437999055262,0.20944295539019633,59.822171765930875
1253,1253,0.013322074999052802,0.20944293754147975,59.822189882050345
1254,1254,0.013336012999047853,0.20944291977433968,59.82220796200953
1255,1255,0.01334804799904532,0.20944290208840316,59.822226005867
1256,1256,0.013358075999008179,0.20944288448329923,59.82224401368129
1257,1257,0.01337202699903628,0.20944286695865846,59.82226198551092
1258,1258,0.013389069999050207,0.20944284951411296,59.82227992141438
1259,1259,0.013400113999011865,0.2094428321492968,59.82229782145012
1260,1260,0.013410055999031556,0.20944281486384536,59.82231568567661
1261,1261,0.013420440999027505,0.20944279765739612,59.822333514152234
1262,1262,0.013430210998990333,0.20944278052958792,59.8223513069354
1263,1263,0.013451505999000801,0.2094427634800614,59.82236906408447
1264,1264,0.01346196399896371,0.20944274650845876,59.82238678565776
1265,1265,0.013471503998914613,0.2094427296144237,59.82240447171362
1266,1266,0.013480869998886646,0.20944271279760185,59.822422122310286
1267,1267,0.013490247998902305,0.2094426960576404,59.822439737506016
1268,1268,0.01349917099889808,0.20944267939418784,59.82245731735906
1269,1269,0.013507923998872684,0.20944266280689458,59.82247486192759
1270,1270,0.013517451998893648,0.20944264629541268,59.82249237126977
1271,1271,0.01352645799892116,0.2094426298593954,59.82250984544375
1272,1272,0.013535183998897082,0.20944261349849805,59.8225272845076
1273,1273,0.01354389599885053,0.20944259721237715,59.822544688519436
1274,1274,0.013553152998838414,0.20944258100069105,59.82256205753727
1275,1275,0.013561956998842106,0.20944256486309953,59.82257939161913
1276,1276,0.013571103998856415,0.2094425487992638,59.82259669082299
1277,1277,0.013579950998860113,0.20944253280884692,59.82261395520679
1278,1278,0.01359559199886462,0.20944251689151333,59.82263118482845
1279,1279,0.01360642199887252,0.20944250104692896,59.82264837974584
1280,1280,0.01361608699886574,0.20944248527476128,59.82266554001683
1281,1281,0.013626016998841806,0.20944246957467944,59.822682665699205
1282,1282,0.013635280998812505,0.20944245394635377,59.82269975685077
1283,1283,0.013644676998808336,0.20944243838945653,59.82271681352925
1284,1284,0.013653971998792258,0.20944242290366116,59.82273383579236
1285,1285,0.013663005998807876,0.20944240748864262,59.82275082369778
1286,1286,0.013672020998853895,0.20944239214407762,59.82276777730315
1287,1287,0.013680859998885353,0.20944237686964398,59.82278469666607
1288,1288,0.013689676998922096,0.20944236166502123,59.8228015818441
1289,1289,0.01369866499891259,0.2094423465298903,59.82281843289477
1290,1290,0.01370753699893612,0.2094423314639336,59.822835249875574
1291,1291,0.013716361998945104,0.20944231646683498,59.82285203284398
1292,1292,0.013725156998987131,0.2094423015382796,59.822868781857395
1293,1293,0.01373393699901726,0.20944228667795453,59.822885496973186
1294,1294,0.013742710998997154,0.20944227188554745,59.82290217824872
1295,1295,0.013751389999015373,0.20944225716074832,59.822918825741276
1296,1296,0.013760056998989967,0.20944224250324797,59.82293543950813
1297,1297,0.01376869299900818,0.2094422279127389,59.8229520196065
1298,1298,0.013777699998968274,0.20944221338891483,59.82296856609357
1299,1299,0.013786617998960082,0.20944219893147104,59.82298507902649
1300,1300,0.013802767998981835,0.2094421845401042,59.82300155846235
1301,1301,0.013812054998993517,0.20944217021451217,59.82301800445822
1302,1302,0.013821320998999909,0.20944215595439444,59.82303441707112
1303,1303,0.01383006399896658,0.20944214175945172,59.82305079635804
1304,1304,0.013838929998939875,0.20944212762938613,59.8230671423759
1305,1305,0.013847888998895996,0.20944211356390122,59.82308345518161
1306,1306,0.013856907998899715,0.2094420995627017,59.82309973483201
1307,1307,0.013865703998874324,0.20944208562549393,59.82311598138393
1308,1308,0.01387438099885685,0.2094420717519853,59.82313219489413
1309,1309,0.013883055998860527,0.2094420579418847,59.82314837541932
1310,1310,0.013891727998839087,0.20944204419490237,59.82316452301621
1311,1311,0.013900706998811074,0.20944203051074975,59.82318063774142
1312,1312,0.013914075998798126,0.2094420168891398,59.82319671965154
1313,1313,0.013930842998775006,0.2094420033297866,59.82321276880314
1314,1314,0.013956315998768787,0.20944198983240558,59.823228785252695
1315,1315,0.0139694439988034,0.20944197639671358,59.823244769056686
1316,1316,0.013980305998813947,0.20944196302242857,59.82326072027153
1317,1317,0.013989910998816413,0.20944194970926996,59.82327663895358
1318,1318,0.013999308998791093,0.20944193645695836,59.82329252515916
1319,1319,0.014008561998821278,0.2094419232652156,59.823308378944574
1320,1320,0.014017516998819701,0.209441910133765,59.82332420036602
1321,1321,0.014026611998815497,0.20944189706233093,59.82333998947969
1322,1322,0.014035391998788782,0.20944188405063902,59.82335574634173
1323,1323,0.01404416099876471,0.20944187109841633,59.82337147100822
1324,1324,0.014052980998769726,0.2094418582053909,59.82338716353522
1325,1325,0.014061715998764157,0.2094418453712923,59.823402823978704
1326,1326,0.0140706399988062,0.20944183259585122,59.82341845239463
1327,1327,0.01407927499883499,0.20944181987879956,59.8234340488389
1328,1328,0.014088134998871737,0.2094418072198704,59.82344961336735
1329,1329,0.014097025998864865,0.20944179461879814,59.82346514603579
1330,1330,0.014105796998876485,0.20944178207531833,59.82348064689997
1331,1331,0.014114735998873584,0.20944176958916777,59.82349611601561
1332,1332,0.014123699998890515,0.2094417571600844,59.82351155343834
1333,1333,0.014132496998911392,0.20944174478780736,59.82352695922377
1334,1334,0.014141224998923008,0.20944173247207717,59.82354233342747
1335,1335,0.014150071998926705,0.20944172021263524,59.823557676104926
1336,1336,0.014159024998946279,0.20944170800922438,59.8235729873116
1337,1337,0.01416920599893956,0.2094416958615885,59.82358826710289
1338,1338,0.014178486998957851,0.20944168376947264,59.82360351553416
1339,1339,0.014192573998968783,0.2094416717326231,59.82361873266069
1340,1340,0.014201932998958,0.2094416597507872,59.82363391853775
1341,1341,0.014211001998944539,0.20944164782371366,59.82364907322053
1342,1342,0.014219834998925762,0.20944163595115203,59.823664196764184
1343,1343,0.014228662998903019,0.2094416241328533,59.82367928922379
1344,1344,0.014237448998869695,0.2094416123685694,59.8236943506544
1345,1345,0.014246347998835063,0.2094416006580534,59.823709381111
1346,1346,0.014255204998846693,0.2094415890010597,59.82372438064854
1347,1347,0.014264006998871537,0.2094415773973435,59.8237393493219
1348,1348,0.014272704998916197,0.2094415658466615,59.823754287185885
1349,1349,0.014281479998942359,0.20944155434877113,59.8237691942953
1350,1350,0.014290209998932824,0.2094415429034312,59.82378407070487
1351,1351,0.01430782199895475,0.20944153151040149,59.823798916469244
1352,1352,0.01431964699895616,0.20944152016944304,59.823813731643064
1353,1353,0.014329725998948106,0.20944150888031773,59.82382851628088
1354,1354,0.014339881998978399,0.20944149764278863,59.823843270437195
1355,1355,0.014349348999019185,0.20944148645662003,59.823857994166474
1356,1356,0.014358701999015011,0.20944147532157723,59.82387268752311
1357,1357,0.014367947999005537,0.20944146423742635,59.82388735056144
1358,1358,0.014376997999022478,0.20944145320393498,59.82390198333577
1359,1359,0.01438600599902884,0.20944144222087158,59.82391658590033
1360,1360,0.014394651998998143,0.2094414312880056,59.82393115830928
1361,1361,0.014403499998991265,0.20944142040510752,59.823945700616754
1362,1362,0.014414048999014994,0.2094414095719492,59.82396021287683
1363,1363,0.014423621999014813,0.20944139878830317,59.8239746951435
1364,1364,0.014442516999054078,0.20944138805394308,59.823989147470726
1365,1365,0.014452728999060582,0.20944137736864388,59.824003569912406
1366,1366,0.014462091999064342,0.20944136673218108,59.82401796252239
1367,1367,0.01447153699905357,0.20944135614433163,59.824032325354445
1368,1368,0.014480496999055958,0.20944134560487337,59.82404665846232
1369,1369,0.014489598999091413,0.209441335113585,59.82406096189966
1370,1370,0.014498431999072636,0.2094413246702465,59.8240752357201
1371,1371,0.014507565999053895,0.2094413142746387,59.82408947997719
1372,1372,0.014517998999053816,0.2094413039265433,59.82410369472443
1373,1373,0.014527309999095905,0.20944129362574326,59.82411788001524
1374,1374,0.014536766999071915,0.20944128337202253,59.82413203590303
1375,1375,0.014545986999053184,0.20944127316516578,59.82414616244112
1376,1376,0.01455498799907673,0.20944126300495883,59.82416025968276
1377,1377,0.014564225999095015,0.20944125289118848,59.82417432768118
1378,1378,0.014573014999143652,0.20944124282364257,59.82418836648951
1379,1379,0.014581820999126194,0.2094412328021098,59.824202376160855
1380,1380,0.014590760999112717,0.20944122282637975,59.82421635674824
1381,1381,0.014599429999123004,0.20944121289624323,59.82423030830463
1382,1382,0.01460811999913858,0.20944120301149186,59.824244230882954
1383,1383,0.014616770999168693,0.20944119317191812,59.82425812453605
1384,1384,0.014628681999170112,0.20944118337731552,59.824271989316735
1385,1385,0.01463798399913685,0.2094411736274787,59.82428582527772
1386,1386,0.014651872999138504,0.20944116392220277,59.82429963247169
1387,1387,0.014662632999147718,0.20944115426128432,59.82431341095127
1388,1388,0.014672398999152847,0.2094411446445205,59.82432716076901
1389,1389,0.014681798999106377,0.20944113507170958,59.82434088197739
1390,1390,0.014691164999135253,0.20944112554265057,59.82435457462886
1391,1391,0.014700290999144272,0.20944111605714358,59.824368238775804
1392,1392,0.014709126999150612,0.20944110661498946,59.82438187447051
1393,1393,0.014717873999188669,0.20944109721599025,59.82439548176526
1394,1394,0.014726819999168583,0.20944108785994855,59.82440906071221
1395,1395,0.014735912999128686,0.20944107854666816,59.82442261136353
1396,1396,0.014749716999119755,0.2094410692759535,59.824436133771265
1397,1397,0.014759468999159253,0.20944106004761007,59.82444962798744
1398,1398,0.01477638199918374,0.20944105086144424,59.824463094063994
1399,1399,0.014788359999215572,0.2094410417172633,59.824476532052806
1400,1400,0.014798629999233981,0.20944103261487526,59.82448994200571
1401,1401,0.014808240999229838,0.20944102355408917,59.824503323974476
1402,1402,0.014817496999228297,0.20944101453471478,59.824516678010795
1403,1403,0.014826845999209581,0.20944100555656295,59.824530004166306
1404,1404,0.014835711999182877,0.2094409966194453,59.824543302492586
1405,1405,0.014846179999210563,0.20944098772317413,59.82455657304116
1406,1406,0.014855728999179973,0.20944097886756288,59.824569815863455
1407,1407,0.01486493099918107,0.20944097005242568,59.824583031010896
1408,1408,0.014874272999179539,0.2094409612775775,59.824596218534786
1409,1409,0.014883079999208348,0.2094409525428343,59.82460937848639
1410,1410,0.014892205999160524,0.20944094384801268,59.82462251091694
1411,1411,0.014901398999143112,0.20944093519293017,59.82463561587754
1412,1412,0.014910334999115094,0.2094409265774053,59.82464869341928
1413,1413,0.014919444999122788,0.20944091800125716,59.82466174359317
1414,1414,0.01492847999912783,0.2094409094643058,59.82467476645016
1415,1415,0.01493705999911299,0.209440900966372,59.824687762041144
1416,1416,0.014945782999120638,0.20944089250727754,59.82470073041695
1417,1417,0.014954562999093923,0.2094408840868449,59.82471367162833
1418,1418,0.014963776999081801,0.20944087570489725,59.82472658572597
1419,1419,0.014972628999089466,0.20944086736125894,59.82473947276052
1420,1420,0.01498586999912277,0.20944085905575469,59.824752332782545
1421,1421,0.014996429999087013,0.2094408507882102,59.82476516584255
1422,1422,0.015006187999119902,0.2094408425584521,59.82477797199097
1423,1423,0.015015371999140825,0.2094408343663076,59.8247907512782
1424,1424,0.01502479699917103,0.20944082621160473,59.824803503754524
1425,1425,0.015033909999147,0.20944081809417253,59.824816229470215
1426,1426,0.015042725999194317,0.20944081001384054,59.82482892847546
1427,1427,0.015051628999174227,0.20944080197043927,59.82484160082036
1428,1428,0.015060975999119819,0.20944079396379986,59.824854246555
1429,1429,0.015069986999094453,0.20944078599375426,59.82486686572935
1430,1430,0.01507892899911667,0.20944077806013536,59.82487945839333
1431,1431,0.01508760699908862,0.2094407701627766,59.82489202459683
1432,1432,0.015096419999110822,0.2094407623015122,59.82490456438962
1433,1433,0.015105214999096006,0.20944075447617722,59.82491707782145
1434,1434,0.015113940999071929,0.20944074668660748,59.82492956494198
1435,1435,0.015122848999055805,0.2094407389326396,59.824942025800816
1436,1436,0.015131728999051575,0.2094407312141107,59.8249544604475
1437,1437,0.015140914999051347,0.20944072353085885,59.8249668689315
1438,1438,0.015149658999007443,0.20944071588272287,59.824979251302224
1439,1439,0.015158420999000555,0.20944070826954228,59.824991607609014
1440,1440,0.015167180999014818,0.20944070069115725,59.82500393790115
1441,1441,0.015175816999033032,0.20944069314740882,59.82501624222783
1442,1442,0.015186438999023721,0.20944068563813856,59.82502852063823
1443,1443,0.015196047998983886,0.2094406781631891,59.8250407731814
1444,1444,0.01520498799897041,0.20944067072240333,59.82505299990637
1445,1445,0.01521371699897145,0.20944066331562528,59.825065200862085
1446,1446,0.01522272499897781,0.2094406559426994,59.825077376097425
1447,1447,0.015231500998936554,0.20944064860347117,59.82508952566122
1448,1448,0.015240414998970664,0.2094406412977863,59.82510164960221
1449,1449,0.015249224999024591,0.20944063402549173,59.825113747969084
1450,1450,0.015257912999061318,0.20944062678643474,59.82512582081047
1451,1451,0.015266515999030617,0.20944061958046342,59.825137868174906
1452,1452,0.015275382998993337,0.20944061240742656,59.82514989011089
1453,1453,0.015283876998978485,0.20944060526717367,59.82516188666685
1454,1454,0.015292556998986129,0.20944059815955482,59.82517385789113
1455,1455,0.015301329998976598,0.209440591084421,59.82518580383203
1456,1456,0.015310132998990866,0.20944058404162355,59.82519772453776
1457,1457,0.0153237429989872,0.20944057703101482,59.825209620056484
1458,1458,0.01533450799900038,0.20944057005244776,59.8252214904363
1459,1459,0.015344195998977739,0.20944056310577575,59.82523333572521
1460,1460,0.015353565998964314,0.2094405561908531,59.82524515597119
1461,1461,0.015362977999018312,0.20944054930753464,59.82525695122212
1462,1462,0.015372196999010157,0.20944054245567603,59.82526872152584
1463,1463,0.015382390998979645,0.20944053563513348,59.825280466930096
1464,1464,0.015391763998991337,0.2094405288457637,59.825292187482574
1465,1465,0.01540093499897921,0.20944052208742445,59.825303883230916
1466,1466,0.015410141998984273,0.20944051535997377,59.825315554222655
1467,1467,0.015419127998995918,0.20944050866327046,59.825327200505306
1468,1468,0.01542824899900097,0.20944050199717407,59.82533882212628
1469,1469,0.01543741199895976,0.20944049536154466,59.825350419132924
1470,1470,0.015446238998947592,0.20944048875624294,59.82536199157255
1471,1471,0.015455054998938067,0.20944048218113048,59.825373539492375
1472,1472,0.015463992998945741,0.2094404756360691,59.82538506293954
1473,1473,0.015472945998908472,0.20944046912092157,59.825396561961156
1474,1474,0.015481649998946523,0.2094404626355511,59.82540803660423
1475,1475,0.015490762998922492,0.20944045617982163,59.82541948691572
1476,1476,0.015499985998928878,0.20944044975359769,59.825430912942515
1477,1477,0.015508807998912744,0.20944044335674447,59.82544231473143
1478,1478,0.015517685998929664,0.20944043698912762,59.82545369232925
1479,1479,0.015528160998883322,0.20944043065061363,59.82546504578261
1480,1480,0.015537648998872555,0.20944042434106944,59.825476375138166
1481,1481,0.015546501998869644,0.20944041806036268,59.82548768044246
1482,1482,0.01555568299886545,0.20944041180836148,59.82549896174197
1483,1483,0.015564439998854596,0.20944040558493465,59.82551021908312
1484,1484,0.015573316998825248,0.2094403993899517,59.825521452512255
1485,1485,0.01558226599883028,0.2094403932232825,59.825532662075666
1486,1486,0.0155909299988366,0.2094403870847977,59.825543847819574
1487,1487,0.01559976599884294,0.20944038097436846,59.825555009790115
1488,1488,0.015608623998843996,0.20944037489186657,59.82556614803336
1489,1489,0.015617385998837108,0.20944036883716446,59.82557726259534
1490,1490,0.015626173998839477,0.20944036281013495,59.82558835352199
1491,1491,0.015635410998811494,0.20944035681065162,59.82559942085919
1492,1492,0.015644107998809886,0.20944035083858858,59.82561046465277
1493,1493,0.015653032998841354,0.20944034489382052,59.825621484948435
1494,1494,0.015670081998848673,0.20944033897622266,59.8256324817919
1495,1495,0.015681142998857922,0.20944033308567084,59.825643455228736
1496,1496,0.01569122599886441,0.20944032722204145,59.82565440530451
1497,1497,0.015700757998899917,0.20944032138521132,59.82566533206469
1498,1498,0.01571001299890895,0.2094403155750582,59.82567623555467
1499,1499,0.015721659998916948,0.20944030979146003,59.8256871158198
1500,1500,0.01573106799889956,0.20944030403429545,59.82569797290534
1501,1501,0.015740269998900658,0.2094402983034436,59.8257088068565
1502,1502,0.015749440998945374,0.20944029259878422,59.82571961771842
1503,1503,0.015758517998960997,0.2094402869201977,59.82573040553615
1504,1504,0.015767297998991125,0.20944028126756492,59.8257411703547
1505,1505,0.01577614199902655,0.2094402756407671,59.825751912219005
1506,1506,0.01578501999904347,0.20944027003968615,59.82576263117392
1507,1507,0.015793875999065676,0.2094402644642047,59.825773327264265
1508,1508,0.015803096999093214,0.20944025891420562,59.825784000534725
1509,1509,0.01581229699911546,0.20944025338957248,59.82579465103
1510,1510,0.01582107699914559,0.20944024789018936,59.82580527879468
1511,1511,0.01582973699919421,0.20944024241594086,59.82581588387326
1512,1512,0.015838391999182022,0.20944023696671202,59.82582646631023
1513,1513,0.015847381999151366,0.2094402315423886,59.825837026149976
1514,1514,0.01585634099916433,0.2094402261428567,59.82584756343681
1515,1515,0.01587189499912256,0.2094402207680031,59.82585807821499
1516,1516,0.0158811629991078,0.2094402154177149,59.825868570528705
1517,1517,0.01589024399908112,0.20944021009187994,59.82587904042208
1518,1518,0.01589972899910208,0.20944020479038628,59.82588948793915
1519,1519,0.015909300999112475,0.20944019951312284,59.82589991312392
1520,1520,0.015918451999141325,0.2094401942599789,59.8259103160203
1521,1521,0.015927489999171485,0.20944018903084402,59.825920696672135
1522,1522,0.015936035999175147,0.20944018382560867,59.825931055123206
1523,1523,0.015944907999141833,0.20944017864416348,59.82594139141723
1524,1524,0.015953694999154777,0.2094401734863998,59.82595170559785
1525,1525,0.015962389999117477,0.20944016835220938,59.825961997708646
1526,1526,0.015976911999075583,0.20944016324148446,59.82597226779314
1527,1527,0.015985910999063435,0.2094401581541178,59.82598251589475
1528,1528,0.01599467899904994,0.20944015309000266,59.82599274205687
1529,1529,0.016003630999080087,0.20944014804903277,59.82600294632281
1530,1530,0.016017890999080464,0.20944014303110237,59.826013128735795
1531,1531,0.01602905299904478,0.2094401380361061,59.82602328933902
1532,1532,0.016038730999014206,0.20944013306393913,59.82603342817556
1533,1533,0.0160483799990061,0.20944012811449714,59.826043545288485
1534,1534,0.016057853999029703,0.2094401231876763,59.82605364072074
1535,1535,0.016066802999034735,0.20944011828337322,59.826063714515236
1536,1536,0.016075837999039777,0.2094401134014849,59.82607376671481
1537,1537,0.016084795999006474,0.20944010854190906,59.82608379736222
1538,1538,0.016093784998986393,0.20944010370454358,59.82609380650019
1539,1539,0.016102384998987418,0.20944009888928705,59.826103794171324
1540,1540,0.016118858998993346,0.2094400940960382,59.82611376041821
1541,1541,0.016129969998985416,0.20944008932469682,59.82612370528333
1542,1542,0.016143964999002947,0.20944008457516242,59.82613362880911
1543,1543,0.01615500599899633,0.20944007984733556,59.82614353103793
1544,1544,0.016164720999029214,0.20944007514111693,59.82615341201207
1545,1545,0.016174298999033,0.20944007045640775,59.82616327177377
1546,1546,0.016183486999068464,0.20944006579310978,59.82617311036518
1547,1547,0.016192631999103924,0.20944006115112518,59.826182927828405
1548,1548,0.01620727599907923,0.20944005653035644,59.82619272420547
1549,1549,0.01621788299905802,0.20944005193070664,59.82620249953831
1550,1550,0.016226962999041916,0.20944004735207936,59.82621225386885
1551,1551,0.016236033999007304,0.20944004279437833,59.82622198723889
1552,1552,0.016244920999042733,0.20944003825750807,59.8262316996902
1553,1553,0.016253682999035846,0.20944003374137324,59.826241391264446
1554,1554,0.016262634999065995,0.20944002924587918,59.82625106200328
1555,1555,0.016271325999070996,0.2094400247709315,59.826260711948244
1556,1556,0.016280063999090544,0.2094400203164362,59.82627034114084
1557,1557,0.0162887809991048,0.20944001588230013,59.82627994962246
1558,1558,0.016297602999088667,0.20944001146842986,59.82628953743449
1559,1559,0.016306349999126724,0.20944000707473298,59.826299104618194
1560,1560,0.016318949999174492,0.20944000270111718,59.826308651214795
1561,1561,0.016328317999182218,0.20943999834749072,59.826318177265456
1562,1562,0.0163376049991939,0.20943999401376232,59.826327682811254
1563,1563,0.016353107999179883,0.20943998969984093,59.82633716789322
1564,1564,0.016365057999166766,0.2094399854056361,59.82634663255229
1565,1565,0.016375765999157466,0.2094399811310576,59.82635607682936
1566,1566,0.016385766999178486,0.20943997687601587,59.82636550076525
1567,1567,0.0163954189991955,0.2094399726404215,59.826374904400694
1568,1568,0.01640502299920854,0.2094399684241857,59.8263842877764
1569,1569,0.016421654999248858,0.20943996422721997,59.82639365093297
1570,1570,0.0164312479992077,0.20943996004943619,59.82640299391097
1571,1571,0.016440592999231285,0.20943995589074677,59.82641231675086
1572,1572,0.016449793999242956,0.20943995175106436,59.826421619493075
1573,1573,0.01647234099925754,0.20943994763030216,59.82643090217797
1574,1574,0.01648165099925336,0.20943994352837358,59.82644016484583
1575,1575,0.0164908269992452,0.20943993944519265,59.826449407536856
1576,1576,0.016499973999202666,0.20943993538067368,59.82645863029122
1577,1577,0.016508931999169363,0.20943993133473138,59.826467833148996
1578,1578,0.01651800999917441,0.20943992730728078,59.8264770161502
1579,1579,0.016526830999225695,0.2094399232982374,59.82648617933479
1580,1580,0.016535750999253196,0.20943991930751718,59.82649532274265
1581,1581,0.016551142999219337,0.2094399153350362,59.82650444641361
1582,1582,0.01656051999924557,0.20943991138071125,59.8265135503874
1583,1583,0.016569808999236102,0.2094399074444593,59.826522634703736
1584,1584,0.01657904199925042,0.2094399035261978,59.82653169940222
1585,1585,0.016587819999244857,0.20943989962584442,59.82654074452241
1586,1586,0.0165971499991997,0.20943989574331748,59.826549770103796
1587,1587,0.016606506999153225,0.2094398918785353,59.8265587761858
1588,1588,0.016615651999188685,0.20943988803141686,59.82656776280777
1589,1589,0.016624399999216166,0.20943988420188153,59.82657673000901
1590,1590,0.01663336999922649,0.20943988038984884,59.82658567782873
1591,1591,0.016642390999209056,0.20943987659523883,59.82659460630611
1592,1592,0.016651182999225966,0.20943987281797183,59.82660351548023
1593,1593,0.01665985699924022,0.2094398690579686,59.8266124053901
1594,1594,0.01666911699925322,0.20943986531515024,59.82662127607471
1595,1595,0.016677835999246327,0.2094398615894382,59.82663012757294
1596,1596,0.016705728999227176,0.20943985788075437,59.82663895992362
1597,1597,0.016719471999238067,0.20943985418902084,59.82664777316552
1598,1598,0.016730883999230173,0.20943985051416011,59.82665656733733
1599,1599,0.01674094599923137,0.20943984685609512,59.82666534247768
1600,1600,0.016750512999180955,0.20943984321474915,59.82667409862515
1601,1601,0.016759695999212454,0.20943983959004567,59.82668283581824
1602,1602,0.016769224999166,0.20943983598190866,59.82669155409537
1603,1603,0.01677829199917369,0.20943983239026254,59.82670025349493
1604,1604,0.016790146999198896,0.20943982881503173,59.826708934055205
1605,1605,0.016799604999221174,0.20943982525614135,59.82671759581445
1606,1606,0.01681251999923461,0.20943982171351663,59.826726238810835
1607,1607,0.016822108999235752,0.2094398181870833,59.826734863082464
1608,1608,0.01683136499923421,0.2094398146767674,59.8267434686674
1609,1609,0.01684048499924984,0.2094398111824951,59.826752055603606
1610,1610,0.016849770999272096,0.20943980770419313,59.82676062392899
1611,1611,0.01685896299926526,0.20943980424178857,59.82676917368142
1612,1612,0.01686760999928083,0.2094398007952087,59.82677770489867
1613,1613,0.016876404999266015,0.20943979736438123,59.82678621761845
1614,1614,0.016885133999267055,0.20943979394923415,59.82679471187843
1615,1615,0.016893772999253542,0.2094397905496959,59.826803187716195
1616,1616,0.01690609999928938,0.20943978716569492,59.826811645169265
1617,1617,0.01691570099933415,0.20943978379716036,59.8268200842751
1618,1618,0.016925186999344533,0.20943978044402142,59.826828505071106
1619,1619,0.01693436599936149,0.20943977710620787,59.826836907594604
1620,1620,0.016943406999359922,0.20943977378364964,59.826845291882854
1621,1621,0.01695246999935307,0.20943977047627685,59.82685365797308
1622,1622,0.01696124899933693,0.20943976718402024,59.826862005902385
1623,1623,0.016970140999319483,0.2094397639068108,59.82687033570788
1624,1624,0.01697911599933377,0.20943976064457953,59.82687864742655
1625,1625,0.016988153999307087,0.20943975739725817,59.82688694109533
1626,1626,0.016997242999309492,0.20943975416477853,59.826895216751126
1627,1627,0.017005918999302594,0.20943975094707268,59.82690347443074
1628,1628,0.017015078999349953,0.20943974774407312,59.82691171417092
1629,1629,0.017024033999348376,0.20943974455571276,59.826919936008366
1630,1630,0.017032546999359965,0.20943974138192453,59.826928139979685
1631,1631,0.01706367799937425,0.20943973822264203,59.82693632612145
1632,1632,0.01707600199938497,0.20943973507779876,59.82694449447015
1633,1633,0.017086196999400727,0.2094397319473288,59.826952645062214
1634,1634,0.0170958299993913,0.20943972883116652,59.82696077793402
1635,1635,0.01710498099942015,0.20943972572924643,59.82696889312186
1636,1636,0.0171140139993895,0.20943972264150348,59.82697699066198
1637,1637,0.0171230149993562,0.20943971956787297,59.82698507059056
1638,1638,0.01713212599935332,0.20943971650829019,59.82699313294371
1639,1639,0.017140846999325277,0.20943971346269108,59.82700117775748
1640,1640,0.01715431199932027,0.2094397104310117,59.82700920506785
1641,1641,0.017163765999328007,0.20943970741318843,59.827017214910754
1642,1642,0.017172824999306613,0.2094397044091579,59.827025207322045
1643,1643,0.01718199299926937,0.20943970141885723,59.827033182337516
1644,1644,0.017191272999298235,0.2094396984422235,59.827041139992915
1645,1645,0.017200511999305945,0.20943969547919425,59.82704908032389
1646,1646,0.01720950799926868,0.20943969252970737,59.827057003366065
1647,1647,0.01721842399928164,0.20943968959370107,59.82706490915497
1648,1648,0.017227783999317126,0.20943968667111346,59.82707279772611
1649,1649,0.017236456999341954,0.20943968376188335,59.827080669114864
1650,1650,0.017245431999356242,0.2094396808659498,59.827088523356615
1651,1651,0.017253998999365194,0.2094396779832519,59.82709636048665
1652,1652,0.017274231999408585,0.2094396751137292,59.8271041805402
1653,1653,0.017284166999388617,0.20943967225732152,59.82711198355243
1654,1654,0.017293416999393685,0.20943966941396877,59.827119769558436
1655,1655,0.01730333499938297,0.20943966658361154,59.82712753859327
1656,1656,0.017312998999386764,0.2094396637661902,59.827135290691906
1657,1657,0.017321997999374616,0.20943966096164573,59.82714302588926
1658,1658,0.01733132599935061,0.20943965816991936,59.827150744220184
1659,1659,0.017339921999337093,0.20943965539095227,59.827158445719476
1660,1660,0.01734886799937385,0.2094396526246863,59.82716613042186
1661,1661,0.017357522999361663,0.20943964987106345,59.82717379836202
1662,1662,0.01736668499938787,0.2094396471300258,59.82718144957453
1663,1663,0.01737545799937834,0.20943964440151597,59.82718908409395
1664,1664,0.01738438799935693,0.20943964168547657,59.827196701954776
1665,1665,0.017393174999369876,0.20943963898185075,59.82720430319141
1666,1666,0.017402359999380224,0.20943963629058165,59.8272118878382
1667,1667,0.01741854199934778,0.20943963361161275,59.82721945592947
1668,1668,0.01742937799934907,0.20943963094488804,59.82722700749943
1669,1669,0.017439157999319832,0.2094396282903514,59.827234542582254
1670,1670,0.017448865999313057,0.20943962564794713,59.82724206121207
1671,1671,0.017457961999298277,0.20943962301761984,59.8272495634229
1672,1672,0.017466892999323136,0.20943962039931435,59.827257049248765
1673,1673,0.017476008999324222,0.20943961779297557,59.82726451872356
1674,1674,0.017484946999331896,0.20943961519854898,59.827271971881174
1675,1675,0.0174938519993475,0.20943961261598,59.8272794087554
1676,1676,0.017502697999304928,0.20943961004521458,59.82728682937998
1677,1677,0.01751164499933111,0.20943960748619866,59.827294233788585
1678,1678,0.017523565999340462,0.20943960493887856,59.82730162201485
1679,1679,0.017560027999365957,0.2094396024032008,59.827308994092334
1680,1680,0.01757264299936878,0.20943959987911226,59.82731635005453
1681,1681,0.01758331799936741,0.20943959736655993,59.82732368993487
1682,1682,0.017593041999361958,0.20943959486549094,59.827331013766745
1683,1683,0.017602346999353813,0.2094395923758531,59.827338321583454
1684,1684,0.017611987999316625,0.20943958989759387,59.82734561341827
1685,1685,0.017621276999307156,0.20943958743066152,59.827352889304365
1686,1686,0.01763347599927556,0.20943958497500403,59.827360149274895
1687,1687,0.01764301299925819,0.20943958253056993,59.82736739336291
1688,1688,0.01765308099925278,0.20943958009730812,59.827374621601464
1689,1689,0.0176733469992314,0.20943957767516735,59.82738183402346
1690,1690,0.017696670999214348,0.20943957526409682,59.82738903066181
1691,1691,0.01770793899919454,0.2094395728640459,59.82739621154937
1692,1692,0.01771725799920887,0.2094395704749643,59.82740337671888
1693,1693,0.017726503999199394,0.20943956809680186,59.82741052620306
1694,1694,0.017735652999249396,0.20943956572950861,59.82741766003457
1695,1695,0.0177447719992756,0.20943956337303501,59.827424778246
1696,1696,0.01775383799923702,0.20943956102733147,59.82743188086987
1697,1697,0.017762983999261905,0.20943955869234893,59.827438967938676
1698,1698,0.017772352999259056,0.20943955636803818,59.827446039484805
1699,1699,0.017789252999250493,0.20943955405435058,59.827453095540626
1700,1700,0.017800167999212135,0.20943955175123757,59.82746013613842
1701,1701,0.01780968699921459,0.20943954945865081,59.82746716131045
1702,1702,0.017818881999232872,0.2094395471765422,59.82747417108885
1703,1703,0.017828002999237924,0.2094395449048638,59.827481165505766
1704,1704,0.0178370179992271,0.20943954264356796,59.82748814459325
1705,1705,0.01784608499923479,0.2094395403926072,59.827495108383275
1706,1706,0.017854860999250377,0.20943953815193447,59.827502056907804
1707,1707,0.01786365899926068,0.20943953592150247,59.82750899019871
1708,1708,0.01787257199924852,0.20943953370126459,59.82751590828781
1709,1709,0.017881461999252224,0.20943953149117409,59.82752281120686
1710,1710,0.01789037399925064,0.20943952929118478,59.82752969898756
1711,1711,0.017899387999250393,0.20943952710125033,59.82753657166157
1712,1712,0.017908361999218414,0.2094395249213249,59.82754342926046
1713,1713,0.01792064899922252,0.20943952275136263,59.82755027181575
1714,1714,0.017935225999224258,0.20943952059131804,59.82755709935892
1715,1715,0.017944456999202885,0.20943951844114586,59.82756391192138
1716,1716,0.017953667999165646,0.2094395163008009,59.82757070953447
1717,1717,0.017962490999138936,0.20943951417023823,59.82757749222948
1718,1718,0.017971515999136045,0.2094395120494132,59.82758426003766
1719,1719,0.01798049799913315,0.20943950993828125,59.82759101299017
1720,1720,0.017996527999173395,0.20943950783679807,59.82759775111812
1721,1721,0.01800626599919042,0.20943950574491965,59.8276044744526
1722,1722,0.018015607999188887,0.20943950366260206,59.82761118302457
1723,1723,0.018025012999203227,0.20943950158980154,59.827617876865006
1724,1724,0.018034172999250586,0.20943949952647467,59.82762455600478
1725,1725,0.018042979999279396,0.20943949747257806,59.827631220474714
1726,1726,0.018052051999291052,0.20943949542806864,59.82763787030559
1727,1727,0.0180609779992551,0.20943949339290363,59.82764450552811
1728,1728,0.018070279999278682,0.2094394913670401,59.827651126172945
1729,1729,0.01807902599927047,0.20943948935043574,59.82765773227066
1730,1730,0.018088240999247773,0.2094394873430481,59.82766432385183
1731,1731,0.018096914999205183,0.2094394853448352,59.82767090094691
1732,1732,0.01810580599919831,0.20943948335575494,59.82767746358635
1733,1733,0.01811500699920998,0.20943948137576568,59.82768401180049
1734,1734,0.018123824999179305,0.20943947940482582,59.82769054561966
1735,1735,0.018150502999219498,0.20943947744289398,59.82769706507411
1736,1736,0.018162857999243442,0.20943947548992917,59.82770357019404
1737,1737,0.018172981999214244,0.20943947354589007,59.827710061009576
1738,1738,0.018182442999204795,0.2094394716107363,59.827716537550806
1739,1739,0.018191780999188722,0.2094394696844269,59.827722999847765
1740,1740,0.018201091999230812,0.20943946776692157,59.82772944793042
1741,1741,0.018210301999204148,0.2094394658581802,59.82773588182869
1742,1742,0.01821948399918938,0.2094394639581625,59.827742301572414
1743,1743,0.018228371999214232,0.20943946206682879,59.8277487071914
1744,1744,0.018237462999195486,0.20943946018413928,59.827755098715386
1745,1745,0.018246541999189958,0.20943945831005453,59.82776147617408
1746,1746,0.018255462999206884,0.20943945644453507,59.8277678395971
1747,1747,0.018264256999202644,0.20943945458754204,59.82777418901401
1748,1748,0.018272888999206316,0.2094394527390361,59.82778052445434
1749,1749,0.018281785999192834,0.20943945089897872,59.827786845947564
1750,1750,0.018290467999179327,0.2094394490673312,59.82779315352306
1751,1751,0.018299290999152618,0.20943944724405514,59.82779944721021
1752,1752,0.01830826499917748,0.20943944542911222,59.82780572703828
1753,1753,0.018317473999161393,0.2094394436224644,59.82781199303653
1754,1754,0.018326433999163783,0.20943944182407384,59.82781824523415
1755,1755,0.018335150999121197,0.20943944003390264,59.827824483660244
1756,1756,0.018344584999113067,0.20943943825191327,59.82783070834391
1757,1757,0.018360764999101775,0.20943943647806845,59.82783691931415
1758,1758,0.018371075999084496,0.20943943471233092,59.82784311659994
1759,1759,0.018380659999081672,0.20943943295466344,59.827849300230156
1760,1760,0.018390148999117173,0.20943943120502936,59.82785547023368
1761,1761,0.018399348999082576,0.20943942946339195,59.827861626639304
1762,1762,0.018408590999115404,0.20943942772971444,59.82786776947577
1763,1763,0.018417632999160105,0.20943942600396076,59.82787389877176
1764,1764,0.018426740999132107,0.20943942428609438,59.82788001455591
1765,1765,0.018435524999119934,0.2094394225760795,59.82788611685679
1766,1766,0.018444437999107777,0.20943942087388015,59.82789220570292
1767,1767,0.018453084999066505,0.20943941917946055,59.82789828112279
1768,1768,0.01846230999905174,0.20943941749278525,59.8279043431448
1769,1769,0.01847117399910303,0.20943941581381878,59.827910391797296
1770,1770,0.018480428999112064,0.20943941414252593,59.8279164271086
1771,1771,0.01848924499910254,0.2094394124788716,59.82792244910695
1772,1772,0.018516015999068713,0.20943941082282083,59.827928457820555
1773,1773,0.01852784999908863,0.2094394091743391,59.82793445327755
1774,1774,0.018538239999088546,0.20943940753339155,59.82794043550602
1775,1775,0.01854805099907253,0.20943940589994386,59.82794640453401
1776,1776,0.018557208999027353,0.20943940427396182,59.827952360389475
1777,1777,0.018566327998996712,0.20943940265541114,59.82795830310037
1778,1778,0.018575177998968684,0.209439401044258,59.82796423269455
1779,1779,0.018584233998979016,0.20943939944046855,59.82797014919983
1780,1780,0.018593195999017098,0.20943939784400914,59.827976052644
1781,1781,0.018602207999038,0.2094393962548462,59.82798194305474
1782,1782,0.018611369999007366,0.20943939467294642,59.82798782045973
1783,1783,0.018620040999053344,0.20943939309827664,59.827993684886565
1784,1784,0.01862898299907556,0.20943939153080382,59.82799953636279
1785,1785,0.01863776899909908,0.20943938997049505,59.82800537491592
1786,1786,0.018646399999113328,0.20943938841731763,59.82801120057338
1787,1787,0.018655270999147433,0.20943938687123884,59.82801701336257
1788,1788,0.018664122999155097,0.2094393853322263,59.82802281331083
1789,1789,0.0186731239991218,0.2094393838002477,59.82802860044546
1790,1790,0.018682325999122895,0.20943938227527095,59.82803437479366
1791,1791,0.01869123399910677,0.20943938075726404,59.82804013638263
1792,1792,0.018699867999146136,0.20943937924619505,59.828045885239504
1793,1793,0.01870861499912735,0.20943937774203233,59.82805162139133
1794,1794,0.018723896999119916,0.20943937624474426,59.82805734486516
1795,1795,0.018733633999147514,0.20943937475429958,59.828063055687956
1796,1796,0.018742916999144654,0.20943937327066686,59.82806875388661
1797,1797,0.018752200999188062,0.2094393717938149,59.82807443948803
1798,1798,0.018760938999150767,0.20943937032371282,59.82808011251898
1799,1799,0.01876990199912143,0.2094393688603298,59.82808577300627
1800,1800,0.018778979999126477,0.20943936740363508,59.82809142097656
1801,1801,0.01878778999912356,0.2094393659535981,59.82809705645655
1802,1802,0.01879692199912597,0.20943936451018838,59.82810267947282
1803,1803,0.01880566799911776,0.20943936307337574,59.82810829005192
1804,1804,0.01881446999908576,0.2094393616431299,59.828113888220365
1805,1805,0.018823445999089472,0.209439360219421,59.82811947400459
1806,1806,0.018832077999093144,0.20943935880221898,59.828125047431
1807,1807,0.018840952999084948,0.20943935739149427,59.82813060852595
1808,1808,0.018849924999130963,0.20943935598721716,59.82813615731572
1809,1809,0.01885872399913069,0.20943935458935822,59.82814169382656
1810,1810,0.018874331999143124,0.2094393531978881,59.82814721808465
1811,1811,0.01888670499914724,0.20943935181277762,59.828152730116145
1812,1812,0.018897150999180212,0.20943935043399775,59.828158229947135
1813,1813,0.018906564999156217,0.20943934906151945,59.828163717603644
1814,1814,0.018915800999195653,0.209439347695314,59.82816919311168
1815,1815,0.018925160999174295,0.2094393463353527,59.828174656497154
1816,1816,0.018934281999179348,0.20943934498160707,59.82818010778597
1817,1817,0.018943686999193687,0.20943934363404862,59.82818554700395
1818,1818,0.018952583999180206,0.20943934229264913,59.828190974176884
1819,1819,0.01896122999914951,0.2094393409573804,59.828196389330515
1820,1820,0.01897312599913903,0.20943933962821448,59.828201792490525
1821,1821,0.01899142099915707,0.20943933830512337,59.82820718368252
1822,1822,0.01900310299913599,0.20943933698807934,59.828212562932116
1823,1823,0.019013375999122673,0.20943933567705494,59.82821793026483
1824,1824,0.019023213999105337,0.20943933437202233,59.82822328570613
1825,1825,0.01903260599914347,0.20943933307295434,59.82822862928146
1826,1826,0.019042034999131374,0.2094393317798237,59.82823396101621
1827,1827,0.019051411999157608,0.20943933049260322,59.8282392809357
1828,1828,0.019062011999153583,0.20943932921126593,59.828244589065214
1829,1829,0.01907183699916004,0.2094393279357849,59.82824988542999
1830,1830,0.01908105799918758,0.2094393266661334,59.8282551700552
1831,1831,0.019090573999164917,0.2094393254022847,59.82826044296598
1832,1832,0.019099405999156716,0.2094393241442124,59.828265704187395
1833,1833,0.019108440999161758,0.20943932289188996,59.828270953744514
1834,1834,0.01911715299917205,0.20943932164529122,59.8282761916623
1835,1835,0.019125918999179703,0.2094393204043901,59.828281417965684
1836,1836,0.019134749999182077,0.2094393191691603,59.82828663267956
1837,1837,0.019143541999198987,0.20943931793957615,59.82829183582875
1838,1838,0.019152399999200043,0.20943931671561167,59.82829702743804
1839,1839,0.019161402999202437,0.20943931549724132,59.828302207532204
1840,1840,0.019170118999170427,0.20943931428443938,59.82830737613588
1841,1841,0.01917937399917946,0.20943931307718056,59.828312533273746
1842,1842,0.019188468999175257,0.20943931187543935,59.828317678970365
1843,1843,0.019202402999155765,0.2094393106791907,59.828322813250296
1844,1844,0.01921292599917024,0.2094393094884094,59.828327936138024
1845,1845,0.01922454699916898,0.2094393083030705,59.82833304765799
1846,1846,0.019234518999155625,0.20943930712314918,59.82833814783461
1847,1847,0.019263410999144526,0.20943930594862056,59.828343236692206
1848,1848,0.019273902999145776,0.20943930477946004,59.828348314255095
1849,1849,0.01928407999918136,0.2094393036156431,59.82835338054752
1850,1850,0.019293709999146813,0.20943930245714537,59.82835843559369
1851,1851,0.019302906999143943,0.20943930130394242,59.82836347941776
1852,1852,0.019312061999130492,0.20943930015601012,59.82836851204382
1853,1853,0.019321149999143472,0.20943929901332445,59.82837353349595
1854,1854,0.019330024999135276,0.20943929787586127,59.828378543798145
1855,1855,0.01933858999916538,0.20943929674359682,59.82838354297437
1856,1856,0.019347401999198155,0.2094392956165074,59.82838853104855
1857,1857,0.01935633999920583,0.20943929449456916,59.828393508044556
1858,1858,0.019365157999175153,0.20943929337775874,59.828398473986184
1859,1859,0.019374087999153744,0.2094392922660526,59.828403428897225
1860,1860,0.019383141999185227,0.20943929115942744,59.82840837280139
1861,1861,0.019392179999158543,0.2094392900578601,59.82841330572238
1862,1862,0.019400994999159593,0.20943928896132735,59.828418227683805
1863,1863,0.01941146399911986,0.20943928786980634,59.82842313870925
1864,1864,0.019420676999118314,0.20943928678327392,59.82842803882225
1865,1865,0.019429978999141895,0.20943928570170753,59.82843292804632
1866,1866,0.019439141999100684,0.20943928462508438,59.82843780640486
1867,1867,0.01944823299913878,0.2094392835533818,59.82844267392129
1868,1868,0.019457182999133238,0.20943928248657745,59.82844753061895
1869,1869,0.01946600599916337,0.20943928142464882,59.82845237652114
1870,1870,0.019474656999193485,0.2094392803675737,59.82845721165112
1871,1871,0.019483454999146943,0.2094392793153298,59.8284620360321
1872,1872,0.019492361999141394,0.2094392782678952,59.828466849687246
1873,1873,0.01950149099917553,0.20943927722524777,59.82847165263966
1874,1874,0.019510873999138312,0.2094392761873658,59.828476444912404
1875,1875,0.019519826999101042,0.20943927515422733,59.82848122652852
1876,1876,0.019528668999100773,0.20943927412581073,59.82848599751097
1877,1877,0.01953771799912829,0.20943927310209454,59.8284907578827
1878,1878,0.019552539999097007,0.2094392720830571,59.82849550766657
1879,1879,0.01956332699904806,0.20943927106867713,59.82850024688543
1880,1880,0.019572977999075647,0.20943927005893334,59.82850497556209
1881,1881,0.019582346999072797,0.2094392690538046,59.82850969371926
1882,1882,0.019591575999072575,0.20943926805326965,59.82851440137967
1883,1883,0.019600685999023426,0.20943926705730756,59.82851909856597
1884,1884,0.019609708999041686,0.20943926606589755,59.82852378530075
1885,1885,0.019618377999051972,0.2094392650790186,59.828528461606595
1886,1886,0.01962719699901072,0.2094392640966502,59.82853312750601
1887,1887,0.019635830999050086,0.20943926311877165,59.82853778302148
1888,1888,0.019644609999033946,0.20943926214536246,59.828542428175425
1889,1889,0.019653521999032364,0.20943926117640213,59.82854706299022
1890,1890,0.019662531999017574,0.20943926021187037,59.82855168748821
1891,1891,0.01967105599902652,0.20943925925174703,59.82855630169168
1892,1892,0.019680125999059328,0.2094392582960118,59.828560905622886
1893,1893,0.019688842999016742,0.20943925734464472,59.828565499304034
1894,1894,0.019697708998990038,0.2094392563976258,59.82857008275727
1895,1895,0.01970624899900031,0.20943925545493516,59.8285746560047
1896,1896,0.019714855999040992,0.20943925451655304,59.82857921906841
1897,1897,0.019723798999052633,0.20943925358245982,59.828583771970415
1898,1898,0.01973240399900078,0.20943925265263577,59.828588314732684
1899,1899,0.01974121299900844,0.20943925172706138,59.82859284737717
1900,1900,0.01975710699900901,0.20943925080571732,59.82859736992575
1901,1901,0.0197666359990194,0.20943924988858417,59.828601882400264
1902,1902,0.01977586699905487,0.20943924897564273,59.82860638482253
1903,1903,0.019784804999062544,0.20943924806687383,59.828610877214295
1904,1904,0.019793530999038467,0.2094392471622584,59.828615359597265
1905,1905,0.01980246699901045,0.20943924626177746,59.828619831993116
1906,1906,0.019811229998992985,0.20943924536541217,59.82862429442348
1907,1907,0.019819961999019142,0.20943924447314363,59.828628746909914
1908,1908,0.019828886998993767,0.20943924358495314,59.82863318947398
1909,1909,0.019837403998963055,0.2094392427008221,59.82863762213717
1910,1910,0.019846155998948234,0.20943924182073187,59.82864204492092
1911,1911,0.01985469699894793,0.20943924094466407,59.82864645784664
1912,1912,0.019863466998970125,0.2094392400726004,59.82865086093569
1913,1913,0.0198722679989487,0.2094392392045222,59.8286552542094
1914,1914,0.019881447998955082,0.20943923834041167,59.82865963768904
1915,1915,0.019905937998942136,0.2094392374802505,59.828664011395844
1916,1916,0.01991818799893963,0.20943923662402067,59.828668375350986
1917,1917,0.019928098998946098,0.20943923577170412,59.82867272957563
1918,1918,0.019937161998939246,0.20943923492328306,59.82867707409088
1919,1919,0.01994615399888744,0.20943923407873963,59.82868140891779
1920,1920,0.019954944998914925,0.20943923323805616,59.82868573407737
1921,1921,0.019963724998945054,0.209439232401215,59.8286900495906
1922,1922,0.019972669998935544,0.20943923156819855,59.828694355478426
1923,1923,0.01998153199895114,0.20943923073898932,59.82869865176171
1924,1924,0.019990386998983922,0.20943922991357,59.82870293846132
1925,1925,0.019999193999012732,0.20943922909192317,59.82870721559806
1926,1926,0.020007810999004505,0.20943922827403164,59.82871148319268
1927,1927,0.020016411998994954,0.20943922745987822,59.82871574126589
1928,1928,0.020025087998988056,0.2094392266494458,59.82871998983838
1929,1929,0.020033557998942797,0.20943922584271749,59.82872422893079
1930,1930,0.0200420969989068,0.20943922503967632,59.82872845856371
1931,1931,0.020054331998892394,0.20943922424030534,59.82873267875768
1932,1932,0.020063479998896128,0.20943922344458787,59.82873688953322
1933,1933,0.020072513998911745,0.2094392226525071,59.82874109091077
1934,1934,0.020081481998943218,0.20943922186404657,59.828745282910795
1935,1935,0.020090232998938973,0.20943922107918966,59.828749465553635
1936,1936,0.020099168998967798,0.2094392202979198,59.828753638859666
1937,1937,0.02011022099895854,0.2094392195202208,59.828757802849175
1938,1938,0.020119447998979467,0.20943921874607613,59.82876195754241
1939,1939,0.020128185998999015,0.2094392179754697,59.828766102959605
1940,1940,0.020137391999014653,0.20943921720838526,59.828770239120914
1941,1941,0.020146353998995892,0.20943921644480673,59.828774366046474
1942,1942,0.020155184998998266,0.20943921568471818,59.82877848375639
1943,1943,0.02016418999897951,0.20943921492810336,59.828782592270706
1944,1944,0.02017288099898451,0.20943921417494676,59.82878669160942
1945,1945,0.020181715999001426,0.20943921342523245,59.82879078179252
1946,1946,0.020190438999009075,0.20943921267894455,59.82879486283993
1947,1947,0.020199482999032625,0.2094392119360676,59.82879893477151
1948,1948,0.02020816899903366,0.20943921119658587,59.82880299760715
1949,1949,0.02021698199905586,0.20943921046048397,59.82880705136661
1950,1950,0.020225942999047675,0.20943920972774632,59.828811096069686
1951,1951,0.020235991999072667,0.20943920899835758,59.82881513173609
1952,1952,0.0202538759991171,0.20943920827230247,59.82881915838551
1953,1953,0.02026522799911845,0.2094392075495658,59.82882317603757
1954,1954,0.02027553999914744,0.20943920683013234,59.82882718471189
1955,1955,0.020285493999153914,0.20943920611398703,59.828831184428026
1956,1956,0.0202949349991286,0.2094392054011148,59.828835175205505
1957,1957,0.02030397099917991,0.20943920469150065,59.828839157063804
1958,1958,0.020313030999204784,0.20943920398512986,59.82884313002235
1959,1959,0.02032174999919789,0.20943920328198742,59.82884709410057
1960,1960,0.020330676999208208,0.20943920258205867,59.828851049317805
1961,1961,0.020339559999229095,0.209439201885329,59.82885499569338
1962,1962,0.020348439999224865,0.20943920119178353,59.82885893324659
1963,1963,0.020357235999199474,0.2094392005014079,59.828862861996654
1964,1964,0.0203661719992283,0.20943919981418765,59.82886678196279
1965,1965,0.020381562999205016,0.20943919913010825,59.82887069316415
1966,1966,0.020393564999210412,0.20943919844915548,59.828874595619865
1967,1967,0.020403661999239375,0.2094391977713149,59.82887848934902
1968,1968,0.020413488999224683,0.20943919709657233,59.828882374370636
1969,1969,0.020422751999205957,0.20943919642491363,59.828886250703746
1970,1970,0.020432334999213708,0.20943919575632475,59.8288901183673
1971,1971,0.020448434999195797,0.20943919509079156,59.82889397738022
1972,1972,0.020458132999237932,0.2094391944283002,59.8288978277614
1973,1973,0.02046718899919142,0.20943919376883668,59.828901669529685
1974,1974,0.020476237999218938,0.2094391931123873,59.82890550270389
1975,1975,0.020485355999198873,0.20943919245893808,59.82890932730277
1976,1976,0.020494384999210524,0.2094391918084754,59.82891314334507
1977,1977,0.020503360999214237,0.20943919116098567,59.828916950849475
1978,1978,0.02051232499923117,0.20943919051645526,59.82892074983463
1979,1979,0.020521253999220335,0.20943918987487065,59.82892454031917
1980,1980,0.020530041999222703,0.20943918923621827,59.82892832232166
1981,1981,0.020538698999246208,0.20943918860048488,59.82893209586062
1982,1982,0.020547795999277696,0.20943918796765712,59.82893586095457
1983,1983,0.020556461999262865,0.20943918733772154,59.82893961762198
1984,1984,0.020565400999259964,0.2094391867106652,59.82894336588125
1985,1985,0.020574177999264975,0.20943918608647463,59.828947105750764
1986,1986,0.02060348499929887,0.20943918546513696,59.82895083724888
1987,1987,0.020615685999246125,0.20943918484663906,59.8289545603939
1988,1988,0.020626886999195904,0.209439184230968,59.8289582752041
1989,1989,0.020637014999181247,0.20943918361811084,59.8289619816977
1990,1990,0.02064644999916254,0.20943918300805464,59.8289656798929
1991,1991,0.02065579399913986,0.20943918240078668,59.828969369807865
1992,1992,0.02066511499913304,0.20943918179629428,59.82897305146071
1993,1993,0.020674039999107663,0.20943918119456456,59.82897672486949
1994,1994,0.02068298999910212,0.20943918059558508,59.82898039005229
1995,1995,0.02069172499909655,0.20943917999934322,59.82898404702708
1996,1996,0.020700400999089652,0.2094391794058264,59.82898769581185
1997,1997,0.020708977999106537,0.20943917881502225,59.82899133642451
1998,1998,0.020717904999116854,0.2094391782269183,59.82899496888297
1999,1999,0.0207266319990822,0.20943917764150224,59.828998593205085
2000,2000,0.020735627999044937,0.20943917705876178,59.829002209408664
