epoch,updates,time,train_loss,val_rmse
1,1,4.999399999405796e-05,0.29088263149969346,64.51657535301163
2,2,6.480500002226108e-05,0.245507603711682,59.93635434813706
3,3,7.592100001829749e-05,0.22918365778796881,59.24227620100875
4,4,8.666000002222063e-05,0.22150475608537493,58.71451917526735
5,5,9.61770000458273e-05,0.21755816568726424,58.595071250790006
6,6,0.00010569300008000937,0.21544730643144797,58.545050534828306
7,7,0.00011500300007583064,0.21427934917522978,58.55772561459596
8,8,0.00012390200009804175,0.21360689411918898,58.58522076165404
9,9,0.00013268200012817033,0.21320002404981028,58.619904146061806
10,10,0.0001738450001766978,0.21293859189194167,58.654477795924535
11,11,0.00018583300015961868,0.2127588295427859,58.68747453826636
12,12,0.00019663900019395442,0.21262632726382102,58.71823019077664
13,13,0.00020630500023344212,0.21252217052365532,58.7469123810666
14,14,0.0002158650002002105,0.21243574178513475,58.77380580776812
15,15,0.00022514500022907669,0.21236093763854122,58.79923401049196
16,16,0.0002341840002486606,0.21229415484341252,58.823467433715834
17,17,0.00024290600021004138,0.21223320260914258,58.8467190132206
18,18,0.0002521210002441876,0.21217670564030613,58.86914632874679
19,19,0.0002615020002849633,0.212123770640481,58.89086342200932
20,20,0.0002703280002833708,0.2120737963319356,58.91195161593322
21,21,0.00027935400032674806,0.2120263629348905,58.93246898117609
22,22,0.0002879880003092694,0.21198116643405274,58.95245752002464
23,23,0.0002965220003261493,0.21193797858249297,58.97194842662859
24,24,0.0003053650003153052,0.21189662200245907,58.99096575860534
25,25,0.00031430100034413044,0.21185695433248894,59.0095289289553
26,26,0.0003233500003716472,0.2118188579136501,59.027654347122954
27,27,0.00033195400038721345,0.21178223294081544,59.04535647092288
28,28,0.0003408010003909112,0.21174699282687723,59.06264846111689
29,29,0.00034929300039721056,0.2117130610082416,59.07954257579632
30,30,0.00035800800043261916,0.2116803687062904,59.0960503992975
31,31,0.0003755380004122344,0.21164885333358283,59.11218296954053
32,32,0.00038565000039625374,0.21161845734151102,59.12795084572659
33,33,0.00039480000043568,0.21158912737435956,59.143364143158394
34,34,0.0004038890003812412,0.2115608136386578,59.158432551682345
35,35,0.00041245500040076877,0.21153346942549772,59.17316534747172
36,36,0.00042098900041764864,0.21150705074265644,59.18757140350373
37,37,0.0004296920004094318,0.21148151602630766,59.20165920135766
38,38,0.00043823300040912727,0.21145682591096654,59.21543684532758
39,39,0.00044701500041810505,0.21143294304244725,59.228912078920146
40,40,0.00045577800040064176,0.21140983192290386,59.24209230333543
41,41,0.00046456500041358595,0.21138745878005363,59.25498459733226
42,42,0.00047342400040406574,0.21136579145483558,59.267595737843685
43,43,0.0004825890003985478,0.21134479930330008,59.27993222076026
44,44,0.000491180000381064,0.21132445310963513,59.292000281390536
45,45,0.0005001140003741966,0.21130472500803862,59.30380591421426
46,46,0.0005286000003366098,0.21128558841173262,59.315354891646244
47,47,0.0005402350003009815,0.21126701794783836,59.326652781620936
48,48,0.0005502800003114316,0.21124898939714773,59.337704963885045
49,49,0.0005596360003323753,0.21123147963805433,59.34851664494832
50,50,0.0005687870003612261,0.2112144665940765,59.35909287169088
51,51,0.0005775190003873831,0.21119792918453242,59.36943854366153
52,52,0.000586397000404304,0.2111818472780184,59.37955842412681
53,53,0.0005952110004159294,0.21116620164841335,59.38945714994748
54,54,0.0006042180004328657,0.21115097393318294,59.39913924036921
55,55,0.0006129200004352242,0.21113614659379729,59.40860910481896
56,56,0.0006219000004534792,0.21112170287810686,59.417871049799324
57,57,0.0006305670004849162,0.2111076267845412,59.42692928497164
58,58,0.0006390470005044335,0.2110939030280182,59.43578792851399
59,59,0.0006793770004946964,0.2110805170074584,59.444451011835746
60,60,0.0006922000005147311,0.21106745477481764,59.452922483723945
61,61,0.0007028250005305381,0.21105470300555287,59.46120621399059
62,62,0.000712570000530377,0.21104224897044876,59.46930599668362
63,63,0.0007217380005499763,0.2110300805087356,59.47722555291796
64,64,0.0007308440005431294,0.2110181860024345,59.48496853337708
65,65,0.0007397640005137873,0.21100655435187143,59.49253852053002
66,66,0.00075039600051241,0.21099517495230327,59.49993903060334
67,67,0.0007593110005359449,0.21098403767160515,59.507173515343
68,68,0.0007683560005489198,0.21097313282896735,59.51424536359651
69,69,0.0007772980005711361,0.21096245117455706,59.52115790274211
70,70,0.0007863140005497371,0.21095198387009997,59.52791439998795
71,71,0.0007950570005164082,0.21094172247033896,59.534518063561414
72,72,0.0008037060005108287,0.21093165890532994,59.54097204380562
73,73,0.000812387000507897,0.2109217854635384,59.54727943419815
74,74,0.0008209440005089164,0.21091209477569745,59.553443272304534
75,75,0.0008298100004822118,0.21090257979939508,59.55946654067729
76,76,0.0008387300005097131,0.21089323380435696,59.56535216770999
77,77,0.0008474950005279425,0.21088405035839278,59.571103028453756
78,78,0.0008565260005184427,0.2108750233139768,59.576721945403065
79,79,0.0008652490005260915,0.21086614679543367,59.58221168925622
80,80,0.0008738260004861331,0.21085741518670187,59.58757497965521
81,81,0.000889037000490589,0.21084882311964953,59.59281448590862
82,82,0.0008995500004971291,0.21084036546291687,59.59793282770094
83,83,0.0009090390005326299,0.21083203731126163,59.602932575790696
84,84,0.0009181600005376822,0.21082383397538546,59.60781625269963
85,85,0.0009275640005625974,0.2108157509722184,59.61258633339446
86,86,0.0009569180005541966,0.21080778401564218,59.61724524596278
87,87,0.0009666410005593207,0.21079992900763117,59.62179537228381
88,88,0.000975625000535274,0.21079218202979302,59.62623904869519
89,89,0.000984713000548254,0.21078453933529118,59.63057856665602
90,90,0.000993586000504365,0.2107769973411307,59.63481617340674
91,91,0.0010021830005371157,0.21076955262079244,59.63895407262619
92,92,0.0010108030005540058,0.2107622018971995,59.64299442508585
93,93,0.0010196680005378767,0.2107549420360004,59.64693934930126
94,94,0.0010285970005270428,0.21074777003915518,59.65079092218089
95,95,0.0010373990004950429,0.21074068303881074,59.65455117967205
96,96,0.0010462550004604054,0.21073367829145243,59.6582221174039
97,97,0.0010547760004442353,0.2107267531723188,59.661805691327324
98,98,0.0010633570004188186,0.2107199051700691,59.66530381835141
99,99,0.0010722610004449962,0.21071313188168994,59.668718376976564
100,100,0.001080823000449982,0.21070643100763245,59.672051207923616
101,101,0.0010897950004391532,0.21069980034716856,59.67530411475911
102,102,0.0011060410004688492,0.2106932377939563,59.67847886451626
103,103,0.0011151170004382038,0.21068674133180498,59.6815771883114
104,104,0.001123655000412782,0.2106803090306319,59.684600781955794
105,105,0.001132350000432325,0.21067393904260046,59.68755130656235
106,106,0.001141234000442637,0.21066762959843285,59.690430389147316
107,107,0.0011496730004409983,0.21066137900388895,59.69323962322648
108,108,0.0011583380004367427,0.21065518563640367,59.69598056940582
109,109,0.0011671650004245748,0.21064904794187614,59.69865475596635
110,110,0.0011760860004415008,0.21064296443160307,59.701263679443066
111,111,0.0011848060004808758,0.21063693367935146,59.703808805197674
112,112,0.0011934260004409225,0.21063095431856185,59.706291567985126
113,113,0.0012021300004789737,0.21062502503967828,59.708713372513685
114,114,0.0012106440004799879,0.21061914458759917,59.711075593998466
115,115,0.0012195100004532833,0.21061331175924144,59.71337957870833
116,116,0.0012284650004517061,0.21060752540121652,59.715626644505946
117,117,0.001237070000456697,0.21060178440760888,59.71781808138107
118,118,0.001250400000458285,0.2105960877178566,59.71995515197681
119,119,0.001260433000481953,0.2105904343147261,59.722039092109014
120,120,0.0012695750004354522,0.21058482322237854,59.724071111278356
121,121,0.00127882500044052,0.2105792535045237,59.72605239317553
122,122,0.0012874680004415495,0.21057372426265644,59.72798409617916
123,123,0.0012960000004227368,0.21056823463437305,59.72986735384659
124,124,0.0013045350004290412,0.2105627837917629,59.731703275397365
125,125,0.0013137810004195671,0.2105573709398735,59.733492946189564
126,126,0.0013226790004523536,0.21055199531524338,59.735237428188924
127,127,0.001331272000413719,0.21054665618450247,59.73693776043063
128,128,0.0013400200003843565,0.2105413528430341,59.73859495947399
129,129,0.00134875700041448,0.21053608461369847,59.740210019849826
130,130,0.0013578030004168795,0.21053085084561277,59.74178391450075
131,131,0.0013667680004232352,0.21052565091298694,59.74331759521422
132,132,0.001375395000422941,0.2105204842140108,59.74481199304852
133,133,0.0013841950004689352,0.21051535016979253,59.74626801875161
134,134,0.001392878000501696,0.21051024822334416,59.74768656317294
135,135,0.0014015280004855413,0.21050517783861275,59.74906849766836
136,136,0.0014102090004826096,0.21050013849955557,59.7504146744979
137,137,0.0014189540004849732,0.21049512970925635,59.7517259272168
138,138,0.0014275550004754223,0.21049015098908203,59.7530030710597
139,139,0.0014362020004909937,0.21048520187787664,59.75424690331797
140,140,0.001451121000513922,0.21048028193119211,59.75545820371038
141,141,0.0014608140004952475,0.21047539072055346,59.75663773474719
142,142,0.0014701440005069344,0.21047052783275663,59.757786242087484
143,143,0.0014791920004881831,0.21046569286919872,59.75890445489024
144,144,0.0014880790004667688,0.21046088544523783,59.75999308615877
145,145,0.0014969880004969127,0.21045610518958158,59.76105283307891
146,146,0.001505597000459602,0.21045135174370314,59.762084377350874
147,147,0.0015142720004632793,0.21044662476128434,59.76308838551495
148,148,0.0015229220005039679,0.21044192390768252,59.76406550927108
149,149,0.001531709000516912,0.21043724885942228,59.7650163857923
150,150,0.0015414950005379069,0.21043259930370956,59.765941638032345
151,151,0.001550483000528402,0.21042797493796822,59.76684187502731
152,152,0.0015594650005255062,0.2104233754693963,59.767717692191496
153,153,0.0015683330005344942,0.21041880061454352,59.768569671607565
154,154,0.0015773850005302847,0.21041425009890682,59.76939838231107
155,155,0.0016019170005279193,0.21040972365654417,59.7702043805694
156,156,0.0016154750005057394,0.2104052210297065,59.77098821015534
157,157,0.0016263000005096728,0.21040074196848502,59.771750402615105
158,158,0.001646114000493526,0.21039628623047513,59.7724914775312
159,159,0.001657011000474995,0.21039185358045515,59.773211942780044
160,160,0.001666312000452308,0.2103874437900798,59.773912294784395
161,161,0.001675459000466617,0.21038305663758644,59.77459301876082
162,162,0.0016844150004544645,0.21037869190751582,59.77525458896207
163,163,0.0016936610004449903,0.21037434939044444,59.77589746891475
164,164,0.0017053730004477075,0.21037002888272913,59.77652211165198
165,165,0.001714741000455433,0.21036573018626326,59.777128959941514
166,166,0.0017238170004247877,0.21036145310824345,59.77771844650907
167,167,0.001732973000457605,0.21035719746094728,59.778290994257254
168,168,0.0017416530004652486,0.21035296306152043,59.778847016479794
169,169,0.0017504400004781928,0.21034874973177375,59.77938691707165
170,170,0.0017594110004779395,0.21034455729798893,59.779911090734466
171,171,0.0017682750004723857,0.21034038559073354,59.780419923178094
172,172,0.0017770210005210174,0.21033623444468377,59.780913791317715
173,173,0.0017859070005101785,0.2103321036984552,59.78139306346697
174,174,0.0017952100005231841,0.21032799319444137,59.78185809952706
175,175,0.0018037820005361027,0.21032390277865914,59.78230925117189
176,176,0.001814261000561146,0.2103198323006016,59.782746862029306
177,177,0.0018230370005767327,0.21031578161309672,59.783171267858606
178,178,0.0018317170005843764,0.21031175057217294,59.78358279672421
179,179,0.0018404410005814498,0.21030773903693067,59.78398176916583
180,180,0.0018488920005665932,0.210303746869419,59.784368498364834
181,181,0.0018575630005557286,0.21029977393451857,59.78474329030733
182,182,0.0018661950005594008,0.21029582009982947,59.78510644394357
183,183,0.0018748660005485362,0.21029188523556344,59.78545825134412
184,184,0.0018833520005046012,0.21028796921444232,59.78579899785264
185,185,0.0018918770005029728,0.2102840719115991,59.78612896223543
186,186,0.001900509000506645,0.2102801932044854,59.78644841682776
187,187,0.0019090790005407143,0.21027633297278117,59.78675762767712
188,188,0.0019180370005642544,0.21027249109831006,59.78705685468328
189,189,0.0019267570006036294,0.21026866746495695,59.7873463517355
190,190,0.0019355150006390431,0.21026486195859054,59.787626366846695
191,191,0.0019596170006366265,0.21026107446698852,59.78789714228466
192,192,0.0019722240006103675,0.21025730487976613,59.78815891470069
193,193,0.001982041000587742,0.21025355308830834,59.78841191525505
194,194,0.0019911620005927944,0.21024981898570438,59.788656369740124
195,195,0.0019999860006123527,0.21024610246668576,59.788892498700626
196,196,0.0020083770006067425,0.2102424034275665,59.78912051755131
197,197,0.0020169320006289126,0.21023872176618633,59.78934063669209
198,198,0.002025889000663028,0.21023505738185627,59.78955306162071
199,199,0.002034478000666695,0.21023141017530658,59.78975799304287
200,200,0.0020439780006995534,0.2102277800486372,59.78995562698003
201,201,0.0020532980007033075,0.2102241669052697,59.79014615487481
202,202,0.0020633550007005397,0.2102205706499025,59.790329763694146
203,203,0.0020727150006791817,0.21021699118846673,59.79050663603008
204,204,0.002108327000655663,0.21021342842808508,59.79067695019846
205,205,0.002120352000645198,0.21020988227703166,59.790840880335416
206,206,0.002130240000667527,0.21020635264469423,59.790998596491725
207,207,0.002139391000696378,0.2102028394415377,59.79115026472506
208,208,0.002148432000694811,0.21019934257906925,59.79129604719033
209,209,0.002157613000690617,0.21019586196980497,59.79143610222788
210,210,0.0021669260007115554,0.21019239752723826,59.79157058444984
211,211,0.0021817930007159703,0.21018894916580896,59.79169964482458
212,212,0.0021914550006840727,0.21018551680087444,59.791823430759216
213,213,0.0022004260006838194,0.2101821003486815,59.791942086180356
214,214,0.0022090880006544467,0.21017869972633976,59.79205575161307
215,215,0.0022179650006250995,0.21017531485179586,59.79216456425804
216,216,0.002226472000643298,0.21017194564380928,59.79226865806708
217,217,0.0022354500006258604,0.2101685920219287,59.79236816381696
218,218,0.002244272000609726,0.2101652539064695,59.792463209181534
219,219,0.0022529770005803584,0.21016193121849241,59.79255391880233
220,220,0.0022615310005562606,0.2101586238797826,59.79264041435754
221,221,0.002270202000545396,0.21015533181283047,59.792722814629535
222,222,0.0022787210005503766,0.21015205494081235,59.79280123557073
223,223,0.002287340000577842,0.21014879318757232,59.79287579036816
224,224,0.0022961460006172274,0.21014554647760558,59.792946589506506
225,225,0.002305009000622249,0.21014231473604084,59.793013740829736
226,226,0.00231358300067086,0.210139097888625,59.793077349601354
227,227,0.0023283040006845113,0.21013589586170794,59.793137518563405
228,228,0.002338867000673872,0.2101327085822274,59.79319434799396
229,229,0.002348739000694877,0.21012953597769557,59.79324793576354
230,230,0.0023583950006695886,0.21012637797618514,59.79329837739011
231,231,0.002367564000621769,0.21012323450631634,59.79334576609294
232,232,0.0023765810005897947,0.21012010549724522,59.79339019284519
233,233,0.0023856480005974845,0.21011699087865116,59.79343174642536
234,234,0.002394539000590612,0.21011389058072552,59.7934705134676
235,235,0.0024032540006260206,0.2101108045341609,59.7935065785108
236,236,0.00241202700061649,0.2101077326701406,59.79354002404673
237,237,0.002420753000649256,0.21010467492032842,59.79357093056691
238,238,0.0024291980006410085,0.21010163121685924,59.793599376608604
239,239,0.0024376730006565595,0.21009860149232917,59.79362543879968
240,240,0.0024462900006483324,0.2100955856797872,59.79364919190246
241,241,0.0024549190006837307,0.21009258371272646,59.79367070885662
242,242,0.0024636520006993123,0.21008959552507567,59.79369006082108
243,243,0.002472428000714899,0.21008662105119147,59.79370731721506
244,244,0.002481129000727833,0.21008366022585073,59.79372254575802
245,245,0.002489826000726225,0.21008071298424338,59.793735812508885
246,246,0.002498774000684989,0.21007777926196494,59.79374718190425
247,247,0.0025073060006661763,0.2100748589950101,59.79375671679585
248,248,0.002515992000667211,0.21007195211976587,59.79376447848702
249,249,0.0025300900006186566,0.21006905857300556,59.7937705267685
250,250,0.002539462000640924,0.21006617829188273,59.793774919953314
251,251,0.00254817500064064,0.2100633112139248,59.793777714910924
252,252,0.0025569740006403663,0.21006045727702816,59.79377896710054
253,253,0.002565508000657246,0.21005761641945234,59.79377873060383
254,254,0.0025743770006556588,0.2100547885798147,59.79377705815665
255,255,0.0025828640006579917,0.2100519736970856,59.79377400118024
256,256,0.002591600000641847,0.21004917171058343,59.79376960981173
257,257,0.002601181000670749,0.2100463825599698,59.793763932933786
258,258,0.002611038000679855,0.21004360618524515,59.79375701820371
259,259,0.0026202600006399734,0.21004084252674438,59.79374891208191
260,260,0.002629412000658249,0.21003809152513253,59.79373965985959
261,261,0.0026378630006433923,0.21003535312140048,59.79372930568592
262,262,0.0026466800006232916,0.21003262725686137,59.79371789259461
263,263,0.0026555200006441737,0.21002991387314654,59.79370546252971
264,264,0.002664146000654455,0.21002721291220186,59.793692056371064
265,265,0.0026771630006123814,0.21002452431628424,59.79367771395898
266,266,0.0026873120006598583,0.21002184802795773,59.793662474118484
267,267,0.002696566000679468,0.21001918399009095,59.793646374682886
268,268,0.0027053730006514343,0.21001653214585297,59.79362945251698
269,269,0.0027143190006881923,0.21001389243871071,59.793611743539536
270,270,0.002723879000711804,0.21001126481242552,59.7935932827454
271,271,0.0027327560007393004,0.21000864921105056,59.793574104227055
272,272,0.002741715000752265,0.21000604557892766,59.79355424119572
273,273,0.0027504130007400818,0.21000345386068434,59.79353372600188
274,274,0.002758970000741101,0.2100008740012317,59.793512590155444
275,275,0.0027680200007580424,0.20999830594576102,59.79349086434541
276,276,0.002776608000772285,0.2099957496397417,59.79346857845905
277,277,0.0027852270007997504,0.20999320502891855,59.79344576160074
278,278,0.0027938530008100315,0.20999067205930932,59.79342244211025
279,279,0.0028028170008269626,0.20998815067720258,59.793398647580695
280,280,0.002811688000861068,0.20998564082915497,59.79337440487607
281,281,0.002820641000823798,0.2099831424619893,59.79334974014835
282,282,0.002828998000836691,0.20998065552279224,59.7933246788542
283,283,0.0028378090008231993,0.20997817995891213,59.79329924577137
284,284,0.002846832000784616,0.20997571571795703,59.79327346501466
285,285,0.002855374000773736,0.20997326274779238,59.79324736005143
286,286,0.002863994000790626,0.20997082099653946,59.79322095371702
287,287,0.002879895000774013,0.20996839041257295,59.7931942682295
288,288,0.002889003000802859,0.2099659709445194,59.79316732520431
289,289,0.0028980000008118623,0.2099635625412552,59.793140145668474
290,290,0.0029067400008102595,0.20996116515190472,59.793112750074464
291,291,0.0029156230007743034,0.20995877872583865,59.79308515831385
292,292,0.002924405000783281,0.20995640321267214,59.79305738973053
293,293,0.0029331380007988628,0.2099540385622633,59.79302946313366
294,294,0.0029419300008157734,0.2099516847247112,59.79300139681043
295,295,0.0029503410007691855,0.2099493416503545,59.792973208538356
296,296,0.0029590510007437842,0.2099470092897698,59.79294491559739
297,297,0.0029679870007726095,0.2099446875937697,59.792916534781774
298,298,0.002976860000785564,0.2099423765134019,59.792888082411544
299,299,0.002985842000782668,0.2099400759999472,59.79285957434386
300,300,0.0029947050007876896,0.20993778600491808,59.792831025984
301,301,0.0030035380007689128,0.20993550648005738,59.79280245229612
302,302,0.003012236000813573,0.2099332373773367,59.7927738678138
303,303,0.003025993000790095,0.20993097864895524,59.79274528665034
304,304,0.0030368290007913856,0.2099287302473378,59.79271672250874
305,305,0.0030461140008242182,0.20992649212513428,59.792688188691635
306,306,0.0030551320007816685,0.2099242642352175,59.79265969811072
307,307,0.0030641270007549792,0.20992204653068253,59.792631263296265
308,308,0.003072922000797007,0.20991983896484484,59.792602896406194
309,309,0.0030817520008099564,0.20991764149123948,59.79257460923505
310,310,0.0030909670008441026,0.20991545406361933,59.79254641322271
311,311,0.003099689000862327,0.2099132766359543,59.79251831946295
312,312,0.0031084480008303217,0.2099111091624299,59.79249033871176
313,313,0.003116911000802247,0.20990895159744577,59.792462481395525
314,314,0.0031258390008019887,0.20990680389561503,59.792434757618906
315,315,0.0031344800007673257,0.2099046660117626,59.79240717717274
316,316,0.003143328000760448,0.20990253790092414,59.792379749541524
317,317,0.0031520530008037895,0.20990041951834504,59.79235248391087
318,318,0.003160916000808811,0.2098983108194794,59.792325389174785
319,319,0.0031696020008098458,0.20989621175998835,59.79229847394272
320,320,0.003178320000813528,0.20989412229573942,59.792271746546504
321,321,0.003187253000817236,0.2098920423828052,59.792245215047124
322,322,0.003196147000835481,0.20988997197746256,59.79221888724127
323,323,0.0032049100008180176,0.20988791103619103,59.792192770667825
324,324,0.0032137900008137876,0.2098858595156723,59.792166872614196
325,325,0.0032319110008529606,0.20988381737278883,59.792141200122394
326,326,0.00324175000082505,0.20988178456462275,59.79211575999513
327,327,0.0032509170008552246,0.20987976104845515,59.79209055880162
328,328,0.0032595740008218854,0.20987774678176466,59.792065602883376
329,329,0.003268091000848017,0.2098757417222269,59.792040898359765
330,330,0.003276854000887397,0.2098737458277129,59.79201645113355
331,331,0.0032855990008897606,0.20987175905628852,59.79199226689615
332,332,0.003294412000855118,0.20986978136621345,59.79196835113297
333,333,0.0033030060008627515,0.20986781271594007,59.791944709128394
334,334,0.003312269000844026,0.2098658530641124,59.79192134597088
335,335,0.003321177000884745,0.20986390236956554,59.79189826655773
336,336,0.0033298360008870986,0.20986196059132417,59.79187547559992
337,337,0.0033383640009105875,0.20986002768860218,59.79185297762674
338,338,0.003346966000890461,0.20985810362080115,59.791830776990274
339,339,0.0033556090008914907,0.20985618834750988,59.79180887786988
340,340,0.003364351000868737,0.20985428182850335,59.791787284276545
341,341,0.003377483000861048,0.20985238402374162,59.791766000057045
342,342,0.0033875390008688555,0.20985049489336918,59.791745028898156
343,343,0.003396700000905639,0.2098486143977137,59.79172437433061
344,344,0.003405649000910671,0.20984674249728566,59.791704039733105
345,345,0.003414443000906431,0.20984487915277703,59.7916840283361
346,346,0.003423236000912766,0.20984302432506038,59.79166434322562
347,347,0.003432303000920456,0.20984117797518828,59.7916449873469
348,348,0.0034412310009201974,0.20983934006439253,59.79162596350795
349,349,0.0034498200009238644,0.20983751055408242,59.791607274383146
350,350,0.0034587240008931985,0.20983568940584527,59.79158892251655
351,351,0.0034674930008691263,0.20983387658144428,59.791570910325326
352,352,0.0034762710008635622,0.2098320720428186,59.79155324010292
353,353,0.003485425000860687,0.20983027575208166,59.79153591402235
354,354,0.0034999110008584466,0.20982848767152137,59.79151893413923
355,355,0.0035106230008636885,0.20982670776359838,59.79150230239488
356,356,0.0035204860008661853,0.20982493599094557,59.79148602061925
357,357,0.003529592000916182,0.20982317231636735,59.79147009053383
358,358,0.0035386200009384083,0.20982141670283883,59.79145451375445
359,359,0.0035473640009513474,0.2098196691135047,59.79143929179415
360,360,0.0035562810009537316,0.20981792951167894,59.79142442606572
361,361,0.003567226000939172,0.2098161978608435,59.7914099178845
362,362,0.0035764160009534862,0.20981447412464804,59.79139576847084
363,363,0.0035852610009214914,0.20981275826690848,59.79138197895265
364,364,0.003593816000886818,0.20981105025160698,59.79136855036789
365,365,0.003602551000881249,0.2098093500428904,59.79135548366689
366,366,0.0036110590008320287,0.2098076576050702,59.79134277971479
367,367,0.0036195290007867698,0.2098059729026212,59.79133043929372
368,368,0.0036282430007759103,0.20980429590018104,59.79131846310513
369,369,0.0036371080008166246,0.2098026265625493,59.7913068517719
370,370,0.0036460000007991766,0.20980096485468686,59.791295605840496
371,371,0.003654634000781698,0.20979931074171507,59.79128472578306
372,372,0.003663254000798588,0.20979766418891493,59.7912742119994
373,373,0.0036720470008049233,0.20979602516172668,59.791264064819025
374,374,0.003680634000829741,0.20979439362574853,59.791254284503026
375,375,0.003689255000836056,0.2097927695467363,59.791244871246
376,376,0.0036977210008330985,0.20979115289060266,59.79123582517785
377,377,0.003712955000821694,0.20978954362341626,59.79122714636568
378,378,0.0037241710007833717,0.20978794171140114,59.79121883481543
379,379,0.0037341160008281804,0.20978634712093594,59.79121089047368
380,380,0.003742976000808085,0.2097847598185531,59.791203313229275
381,381,0.00375196400079858,0.20978317977093833,59.791196102914995
382,382,0.0037606780007877205,0.20978160694492978,59.79118925930914
383,383,0.0037692520007794883,0.20978004130751735,59.791182782137064
384,384,0.0037778880007977023,0.209778482825842,59.79117667107273
385,385,0.003786721000835769,0.20977693146719514,59.79117092574019
386,386,0.0037956360008024603,0.20977538719901764,59.791165545715
387,387,0.0038042980007730876,0.20977384998889953,59.791160530525694
388,388,0.003812839000772783,0.20977231980457908,59.791155879655086
389,389,0.003821381000761903,0.20977079661394216,59.791151592541695
390,390,0.003830115000710066,0.20976928038502146,59.79114766858105
391,391,0.0038384890007137074,0.20976777108599595,59.79114410712688
392,392,0.0038469590006684484,0.20976626868519038,59.79114090749251
393,393,0.0038677770006643186,0.2097647731510741,59.79113806895199
394,394,0.0038772210006641217,0.20976328445226075,59.7911355907413
395,395,0.003886011000702183,0.20976180255750773,59.79113347205953
396,396,0.003894482000703192,0.2097603274357151,59.79113171207004
397,397,0.0039035600007082394,0.20975885905592537,59.79113030990151
398,398,0.003914262000705548,0.20975739738732235,59.79112926464909
399,399,0.003923236000730412,0.20975594239923112,59.79112857537541
400,400,0.003932268000710337,0.20975449406111682,59.79112824111159
401,401,0.003941174000715364,0.20975305234258435,59.79112826085834
402,402,0.003950598000756145,0.20975161721337754,59.79112863358685
403,403,0.00395973700074137,0.20975018864337877,59.79112935823978
404,404,0.003968623000730531,0.20974876660260772,59.79113043373221
405,405,0.0039772400007791475,0.20974735106122158,59.7911318589525
406,406,0.003985731000739179,0.20974594198951382,59.79113363276326
407,407,0.003994499000725682,0.2097445393579139,59.79113575400216
408,408,0.004003378000732027,0.20974314313698608,59.79113822148278
409,409,0.004012172000727787,0.2097417532974299,59.791141033995466
410,410,0.004020734000732773,0.20974036981007815,59.79114419030809
411,411,0.004029606000756303,0.20973899264589752,59.79114768916689
412,412,0.004038223000748076,0.20973762177598718,59.79115152929719
413,413,0.004075937000720842,0.20973625717157843,59.79115570940417
414,414,0.004087887000764567,0.2097348988040342,59.791160228173624
415,415,0.004097842000817309,0.20973354664484845,59.791165084272585
416,416,0.004107212000860727,0.20973220066564519,59.791170276350115
417,417,0.004116051000892185,0.20973086083817832,59.79117580303794
418,418,0.004124642000874701,0.2097295271343309,59.791181662951075
419,419,0.0041336880008771,0.2097281995261145,59.79118785468855
420,420,0.004142387000854342,0.20972687798566864,59.79119437683398
421,421,0.004151182000839526,0.20972556248526017,59.79120122795616
422,422,0.004160240000885551,0.20972425299728287,59.791208406609705
423,423,0.004169351000882671,0.20972294949425654,59.791215911335634
424,424,0.004177985000922035,0.20972165194882678,59.791223740661906
425,425,0.004186559000913803,0.20972036033376396,59.79123189310398
426,426,0.0041962970009308265,0.2097190746219633,59.79124036716537
427,427,0.0042056110009411896,0.2097177947864437,59.79124916133817
428,428,0.004215037000903976,0.20971652080034744,59.79125827410353
429,429,0.004223902000887847,0.2097152526369395,59.791267703932206
430,430,0.0042330190008783575,0.20971399026960724,59.79127744928501
431,431,0.0042418160008992345,0.2097127336718596,59.79128750861334
432,432,0.004250513000897627,0.20971148281732654,59.79129788035954
433,433,0.00425921600088941,0.2097102376797587,59.79130856295742
434,434,0.004268090000891789,0.2097089982330265,59.79131955483275
435,435,0.004279048000910279,0.20970776445112005,59.79133085440353
436,436,0.00428810000090607,0.2097065363081482,59.791342460080585
437,437,0.004296738000903133,0.2097053137783383,59.79135437026783
438,438,0.004305619000945171,0.20970409683603516,59.79136658336276
439,439,0.004314522000925081,0.2097028854557013,59.79137909775676
440,440,0.004323448000945973,0.20970167961191563,59.79139191183554
441,441,0.004332235000958917,0.20970047927937352,59.79140502397948
442,442,0.004340933001003577,0.2096992844328859,59.79141843256398
443,443,0.004349569001021791,0.20969809504737866,59.79143213595981
444,444,0.004358182001055866,0.2096969110978926,59.79144613253346
445,445,0.004366849001087303,0.2096957325595825,59.79146042064744
446,446,0.004375648001087029,0.20969455940771653,59.79147499866062
447,447,0.004384354001047086,0.20969339161767606,59.79148986492856
448,448,0.004392973001074552,0.2096922291649551,59.79150501780377
449,449,0.0044016800010808765,0.20969107202515955,59.79152045563606
450,450,0.004410453001071346,0.2096899201740067,59.79153617677276
451,451,0.0044238240010372465,0.20968877358732493,59.791552179559055
452,452,0.004433602001029158,0.20968763224105325,59.79156846233823
453,453,0.004442877000997214,0.20968649611124046,59.79158502345197
454,454,0.004456356001014683,0.20968536517404482,59.79160186124056
455,455,0.004465288000972123,0.20968423940573366,59.79161897404316
456,456,0.004475666000985257,0.20968311878268286,59.79163636019811
457,457,0.004484933000981073,0.20968200328137607,59.79165401804306
458,458,0.004494261001013911,0.20968089287840452,59.79167194591529
459,459,0.004503231001024233,0.2096797875504665,59.79169014215186
460,460,0.004512077001038506,0.20967868727436673,59.79170860508991
461,461,0.0045208340010276515,0.2096775920270159,59.79172733306681
462,462,0.004529754001055153,0.2096765017854305,59.79174632442038
463,463,0.004538651001041671,0.2096754165267317,59.79176557748911
464,464,0.004547514001046693,0.2096743362281454,59.79178509061233
465,465,0.004556260001038481,0.20967326086700172,59.79180486213043
466,466,0.004564999001047454,0.20967219042073423,59.791824890385
467,467,0.004573662001064349,0.20967112486687964,59.791845173719054
468,468,0.004582161001053464,0.2096700641830775,59.791865710477175
469,469,0.004590821001045242,0.20966900834706934,59.7918864990057
470,470,0.004599439001083283,0.2096679573366986,59.79190753765287
471,471,0.004608297001084338,0.20966691112990984,59.79192882476897
472,472,0.00461920400107374,0.2096658697047486,59.79195035870657
473,473,0.004628359001060289,0.20966483303936065,59.79197213782057
474,474,0.004637007001065285,0.2096638011119916,59.7919941604684
475,475,0.004645944001083535,0.20966277390098653,59.79201642501014
476,476,0.004654582001080598,0.20966175138478968,59.79203892980867
477,477,0.004674152001086895,0.20966073354194356,59.79206167322981
478,478,0.004685153001048548,0.2096597203510888,59.79208465364244
479,479,0.0046944050010324645,0.20965871179096376,59.79210786941863
480,480,0.004703464001067914,0.20965770784040394,59.79213131893373
481,481,0.004712243001108618,0.2096567084783415,59.79215500056651
482,482,0.0047210030010660375,0.20965571368380495,59.79217891269931
483,483,0.004729999001028773,0.2096547234359187,59.7922030537181
484,484,0.004763854000998435,0.20965373771390244,59.792227422012594
485,485,0.004776299001036932,0.20965275649707088,59.79225201597636
486,486,0.004786608001040804,0.20965177976483335,59.79227683400693
487,487,0.004796161001024757,0.20965080749669338,59.79230187450588
488,488,0.004805427001031148,0.2096498396722478,59.79232713587895
489,489,0.004814390001058655,0.20964887627118708,59.7923526165361
490,490,0.004823493001083534,0.20964791727329438,59.792378314891636
491,491,0.00483252300108461,0.2096469626584453,59.79240422936421
492,492,0.004841399001065838,0.20964601240660716,59.79243035837704
493,493,0.004849978001118416,0.20964506649783923,59.79245670035788
494,494,0.0048589080010970065,0.2096441249122917,59.79248325373912
495,495,0.0048677220010517885,0.2096431876302056,59.792510016957884
496,496,0.004876388001093801,0.20964225463191205,59.79253698845608
497,497,0.004915607001066746,0.20964132589783227,59.792564166680464
498,498,0.004927810001106536,0.2096404014084769,59.79259155008274
499,499,0.004938257001128932,0.20963948114444567,59.79261913711959
500,500,0.004947676001165746,0.20963856508642695,59.79264692625271
501,501,0.004957067001157611,0.20963765321519745,59.79267491594895
502,502,0.004966260001140199,0.20963674551162165,59.79270310468032
503,503,0.004975055001125384,0.20963584195665144,59.79273149092403
504,504,0.004985736001117402,0.20963494253132592,59.79276007316257
505,505,0.005000802001120519,0.20963404721677084,59.792788849883735
506,506,0.005011947001094086,0.20963315599419807,59.79281781958073
507,507,0.005021664001105819,0.20963226884490543,59.79284698075214
508,508,0.005031073001077857,0.20963138575027626,59.79287633190203
509,509,0.005040124001084223,0.20963050669177893,59.792905871539936
510,510,0.005049104001102478,0.20962963165096649,59.79293559818101
511,511,0.005057956001110142,0.20962876060947647,59.79296551034591
512,512,0.005067050001116513,0.20962789354903005,59.79299560656095
513,513,0.005075949001081881,0.2096270304514322,59.79302588535811
514,514,0.005084811001097478,0.20962617129857083,59.79305634527504
515,515,0.0050933950010971785,0.20962531607241677,59.79308698485513
516,516,0.005102176001116732,0.20962446475502333,59.7931178026475
517,517,0.00511727700109077,0.20962361732852577,59.793148797207074
518,518,0.005127562001121078,0.20962277377514069,59.793179967094595
519,519,0.005136850001122184,0.20962193407716664,59.79321131087661
520,520,0.00514612500109024,0.20962109821698235,59.793242827125546
521,521,0.005155222001064885,0.2096202661770476,59.79327451441973
522,522,0.00516786600104524,0.20961943793990218,59.793306371343384
523,523,0.005176786001072742,0.20961861348816557,59.79333839648665
524,524,0.005185513001038089,0.2096177928045368,59.79337058844561
525,525,0.005194206001021939,0.209616975871794,59.793402945822365
526,526,0.005203238001058708,0.20961616267279393,59.79343546722493
527,527,0.005212073001075623,0.20961535319047164,59.79346815126738
528,528,0.005220808001070054,0.2096145474078405,59.793500996569776
529,529,0.0052302730010751475,0.209613745307991,59.79353400175821
530,530,0.005239190001077532,0.20961294687409146,59.79356716546481
531,531,0.005248260001053495,0.20961215208938672,59.793600486327755
532,532,0.00525686000105452,0.20961136093719837,59.79363396299133
533,533,0.005265579001047627,0.20961057340092423,59.79366759410583
534,534,0.005274134001069797,0.20960978946403802,59.79370137832768
535,535,0.0052839360010921155,0.20960900911008878,59.793735314319385
536,536,0.0052926200010574576,0.20960823232270112,59.79376940074952
537,537,0.0053013330010571735,0.20960745908557407,59.79380363629279
538,538,0.005310026001041024,0.20960668938248156,59.79383801963001
539,539,0.005325794001066697,0.20960592319727134,59.79387254944808
540,540,0.005334926001069107,0.20960516051386527,59.793907224440055
541,541,0.005344043001059617,0.20960440131625854,59.79394204330506
542,542,0.005352620001076502,0.20960364558851935,59.793977004748385
543,543,0.005361713001036605,0.20960289331478907,59.7940121074814
544,544,0.00537081500107206,0.20960214447928116,59.794047350221625
545,545,0.005379648001053283,0.20960139906628167,59.7940827316927
546,546,0.005388544001050377,0.20960065706014802,59.79411825062436
547,547,0.005397230001051412,0.20959991844530942,59.79415390575247
548,548,0.005406097001070975,0.20959918320626614,59.79418969581902
549,549,0.005415015001062784,0.20959845132758934,59.7942256195721
550,550,0.005428626001048542,0.20959772279392053,59.79426167576592
551,551,0.005439081001100021,0.20959699758997172,59.79429786316075
552,552,0.005448471001102462,0.2095962757005245,59.79433418052304
553,553,0.005464933001121608,0.2095955571104302,59.794370626625245
554,554,0.005476257001134854,0.20959484180460933,59.794407200245956
555,555,0.0054861060011148766,0.20959412976805128,59.794443900169846
556,556,0.0054957150011318845,0.20959342098581407,59.79448072518764
557,557,0.0055049090011607404,0.20959271544302402,59.79451767409613
558,558,0.005513862001180314,0.2095920131248754,59.79455474569818
559,559,0.00552281900121443,0.20959131401663025,59.7945919388027
560,560,0.005531687001223418,0.2095906181036179,59.79462925222461
561,561,0.005540504001203317,0.20958992537123458,59.79466668478491
562,562,0.005549261001192463,0.20958923580494365,59.79470423531056
563,563,0.005560702001218942,0.20958854939027444,59.79474190263459
564,564,0.0055696370012014995,0.20958786611282276,59.79477968559599
565,565,0.0055785050012104875,0.20958718595825024,59.79481758303974
566,566,0.005587238001226069,0.20958650891228367,59.7948555938168
567,567,0.005596279001224502,0.20958583496071562,59.79489371678408
568,568,0.005605251001270517,0.20958516408940323,59.79493195080449
569,569,0.005613980001271557,0.20958449628426834,59.79497029474681
570,570,0.005622634001269944,0.20958383153129714,59.795008747485795
571,571,0.005631090001315897,0.2095831698165401,59.795047307902074
572,572,0.005639771001312965,0.20958251112611093,59.79508597488222
573,573,0.00564853500134177,0.20958185544618735,59.79512474731864
574,574,0.005662884001367274,0.2095812027630099,59.79516362410964
575,575,0.005672643001389588,0.2095805530628823,59.79520260415937
576,576,0.0056813870013456835,0.20957990633217044,59.795241686377835
577,577,0.00569005600135597,0.209579262557303,59.795280869680845
578,578,0.005699200001345162,0.20957862172477038,59.795320152990016
579,579,0.005708624001329099,0.20957798382112477,59.79535953523277
580,580,0.005717265001294436,0.20957734883298001,59.79539901534232
581,581,0.005726497001319331,0.20957671674701073,59.795438592257604
582,582,0.005735076001315065,0.20957608754995294,59.79547826492334
583,583,0.005743779001306848,0.20957546122860304,59.79551803228995
584,584,0.005752743001266936,0.20957483776981758,59.79555789331357
585,585,0.005761462001260043,0.20957421716051358,59.79559784695605
586,586,0.005770355001232019,0.2095735993876676,59.795637892184885
587,587,0.005779230001280666,0.20957298443831565,59.79567802797327
588,588,0.005787907001263193,0.20957237229955325,59.79571825329998
589,589,0.005796739001311835,0.20957176295853472,59.79575856714949
590,590,0.00581295100130319,0.2095711564024732,59.79579896851183
591,591,0.005825142001299355,0.20957055261864008,59.79583945638262
592,592,0.005835416001332305,0.20956995159436523,59.79588002976307
593,593,0.005844666001337373,0.20956935331703605,59.79592068765993
594,594,0.005854262001378174,0.20956875777409795,59.79596142908548
595,595,0.005863468001393812,0.20956816495305353,59.796002253057516
596,596,0.005873111001392317,0.20956757484146246,59.79604315859934
597,597,0.005882230001361677,0.2095669874269414,59.79608414473971
598,598,0.0058910400013587605,0.2095664026971636,59.79612521051284
599,599,0.005900008001390233,0.2095658206398584,59.796166354958416
600,600,0.005908720001400525,0.2095652412428117,59.796207577121514
601,601,0.005917523001414793,0.20956466449386477,59.79624887605259
602,602,0.005926370001418491,0.2095640903809147,59.79629025080752
603,603,0.005935044001432743,0.2095635188919137,59.796331700447524
604,604,0.005943688001423197,0.20956295001486927,59.796373224039144
605,605,0.005952564001461269,0.2095623837378437,59.796414820654284
606,606,0.00596108300146625,0.20956182004895363,59.796456489370094
607,607,0.005969986001446159,0.20956125893637018,59.79649822926905
608,608,0.005978978001451196,0.2095607003883184,59.79654003943886
609,609,0.005987573001448254,0.2095601443930774,59.796581918972485
610,610,0.005996680001430832,0.20955959093897972,59.79662386696811
611,611,0.00601126100144711,0.20955904001441103,59.796665882529105
612,612,0.006020906001424464,0.20955849160781043,59.79670796476403
613,613,0.006029745001399078,0.2095579457076696,59.796750112786604
614,614,0.006038551001438464,0.20955740230253306,59.796792325715685
615,615,0.006047529001421026,0.20955686138099733,59.79683460267524
616,616,0.006056424001371852,0.20955632293171148,59.79687694279434
617,617,0.006065179001382148,0.209555786943376,59.79691934520715
618,618,0.006074014001399064,0.2095552534047435,59.79696180905286
619,619,0.006082719001369696,0.20955472230461758,59.797004333475726
620,620,0.006091495001385283,0.20955419363185332,59.79704691762499
621,621,0.0061003490013717965,0.20955366737535652,59.797089560654925
622,622,0.006109043001401915,0.20955314352408377,59.79713226172474
623,623,0.006118129001436046,0.20955262206704225,59.79717501999864
624,624,0.006126892001418582,0.20955210299328908,59.79721783464572
625,625,0.0061357790014540114,0.2095515862919317,59.79726070484002
626,626,0.006144397001492052,0.20955107195212727,59.79730362976045
627,627,0.006158523001488447,0.20955055996308236,59.797346608590814
628,628,0.006169034001516138,0.209550050314053,59.79738964051975
629,629,0.006178264001562184,0.20954954299434428,59.79743272474072
630,630,0.006187386001556661,0.20954903799331007,59.79747586045202
631,631,0.0061972370015723754,0.20954853530035322,59.79751904685669
632,632,0.006206376001614444,0.2095480349049247,59.79756228316261
633,633,0.006215474001635357,0.2095475367965237,59.79760556858233
634,634,0.006224492001649651,0.20954704096469767,59.797648902333165
635,635,0.00623338700165732,0.20954654739904147,59.79769228363715
636,636,0.006242231001635901,0.20954605608919788,59.79773571172096
637,637,0.006250923001630326,0.20954556702485674,59.79777918581597
638,638,0.006259674001626081,0.2095450801957551,59.79782270515819
639,639,0.006268264001676016,0.20954459559167704,59.79786626898826
640,640,0.006282941001700237,0.20954411320245317,59.79790987655139
641,641,0.006293687001686976,0.20954363301796047,59.79795352709741
642,642,0.006303198001660348,0.20954315502812262,59.797997219880706
643,643,0.006312308001668043,0.2095426792229089,59.798040954160186
644,644,0.006320845001653197,0.2095422055923347,59.79808472919928
645,645,0.006329711001626492,0.2095417341264609,59.79812854426594
646,646,0.006338364001635455,0.20954126481539392,59.79817239863258
647,647,0.006354020001651861,0.20954079764928532,59.79821629157607
648,648,0.006363957001610743,0.20954033261833163,59.79826022237772
649,649,0.006373141001631666,0.2095398697127743,59.798304190323286
650,650,0.006381878001604946,0.2095394089228994,59.79834819470287
651,651,0.006390661001603348,0.20953895023903726,59.798392234811
652,652,0.006406406001588039,0.20953849365156246,59.79843630994654
653,653,0.006416942001578718,0.20953803915089364,59.798480419412684
654,654,0.006426272001590405,0.20953758672749315,59.79852456251696
655,655,0.006435402001613966,0.20953713637186688,59.79856873857119
656,656,0.006444316001591233,0.20953668807456433,59.798612946891446
657,657,0.006453371001555297,0.20953624182617803,59.79865718679811
658,658,0.006461964001573506,0.20953579761734337,59.79870145761575
659,659,0.006470916001603655,0.2095353554387389,59.79874575867318
660,660,0.006479627001567678,0.20953491528108545,59.79879008930339
661,661,0.006508106001547276,0.20953447713514647,59.79883444884357
662,662,0.006519316001515563,0.2095340409917275,59.798878836635055
663,663,0.006528957001535218,0.20953360684167616,59.798923252023314
664,664,0.006538244001490057,0.2095331746758818,59.79896769435794
665,665,0.006547153001520201,0.20953274448527556,59.79901216299263
666,666,0.00655625100148427,0.2095323162608299,59.79905665728515
667,667,0.006564937001485305,0.20953188999355876,59.79910117659732
668,668,0.006573694001531294,0.20953146567451683,59.799145720295016
669,669,0.0065821820015230514,0.2095310432947999,59.79919028774813
670,670,0.006590817001494997,0.20953062284554438,59.799234878330545
671,671,0.006599659001494729,0.2095302043179272,59.79927949142013
672,672,0.006608519001474633,0.20952978770316563,59.799324126398716
673,673,0.0066175280014704185,0.2095293729925172,59.799368782652095
674,674,0.00662697300151649,0.20952896017727915,59.79941345956994
675,675,0.0066369370014740525,0.20952854924878858,59.79945815654588
676,676,0.0066520360014692415,0.2095281401984223,59.79950287297739
677,677,0.006661665001445272,0.20952773301759642,59.79954760826584
678,678,0.0066704960014476455,0.20952732769776639,59.79959236181643
679,679,0.00667901000144866,0.2095269242304265,59.79963713303818
680,680,0.006687742001474817,0.2095265226071102,59.79968192134396
681,681,0.006696471001475857,0.20952612281938945,59.799726726150375
682,682,0.006712141001457894,0.2095257248588747,59.79977154687786
683,683,0.006721449001474866,0.20952532871721485,59.79981638295057
684,684,0.00673002000149836,0.20952493438609696,59.79986123379639
685,685,0.006738648001544334,0.20952454185724603,59.79990609884695
686,686,0.006747519001521596,0.20952415112242492,59.79995097753756
687,687,0.006756002001509387,0.20952376217343407,59.7999958693072
688,688,0.006764932001544821,0.20952337500211152,59.80004077359856
689,689,0.006773629001543213,0.20952298960033255,59.8000856898579
690,690,0.0067823820015746605,0.20952260596000952,59.80013061753517
691,691,0.006791465001583674,0.20952222407309182,59.80017555608389
692,692,0.006800261001558283,0.20952184393156562,59.8002205049612
693,693,0.006809082001552724,0.20952146552745368,59.80026546362777
694,694,0.006817703001559039,0.2095210888528152,59.80031043154786
695,695,0.006826194001575914,0.2095207138997459,59.800355408189255
696,696,0.006834881001566373,0.20952034066037734,59.800400393023246
697,697,0.006843476001563431,0.20951996912687712,59.80044538552464
698,698,0.006866073001560835,0.20951959929144867,59.80049038517171
699,699,0.006881547001569288,0.20951923114633114,59.800535391446225
700,700,0.006892329001573216,0.209518864683799,59.80058040383335
701,701,0.006902211001545311,0.2095184998961621,59.80062542182174
702,702,0.006925434001516351,0.2095181367757655,59.80067044490342
703,703,0.006934909001529377,0.20951777531498908,59.8007154725738
704,704,0.006943882001507973,0.20951741550624767,59.800760504331734
705,705,0.0069527290015116705,0.20951705734199078,59.80080553967937
706,706,0.006961549001516687,0.20951670081470228,59.80085057812219
707,707,0.006970202001525649,0.20951634591690071,59.8008956191691
708,708,0.006979005001539917,0.20951599264113835,59.800940662332195
709,709,0.0069958750015644,0.209515640980002,59.80098570712695
710,710,0.007005008001613078,0.20951529092611196,59.80103075307206
711,711,0.007013650001624683,0.20951494247212246,59.801075799689535
712,712,0.007022439001616476,0.20951459561072122,59.80112084650455
713,713,0.0070310860016320476,0.20951425033462936,59.80116589304559
714,714,0.007039663001592089,0.20951390663660144,59.80121093884429
715,715,0.007048453001573307,0.20951356450942496,59.801255983435496
716,716,0.007057368001596842,0.20951322394592048,59.80130102635724
717,717,0.0070661700016216855,0.2095128849389412,59.80134606715068
718,718,0.007074863001605536,0.20951254748137327,59.801391105360175
719,719,0.0070834840016118505,0.20951221156613503,59.80143614053315
720,720,0.007092382001644637,0.20951187718617753,59.80148117222017
721,721,0.007100737001621837,0.2095115443344837,59.80152619997491
722,722,0.007109173001651925,0.20951121300406886,59.80157122335408
723,723,0.007117827001650312,0.20951088318797992,59.80161624191751
724,724,0.007126558001630201,0.20951055487929587,59.80166125522801
725,725,0.007140256001605394,0.20951022807112724,59.80170626285147
726,726,0.007150629001614561,0.20950990275661588,59.80175126435679
727,727,0.007159953001632857,0.2095095789289352,59.80179625931584
728,728,0.007168741001635226,0.2095092565812897,59.80184124730352
729,729,0.007177516001604545,0.20950893570691495,59.801886227897654
730,730,0.007186226001635987,0.2095086162990775,59.801931200679036
731,731,0.007195239001646314,0.20950829835107462,59.801976165231395
732,732,0.007204064001598454,0.20950798185623426,59.802021121141394
733,733,0.007213605001595624,0.2095076668079147,59.802066067998574
734,734,0.007222863001629776,0.20950735319950486,59.802111005395396
735,735,0.007231890001605734,0.20950704102442355,59.80215593292721
736,736,0.007240495001610725,0.20950673027612005,59.80220085019216
737,737,0.0072489840016487506,0.20950642094807312,59.802245756791294
738,738,0.007257488001641832,0.20950611303379166,59.80229065232847
739,739,0.00726614800163361,0.20950580652681422,59.80233553641039
740,740,0.007275068001661111,0.20950550142070867,59.80238040864651
741,741,0.00728371300164099,0.20950519770907247,59.80242526864911
742,742,0.007292724001672468,0.2095048953855323,59.80247011603321
743,743,0.007301470001664256,0.2095045944437439,59.80251495041663
744,744,0.007310069001619013,0.2095042948773921,59.80255977141988
745,745,0.0073188660015830465,0.20950399668019046,59.802604578666234
746,746,0.007334647001584926,0.20950369984588146,59.802649371781676
747,747,0.007344015001592652,0.2095034043682361,59.80269415039486
748,748,0.007353168001600352,0.20950311024105375,59.802738914137166
749,749,0.007362178001585562,0.20950281745816224,59.80278366264262
750,750,0.007370948001607758,0.20950252601341757,59.802828395547905
751,751,0.007379746001561216,0.2095022359007038,59.80287311249235
752,752,0.0073882280015595825,0.20950194711393294,59.8029178131179
753,753,0.007396954001535505,0.20950165964704479,59.80296249706913
754,754,0.007405781001580181,0.20950137349400708,59.80300716399322
755,755,0.007414631001552152,0.20950108864881486,59.80305181353991
756,756,0.007423167001547881,0.20950080510549063,59.803096445361525
757,757,0.007432007001568763,0.20950052285808435,59.80314105911295
758,758,0.007440678001557899,0.2095002419006731,59.803185654451624
759,759,0.007449787001519326,0.209499962227361,59.80323023103749
760,760,0.00745869600154947,0.20949968383227915,59.803274788533045
761,761,0.007467502001588855,0.20949940670958553,59.80331932660325
762,762,0.00748232500160384,0.20949913085346475,59.80336384491558
763,763,0.007492376001607681,0.209498856258128,59.803408343139985
764,764,0.007501560001628604,0.20949858291781287,59.80345282094888
765,765,0.007510669001646875,0.20949831082678347,59.803497278017126
766,766,0.00751916800163599,0.20949803997933,59.803541714021996
767,767,0.007528107001633089,0.20949777036976872,59.803586128643246
768,768,0.007536852001635452,0.20949750199244188,59.80363052156299
769,769,0.007545758001640479,0.20949723484171773,59.80367489246576
770,770,0.0075547790016230465,0.2094969689119901,59.80371924103847
771,771,0.007563322001658435,0.20949670419767855,59.80376356697042
772,772,0.007572078001658156,0.20949644069322795,59.80380786995323
773,773,0.007580623001672393,0.20949617839310886,59.80385214968092
774,774,0.007589406001670795,0.20949591729181685,59.8038964058498
775,775,0.007604912001681896,0.20949565738387282,59.803940638158515
776,776,0.00761564900170697,0.20949539866382266,59.803984846308026
777,777,0.007625012001710729,0.20949514112623707,59.80402903000158
778,778,0.007634507001739621,0.20949488476571176,59.804073188944706
779,779,0.007643530001757881,0.20949462957686704,59.804117322845215
780,780,0.007652735001727251,0.20949437555434772,59.80416143141317
781,781,0.007661777001715109,0.20949412269282322,59.80420551436089
782,782,0.007672306001722973,0.2094938709869874,59.80424957140288
783,783,0.0076816280017624194,0.20949362043155814,59.80429360225593
784,784,0.007690632001811082,0.20949337102127755,59.80433760663903
785,785,0.007699921001801613,0.2094931227509119,59.804381584273315
786,786,0.007708888001786818,0.2094928756152512,59.80442553488217
787,787,0.007717576001823545,0.20949262960910933,59.80446945819111
788,788,0.007726038001862889,0.20949238472732398,59.80451335392783
789,789,0.007743875001892775,0.20949214096475627,59.80455722182216
790,790,0.007754165001927049,0.20949189831629092,59.80460106160609
791,791,0.007763046001912244,0.20949165677683598,59.80464487301372
792,792,0.007771900001898757,0.20949141634132276,59.80468865578128
793,793,0.007780643001922272,0.20949117700470574,59.80473240964707
794,794,0.007789383001920669,0.2094909387619626,59.80477613435152
795,795,0.007798164001940222,0.20949070160809377,59.80481982963711
796,796,0.0078236970019816,0.20949046553812256,59.80486349524841
797,797,0.007836315002009542,0.20949023054709515,59.80490713093204
798,798,0.007846202002042446,0.20948999663008022,59.80495073643664
799,799,0.007855821002010543,0.2094897637821693,59.80499431151292
800,800,0.00786497900202221,0.2094895319984758,59.80503785591361
801,801,0.00787386100199683,0.20948930127413598,59.80508136939344
802,802,0.007884391001994118,0.209489071604308,59.805124851709124
803,803,0.007894057001976762,0.2094888429841723,59.80516830261939
804,804,0.007902843002000282,0.20948861540893146,59.805211721884945
805,805,0.007911834002015894,0.20948838887380977,59.80525510926845
806,806,0.0079207710019773,0.20948816337405335,59.80529846453452
807,807,0.007929811001986309,0.20948793890493014,59.80534178744974
808,808,0.007938621001983392,0.20948771546172976,59.80538507778262
809,809,0.007947478001995023,0.20948749303976322,59.80542833530355
810,810,0.007956370002034419,0.2094872716343632,59.8054715597849
811,811,0.007965087002048676,0.20948705124088335,59.80551475100091
812,812,0.007973948002074849,0.2094868318546988,59.805557908727714
813,813,0.007982700002060028,0.2094866134712058,59.805601032743326
814,814,0.00799141200207032,0.2094863960858216,59.80564412282764
815,815,0.008000070002083248,0.20948617969398434,59.8056871787624
816,816,0.00800850900208161,0.20948596429115315,59.8057302003312
817,817,0.008017011002095842,0.20948574987280785,59.805773187319495
818,818,0.008027379002101043,0.20948553643444887,59.805816139514526
819,819,0.008036737002100836,0.20948532397159722,59.8058590567054
820,820,0.008046016002140277,0.20948511247979446,59.805901938683014
821,821,0.00805510100212814,0.20948490195460231,59.805944785240044
822,822,0.008063986002127876,0.2094846923916032,59.80598759617099
823,823,0.008072677002132878,0.20948448378639925,59.80603037127212
824,824,0.008081499002173587,0.20948427613461298,59.806073110341444
825,825,0.008090478002202417,0.2094840694318869,59.80611581317876
826,826,0.00809902800222062,0.20948386367388336,59.80615847958561
827,827,0.008107724002229588,0.2094836588562846,59.80620110936527
828,828,0.008116349002193601,0.20948345497479248,59.80624370232274
829,829,0.008124962002227676,0.2094832520251287,59.80628625826475
830,830,0.0081335620022287,0.20948305000303416,59.80632877699973
831,831,0.008142315002260148,0.20948284890426971,59.80637125833783
832,832,0.008151071002259869,0.20948264872461528,59.806413702090865
833,833,0.008179217002236783,0.20948244945987,59.806456108072325
834,834,0.00819046100224341,0.20948225110585245,59.8064984760974
835,835,0.008200486002237994,0.20948205365840006,59.80654080598295
836,836,0.00821030100223652,0.20948185711336959,59.80658309754743
837,837,0.008219284002223048,0.20948166146663647,59.806625350611
838,838,0.008228112002200305,0.2094814667140952,59.806667564995415
839,839,0.008236740002189435,0.2094812728516588,59.80670974052408
840,840,0.008245688002205043,0.20948107987525927,59.80675187702197
841,841,0.008254598002167768,0.20948088778084684,59.80679397431574
842,842,0.0082634250021556,0.20948069656439047,59.806836032233576
843,843,0.008272353002155342,0.20948050622187764,59.80687805060527
844,844,0.008281191002140531,0.20948031674931397,59.80692002926221
845,845,0.008289895002121739,0.20948012814272338,59.806961968037335
846,846,0.008298528002171679,0.209479940398148,59.80700386676515
847,847,0.008307334002211064,0.209479753511648,59.80704572528172
848,848,0.008315867002181676,0.20947956747930177,59.807087543424636
849,849,0.008324729002197273,0.20947938229720528,59.80712932103304
850,850,0.008333509002227402,0.2094791979614726,59.80717105794757
851,851,0.008342673002232459,0.20947901446823544,59.80721275401042
852,852,0.008351680002249395,0.2094788318136432,59.807254409065266
853,853,0.00836047500223458,0.20947864999386295,59.807296022957296
854,854,0.00836930300226868,0.20947846900507924,59.807337595533184
855,855,0.00838581200224553,0.209478288843494,59.80737912664106
856,856,0.008396103002212385,0.2094781095053265,59.80742061613057
857,857,0.008405061002235925,0.2094779309868135,59.807462063852796
858,858,0.008413773002246216,0.20947775328420884,59.8075034696603
859,859,0.00842264000226578,0.2094775763937833,59.80754483340706
860,860,0.008431225002311749,0.209477400311825,59.80758615494851
861,861,0.008439907002298241,0.20947722503463884,59.80762743414153
862,862,0.0084494880022703,0.20947705055854668,59.8076686708444
863,863,0.008458395002264751,0.20947687687988706,59.807709864916816
864,864,0.008467380002286973,0.2094767039950155,59.8077510162199
865,865,0.00847633000228143,0.20947653190030394,59.80779212461614
866,866,0.00848510100229305,0.2094763605921411,59.80783318996947
867,867,0.008494007002298076,0.209476190066932,59.80787421214512
868,868,0.00850276500233349,0.2094760203210983,59.80791519100978
869,869,0.008511504002342463,0.20947585135107777,59.80795612643146
870,870,0.008520128002373895,0.20947568315332477,59.807997018279536
871,871,0.008534100002350442,0.20947551572430956,59.80803786642473
872,872,0.008544218002327852,0.2094753490605188,59.808078670739114
873,873,0.008553797002321062,0.20947518315845493,59.80811943109609
874,874,0.008565312002303926,0.2094750180146366,59.80816014737039
875,875,0.008574612002291815,0.20947485362559834,59.80820081943806
876,876,0.0085837320022506,0.20947468998789037,59.808241447176464
877,877,0.008598118002225874,0.20947452709807887,59.80828203046427
878,878,0.008607074002213722,0.20947436495274557,59.80832256918142
879,879,0.008615943002212134,0.2094742035484879,59.808363063209185
880,880,0.008624870002222451,0.20947404288191876,59.808403512430075
881,881,0.008633480002231408,0.20947388294966665,59.80844391672788
882,882,0.008642123002232438,0.20947372374837536,59.80848427598771
883,883,0.008650930002261248,0.2094735652747043,59.80852459009583
884,884,0.008659444002262262,0.2094734075253276,59.80856485893987
885,885,0.008667986002251382,0.20947325049693508,59.8086050824086
886,886,0.008676683002249774,0.2094730941862315,59.80864526039211
887,887,0.008685340002216435,0.20947293858993676,59.80868539278166
888,888,0.00869390600217912,0.2094727837047856,59.808725479469764
889,889,0.00870268300218413,0.20947262952752788,59.80876552035014
890,890,0.008711335002203668,0.2094724760549281,59.808805515317715
891,891,0.008720119002248339,0.20947232328376586,59.80884546426861
892,892,0.00873064600222051,0.20947217121083497,59.80888536710013
893,893,0.008740053002270542,0.20947201983294444,59.808925223710794
894,894,0.008749052002258395,0.2094718691469176,59.80896503400028
895,895,0.008757742002273972,0.20947171914959228,59.809004797869434
896,896,0.008766478002257827,0.20947156983782086,59.80904451522028
897,897,0.008775293002258877,0.20947142120847,59.80908418595598
898,898,0.008783882002262544,0.20947127325842077,59.80912380998089
899,899,0.008792507002226557,0.20947112598456852,59.80916338720044
900,900,0.008800951002228885,0.20947097938382261,59.80920291752126
901,901,0.008816770002226804,0.20947083345310666,59.809242400851076
902,902,0.008826907002230655,0.2094706881893585,59.80928183709876
903,903,0.008835874002272703,0.2094705435895296,59.80932122617427
904,904,0.008844670002304156,0.20947039965058567,59.809360567988705
905,905,0.008853425002314452,0.20947025636950614,59.80939986245425
906,906,0.008862072002330024,0.2094701137432842,59.809439109484195
907,907,0.008876470002348924,0.209469971768927,59.80947830899291
908,908,0.008887540002319838,0.20946983044345516,59.80951746089585
909,909,0.00889734500231043,0.20946968976390304,59.80955656510955
910,910,0.008906580002303599,0.2094695497273184,59.80959562155164
911,911,0.008915772002296762,0.20946941033076272,59.80963463014076
912,912,0.008924861002242324,0.20946927157131065,59.80967359079666
913,913,0.008933795002235456,0.20946913344605042,59.80971250344012
914,914,0.008942375002220615,0.20946899595208357,59.80975136799294
915,915,0.008951078002212398,0.2094688590865247,59.809790184378
916,916,0.008959713002184344,0.20946872284650173,59.80982895251919
917,917,0.008968700002185415,0.2094685872291557,59.80986767234143
918,918,0.008977245002199652,0.20946845223164076,59.80990634377067
919,919,0.0089860900022245,0.20946831785112385,59.80994496673385
920,920,0.009000003002256562,0.20946818408478518,59.809983541158935
921,921,0.009010068002226035,0.20946805092981755,59.81002206697488
922,922,0.009019641002225853,0.20946791838342688,59.81006054411166
923,923,0.009028593002256002,0.20946778644283154,59.8100989725002
924,924,0.009037632002275586,0.209467655105263,59.81013735207245
925,925,0.009046741002293857,0.2094675243679648,59.81017568276129
926,926,0.009055437002302824,0.2094673942281939,59.810213964500605
927,927,0.009066037002298799,0.20946726468321894,59.81025219722525
928,928,0.009075248002318403,0.20946713573032166,59.81029038087102
929,929,0.00908424800229568,0.20946700736679585,59.81032851537465
930,930,0.00909299200230862,0.20946687958994803,59.81036660067386
931,931,0.009101769002313631,0.20946675239709667,59.810404636707275
932,932,0.00911070800231073,0.20946662578557274,59.810442623414495
933,933,0.0091194920023554,0.20946649975271914,59.810480560735996
934,934,0.009128187002374943,0.20946637429589127,59.810518448613244
935,935,0.009137090002411696,0.20946624941245648,59.810556286988565
936,936,0.009146647002410191,0.20946612509979387,59.81059407580523
937,937,0.009156006002399408,0.20946600135529497,59.81063181500739
938,938,0.009165081002379338,0.20946587817636295,59.81066950454015
939,939,0.009173997002392298,0.2094657555604129,59.81070714434945
940,940,0.009182490002388022,0.20946563350487185,59.81074473438215
941,941,0.009191528002361338,0.20946551200717836,59.810782274586
942,942,0.009207448002371166,0.2094653910647828,59.81081976490961
943,943,0.009218423002380405,0.20946527067514736,59.81085720530248
944,944,0.009228062002364368,0.20946515083574563,59.81089459571498
945,945,0.009237633002328494,0.20946503154406268,59.81093193609832
946,946,0.009246884002322986,0.20946491279759538,59.81096922640459
947,947,0.00925574600228174,0.20946479459385167,59.81100646658672
948,948,0.009264633002317169,0.20946467693035117,59.8110436565985
949,949,0.009273984002334146,0.20946455980462472,59.811080796394535
950,950,0.009283069002322009,0.2094644432142145,59.81111788593031
951,951,0.009291922002319097,0.20946432715667385,59.8111549251621
952,952,0.009300639002276512,0.20946421162956716,59.81119191404701
953,953,0.009309602002304018,0.2094640966304704,59.811228852542996
954,954,0.009318261002306372,0.20946398215697012,59.81126574060878
955,955,0.009327382002311424,0.2094638682066642,59.811302578203964
956,956,0.009336018002329638,0.20946375477716134,59.81133936528889
957,957,0.009345287002361147,0.20946364186608138,59.81137610182471
958,958,0.009353900002338378,0.2094635294710547,59.811412787773406
959,959,0.009362980002322274,0.2094634175897229,59.81144942309773
960,960,0.009371744002294236,0.20946330621973802,59.8114860077612
961,961,0.009380439002313778,0.20946319535876312,59.81152254172813
962,962,0.009389324002313515,0.2094630850044716,59.81155902496363
963,963,0.0093978860023185,0.20946297515454795,59.81159545743355
964,964,0.009413967002330992,0.20946286580668677,59.8116318391045
965,965,0.009423530002322877,0.2094627569585935,59.81166816994388
966,966,0.009432601002345109,0.20946264860798405,59.81170444991982
967,967,0.009441603002358079,0.20946254075258466,59.81174067900122
968,968,0.00945029400236308,0.20946243339013187,59.81177685715771
969,969,0.009459202002346956,0.20946232651837282,59.811812984359655
970,970,0.009468081002353301,0.2094622201350648,59.81184906057818
971,971,0.009476650002341103,0.2094621142379754,59.81188508578513
972,972,0.009485419002373874,0.20946200882488236,59.811921059953065
973,973,0.009494141002335255,0.20946190389357353,59.811956983055275
974,974,0.009502973002327053,0.20946179944184712,59.811992855065775
975,975,0.00951161400229239,0.20946169546751106,59.81202867595928
976,976,0.009520404002330451,0.20946159196838354,59.81206444571122
977,977,0.00952915600231563,0.2094614889422927,59.81210016429774
978,978,0.009537598002282266,0.20946138638707645,59.812135831695656
979,979,0.009561112002302252,0.2094612843005827,59.8121714478825
980,980,0.00957475200226554,0.2094611826806692,59.81220701283647
981,981,0.009585026002298491,0.20946108152520354,59.81224252653648
982,982,0.009594489002324735,0.20946098083206294,59.81227798896211
983,983,0.009603566002340358,0.2094608805991343,59.81231340009362
984,984,0.009612317002336113,0.20946078082431435,59.812348759911934
985,985,0.009621192002327916,0.20946068150550923,59.81238406839864
986,986,0.00962977100232365,0.2094605826406349,59.81241932553601
987,987,0.009638480002308825,0.20946048422761657,59.812454531306955
988,988,0.009647650002307273,0.2094603862643891,59.812489685695056
989,989,0.009656441002334759,0.2094602887488968,59.81252478868452
990,990,0.00966522000231862,0.20946019167909322,59.81255984026022
991,991,0.009674310002367292,0.2094600950529414,59.81259484040767
992,992,0.009682996002368327,0.20945999886841365,59.81262978911301
993,993,0.009691613002416943,0.20945990312349155,59.81266468636303
994,994,0.00970030300243252,0.20945980781616608,59.81269953214513
995,995,0.009708834002481126,0.20945971294443694,59.81273432644735
996,996,0.009717205002516494,0.20945961850631345,59.81276906925832
997,997,0.009726091002505655,0.2094595244998138,59.81280376056734
998,998,0.00973492600252257,0.20945943092296535,59.81283840036428
999,999,0.009743530002538137,0.20945933777380427,59.81287298863963
1000,1000,0.0097548460025223,0.2094592450503758,59.81290752538449
1001,1001,0.009765948002552705,0.20945915275073443,59.81294201059054
1002,1002,0.009775075002551148,0.209459060872943,59.81297644425008
1003,1003,0.009783815002549545,0.2094589694150735,59.813010826356006
1004,1004,0.00979252200255587,0.2094588783752069,59.813045156901765
1005,1005,0.009801239002570128,0.20945878775143253,59.81307943588142
1006,1006,0.009809931002564554,0.20945869754184876,59.81311366328961
1007,1007,0.009818630002541795,0.20945860774456254,59.813147839121555
1008,1008,0.00982730900250317,0.20945851835768947,59.81318196337301
1009,1009,0.009836277002534644,0.2094584293793538,59.81321603604035
1010,1010,0.00984501700253304,0.20945834080768833,59.8132500571205
1011,1011,0.00985368300251821,0.20945825264083445,59.81328402661091
1012,1012,0.009862309002528491,0.2094581648769418,59.81331794450964
1013,1013,0.009870898002532158,0.20945807751416898,59.81335181081525
1014,1014,0.009879580002518651,0.20945799055068248,59.8133856255269
1015,1015,0.009888262002505144,0.20945790398465738,59.81341938864427
1016,1016,0.009915855002532226,0.2094578178142772,59.81345310016758
1017,1017,0.009927357002538884,0.20945773203773357,59.81348676009758
1018,1018,0.009938605002560053,0.20945764665322658,59.81352036843559
1019,1019,0.009948045002602157,0.20945756165896443,59.81355392518343
1020,1020,0.009956891002559587,0.20945747705316353,59.81358743034344
1021,1021,0.009968159002539778,0.20945739283404838,59.813620883918524
1022,1022,0.009980587002530683,0.20945730899985168,59.813654285912065
1023,1023,0.009991799002534663,0.2094572255488142,59.813687636327984
1024,1024,0.01000062700251192,0.20945714247918482,59.81372093517069
1025,1025,0.010009499002478606,0.20945705978922013,59.81375418244515
1026,1026,0.010018662002437395,0.20945697747718509,59.813787378156796
1027,1027,0.010027506002415976,0.2094568955413523,59.813820522311566
1028,1028,0.010036155002410396,0.20945681398000238,59.8138536149159
1029,1029,0.010044789002449761,0.20945673279142377,59.81388665597674
1030,1030,0.010053471002436254,0.20945665197391272,59.81391964550153
1031,1031,0.010061995002445201,0.20945657152577332,59.813952583498164
1032,1032,0.010070782002458145,0.2094564914453173,59.813985469975066
1033,1033,0.010079410002447275,0.20945641173086435,59.814018304941115
1034,1034,0.010087993002400708,0.2094563323807415,59.81405108840566
1035,1035,0.010096406002389813,0.20945625339328378,59.81408382037856
1036,1036,0.010105359002352543,0.20945617476683345,59.81411650087012
1037,1037,0.010116089002337958,0.20945609649974073,59.81414912989109
1038,1038,0.010126243002332558,0.209456018590363,59.81418170745274
1039,1039,0.010135641002364082,0.2094559410370655,59.81421423356676
1040,1040,0.010144849002358569,0.20945586383822076,59.814246708245314
1041,1041,0.010153631002367547,0.20945578699220874,59.81427913150101
1042,1042,0.010162374002391061,0.20945571049741687,59.81431150334693
1043,1043,0.01017093100239208,0.20945563435223988,59.81434382379658
1044,1044,0.010179882002375962,0.2094555585550799,59.81437609286391
1045,1045,0.010188436002351864,0.20945548310434645,59.81440831056334
1046,1046,0.010197144002347613,0.20945540799845597,59.814440476909695
1047,1047,0.010205729002393582,0.20945533323583254,59.81447259191826
1048,1048,0.01021417100241706,0.20945525881490717,59.81450465560475
1049,1049,0.010222876002387693,0.20945518473411834,59.814536667985294
1050,1050,0.010231371002362266,0.20945511099191136,59.81456862907645
1051,1051,0.01024020400234349,0.2094550375867387,59.81460053889521
1052,1052,0.010254900002337308,0.20945496451706005,59.814632397458986
1053,1053,0.010265296002330615,0.20945489178134202,59.814664204785615
1054,1054,0.010274761002335708,0.20945481937805832,59.8146959608933
1055,1055,0.010283714002298439,0.20945474730568941,59.814727665800724
1056,1056,0.010292805002279692,0.20945467556272312,59.814759319526914
1057,1057,0.01030188900227813,0.20945460414765366,59.814790922091355
1058,1058,0.010313744002303338,0.20945453305898265,59.81482247351391
1059,1059,0.010322859002314999,0.20945446229521808,59.81485397381483
1060,1060,0.010331882002276416,0.20945439185487524,59.81488542301477
1061,1061,0.010340523002298596,0.20945432173647577,59.814916821134794
1062,1062,0.010349356002336663,0.2094542519385482,59.814948168196345
1063,1063,0.01035800200236281,0.20945418245962796,59.81497946422124
1064,1064,0.010366516002363824,0.20945411329825694,59.81501070923169
1065,1065,0.010380700002372123,0.2094540444529839,59.81504190325032
1066,1066,0.010391900002332477,0.20945397592236417,59.815073046300064
1067,1067,0.010401633002345534,0.2094539077049595,59.815104138404294
1068,1068,0.010410731002366447,0.20945383979933843,59.815135179586726
1069,1069,0.010419612002351641,0.20945377220407596,59.81516616987145
1070,1070,0.01042847200238839,0.20945370491775367,59.81519710928294
1071,1071,0.010437371002353757,0.20945363793895952,59.815227997846
1072,1072,0.01044672100238131,0.2094535712662879,59.81525883558584
1073,1073,0.01045554200237575,0.20945350489833986,59.81528962252798
1074,1074,0.010464301002343745,0.2094534388337225,59.81532035869834
1075,1075,0.010472791002314352,0.2094533730710496,59.81535104412316
1076,1076,0.010481411002331242,0.2094533076089411,59.81538167882908
1077,1077,0.010490068002354747,0.20945324244602329,59.81541226284301
1078,1078,0.01049887000237959,0.2094531775809287,59.81544279619228
1079,1079,0.010507475002384581,0.20945311301229616,59.81547327890453
1080,1080,0.010516367002367133,0.20945304873877071,59.815503711007736
1081,1081,0.010525236002365546,0.20945298475900367,59.81553409253023
1082,1082,0.01053385100237847,0.20945292107165234,59.81556442350066
1083,1083,0.010542473002374209,0.20945285767538022,59.81559470394802
1084,1084,0.010550958002340849,0.20945279456885701,59.815624933901624
1085,1085,0.01055949600237227,0.20945273175075843,59.815655113391124
1086,1086,0.01056811600238916,0.20945266921976624,59.8156852424465
1087,1087,0.010585178002372686,0.20945260697456827,59.81571532109803
1088,1088,0.010596035002379267,0.2094525450138582,59.81574534937633
1089,1089,0.010605485002372461,0.20945248333633595,59.815775327312345
1090,1090,0.010614724002380171,0.20945242194070712,59.8158052549373
1091,1091,0.010623728002428834,0.20945236082568344,59.81583513228277
1092,1092,0.010632538002425918,0.20945229998998222,59.81586495938062
1093,1093,0.010641471002429626,0.20945223943232705,59.81589473626301
1094,1094,0.010650132002410828,0.20945217915144704,59.81592446296245
1095,1095,0.010658971002442286,0.20945211914607717,59.81595413951169
1096,1096,0.010667537002461813,0.2094520594149583,59.815983765943834
1097,1097,0.010676213002454915,0.20945199995683703,59.81601334229225
1098,1098,0.010684883002454626,0.2094519407704655,59.81604286859063
1099,1099,0.010693615002480783,0.20945188185460176,59.81607234487292
1100,1100,0.01070249800250167,0.2094518232080095,59.81610177117339
1101,1101,0.010711223002488168,0.20945176482945801,59.81613114752659
1102,1102,0.010720374002460176,0.20945170671772226,59.81616047396736
1103,1103,0.010729190002507494,0.20945164887158266,59.8161897505308
1104,1104,0.010738095002466252,0.20945159128982546,59.81621897725231
1105,1105,0.010746865002431605,0.2094515339712423,59.81624815416758
1106,1106,0.010755716002449844,0.20945147691463026,59.81627728131255
1107,1107,0.010764591002441648,0.2094514201187921,59.81630635872345
1108,1108,0.010773049002409607,0.20945136358253597,59.81633538643679
1109,1109,0.010789138002394338,0.20945130730467543,59.81636436448933
1110,1110,0.010798380002427166,0.2094512512840295,59.81639329291811
1111,1111,0.010807378002425594,0.20945119551942265,59.816422171760436
1112,1112,0.01081605500240812,0.20945114000968454,59.816451001053856
1113,1113,0.01082493500240389,0.20945108475365043,59.816479780836225
1114,1114,0.010833430002378464,0.20945102975016078,59.81650851114561
1115,1115,0.010842242002354396,0.20945097499806123,59.81653719202035
1116,1116,0.010851085002343552,0.20945092049620295,59.81656582349906
1117,1117,0.010859926002353859,0.20945086624344222,59.816594405620584
1118,1118,0.010868629002345642,0.20945081223864054,59.81662293842401
1119,1119,0.010877361002314956,0.20945075848066447,59.81665142194869
1120,1120,0.010886099002334504,0.20945070496838608,59.81667985623423
1121,1121,0.010894643002359317,0.20945065170068244,59.81670824132045
1122,1122,0.010903497002402673,0.20945059867643565,59.81673657724744
1123,1123,0.010912083002438067,0.20945054589453307,59.81676486405551
1124,1124,0.010920850002435145,0.20945049335386698,59.81679310178522
1125,1125,0.010934098002451265,0.2094504410533349,59.81682129047737
1126,1126,0.01094440200245117,0.2094503889918393,59.81684943017299
1127,1127,0.010953631002450948,0.20945033716828768,59.816877520913316
1128,1128,0.010962612002458627,0.2094502855815925,59.816905562739855
1129,1129,0.010971605002509932,0.2094502342306713,59.8169335556943
1130,1130,0.010980361002509653,0.20945018311444635,59.81696149981861
1131,1131,0.010989274002497496,0.20945013223184522,59.816989395154934
1132,1132,0.010998063002489289,0.20945008158179987,59.817017241745674
1133,1133,0.011007055002437482,0.2094500311632476,59.81704503963343
1134,1134,0.01101590200244118,0.2094499809751303,59.817072788861
1135,1135,0.01102453800240255,0.20944993101639484,59.81710048947146
1136,1136,0.011033046002410174,0.20944988128599282,59.81712814150802
1137,1137,0.011041705002412527,0.2094498317828806,59.81715574501418
1138,1138,0.011050482002417539,0.2094497825060195,59.817183300033605
1139,1139,0.011059636002414663,0.2094497334543753,59.81721080661017
1140,1140,0.01106948800236296,0.2094496846269187,59.81723826478795
1141,1141,0.011079085002393185,0.20944963602262512,59.81726567461126
1142,1142,0.011088550002398279,0.2094495876404746,59.81729303612458
1143,1143,0.01109766500240994,0.20944953947945186,59.81732034937261
1144,1144,0.011106331002395109,0.20944949153854625,59.81734761440024
1145,1145,0.011115143002371042,0.20944944381675154,59.81737483125257
1146,1146,0.011123943002360193,0.20944939631306653,59.817401999974884
1147,1147,0.011135529002331168,0.20944934902649434,59.81742912061264
1148,1148,0.011145075002332305,0.20944930195604256,59.817456193211534
1149,1149,0.011154152002347928,0.20944925510072357,59.81748321781742
1150,1150,0.01116280700233574,0.20944920845955392,59.817510194476334
1151,1151,0.011171775002367212,0.20944916203155506,59.81753712323454
1152,1152,0.011180657002398675,0.20944911581575257,59.817564004138404
1153,1153,0.011189201002366644,0.20944906981117667,59.81759083723458
1154,1154,0.011198031002379594,0.209449024016862,59.81761762256983
1155,1155,0.011206680002374014,0.2094489784318475,59.8176443601911
1156,1156,0.011215493002396215,0.2094489330551766,59.81767105014555
1157,1157,0.01122399900242499,0.20944888788589702,59.817697692480486
1158,1158,0.011232882002389033,0.20944884292306098,59.8177242872434
1159,1159,0.011242470002343907,0.20944879816572498,59.81775083448195
1160,1160,0.011251629002344998,0.20944875361294968,59.817777334243964
1161,1161,0.011260257002334129,0.20944870926380021,59.81780378657746
1162,1162,0.01129090200237215,0.2094486651173458,59.81783019153058
1163,1163,0.011301847002414434,0.20944862117266025,59.81785654915167
1164,1164,0.011311507002403687,0.2094485774288213,59.81788285948924
1165,1165,0.011320679002437828,0.20944853388491086,59.81790912259192
1166,1166,0.011329531002445492,0.20944849054001533,59.81793533850856
1167,1167,0.011338814002442632,0.20944844739322507,59.81796150728813
1168,1168,0.011348781002482156,0.2094484044436347,59.81798762897977
1169,1169,0.011358373002451572,0.2094483616903428,59.81801370363276
1170,1170,0.0113669240024592,0.2094483191324523,59.81803973129656
1171,1171,0.011383405002447944,0.2094482767690702,59.81806571202077
1172,1172,0.011392330002479412,0.20944823459930736,59.818091645855155
1173,1173,0.011401291002471226,0.20944819262227893,59.818117532849584
1174,1174,0.0114102290024789,0.20944815083710397,59.818143373054134
1175,1175,0.011419100002456162,0.20944810924290572,59.818169166518985
1176,1176,0.011427892002473072,0.20944806783881129,59.8181949132945
1177,1177,0.011436530002470136,0.20944802662395173,59.81822061343114
1178,1178,0.011445268002489684,0.20944798559746233,59.81824626697955
1179,1179,0.011453938002489394,0.20944794475848202,59.81827187399049
1180,1180,0.011462612002446804,0.20944790410615388,59.81829743451487
1181,1181,0.011471295002422721,0.2094478636396248,59.818322948603736
1182,1182,0.011479804002419769,0.20944782335804557,59.818348416308254
1183,1183,0.011494812002410981,0.2094477832605709,59.818373837679765
1184,1184,0.011504245002356583,0.20944774334635935,59.81839921276969
1185,1185,0.011513123002373504,0.20944770361457338,59.81842454162964
1186,1186,0.011521982002363984,0.20944766406437906,59.8184498243113
1187,1187,0.01153030700237423,0.2094476246949467,59.81847506086652
1188,1188,0.011539222002340921,0.20944758550544995,59.81850025134726
1189,1189,0.011547816002291711,0.2094475464950664,59.81852539580562
1190,1190,0.011556606002272929,0.2094475076629776,59.81855049429382
1191,1191,0.01156520400223826,0.20944746900836847,59.81857554686418
1192,1192,0.011573881002220787,0.20944743053042797,59.81860055356918
1193,1193,0.011582829002236394,0.20944739222834863,59.81862551446142
1194,1194,0.011591552002244043,0.20944735410132664,59.81865042959357
1195,1195,0.01160030700225434,0.20944731614856194,59.81867529901846
1196,1196,0.01160947000221313,0.20944727836925808,59.81870012278903
1197,1197,0.01161814000221284,0.20944724076262233,59.81872490095832
1198,1198,0.011627015002204644,0.20944720332786548,59.81874963357952
1199,1199,0.011641027002212923,0.2094471660642019,59.81877432070588
1200,1200,0.011651352002218118,0.20944712897084974,59.818798962390794
1201,1201,0.011663196002245968,0.20944709204703058,59.81882355868777
1202,1202,0.011672607002253699,0.20944705529196944,59.818848109650396
1203,1203,0.011681816002294454,0.20944701870489518,59.8188726153324
1204,1204,0.01169082500229024,0.20944698228504,59.8188970757876
1205,1205,0.011699607002242374,0.20944694603163952,59.818921491069915
1206,1206,0.011708337002232838,0.20944690994393317,59.818945861233374
1207,1207,0.011716918002207422,0.20944687402116344,59.81897018633209
1208,1208,0.011725969002156944,0.20944683826257668,59.818994466420314
1209,1209,0.011734688002150051,0.20944680266742233,59.81901870155236
1210,1210,0.011743439002145806,0.2094467672349536,59.81904289178266
1211,1211,0.011780354002155491,0.20944673196442687,59.81906703716573
1212,1212,0.011793946002171651,0.20944669685510195,59.8190911377562
1213,1213,0.011804838002149154,0.20944666190624206,59.81911519360877
1214,1214,0.011814600002196585,0.20944662711711393,59.81913920477827
1215,1215,0.011823870002217518,0.20944659248698744,59.819163171319566
1216,1216,0.011832825002215941,0.20944655801513584,59.81918709328767
1217,1217,0.011842036002235545,0.20944652370083583,59.81921097073764
1218,1218,0.011853116002271236,0.2094464895433673,59.81923480372468
1219,1219,0.011862506002273676,0.2094464555420134,59.81925859230401
1220,1220,0.011871603002305164,0.20944642169606073,59.81928233653098
1221,1221,0.011880783002311546,0.20944638800479898,59.81930603646102
1222,1222,0.01188972300229807,0.20944635446752113,59.81932969214964
1223,1223,0.01189866600230971,0.20944632108352346,59.81935330365242
1224,1224,0.011907454002312079,0.20944628785210526,59.81937687102504
1225,1225,0.011916172002315761,0.2094462547725693,59.81940039432326
1226,1226,0.011924771002270518,0.20944622184422146,59.819423873602915
1227,1227,0.011933472002283452,0.2094461890663707,59.8194473089199
1228,1228,0.011942107002255398,0.2094461564383291,59.81947070033022
1229,1229,0.011951114002272334,0.20944612395941206,59.81949404788991
1230,1230,0.011959783002225777,0.20944609162893799,59.81951735165513
1231,1231,0.011968676002254597,0.20944605944622838,59.8195406116821
1232,1232,0.01197727000226223,0.20944602741060794,59.819563828027086
1233,1233,0.012006150002264349,0.20944599552140444,59.81958700074645
1234,1234,0.012017564002235304,0.20944596377794866,59.81961012989662
1235,1235,0.01202770000224973,0.20944593217957438,59.819633215534076
1236,1236,0.012037354002245593,0.2094459007256187,59.819656257715394
1237,1237,0.012056297002231986,0.20944586941542137,59.81967925649721
1238,1238,0.01206584100219743,0.20944583824832552,59.81970221193621
1239,1239,0.012074660002156179,0.20944580722367695,59.81972512408916
1240,1240,0.01208377500216784,0.20944577634082473,59.81974799301288
1241,1241,0.012092642002187404,0.2094457455991208,59.819770818764276
1242,1242,0.012101125002175195,0.20944571499791995,59.81979360140027
1243,1243,0.0121099810021974,0.20944568453658002,59.8198163409779
1244,1244,0.012118601002214291,0.20944565421446193,59.819839037554225
1245,1245,0.012127344002237805,0.20944562403092923,59.81986169118637
1246,1246,0.012136798002245541,0.2094455939853486,59.81988430193154
1247,1247,0.01214609800223343,0.20944556407708953,59.81990686984694
1248,1248,0.012154851002264877,0.20944553430552432,59.81992939498992
1249,1249,0.01216718100226899,0.20944550467002834,59.81995187741781
1250,1250,0.012176364002300488,0.20944547516997963,59.81997431718803
1251,1251,0.012185208002279069,0.2094454458047591,59.81999671435803
1252,1252,0.012193724002315776,0.20944541657375063,59.820019068985324
1253,1253,0.012202420002324743,0.2094453874763407,59.820041381127496
1254,1254,0.012213651002355164,0.20944535851191884,59.82006365084215
1255,1255,0.012223016002337772,0.20944532967987703,59.820085878186944
1256,1256,0.0122320290023481,0.20944530097961034,59.8201080632196
1257,1257,0.012240847002317423,0.20944527241051664,59.82013020599788
1258,1258,0.01224951400234886,0.2094452439719962,59.82015230657959
1259,1259,0.012258588002396209,0.20944521566345234,59.82017436502257
1260,1260,0.012268156002448904,0.20944518748429103,59.82019638138473
1261,1261,0.01227728700246189,0.2094451594339209,59.82021835572401
1262,1262,0.012286099002437822,0.20944513151175323,59.82024028809839
1263,1263,0.012294874002407141,0.2094451037172023,59.82026217856589
1264,1264,0.0123038200024439,0.20944507604968463,59.82028402718458
1265,1265,0.012312938002480678,0.20944504850861975,59.82030583401257
1266,1266,0.012321771002461901,0.20944502109342966,59.820327599108
1267,1267,0.012330360002465568,0.20944499380353915,59.820349322529054
1268,1268,0.012339001002430905,0.2094449666383753,59.82037100433396
1269,1269,0.012369182002430534,0.20944493959736832,59.82039264458096
1270,1270,0.012380485002381647,0.20944491267995066,59.82041424332835
1271,1271,0.012390085002380147,0.20944488588555746,59.82043580063447
1272,1272,0.012399022002398397,0.2094448592136264,59.82045731655767
1273,1273,0.012407520002398087,0.20944483266359787,59.82047879115634
1274,1274,0.01241634500240707,0.20944480623491468,59.82050022448894
1275,1275,0.012425012002381663,0.20944477992702207,59.82052161661388
1276,1276,0.012434052002390672,0.20944475373936833,59.820542967589695
1277,1277,0.012442766002379813,0.2094447276714036,59.820564277474865
1278,1278,0.012451394002368943,0.20944470172258092,59.820585546327955
1279,1279,0.012460208002380568,0.20944467589235582,59.82060677420753
1280,1280,0.0124690350023684,0.20944465018018624,59.82062796117222
1281,1281,0.012477935002380036,0.20944462458553262,59.82064910728064
1282,1282,0.01248652700240882,0.20944459910785787,59.820670212591445
1283,1283,0.012495289002458776,0.2094445737466273,59.820691277163306
1284,1284,0.012504127002443965,0.2094445485013087,59.82071230105494
1285,1285,0.01251289300245162,0.2094445233713723,59.82073328432507
1286,1286,0.01252177900244078,0.20944449835629084,59.82075422703245
1287,1287,0.012530354002421973,0.20944447345553938,59.82077512923586
1288,1288,0.012539107002396577,0.20944444866859524,59.82079599099408
1289,1289,0.012547869002389689,0.2094444239949384,59.82081681236593
1290,1290,0.012556389002384094,0.20944439943405094,59.820837593410246
1291,1291,0.012564900002359991,0.20944437498541768,59.82085833418588
1292,1292,0.012575095002375747,0.20944435064852543,59.8208790347517
1293,1293,0.01258387100233449,0.20944432642286348,59.820899695166595
1294,1294,0.012592761002338193,0.20944430230792346,59.820920315489474
1295,1295,0.012601580002296942,0.2094442783031993,59.82094089577926
1296,1296,0.012610293002296658,0.2094442544081874,59.820961436094876
1297,1297,0.012618945002259352,0.2094442306223862,59.82098193649527
1298,1298,0.012627731002226028,0.2094442069452966,59.82100239703943
1299,1299,0.012636555002188743,0.20944418337642173,59.82102281778632
1300,1300,0.01264567500220437,0.20944415991526696,59.82104319879493
1301,1301,0.012654497002188236,0.20944413656134006,59.82106354012426
1302,1302,0.012663274002193248,0.2094441133141509,59.821083841833314
1303,1303,0.012671895002199562,0.2094440901732116,59.82110410398113
1304,1304,0.012680758002204584,0.20944406713803662,59.821124326626716
1305,1305,0.012689781002166,0.2094440442081425,59.821144509829146
1306,1306,0.01269829600215644,0.2094440213830482,59.82116465364745
1307,1307,0.01271414800214643,0.20944399866227453,59.82118475814068
1308,1308,0.012724515002162207,0.20944397604534482,59.82120482336791
1309,1309,0.012733954002158043,0.20944395353178452,59.8212248493882
1310,1310,0.012743004002174985,0.20944393112112106,59.821244836260625
1311,1311,0.01275171100218131,0.2094439088128842,59.821264784044274
1312,1312,0.01276060400221013,0.20944388660660582,59.82128469279822
1313,1313,0.012769308002191337,0.20944386450181987,59.82130456258157
1314,1314,0.012778061002222785,0.2094438424980626,59.82132439345339
1315,1315,0.012787153002250307,0.20944382059487213,59.821344185472775
1316,1316,0.012795731002256616,0.20944379879178898,59.82136393869883
1317,1317,0.012804204002236474,0.2094437770883555,59.82138365319065
1318,1318,0.012812675002237484,0.20944375548411623,59.82140332900733
1319,1319,0.012821392002251741,0.2094437339786179,59.82142296620797
1320,1320,0.012829944002248794,0.20944371257140917,59.82144256485165
1321,1321,0.012838608002255114,0.20944369126204082,59.82146212499749
1322,1322,0.012847260002217809,0.20944367005006562,59.82148164670453
1323,1323,0.01285568400220427,0.20944364893503847,59.82150113003191
1324,1324,0.01286425100215638,0.2094436279165164,59.82152057503869
1325,1325,0.01287313900212439,0.20944360699405826,59.821539981783964
1326,1326,0.012881836002122782,0.20944358616722486,59.821559350326794
1327,1327,0.01289068100214763,0.2094435654355792,59.82157868072627
1328,1328,0.012899429002118268,0.20944354479868646,59.82159797304144
1329,1329,0.012908125002070392,0.20944352425611337,59.82161722733137
1330,1330,0.012917739002091366,0.20944350380742888,59.821636443655116
1331,1331,0.01292662900209507,0.20944348345220393,59.82165562207173
1332,1332,0.012935515002141074,0.20944346319001128,59.82167476264024
1333,1333,0.012944200002152684,0.20944344302042575,59.82169386541967
1334,1334,0.012953176002156397,0.20944342294302412,59.82171293046906
1335,1335,0.012961857002153465,0.20944340295738514,59.821731957847405
1336,1336,0.012970552002116165,0.20944338306308927,59.82175094761371
1337,1337,0.012979264002126456,0.20944336325971913,59.82176989982696
1338,1338,0.012987949002138066,0.20944334354685912,59.821788814546146
1339,1339,0.012996603002136453,0.20944332392409556,59.821807691830216
1340,1340,0.013005326002144102,0.20944330439101663,59.82182653173814
1341,1341,0.013013962002105472,0.20944328494721257,59.82184533432885
1342,1342,0.013022594002109145,0.20944326559227514,59.82186409966129
1343,1343,0.013031609002098321,0.20944324632579842,59.82188282779436
1344,1344,0.013040337002109936,0.2094432271473779,59.82190151878695
1345,1345,0.013065412002106314,0.20944320805661126,59.821920172697986
1346,1346,0.013077091002116958,0.2094431890530978,59.8219387895863
1347,1347,0.013086281002074429,0.20944317013643884,59.82195736951075
1348,1348,0.013095326002087404,0.20944315130623725,59.82197591253017
1349,1349,0.013104098002088449,0.2094431325620981,59.821994418703405
1350,1350,0.013113030002102732,0.2094431139036278,59.82201288808923
1351,1351,0.013122131002091919,0.20944309533043498,59.822031320746454
1352,1352,0.013130842002112786,0.20944307684212984,59.82204971673382
1353,1353,0.013139553002133653,0.20944305843832445,59.82206807611009
1354,1354,0.013148188002162442,0.20944304011863252,59.822086398934
1355,1355,0.013156808002122489,0.20944302188266964,59.82210468526422
1356,1356,0.013165565002168478,0.20944300373005312,59.822122935159484
1357,1357,0.013174246002165546,0.20944298566040212,59.822141148678426
1358,1358,0.013182931002177156,0.20944296767333734,59.8221593258797
1359,1359,0.013196796002205247,0.20944294976848138,59.82217746682195
1360,1360,0.013207342002203859,0.2094429319454585,59.822195571563746
1361,1361,0.013216833002218209,0.20944291420389471,59.822213640163675
1362,1362,0.0132270080022181,0.2094428965434177,59.82223167268031
1363,1363,0.013236263002227133,0.20944287896365682,59.822249669172166
1364,1364,0.01324536400221632,0.2094428614642432,59.822267629697755
1365,1365,0.013253789002192207,0.2094428440448096,59.822285554315556
1366,1366,0.013265708002165866,0.20944282670499048,59.82230344308404
1367,1367,0.01327464000218015,0.209442809444422,59.82232129606162
1368,1368,0.013283162002153404,0.20944279226274196,59.82233911330672
1369,1369,0.013292024002112157,0.20944277515958964,59.82235689487771
1370,1370,0.013300659002084103,0.2094427581346064,59.82237464083294
1371,1371,0.013309429002049455,0.20944274118743478,59.822392351230754
1372,1372,0.013318502001993693,0.2094427243177192,59.82241002612945
1373,1373,0.01332751300202517,0.20944270752510563,59.82242766558728
1374,1374,0.013336217002006379,0.20944269080924174,59.82244526966248
1375,1375,0.013344810002024587,0.20944267416977666,59.82246283841331
1376,1376,0.013353357002017674,0.20944265760636135,59.8224803718979
1377,1377,0.01336208100207159,0.20944264111864813,59.822497870174445
1378,1378,0.01337081200205148,0.2094426247062909,59.82251533330105
1379,1379,0.013379792002069735,0.20944260836894554,59.82253276133581
1380,1380,0.013388646002113092,0.209442592106269,59.8225501543368
1381,1381,0.013411073002089324,0.20944257591792,59.82256751236205
1382,1382,0.013423493002107989,0.20944255980355894,59.822584835469534
1383,1383,0.013433176002081382,0.2094425437628476,59.82260212371726
1384,1384,0.013442474002090421,0.20944252779544942,59.822619377163136
1385,1385,0.013451275002068996,0.20944251190102922,59.82263659586508
1386,1386,0.013459943002089858,0.20944249607925355,59.82265377988096
1387,1387,0.013468600002056519,0.20944248032979035,59.822670929268604
1388,1388,0.013477299002090604,0.20944246465230917,59.822688044085815
1389,1389,0.013485840002090299,0.20944244904648093,59.822705124390374
1390,1390,0.013494618002084735,0.20944243351197825,59.822722170240006
1391,1391,0.013503781002100368,0.2094424180484751,59.82273918169242
1392,1392,0.013512224002113271,0.20944240265564698,59.82275615880526
1393,1393,0.01352106900213812,0.2094423873331708,59.82277310163617
1394,1394,0.013529923002124633,0.2094423720807251,59.822790010242734
1395,1395,0.01353878700211908,0.20944235689798985,59.82280688468251
1396,1396,0.013547575002121448,0.20944234178464635,59.822823725013
1397,1397,0.013556314002073577,0.20944232674037755,59.82284053129172
1398,1398,0.013564950002091791,0.20944231176486763,59.82285730357607
1399,1399,0.013573690002090189,0.2094422968578024,59.82287404192349
1400,1400,0.013582499002097848,0.20944228201886902,59.82289074639134
1401,1401,0.01359129300215045,0.20944226724775616,59.82290741703693
1402,1402,0.01360010200215811,0.20944225254415375,59.82292405391757
1403,1403,0.013608885002156512,0.20944223790775332,59.8229406570905
1404,1404,0.013620312002160517,0.2094422233382476,59.822957226612935
1405,1405,0.013629533002131211,0.20944220883533102,59.82297376254205
1406,1406,0.013639871002112613,0.2094421943986991,59.822990264934965
1407,1407,0.013649223002119015,0.209442180028049,59.82300673384877
1408,1408,0.01365806800208702,0.20944216572307905,59.82302316934054
1409,1409,0.013666773002057653,0.20944215148348916,59.82303957146725
1410,1410,0.013675476002049436,0.20944213730898045,59.823055940285876
1411,1411,0.01368412000203989,0.2094421231992555,59.82307227585335
1412,1412,0.013692924002043583,0.20944210915401823,59.82308857822656
1413,1413,0.01370157600206312,0.20944209517297385,59.82310484746234
1414,1414,0.013710530002072119,0.20944208125582908,59.82312108361748
1415,1415,0.013719348002098286,0.2094420674022916,59.82313728674875
1416,1416,0.013728100002083465,0.20944205361207108,59.82315345691285
1417,1417,0.013736800002106975,0.20944203988487795,59.82316959416645
1418,1418,0.013745313002118564,0.209442026220424,59.82318569856617
1419,1419,0.013771363002092585,0.20944201261842274,59.82320177016861
1420,1420,0.013784227002076932,0.20944199907858857,59.823217809030275
1421,1421,0.0137945850020742,0.20944198560063745,59.82323381520768
1422,1422,0.013804611002058209,0.20944197218428645,59.82324978875725
1423,1423,0.01381705200202532,0.2094419588292541,59.823265729735404
1424,1424,0.013828678002028028,0.2094419455352601,59.82328163819849
1425,1425,0.01383785100199475,0.20944193230202562,59.823297514202814
1426,1426,0.01384668900197994,0.20944191912927276,59.823313357804636
1427,1427,0.013855278001983606,0.20944190601672522,59.82332916906018
1428,1428,0.01386407500194764,0.2094418929641078,59.8233449480256
1429,1429,0.013872769001920915,0.2094418799711466,59.82336069475705
1430,1430,0.013881621001928579,0.20944186703756895,59.82337640931057
1431,1431,0.013890355001933585,0.20944185416310343,59.8233920917422
1432,1432,0.013898995001909498,0.20944184134747992,59.82340774210793
1433,1433,0.01390766900192375,0.2094418285904294,59.82342336046367
1434,1434,0.01391639800192479,0.20944181589168426,59.82343894686533
1435,1435,0.013924980001888798,0.20944180325097803,59.82345450136873
1436,1436,0.013933743001871335,0.20944179066804539,59.82347002402965
1437,1437,0.013942400001894839,0.2094417781426222,59.823485514903844
1438,1438,0.013951076001887941,0.20944176567444575,59.82350097404699
1439,1439,0.013959865001879734,0.2094417532632544,59.82351640151473
1440,1440,0.013968336001880743,0.2094417409087876,59.82353179736265
1441,1441,0.013978505001887243,0.2094417286107862,59.82354716164628
1442,1442,0.013988000001859291,0.20944171636899217,59.82356249442111
1443,1443,0.01399708200187888,0.20944170418314842,59.82357779574261
1444,1444,0.01400589500190108,0.20944169205299937,59.82359306566612
1445,1445,0.014015022001956368,0.2094416799782904,59.82360830424701
1446,1446,0.014023882001936272,0.20944166795876826,59.823623511540546
1447,1447,0.014032841001949237,0.20944165599418063,59.823638687601964
1448,1448,0.014041768001959554,0.20944164408427637,59.82365383248646
1449,1449,0.014050354001938103,0.20944163222880566,59.82366894624914
1450,1450,0.014058994001914016,0.2094416204275196,59.82368402894511
1451,1451,0.014067610001916364,0.20944160868017073,59.823699080629375
1452,1452,0.014076206001902847,0.2094415969865124,59.82371410135693
1453,1453,0.01408536700193963,0.2094415853462992,59.823729091182656
1454,1454,0.014094129001932743,0.20944157375928688,59.82374405016146
1455,1455,0.014102876001970799,0.20944156222523236,59.82375897834813
1456,1456,0.01411839600194753,0.2094415507438935,59.82377387579744
1457,1457,0.014134148001915037,0.20944153931502957,59.823788742564105
1458,1458,0.014145440001925635,0.20944152793840046,59.823803578702766
1459,1459,0.014155261001917552,0.20944151661376756,59.82381838426803
1460,1460,0.014165019001893597,0.20944150534089317,59.823833159314425
1461,1461,0.014173978001906562,0.2094414941195409,59.823847903896464
1462,1462,0.014182886001947281,0.20944148294947512,59.82386261806857
1463,1463,0.014192356001956341,0.20944147183046144,59.82387730188514
1464,1464,0.014201766001917804,0.20944146076226655,59.82389195540048
1465,1465,0.014210974001912291,0.20944144974465817,59.82390657866887
1466,1466,0.014220203001912068,0.20944143877740515,59.82392117174452
1467,1467,0.014228971001955415,0.20944142786027733,59.82393573468161
1468,1468,0.014237883001953833,0.20944141699304555,59.82395026753424
1469,1469,0.014246731001946955,0.20944140617548182,59.82396477035644
1470,1470,0.014255691001949344,0.2094413954073591,59.82397924320222
1471,1471,0.014264401001923943,0.2094413846884515,59.82399368612551
1472,1472,0.014273373001913114,0.20944137401853402,59.8240080991802
1473,1473,0.01428220800193003,0.20944136339738265,59.8240224824201
1474,1474,0.014290964001929751,0.2094413528247748,59.82403683589898
1475,1475,0.014300001001913643,0.20944134230048836,59.82405115967055
1476,1476,0.014308665001919962,0.2094413318243025,59.824065453788464
1477,1477,0.01431894400195688,0.20944132139599747,59.82407971830633
1478,1478,0.014328172001967232,0.20944131101535435,59.82409395327767
1479,1479,0.014336944001968277,0.20944130068215538,59.82410815875596
1480,1480,0.014345837001997097,0.20944129039618367,59.824122334794644
1481,1481,0.014354574001970377,0.20944128015722338,59.82413648144706
1482,1482,0.014363354001943662,0.2094412699650596,59.82415059876653
1483,1483,0.014372198001979086,0.20944125981947864,59.824164686806306
1484,1484,0.014380822001953675,0.20944124972026731,59.82417874561956
1485,1485,0.014389528001970575,0.20944123966721395,59.82419277525944
1486,1486,0.014398283001980872,0.20944122966010734,59.824206775779025
1487,1487,0.01440687600199908,0.20944121969873772,59.824220747231294
1488,1488,0.01441568500200674,0.20944120978289588,59.82423468966924
1489,1489,0.014424308001991903,0.20944119991237387,59.824248603145726
1490,1490,0.014433033001978401,0.20944119008696443,59.82426248771361
1491,1491,0.014441979001958316,0.20944118030646144,59.82427634342566
1492,1492,0.014458750001949738,0.20944117057065975,59.82429017033458
1493,1493,0.014468990001944348,0.20944116087935494,59.82430396849305
1494,1494,0.01447836500193489,0.2094411512323436,59.824317737953656
1495,1495,0.01448739400194654,0.2094411416294234,59.82433147876893
1496,1496,0.014496099001917173,0.20944113207039272,59.82434519099135
1497,1497,0.014504661001922159,0.20944112255505107,59.824358874673344
1498,1498,0.014513257001908642,0.20944111308319868,59.824372529867254
1499,1499,0.01452207300195596,0.20944110365463692,59.82438615662537
1500,1500,0.014530828001966256,0.2094410942691678,59.824399754999945
1501,1501,0.014539402001958024,0.20944108492659436,59.824413325043125
1502,1502,0.014548262001937928,0.20944107562672068,59.82442686680706
1503,1503,0.014557055001944263,0.2094410663693514,59.824440380343766
1504,1504,0.014566009001953262,0.2094410571542925,59.82445386570526
1505,1505,0.01459848000195052,0.2094410479813504,59.82446732294345
1506,1506,0.014611703001946807,0.20944103885033272,59.82448075211021
1507,1507,0.014622336001934855,0.20944102976104786,59.82449415325735
1508,1508,0.0146318760019426,0.20944102071330498,59.8245075264366
1509,1509,0.0146460600019509,0.20944101170691432,59.824520871699654
1510,1510,0.01465562400193221,0.20944100274168675,59.82453418909814
1511,1511,0.014664770001957095,0.20944099381743428,59.82454747868359
1512,1512,0.01467533600191473,0.20944098493396954,59.82456074050751
1513,1513,0.01468479100191189,0.20944097609110612,59.82457397462135
1514,1514,0.014693903001898434,0.2094409672886586,59.82458718107646
1515,1515,0.014702492001902101,0.20944095852644207,59.82460035992414
1516,1516,0.014711388001899195,0.20944094980427275,59.82461351121567
1517,1517,0.014719896001906818,0.20944094112196757,59.824626635002204
1518,1518,0.014728647001902573,0.20944093247934434,59.82463973133487
1519,1519,0.01473728600188906,0.2094409238762217,59.82465280026472
1520,1520,0.014746494001883548,0.20944091531241918,59.824665841842766
1521,1521,0.014755201001889873,0.20944090678775698,59.82467885611992
1522,1522,0.014763934001905454,0.20944089830205614,59.82469184314705
1523,1523,0.014772926001910491,0.2094408898551389,59.82470480297497
1524,1524,0.01478154800190623,0.20944088144682763,59.8247177356544
1525,1525,0.014790164001908579,0.20944087307694614,59.824730641236044
1526,1526,0.014798851001899038,0.20944086474531864,59.82474351977049
1527,1527,0.014814423001894284,0.20944085645177035,59.82475637130831
1528,1528,0.014824779001912702,0.20944084819612727,59.824769195899975
1529,1529,0.014834238001924405,0.20944083997821605,59.82478199359591
1530,1530,0.014843249001955883,0.20944083179786432,59.824794764446466
1531,1531,0.014852112001960904,0.2094408236549005,59.82480750850195
1532,1532,0.014876703001959868,0.20944081554915356,59.82482022581258
1533,1533,0.01488616200197157,0.20944080748045338,59.82483291642853
1534,1534,0.014895114001944876,0.2094407994486308,59.82484558039989
1535,1535,0.014903640001932672,0.20944079145351716,59.82485821777671
1536,1536,0.014912343001924455,0.20944078349494472,59.824870828608944
1537,1537,0.014921012001934741,0.2094407755727464,59.824883412946505
1538,1538,0.014929874001950338,0.20944076768675612,59.824895970839236
1539,1539,0.01493871600195007,0.20944075983680815,59.824908502336925
1540,1540,0.014947361001986792,0.2094407520227381,59.824921007489266
1541,1541,0.014955994001979889,0.20944074424438164,59.82493348634593
1542,1542,0.014964619002000745,0.20944073650157577,59.82494593895647
1543,1543,0.014973287002021607,0.20944072879415784,59.82495836537042
1544,1544,0.01498177400202394,0.20944072112196632,59.82497076563724
1545,1545,0.01499050100204613,0.2094407134848401,59.8249831398063
1546,1546,0.014999017002025994,0.20944070588261882,59.824995487926934
1547,1547,0.015007800002024396,0.2094406983151431,59.82500781004839
1548,1548,0.01501646700199899,0.20944069078225402,59.825020106219874
1549,1549,0.0150265850019764,0.20944068328379362,59.8250323764905
1550,1550,0.015035751001960307,0.20944067581960446,59.82504462090931
1551,1551,0.01504506500197067,0.20944066838953,59.82505683952534
1552,1552,0.015054076001945305,0.2094406609934142,59.82506903238748
1553,1553,0.015062914001987338,0.20944065363110193,59.82508119954462
1554,1554,0.015072974002009687,0.2094406463024386,59.82509334104552
1555,1555,0.015082407002012133,0.20944063900727056,59.82510545693897
1556,1556,0.015091562001998682,0.20944063174544464,59.825117547273585
1557,1557,0.015100551002035445,0.2094406245168084,59.82512961209798
1558,1558,0.015109521002045767,0.20944061732121028,59.8251416514607
1559,1559,0.015118400002052113,0.2094406101584993,59.82515366541019
1560,1560,0.015127272002075642,0.20944060302852494,59.825165653994866
1561,1561,0.015135812002085913,0.20944059593113767,59.82517761726306
1562,1562,0.015144340002109402,0.2094405888661887,59.82518955526304
1563,1563,0.015152998002122331,0.20944058183352965,59.825201468043005
1564,1564,0.015168208002137362,0.20944057483301284,59.825213355651094
1565,1565,0.015178748002142584,0.20944056786449158,59.82522521813537
1566,1566,0.015188510002190014,0.20944056092781954,59.82523705554386
1567,1567,0.015197678002209614,0.20944055402285103,59.82524886792447
1568,1568,0.015206808002233174,0.20944054714944138,59.82526065532508
1569,1569,0.015215689002218369,0.20944054030744624,59.8252724177935
1570,1570,0.015224641002248518,0.20944053349672198,59.82528415537747
1571,1571,0.01523339500226939,0.20944052671712576,59.825295868124634
1572,1572,0.015242241002283663,0.20944051996851526,59.82530755608262
1573,1573,0.015250842002274112,0.20944051325074886,59.82531921929897
1574,1574,0.015259419002234154,0.20944050656368568,59.82533085782112
1575,1575,0.015268446002266955,0.2094404999071853,59.825342471696516
1576,1576,0.015277240002262715,0.2094404932811081,59.82535406097246
1577,1577,0.015286019002246576,0.20944048668531492,59.825365625696236
1578,1578,0.01529487900222648,0.20944048011966743,59.82537716591504
1579,1579,0.015303768002240759,0.20944047358402787,59.82538868167602
1580,1580,0.015312527002208753,0.20944046707825903,59.825400173026225
1581,1581,0.015321275002236234,0.2094404606022245,59.825411640012675
1582,1582,0.01533013300223729,0.20944045415578819,59.82542308268229
1583,1583,0.015338720002205264,0.20944044773881504,59.82543450108194
1584,1584,0.015347396002198366,0.2094404413511702,59.82544589525842
1585,1585,0.015356059002215261,0.2094404349927198,59.82545726525848
1586,1586,0.015367707002212683,0.20944042866333024,59.82546861112878
1587,1587,0.01537722500216887,0.20944042236286878,59.82547993291589
1588,1588,0.015386009002156698,0.20944041609120326,59.82549123066637
1589,1589,0.015394751002133944,0.20944040984820195,59.82550250442668
1590,1590,0.015403301002152148,0.20944040363373398,59.82551375424321
1591,1591,0.015411967002137317,0.2094403974476688,59.8255249801623
1592,1592,0.015420671002118524,0.20944039128987668,59.825536182230195
1593,1593,0.015429576002077283,0.20944038516022845,59.82554736049309
1594,1594,0.015438307002114016,0.2094403790585953,59.82555851499713
1595,1595,0.015447280002092612,0.2094403729848494,59.825569645788356
1596,1596,0.015461878002099638,0.20944036693886314,59.825580752912764
1597,1597,0.015470881002102033,0.20944036092050974,59.82559183641629
1598,1598,0.015479883002115002,0.20944035492966287,59.82560289634477
1599,1599,0.015488680002079036,0.20944034896619673,59.825613932744005
1600,1600,0.015497515002095952,0.20944034302998632,59.82562494565973
1601,1601,0.015513034002140103,0.209440337120907,59.825635935137576
1602,1602,0.015529997002147411,0.20944033123883476,59.82564690122314
1603,1603,0.015588501002127941,0.2094403253836463,59.825657843961935
1604,1604,0.01560241200212431,0.2094403195552184,59.825668763399435
1605,1605,0.01561376200208997,0.2094403137534292,59.82567965958099
1606,1606,0.015623633002064707,0.2094403079781566,59.825690532551945
1607,1607,0.015633122002043365,0.2094403022292796,59.82570138235753
1608,1608,0.015642285002058998,0.20944029650667745,59.82571220904293
1609,1609,0.015651439002056122,0.2094402908102302,59.82572301265327
1610,1610,0.015660438002043975,0.20944028513981822,59.825733793233596
1611,1611,0.015669404002039755,0.20944027949532248,59.825744550828865
1612,1612,0.01567835000201967,0.20944027387662456,59.82575528548401
1613,1613,0.015687023002044498,0.2094402682836065,59.82576599724386
1614,1614,0.015695719002053465,0.20944026271615118,59.82577668615319
1615,1615,0.015704505002076985,0.2094402571741414,59.825787352256725
1616,1616,0.015713137002080657,0.2094402516574611,59.82579799559908
1617,1617,0.015721977002044696,0.20944024616599446,59.82580861622485
1618,1618,0.015731028002051062,0.20944024069962636,59.82581921417852
1619,1619,0.015741983002044435,0.20944023525824185,59.825829789504546
1620,1620,0.01575173300204824,0.20944022984172694,59.825840342247275
1621,1621,0.015765423002051193,0.20944022444996777,59.825850872451035
1622,1622,0.0157742640020615,0.20944021908285143,59.825861380160035
1623,1623,0.015783010002053288,0.20944021374026506,59.82587186541845
1624,1624,0.01579168800202524,0.20944020842209682,59.825882328270396
1625,1625,0.01580054900205141,0.2094402031282348,59.82589276875987
1626,1626,0.015809308002019407,0.20944019785856818,59.82590318693086
1627,1627,0.015818184002000635,0.20944019261298616,59.82591358282726
1628,1628,0.015827052002009623,0.20944018739137885,59.825923956492886
1629,1629,0.015835802002015953,0.20944018219363655,59.825934307971515
1630,1630,0.01584449200203153,0.20944017701965023,59.82594463730681
1631,1631,0.01585330700203258,0.2094401718693113,59.825954944542424
1632,1632,0.015861961002030966,0.20944016674251162,59.8259652297219
1633,1633,0.015870698002004247,0.2094401616391438,59.82597549288875
1634,1634,0.015907877002007353,0.2094401565591006,59.82598573408636
1635,1635,0.015918923002004703,0.20944015150227535,59.8259959533581
1636,1636,0.015928632001987353,0.2094401464685621,59.826006150747276
1637,1637,0.015937656001995038,0.20944014145785506,59.82601632629707
1638,1638,0.01594681200197101,0.2094401364700492,59.82602648005067
1639,1639,0.015955762001965468,0.20944013150503976,59.82603661205113
1640,1640,0.015964525002004848,0.20944012656272276,59.826046722341495
1641,1641,0.015973175001988693,0.20944012164299414,59.82605681096468
1642,1642,0.01598190700201485,0.20944011674575094,59.82606687796359
1643,1643,0.015995219002036265,0.20944011187089032,59.82607692338104
1644,1644,0.016037623002034707,0.20944010701830995,59.82608694725976
1645,1645,0.0160489980020202,0.20944010218790798,59.82609694964245
1646,1646,0.016059191002057105,0.20944009737958305,59.8261069305717
1647,1647,0.016069506002054368,0.2094400925932343,59.82611689009006
1648,1648,0.016079877002084686,0.2094400878287613,59.82612682824001
1649,1649,0.016089762002081898,0.20944008308606404,59.82613674506396
1650,1650,0.01609915600209888,0.20944007836504297,59.82614664060426
1651,1651,0.016109263002135776,0.20944007366559908,59.826156514903154
1652,1652,0.016118565002159357,0.2094400689876337,59.82616636800287
1653,1653,0.016127502002177607,0.20944006433104864,59.82617619994556
1654,1654,0.01613630400220245,0.2094400596957463,59.82618601077327
1655,1655,0.016145067002184987,0.20944005508162933,59.826195800528026
1656,1656,0.016158630002166774,0.20944005048860084,59.82620556925174
1657,1657,0.016167405002192936,0.20944004591656462,59.82621531698631
1658,1658,0.016175897002199235,0.2094400413654245,59.82622504377352
1659,1659,0.016184530002192332,0.20944003683508525,59.82623474965511
1660,1660,0.016193278002219813,0.20944003232545147,59.82624443467276
1661,1661,0.016202212002212946,0.20944002783642876,59.826254098868056
1662,1662,0.016210880002233807,0.20944002336792297,59.826263742282535
1663,1663,0.016219546002218976,0.2094400189198401,59.826273364957665
1664,1664,0.01622830600223324,0.20944001449208696,59.82628296693486
1665,1665,0.016237100002229,0.2094400100845706,59.826292548255424
1666,1666,0.016254795002282663,0.20944000569719853,59.82630210896065
1667,1667,0.016267069002310564,0.2094400013298787,59.82631164909173
1668,1668,0.0162776010022867,0.20943999698251947,59.82632116868978
1669,1669,0.016286606002267945,0.2094399926550295,59.82633066779589
1670,1670,0.016296029002262458,0.20943998834731817,59.82634014645104
1671,1671,0.016304752002270106,0.2094399840592949,59.82634960469616
1672,1672,0.01631387300227516,0.20943997979086984,59.82635904257213
1673,1673,0.01632251600227619,0.20943997554195326,59.82636846011973
1674,1674,0.0163310750023129,0.20943997131245626,59.826377857379704
1675,1675,0.016339695002272947,0.20943996710228985,59.8263872343927
1676,1676,0.016348298002242245,0.20943996291136574,59.82639659119933
1677,1677,0.016357038002240643,0.20943995873959606,59.82640592784011
1678,1678,0.016366002002257574,0.2094399545868931,59.82641524435554
1679,1679,0.016374879002228226,0.20943995045316985,59.82642454078596
1680,1680,0.01638358900225967,0.2094399463383396,59.82643381717175
1681,1681,0.016392358002235596,0.20943994224231588,59.82644307355314
1682,1682,0.01640090000228156,0.20943993816501286,59.82645230997035
1683,1683,0.016409510002290517,0.2094399341063449,59.8264615264635
1684,1684,0.0164184270022929,0.20943993006622674,59.82647072307266
1685,1685,0.01642698000227938,0.20943992604457382,59.826479899837814
1686,1686,0.016435531002287007,0.20943992204130155,59.8264890567989
1687,1687,0.016445813002292198,0.20943991805632606,59.826498193995796
1688,1688,0.016454688002284,0.20943991408956358,59.8265073114683
1689,1689,0.01646349100229827,0.209439910140931,59.826516409256115
1690,1690,0.016472067002268886,0.2094399062103454,59.82652548739894
1691,1691,0.016481082002258063,0.20943990229772433,59.82653454593636
1692,1692,0.016489628002261725,0.20943989840298569,59.82654358490792
1693,1693,0.01649826100225482,0.20943989452604767,59.82655260435307
1694,1694,0.01650705100223604,0.20943989066682897,59.82656160431122
1695,1695,0.016515993002201412,0.20943988682524864,59.82657058482171
1696,1696,0.01652489700222759,0.20943988300122596,59.826579545923806
1697,1697,0.01653397200220752,0.2094398791946808,59.82658848765671
1698,1698,0.016543042002240327,0.20943987540553316,59.82659741005956
1699,1699,0.016551721002201703,0.2094398716337037,59.82660631317144
1700,1700,0.016560355002184224,0.2094398678791131,59.82661519703134
1701,1701,0.01656913100219981,0.2094398641416826,59.82662406167821
1702,1702,0.016587447002223143,0.2094398604213339,59.82663290715091
1703,1703,0.016598770002190122,0.2094398567179887,59.82664173348825
1704,1704,0.01660879600217413,0.20943985303156953,59.826650540729
1705,1705,0.01661851800218983,0.20943984936199891,59.826659328911816
1706,1706,0.016627654002206782,0.20943984570919982,59.82666809807531
1707,1707,0.016636596002228998,0.20943984207309566,59.82667684825803
1708,1708,0.016645447002247238,0.20943983845361006,59.82668557949846
1709,1709,0.01666838700225526,0.20943983485066714,59.82669429183501
1710,1710,0.01667760200223256,0.20943983126419125,59.82670298530604
1711,1711,0.0166862540022521,0.2094398276941071,59.82671165994982
1712,1712,0.016694781002286163,0.20943982414033985,59.826720315804586
1713,1713,0.016703638002297794,0.2094398206028148,59.82672895290848
1714,1714,0.01671271000230945,0.2094398170814579,59.826737571299596
1715,1715,0.016721377002284044,0.20943981357619507,59.826746171015955
1716,1716,0.01673009000228376,0.20943981008695284,59.82675475209551
1717,1717,0.016738755002279504,0.20943980661365807,59.826763314576176
1718,1718,0.01674740100230565,0.2094398031562377,59.82677185849576
1719,1719,0.01675614700229744,0.2094397997146193,59.82678038389204
1720,1720,0.016764881002302445,0.20943979628873066,59.8267888908027
1721,1721,0.01677358400229423,0.20943979287849976,59.826797379265386
1722,1722,0.01678247400229793,0.2094397894838552,59.82680584931766
1723,1723,0.016798267002286593,0.20943978610472558,59.82681430099703
1724,1724,0.01680767100231151,0.20943978274104005,59.82682273434093
1725,1725,0.01681674800232713,0.20943977939272812,59.82683114938675
1726,1726,0.016825814002345396,0.20943977605971945,59.82683954617177
1727,1727,0.016834583002321324,0.20943977274194409,59.82684792473327
1728,1728,0.01684321200229988,0.20943976943933243,59.82685628510841
1729,1729,0.016852250002330038,0.20943976615181514,59.82686462733433
1730,1730,0.0168606590023046,0.20943976287932323,59.826872951448046
1731,1731,0.016869563002273935,0.2094397596217881,59.826881257486576
1732,1732,0.016878210002232663,0.2094397563791413,59.82688954548684
1733,1733,0.016886741002224426,0.20943975315131483,59.82689781548568
1734,1734,0.01689525300224659,0.209439749938241,59.82690606751991
1735,1735,0.01690381900226612,0.2094397467398523,59.82691430162625
1736,1736,0.016912476002289623,0.2094397435560817,59.82692251784138
1737,1737,0.016921171002309165,0.20943974038686222,59.826930716201886
1738,1738,0.016929995002328724,0.2094397372321275,59.82693889674432
1739,1739,0.016945985002337238,0.2094397340918113,59.82694705950515
1740,1740,0.016957146002368972,0.20943973096584784,59.82695520452081
1741,1741,0.016967083002384697,0.2094397278541713,59.8269633318276
1742,1742,0.01697661100240566,0.20943972475671654,59.82697144146186
1743,1743,0.016986038002357873,0.20943972167341846,59.82697953345976
1744,1744,0.016995522002332564,0.20943971860421243,59.8269876078575
1745,1745,0.0170043770023085,0.2094397155490341,59.82699566469113
1746,1746,0.01701297400228441,0.20943971250781918,59.82700370399672
1747,1747,0.017021834002264313,0.20943970948050405,59.827011725810216
1748,1748,0.017030831002273317,0.20943970646702503,59.827019730167535
1749,1749,0.017040813002267896,0.20943970346731886,59.827027717104485
1750,1750,0.017049851002298055,0.2094397004813228,59.82703568665688
1751,1751,0.017058656002291173,0.20943969750897398,59.8270436388604
1752,1752,0.01706761900231868,0.20943969455021016,59.82705157375072
1753,1753,0.01707644400227082,0.20943969160496917,59.82705949136342
1754,1754,0.0170849630022758,0.2094396886731892,59.82706739173402
1755,1755,0.017093680002233214,0.20943968575480879,59.827075274897986
1756,1756,0.017102232002230267,0.20943968284976666,59.82708314089071
1757,1757,0.01711092600220354,0.20943967995800183,59.82709098974753
1758,1758,0.01711954900224555,0.20943967707945368,59.82709882150372
1759,1759,0.01712830500224527,0.20943967421406173,59.82710663619448
1760,1760,0.01713689100222382,0.20943967136176586,59.82711443385496
1761,1761,0.01714713500223297,0.2094396685225063,59.82712221452026
1762,1762,0.017156188002218187,0.20943966569622338,59.827129978225386
1763,1763,0.017165113002249655,0.2094396628828579,59.8271377250053
1764,1764,0.01717407400224147,0.20943966008235054,59.827145454894904
1765,1765,0.017182938002235915,0.20943965729464292,59.827153167929026
1766,1766,0.0171917290022634,0.2094396545196762,59.82716086414244
1767,1767,0.017200465002247256,0.20943965175739246,59.82716854356986
1768,1768,0.01720937600225625,0.20943964900773343,59.82717620624594
1769,1769,0.017218309002259957,0.20943964627064163,59.827183852205245
1770,1770,0.017227062002291404,0.2094396435460596,59.827191481482316
1771,1771,0.017235837002317567,0.20943964083393,59.8271990941116
1772,1772,0.017244690002314655,0.20943963813419605,59.82720669012751
1773,1773,0.017253268002320965,0.2094396354468011,59.82721426956439
1774,1774,0.017261915002336536,0.20943963277168878,59.827221832456495
1775,1775,0.017270895002297948,0.20943963010880276,59.82722937883805
1776,1776,0.017286448002323596,0.20943962745808747,59.827236908743224
1777,1777,0.017296904002307656,0.209439624819487,59.82724442220607
1778,1778,0.017306304002261186,0.20943962219294612,59.82725191926066
1779,1779,0.01731499200224107,0.20943961957840973,59.827259399940935
1780,1780,0.017324024002220995,0.2094396169758229,59.82726686428081
1781,1781,0.01733288600223659,0.20943961438513103,59.827274312314124
1782,1782,0.017341501002249515,0.20943961180627974,59.827281744074675
1783,1783,0.017350236002243946,0.20943960923921498,59.82728915959617
1784,1784,0.01735905200223442,0.20943960668388284,59.8272965589123
1785,1785,0.017367898002248694,0.2094396041402297,59.82730394205662
1786,1786,0.017376574002241796,0.2094396016082021,59.827311309062715
1787,1787,0.017385186002286446,0.20943959908774704,59.827318659964035
1788,1788,0.01739424600231132,0.20943959657881156,59.82732599479401
1789,1789,0.017429876002324818,0.20943959408134305,59.827333313585996
1790,1790,0.017443578002314553,0.20943959159528905,59.827340616373284
1791,1791,0.0174545470023304,0.20943958912059737,59.82734790318911
1792,1792,0.017464540002322337,0.20943958665721618,59.82735517406666
1793,1793,0.017473782002355165,0.20943958420509376,59.82736242903905
1794,1794,0.017482700002346974,0.2094395817641785,59.82736966813932
1795,1795,0.017491560002326878,0.20943957933441934,59.82737689140047
1796,1796,0.017502959002342777,0.20943957691576537,59.82738409885545
1797,1797,0.017512362002321424,0.20943957450816558,59.82739129053709
1798,1798,0.017521438002347622,0.20943957211156963,59.82739846647824
1799,1799,0.017530423002369844,0.20943956972592717,59.82740562671166
1800,1800,0.017539280002381474,0.2094395673511881,59.82741277127001
1801,1801,0.017548015002375905,0.20943956498730273,59.82741990018595
1802,1802,0.017556838002349195,0.20943956263422134,59.827427013492056
1803,1803,0.017565546002344945,0.20943956029189448,59.82743411122081
1804,1804,0.017574258002298393,0.20943955796027314,59.827441193404695
1805,1805,0.017582973002276958,0.20943955563930836,59.82744826007609
1806,1806,0.017591808002293874,0.2094395533289514,59.82745531126734
1807,1807,0.01760055900228963,0.20943955102915382,59.827462347010716
1808,1808,0.01760963200229071,0.20943954873986728,59.82746936733842
1809,1809,0.017618203002314203,0.20943954646104376,59.82747637228263
1810,1810,0.017626831002303334,0.2094395441926355,59.82748336187544
1811,1811,0.01765321000232234,0.20943954193459488,59.82749033614887
1812,1812,0.017666444002315984,0.20943953968687454,59.82749729513491
1813,1813,0.017677486002298792,0.2094395374494272,59.82750423886547
1814,1814,0.01768707400231051,0.20943953522220599,59.82751116737243
1815,1815,0.01770730000231424,0.20943953300516416,59.82751808068756
1816,1816,0.01771696100229292,0.20943953079825525,59.82752497884264
1817,1817,0.017725774002258277,0.20943952860143283,59.82753186186932
1818,1818,0.017734480002275177,0.20943952641465083,59.82753872979924
1819,1819,0.01774347100229079,0.2094395242378634,59.82754558266396
1820,1820,0.017752079002264054,0.20943952207102493,59.827552420494996
1821,1821,0.01776070400228491,0.20943951991408982,59.82755924332379
1822,1822,0.01777947100225674,0.20943951776701286,59.82756605118173
1823,1823,0.01778970300227911,0.20943951562974894,59.827572844100146
1824,1824,0.01779857500230264,0.20943951350225332,59.82757962211033
1825,1825,0.017807224002297062,0.20943951138448128,59.827586385243464
1826,1826,0.0178161090022968,0.20943950927638832,59.82759313353074
1827,1827,0.01782494300232429,0.20943950717793036,59.82759986700324
1828,1828,0.017833329002314713,0.20943950508906323,59.82760658569199
1829,1829,0.017842154002323696,0.20943950300974315,59.827613289628
1830,1830,0.017850426002326003,0.20943950093992653,59.82761997884218
1831,1831,0.0178590290022953,0.20943949887956978,59.82762665336539
1832,1832,0.017869910002275446,0.20943949682862986,59.82763331322846
1833,1833,0.01787875600228972,0.2094394947870636,59.827639958462136
1834,1834,0.017887465002274894,0.2094394927548282,59.82764658909709
1835,1835,0.01790044400223678,0.20943949073188103,59.82765320516398
1836,1836,0.01790985300220882,0.2094394887181796,59.82765980669339
1837,1837,0.017918433002250822,0.2094394867136817,59.827666393715816
1838,1838,0.01793667000225696,0.20943948471834517,59.82767296626175
1839,1839,0.017946568002287222,0.20943948273212828,59.82767952436158
1840,1840,0.017955444002325294,0.2094394807549893,59.82768606804566
1841,1841,0.01796400400235143,0.20943947878688662,59.82769259734429
1842,1842,0.01797248100234583,0.20943947682777908,59.8276991122877
1843,1843,0.017981100002316452,0.20943947487762551,59.827705612906065
1844,1844,0.01798987500228577,0.20943947293638498,59.827712099229515
1845,1845,0.017998543002306633,0.20943947100401689,59.82771857128811
1846,1846,0.018014988002278187,0.20943946908048053,59.82772502911185
1847,1847,0.018025619002287385,0.2094394671657355,59.82773147273071
1848,1848,0.01803551800230707,0.2094394652597418,59.827737902174576
1849,1849,0.018044465002333254,0.20943946336245928,59.82774431747327
1850,1850,0.01805353000230525,0.2094394614738482,59.827750718656596
1851,1851,0.0180723150023141,0.20943945959386878,59.82775710575426
1852,1852,0.01808222200236287,0.20943945772248185,59.82776347879595
1853,1853,0.018091069002366567,0.2094394558596479,59.82776983781127
1854,1854,0.018100029002368956,0.20943945400532796,59.82777618282978
1855,1855,0.01810871500236999,0.20943945215948306,59.827782513880976
1856,1856,0.018117529002324773,0.20943945032207453,59.827788830994315
1857,1857,0.018126235002341673,0.20943944849306373,59.82779513419917
1858,1858,0.018137608002348315,0.20943944667241227,59.827801423524896
1859,1859,0.01814663400233485,0.20943944486008212,59.827807699000736
1860,1860,0.01815531400228565,0.20943944305603496,59.82781396065596
1861,1861,0.0181639920022576,0.20943944126023312,59.8278202085197
1862,1862,0.018172514002230855,0.20943943947263893,59.82782644262106
1863,1863,0.01818115400226361,0.20943943769321485,59.82783266298914
1864,1864,0.018189681002297675,0.20943943592192352,59.82783886965289
1865,1865,0.018198320002341006,0.20943943415872776,59.82784506264129
1866,1866,0.01820691600232749,0.20943943240359056,59.827851241983204
1867,1867,0.018218021002326168,0.20943943065647513,59.82785740770749
1868,1868,0.018227130002287595,0.20943942891734482,59.82786355984292
1869,1869,0.01823574900231506,0.20943942718616304,59.82786969841821
1870,1870,0.018244208002329287,0.2094394254628936,59.82787582346203
1871,1871,0.01825274500231444,0.20943942374750013,59.82788193500301
1872,1872,0.018261215002269182,0.20943942203994687,59.8278880330697
1873,1873,0.018273098002282495,0.20943942034019783,59.8278941176906
1874,1874,0.018282180002302084,0.20943941864821744,59.82790018889417
1875,1875,0.018291070002305787,0.20943941696397012,59.8279062467088
1876,1876,0.018300041002305534,0.20943941528742058,59.82791229116283
1877,1877,0.018308749002301283,0.20943941361853355,59.82791832228456
1878,1878,0.018327122002290253,0.2094394119572741,59.82792434010221
1879,1879,0.018337565002298106,0.20943941030360735,59.82793034464397
1880,1880,0.018346572002315042,0.20943940865749863,59.827936335937956
1881,1881,0.01836285100233681,0.20943940701891325,59.82794231401224
1882,1882,0.018373900002359278,0.209439405387817,59.827948278894844
1883,1883,0.018383464002340588,0.20943940376417555,59.82795423061372
1884,1884,0.018392416002370737,0.20943940214795484,59.82796016919679
1885,1885,0.01840111700238367,0.20943940053912097,59.8279660946719
1886,1886,0.018409757002359584,0.20943939893764024,59.82797200706686
1887,1887,0.01841915400234484,0.20943939734347897,59.8279779064094
1888,1888,0.01842812000234062,0.2094393957566037,59.82798379272724
1889,1889,0.01843704200234697,0.20943939417698113,59.827989666048
1890,1890,0.018445677002318916,0.20943939260457817,59.827995526399285
1891,1891,0.01845720900229253,0.2094393910393617,59.82800137380861
1892,1892,0.0184663070022566,0.20943938948129903,59.82800720830347
1893,1893,0.018474953002282746,0.20943938793035743,59.8280130299113
1894,1894,0.018483367002261275,0.20943938638650425,59.828018838659446
1895,1895,0.018492041002275528,0.20943938484970717,59.82802463457526
1896,1896,0.018506950002290523,0.20943938331993392,59.82803041768598
1897,1897,0.01851581800229951,0.2094393817971524,59.828036188018864
1898,1898,0.01852418800228861,0.20943938028133074,59.82804194560103
1899,1899,0.01853275900225526,0.20943937877243696,59.82804769045963
1900,1900,0.018541449002270838,0.2094393772704396,59.82805342262169
1901,1901,0.018550254002263955,0.20943937577530694,59.82805914211423
1902,1902,0.01856036100230085,0.20943937428700765,59.828064848964196
1903,1903,0.018569425002283424,0.20943937280551067,59.8280705431985
1904,1904,0.018578294002281837,0.20943937133078472,59.82807622484399
1905,1905,0.01858701600230006,0.2094393698627989,59.82808189392744
1906,1906,0.018595913002343423,0.20943936840152247,59.82808755047563
1907,1907,0.018604688002369585,0.2094393669469246,59.82809319451522
1908,1908,0.01861328200237722,0.20943936549897504,59.82809882607286
1909,1909,0.018624316002330943,0.20943936405764318,59.828104445175136
1910,1910,0.018633186002375624,0.20943936262289883,59.828110051848604
1911,1911,0.01864185900240045,0.20943936119471193,59.828115646119734
1912,1912,0.018650637002394888,0.20943935977305247,59.82812122801494
1913,1913,0.018659163002382684,0.20943935835789054,59.828126797560635
1914,1914,0.018679166002357306,0.2094393569491966,59.82813235478312
1915,1915,0.018688605002353142,0.20943935554694101,59.82813789970869
1916,1916,0.018703288002370755,0.20943935415109433,59.82814343236359
1917,1917,0.018714200002420966,0.2094393527616273,59.828148952773965
1918,1918,0.01872352900244323,0.20943935137851072,59.82815446096594
1919,1919,0.018732421002482624,0.2094393500017156,59.82815995696561
1920,1920,0.018741716002466546,0.209439348631213,59.82816544079898
1921,1921,0.018750642002430595,0.20943934726697422,59.82817091249203
1922,1922,0.01875944300240917,0.20943934590897073,59.82817637207067
1923,1923,0.0187679790024049,0.2094393445571738,59.82818181956078
1924,1924,0.018776835002370262,0.20943934321155516,59.82818725498818
1925,1925,0.018785251002384484,0.20943934187208668,59.82819267837863
1926,1926,0.01879742100237536,0.2094393405387401,59.82819808975784
1927,1927,0.01880679800234475,0.20943933921148758,59.82820348915149
1928,1928,0.018824954002298,0.209439337890301,59.82820887658521
1929,1929,0.018836204002298018,0.209439336575153,59.828214252084535
1930,1930,0.018848499002274366,0.2094393352660157,59.828219615675
1931,1931,0.018858014002319123,0.20943933396286182,59.828224967382056
1932,1932,0.018867253002326834,0.20943933266566392,59.82823030723115
1933,1933,0.018876159002275017,0.20943933137439474,59.828235635247616
1934,1934,0.018892236002272966,0.20943933008902724,59.828240951456785
1935,1935,0.018901776002280712,0.20943932880953448,59.82824625588391
1936,1936,0.018910954002308245,0.20943932753588954,59.82825154855422
1937,1937,0.01891974700231458,0.20943932626806563,59.82825682949288
1938,1938,0.01892865700233415,0.20943932500603638,59.82826209872499
1939,1939,0.018937421002362953,0.20943932374977506,59.828267356275646
1940,1940,0.01894596600237719,0.20943932249925545,59.82827260216984
1941,1941,0.018961729002342054,0.20943932125445128,59.82827783643254
1942,1942,0.01897260000237111,0.20943932001533638,59.82828305908869
1943,1943,0.01898131400236025,0.20943931878188474,59.82828827016313
1944,1944,0.018989876002365236,0.20943931755407064,59.8282934696807
1945,1945,0.01899870700236761,0.20943931633186808,59.82829865766616
1946,1946,0.019007065002369927,0.20943931511525155,59.82830383414423
1947,1947,0.019015799002374933,0.20943931390419557,59.828308999139594
1948,1948,0.019024565002382587,0.20943931269867455,59.82831415267687
1949,1949,0.0190481420023616,0.20943931149866332,59.828319294780634
1950,1950,0.019058590002316578,0.2094393103041367,59.82832442547541
1951,1951,0.019067968002332236,0.20943930911506956,59.82832954478569
1952,1952,0.019077334002361113,0.20943930793143697,59.82833465273587
1953,1953,0.019086971002366226,0.20943930675321412,59.82833974935036
1954,1954,0.01909647400236736,0.2094393055803763,59.8283448346535
1955,1955,0.019105644002365807,0.20943930441289885,59.82834990866954
1956,1956,0.01911432800233115,0.20943930325075724,59.82835497142274
1957,1957,0.019123259002299164,0.2094393020939272,59.82836002293729
1958,1958,0.019132150002292292,0.20943930094238433,59.82836506323731
1959,1959,0.019140776002302573,0.2094392997961045,59.82837009234691
1960,1960,0.019149226002298292,0.20943929865506372,59.82837511029012
1961,1961,0.019157656002278145,0.209439297519238,59.828380117090944
1962,1962,0.01916613900232278,0.2094392963886035,59.828385112773326
1963,1963,0.0191801440022914,0.20943929526313648,59.82839009736117
1964,1964,0.01918945000227268,0.2094392941428134,59.82839507087833
1965,1965,0.019198262002305455,0.20943929302761063,59.8284000333486
1966,1966,0.01920712700234617,0.2094392919175048,59.828404984795746
1967,1967,0.019216750002385652,0.20943929081247276,59.82840992524348
1968,1968,0.01922573400241845,0.20943928971249112,59.828414854715454
1969,1969,0.0192460250024169,0.20943928861753683,59.8284197732353
1970,1970,0.019255578002400853,0.20943928752758703,59.828424680826565
1971,1971,0.01926459100241118,0.20943928644261878,59.828429577512786
1972,1972,0.019273609002425474,0.20943928536260928,59.828434463317436
1973,1973,0.019282697002438454,0.20943928428753594,59.82843933826393
1974,1974,0.019291550002435542,0.20943928321737612,59.82844420237566
1975,1975,0.019299991002469596,0.20943928215210741,59.828449055675954
1976,1976,0.019308768002474608,0.20943928109170748,59.828453898188094
1977,1977,0.01931749400245053,0.209439280036154,59.828458729935335
1978,1978,0.019326069002431723,0.20943927898542497,59.82846355094086
1979,1979,0.01933472100245126,0.20943927793949815,59.828468361227806
1980,1980,0.019348957002478073,0.20943927689835168,59.8284731608193
1981,1981,0.019358250002483146,0.20943927586196365,59.82847794973837
1982,1982,0.01936693000249079,0.20943927483031238,59.82848272800803
1983,1983,0.019375683002465394,0.20943927380337632,59.82848749565125
1984,1984,0.01939354100250057,0.20943927278113378,59.82849225269094
1985,1985,0.019404049002503143,0.20943927176356328,59.82849699914997
1986,1986,0.01941314000254124,0.20943927075064356,59.82850173505117
1987,1987,0.019422137002550244,0.2094392697423533,59.8285064604173
1988,1988,0.01943104500253412,0.2094392687386714,59.8285111752711
1989,1989,0.019439616002557614,0.2094392677395768,59.82851587963527
1990,1990,0.01944833300257187,0.20943926674504845,59.828520573532444
1991,1991,0.019456801002604607,0.20943926575506555,59.828525256985195
1992,1992,0.01946541000262414,0.20943926476960728,59.8285299300161
1993,1993,0.019474023002658214,0.20943926378865305,59.82853459264765
1994,1994,0.019482664002680394,0.20943926281218211,59.8285392449023
1995,1995,0.019491292002669525,0.2094392618401742,59.82854388680247
1996,1996,0.019500057002687754,0.20943926087260872,59.828548518370525
1997,1997,0.01950866900267556,0.2094392599094655,59.828553139628795
1998,1998,0.01951722600267658,0.2094392589507242,59.82855775059955
1999,1999,0.019525960002681586,0.2094392579963648,59.82856235130502
2000,2000,0.019534377002685233,0.20943925704636726,59.82856694176739
