epoch,updates,time,train_loss,val_rmse
1,1,5.508800001052805e-05,0.2840209392356212,63.27180804243825
2,2,7.293800001662021e-05,0.2318496655089615,59.06773513912881
3,3,8.805200002370839e-05,0.21885675176628386,58.76671984594742
4,4,0.0001017779999870072,0.21484544040888032,58.4803681548999
5,5,0.0001144389999581108,0.2135362464022382,58.63379083863281
6,6,0.0001264299999661489,0.21297445823233627,58.62375633541095
7,7,0.00017096299995955633,0.21270301517303103,58.72781793704493
8,8,0.0001858289999745466,0.2125118277203235,58.73262654805669
9,9,0.00019896399999197456,0.21236796786507445,58.817694202224395
10,10,0.00021117799997227849,0.21224340849623965,58.827958259263866
11,11,0.00022315199998956814,0.21213386910983284,58.90489606214946
12,12,0.00023493799994867004,0.21203438122310614,58.91674115687081
13,13,0.0002464939999526905,0.21194364479709027,58.98702480211166
14,14,0.00027009799998722883,0.21186011535001803,58.99743386556632
15,15,0.0002874569999562482,0.21178310146737786,59.061877806853694
16,16,0.00029979399994317646,0.21171181423648983,59.07043950704141
17,17,0.00031174599996575125,0.21164576835221222,59.12976456751738
18,18,0.0003234429999565691,0.21158441590408197,59.13674307710078
19,19,0.0003396439999505674,0.2115273797191592,59.19154147509101
20,20,0.0003515619999916453,0.21147422730037363,59.19717187463157
21,21,0.00036347299999306415,0.21142465620124717,59.247935623603034
22,22,0.00037521699999842895,0.21137831017393402,59.252347985087965
23,23,0.00038654799999449097,0.21133494466560132,59.29949833893628
24,24,0.00039804799996545626,0.21129426231608206,59.3027538057702
25,25,0.0004187739999679252,0.21125606508839978,59.34666118168266
26,26,0.00043124799998395247,0.21122010371469557,59.34878885681264
27,27,0.0004430810000144447,0.21118621788683792,59.389784201352505
28,28,0.00045448500003431036,0.2111541983387538,59.390802574275604
29,29,0.00046598500000527565,0.21112391539904238,59.42918390444699
30,30,0.00047772400000667403,0.2110951932914017,59.42911141925372
31,31,0.0004894480000530166,0.21106792718967146,59.465147807925014
32,32,0.000501407000058407,0.21104196943667572,59.46400734766823
33,33,0.0005131950001100449,0.21101723531537717,59.49794164942081
34,34,0.0005247740001550483,0.21099360081675028,59.495761994135286
35,35,0.0005360790001418536,0.2109709974669382,59.52781296502568
36,36,0.0005475720001300033,0.2109493211644258,59.52462882476272
37,37,0.0005590320001260807,0.21092851653215092,59.55499296130326
38,38,0.0006022680000796754,0.21090849623507157,59.55084437825413
39,39,0.0006196400000817448,0.21088921544055947,59.57969762838169
40,40,0.0006331650000674927,0.21087060093459672,59.57462912272605
41,41,0.0006456470001126036,0.2108526163652741,59.602128534284724
42,42,0.0006580380000968944,0.21083520040626455,59.59618816821072
43,43,0.0006699800001115364,0.21081832352280577,59.62247349577503
44,44,0.000681752000105007,0.21080193438775316,59.61571193823541
45,45,0.00069370000011304,0.21078600894596128,59.640907206914406
46,46,0.0007056090001356097,0.21077050427121,59.63337684138739
47,47,0.0007173480001370081,0.21075540071477344,59.65759185622262
48,48,0.0007703730001367148,0.2107406623986921,59.64934595594928
49,49,0.0007896040001469373,0.21072627322075718,59.67267774238283
50,50,0.0008104150001599919,0.21071220320724962,59.663769728651275
51,51,0.0008260600001790408,0.21069843911397676,59.68630389032108
52,52,0.0008387790002188922,0.21068495590514413,59.67678668348133
53,53,0.0008649100002457999,0.21067174264335095,59.69859866647725
54,54,0.0008798140002568289,0.2106587784159221,59.68852413441335
55,55,0.0008923790002768328,0.2106460541507029,59.70968039089899
56,56,0.0009042360002808891,0.21063355237247325,59.69909889522058
57,57,0.00091628900025853,0.21062126552027413,59.71965794320124
58,58,0.0009279990002255545,0.2106091789806001,59.708617979580616
59,59,0.0009394360002374924,0.21059728641939568,59.72863135909057
60,60,0.0009697150002239141,0.21058557560249455,59.7171792851711
61,61,0.0009840040002018213,0.21057404119408124,59.73669241400477
62,62,0.000996387000213872,0.21056267293604689,59.72487225624454
63,63,0.001016710000214971,0.21055146630655072,59.74392519048126
64,64,0.0010305050001875316,0.21054041268707127,59.73177852013777
65,65,0.0010532200001875935,0.21052950822096442,59.750406626130754
66,66,0.001068776000181515,0.2105187456490964,59.73797249421111
67,67,0.001081526000177746,0.21050812165965688,59.756207039520504
68,68,0.0010939580001831928,0.2104976301199576,59.743521960739564
69,69,0.001115742000138198,0.21048726816545962,59.76139063180346
70,70,0.001131116000124166,0.2104770305965587,59.7484886082306
71,71,0.0011606230001461881,0.2104669149167588,59.76601596250994
72,72,0.0011818890001222826,0.2104569166992477,59.75292853847835
73,73,0.001199367000140228,0.2104470337511205,59.770136398493044
74,74,0.0012119980001443764,0.21043726228563112,59.756892739366336
75,75,0.0012243460001855055,0.21042760036094893,59.773800535553335
76,76,0.0012510000001952903,0.210418044720602,59.760427523994224
77,77,0.001268138000170893,0.21040859363097705,59.7770525927378
78,78,0.001280922000148621,0.21039924427513024,59.76357493713734
79,79,0.001293173000135539,0.21038999509264203,59.779932779702264
80,80,0.0013199700001678139,0.21038084363114395,59.766373130364904
81,81,0.0013329270001918303,0.21037178847475085,59.78247763784224
82,82,0.0013493900002004011,0.21036282747379506,59.768856707360435
83,83,0.001373933000195393,0.21035395933344483,59.784720356139886
84,84,0.0013863260001585331,0.21034518215567696,59.771057041123456
85,85,0.001408291000132067,0.2103364947474521,59.786691062850316
86,86,0.0014222330001416594,0.21032789542027455,59.77300256480156
87,87,0.0014349460001881198,0.21031938306707962,59.78841709426916
88,88,0.0014537490001771403,0.21031095617416376,59.77471903792091
89,89,0.0014664380001931931,0.21030261370743145,59.789923241893874
90,90,0.0014788620001695563,0.2102943542993264,59.776229789764216
91,91,0.0014907340001286684,0.21028617697801708,59.791231979323435
92,92,0.0015135000001009757,0.2102780804984716,59.77755594159725
93,93,0.0015281480001476666,0.21027006394229947,59.792363670242544
94,94,0.0015519010001412425,0.21026212616751025,59.77871660937851
95,95,0.0015659850001839004,0.2102542663018729,59.79333675881489
96,96,0.0015782050002144388,0.21024648329036635,59.779729088506265
97,97,0.001589990000184116,0.21023877630090138,59.79416794377072
98,98,0.001601467000170942,0.21023114435216306,59.78060902206914
99,99,0.0016234300001656266,0.21022358664722265,59.794872337423094
100,100,0.0016406860002007306,0.2102161022675215,59.78137055397502
101,101,0.0016642470002352638,0.210208690447161,59.79546361078722
102,102,0.0016920450002544385,0.21020135032129275,59.78202646823965
103,103,0.0017093870002327094,0.21019408115161636,59.79595412591294
104,104,0.00173491700024897,0.21018688211951567,59.782588315624736
105,105,0.0017486810002083075,0.21017975251142998,59.79635505647294
106,106,0.0017743440002391253,0.21017269154878793,59.783066528726366
107,107,0.0017979240001864127,0.21016569854038156,59.79667649758129
108,108,0.001829991000136033,0.21015877274255843,59.783470526528525
109,109,0.001853335000134848,0.210151913484465,59.796927565749556
110,110,0.0018687580001142123,0.21014512005311567,59.78380880935594
111,111,0.0018820290001144713,0.21013839179633162,59.79711648982224
112,112,0.0019057320001252265,0.21013172802826213,59.78408904508337
113,113,0.0019265410001025884,0.21012512811398615,59.79725069366959
114,114,0.0019415250001202367,0.21011859139184774,59.784318147387054
115,115,0.001957100000140599,0.2101121172429834,59.797336871356435
116,116,0.0020150300001091637,0.21010570502747952,59.784502346757506
117,117,0.0020314180001150817,0.21009935414150838,59.797381055447495
118,118,0.002056192000111423,0.21009306396484786,59.7846472549304
119,119,0.0020704450001289842,0.21008683390783164,59.797388679057065
120,120,0.0020863410001652483,0.21008066336820855,59.784757923335604
121,121,0.002113422000149967,0.21007455176972123,59.79736463220001
122,122,0.002128763000143863,0.21006849852664172,59.784838896111204
123,123,0.0021427720001270245,0.21006250307546953,59.79731331295447
124,124,0.0021791880001273967,0.2100565648457767,59.784894258181296
125,125,0.0021941160001119897,0.21005068328625096,59.797238673903514
126,126,0.0022109040000941604,0.21004485784072643,59.78492767885114
127,127,0.0022275400000921763,0.21003908796957949,59.79714426428217
128,128,0.0022399970000606118,0.2100333731300213,59.78494245133334
129,129,0.002252448000035656,0.2100277127936745,59.79703326821995
130,130,0.00226464100001067,0.21002210643036873,59.784941528580454
131,131,0.0022764279999591963,0.21001655352257817,59.79690853943426
132,132,0.0022880519999262106,0.2100110535520968,59.78492755576613
133,133,0.0022997279999685816,0.2100056060118955,59.79677263269878
134,134,0.002341038999986722,0.21000021039516442,59.78490289972515
135,135,0.0023565969999594927,0.20999486620505012,59.79662783238246
136,136,0.0023698819999822263,0.20998957294564224,59.78486967563464
137,137,0.0023831519999930606,0.2099843301299692,59.796476178327794
138,138,0.0023957719999998517,0.20997913727258352,59.784829771192975
139,139,0.0024080240000330377,0.20997399389612545,59.796319489313426
140,140,0.0024271540000313507,0.2099688995252224,59.784784868528774
141,141,0.0024395480000407588,0.2099638536918763,59.79615938432366
142,142,0.0024513210000804975,0.20995885593044328,59.784736464051726
143,143,0.0024631630000726545,0.20995390578205342,59.7959973018274
144,144,0.0024744950001149846,0.2099490027904787,59.7846858864368
145,145,0.0024863130001335776,0.209944146505759,59.795834517250796
146,146,0.0024977130001389014,0.2099393364807987,59.78463431291602
147,147,0.0025200290001521353,0.20993457227434048,59.79567215881073
148,148,0.0025430620001429816,0.20992985344816179,59.78458278403573
149,149,0.00255791100011038,0.20992517956951204,59.79551122186137
150,150,0.002572318000090945,0.20992055020880257,59.78453221702275
151,151,0.0025842610000950117,0.20991596494160292,59.795352581891684
152,152,0.0026168490001055034,0.2099114233467364,59.78448341788929
153,153,0.0026335580000704795,0.209906925007914,59.79519700629955
154,154,0.002646932000061497,0.2099024695121633,59.784437092394725
155,155,0.0026840080000738453,0.20989805645116538,59.795045165056116
156,156,0.0026971670000648373,0.2098936854199573,59.78439385597096
157,157,0.002709388000027957,0.20988935601802508,59.79489764036389
158,158,0.002721184000051835,0.2098850678482309,59.78435424270868
159,159,0.002733296000030805,0.20988082051770593,59.79475493540247
160,160,0.0027450800000110576,0.2098766136369631,59.7843187134921
161,161,0.002756811999972797,0.20987244682062392,59.794617482246714
162,162,0.002768867999975555,0.20986831968668485,59.784287663362264
163,163,0.0027810349999981554,0.20986423185710856,59.794485649035074
164,164,0.0027926139999863153,0.20986018295721504,59.78426142818109
165,165,0.0028042550000009214,0.2098561726161623,59.794359746457765
166,166,0.002815966000014214,0.2098522004664404,59.7842402906617
167,167,0.0028276240000195685,0.20984826614426105,59.794240033628675
168,168,0.0028388220000010733,0.20984436928913613,59.78422448582458
169,169,0.002854328000012174,0.2098405095441931,59.79412672339847
170,170,0.0028663420000043516,0.2098366865558229,59.784214205933296
171,171,0.0028779560000202764,0.2098328999739337,59.794019987161334
172,172,0.0029018520000363424,0.20982914945165695,59.78420960495886
173,173,0.0029159649999996873,0.20982543464555026,59.79391995920279
174,174,0.0029282549999720686,0.20982175521535085,59.78421080261683
175,175,0.0029402279999999337,0.2098181108241374,59.79382674063148
176,176,0.002952077999964331,0.20981450113812214,59.78421788801738
177,177,0.0029634389999841915,0.2098109258267793,59.793740402934226
178,178,0.0029748429999472137,0.20980738456266895,59.784230922964696
179,179,0.0029862529999604703,0.20980387702153774,59.79366099118944
180,180,0.003004280999959974,0.20980040288216967,59.784249944938736
181,181,0.0030252379999637924,0.20979696182646357,59.79358852697108
182,182,0.0030430899999487337,0.20979355353930607,59.78427496978918
183,183,0.0030584689999386683,0.20979017770863093,59.79352301097238
184,184,0.003071296999905826,0.2097868340253091,59.784305994168804
185,185,0.003083616999958849,0.2097835221831935,59.793464425375475
186,186,0.0031133549999822208,0.20978024187902441,59.78434299773057
187,187,0.0031288629999721707,0.20977699281246096,59.793412735991
188,188,0.0031412389999445622,0.20977377468599948,59.784385945111005
189,189,0.003153081999926144,0.20977058720499484,59.79336789418925
190,190,0.00316491799992491,0.20976743007758877,59.78443478771991
191,191,0.003176716999917062,0.20976430301472357,59.79332983864267
192,192,0.0031952089998981137,0.20976120573007837,59.78448946535452
193,193,0.0032242929999029,0.20975813794007617,59.79329849689728
194,194,0.0032377369998926042,0.20975509936382788,59.784549907655084
195,195,0.003267154999889499,0.20975208972313303,59.793273786789314
196,196,0.0032803039999294015,0.20974910874243022,59.78461603541639
197,197,0.003292405999957282,0.20974615614879358,59.793255617721776
198,198,0.0033135449999690536,0.20974323167188777,59.784687761769284
199,199,0.0033266859999798726,0.2097403350439613,59.79324389181393
200,200,0.0033393719999708082,0.20973746599980528,59.78476499324425
201,201,0.0033515210000132356,0.20973462427674427,59.79323850493598
202,202,0.003373720000013236,0.20973180961459842,59.78484763072826
203,203,0.0033940980000579657,0.20972902175567193,59.793239347639705
204,204,0.0034065390000819207,0.20972626044471804,59.784935570325175
205,205,0.0034184370000502895,0.2097235254289261,59.79324630599499
206,206,0.003438945000084459,0.20972081645788912,59.785028704128614
207,207,0.0034525670000675746,0.20971813328358865,59.7932592623411
208,208,0.0034675030000812512,0.2097154756603651,59.78512692091593
209,209,0.0034848810000767116,0.20971284334490173,59.793278095960915
210,210,0.003497612000103345,0.2097102360961962,59.78523010677047
211,211,0.003509774000121979,0.2097076536755441,59.7933026836854
212,212,0.003528635000122904,0.20970509584651195,59.785338145639265
213,213,0.003546562000110498,0.20970256237492013,59.79333290043501
214,214,0.0035608700001148463,0.2097000530288174,59.78545091983211
215,215,0.003572970000107034,0.20969756757846306,59.79336861970397
216,216,0.0035849840000992117,0.20969510579630304,59.78556831046774
217,217,0.0035965110001257017,0.2096926674569515,59.79340971399307
218,218,0.003615637000109473,0.20969025233716782,59.78569019787222
219,219,0.0036305180001363624,0.20968786021583857,59.79345605519574
220,220,0.003643695000164371,0.20968549087395502,59.785816461933976
221,221,0.0036560710001367624,0.2096831440945948,59.79350751494197
222,222,0.0036678020001659206,0.20968081966290084,59.785946982419816
223,223,0.003690391000134241,0.20967851736606258,59.79356396490417
224,224,0.0037029890001463173,0.20967623699329557,59.7860816392557
225,225,0.003726569000150448,0.2096739783358233,59.7936252770686
226,226,0.0037389550001307725,0.2096717411868567,59.78622031277545
227,227,0.0037507640001308573,0.2096695253415768,59.79369132397572
228,228,0.003762654000126986,0.2096673305971142,59.78636288394085
229,229,0.003774137000164046,0.2096651567525321,59.79376197893252
230,230,0.003794160000154534,0.2096630036088069,59.78650923453566
231,231,0.0038143920001516562,0.20966087096881036,59.793837116199406
232,232,0.0038321160001828503,0.20965875863729147,59.78665924733618
233,233,0.003847907000192663,0.20965666642085842,59.79391661115441
234,234,0.0038612140002101114,0.20965459412796125,59.78681280626069
235,235,0.0038760680001814762,0.20965254156887408,59.794000340436675
236,236,0.003891032000183259,0.2096505085556775,59.786969796499825
237,237,0.003928372000189029,0.20964849490224194,59.794088182071405
238,238,0.0039462950002189245,0.20964650042421007,59.78713010462977
239,239,0.003960339000173008,0.20964452493898036,59.79418001557813
240,240,0.003972955000165257,0.20964256826569003,59.78729361870991
241,241,0.003985009000189166,0.20964063022519852,59.79427572206376
242,242,0.003996779000203787,0.20963871064007136,59.7874602283667
243,243,0.004020758000194746,0.20963680933456372,59.7943751843023
244,244,0.004036419000215119,0.20963492613460422,59.787629824864844
245,245,0.004049000000236447,0.2096330608677793,59.79447828680213
246,246,0.004066214000204127,0.20963121336331714,59.78780230116731
247,247,0.004082912000228589,0.20962938345207205,59.794584915862586
248,248,0.00410476300027085,0.20962757096650922,59.78797755198518
249,249,0.004118215000289638,0.20962577574068933,59.79469495962041
250,250,0.004130643000280543,0.20962399761025277,59.78815547381846
251,251,0.004150092000259065,0.20962223641240568,59.79480830808762
252,252,0.004180312000244157,0.20962049198590413,59.788335964988704
253,253,0.0041983040002264715,0.2096187641710397,59.794924853181314
254,254,0.004228475000218168,0.2096170528096247,59.788518925664356
255,255,0.004243572000234508,0.20961535774497822,59.79504448874645
256,256,0.004273187000251255,0.20961367882191095,59.78870425787959
257,257,0.004287661000205389,0.20961201588671166,59.79516711057229
258,258,0.004300789000240002,0.2096103687871326,59.78889186554724
259,259,0.004324245000248084,0.20960873737237615,59.795292616403096
260,260,0.0043387500002722845,0.20960712149308056,59.789081654466656
261,261,0.0043700480002826225,0.2096055210013064,59.79542090594393
262,262,0.004383461000315947,0.209603935750523,59.78927353232677
263,263,0.0043954930002882975,0.209602365595595,59.79555188086178
264,264,0.004411988000299516,0.20960081039276923,59.789467408705136
265,265,0.004424315000335355,0.20959926999966155,59.795685444782855
266,266,0.004443017000312466,0.2095977442752434,59.78966319506329
267,267,0.004455272000313926,0.2095962330798295,59.79582150328618
268,268,0.004467464000299515,0.20959473627506445,59.7898608047388
269,269,0.004479581000339294,0.20959325372391055,59.79595996389414
270,270,0.004495149000319998,0.20959178529063507,59.790060152934565
271,271,0.004509677000328338,0.20959033084079787,59.796100736060275
272,272,0.004521971000315261,0.2095888902412389,59.79026115670544
273,273,0.004534357000295586,0.20958746336006623,59.79624373115456
274,274,0.0045462250002969995,0.20958605006664371,59.79046373494279
275,275,0.004558062000342034,0.20958465023157957,59.796388862446584
276,276,0.004573332000347818,0.20958326372671404,59.79066780835696
277,277,0.004613382000400179,0.2095818904251077,59.79653604508687
278,278,0.004634296000403992,0.20958053020102982,59.79087329945816
279,279,0.0046484000004056725,0.20957918292994723,59.79668519608653
280,280,0.004667273000450223,0.20957784848851255,59.791080132535875
281,281,0.004680122000479514,0.20957652675455302,59.796836234295554
282,282,0.004694931000472025,0.20957521760705916,59.79128823363689
283,283,0.004724019000491353,0.20957392092617397,59.79698908037994
284,284,0.00473774600050092,0.20957263659318184,59.7914975305424
285,285,0.004768300000478121,0.20957136449049754,59.79714365679759
286,286,0.004781283000511394,0.20957010450165556,59.79170795274407
287,287,0.004793558000528719,0.2095688565112995,59.797299887773605
288,288,0.004814180000551005,0.20956762040517155,59.791919431419416
289,289,0.004826798000522103,0.20956639607010183,59.79745769927465
290,290,0.004844082000545313,0.2095651833939982,59.79213189940648
291,291,0.004857377000519136,0.20956398226583584,59.79761701898283
292,292,0.0048724970005196155,0.20956279257564736,59.79234529117802
293,293,0.0048851270005343395,0.20956161421451241,59.797777776269015
294,294,0.004913314000532409,0.20956044707454782,59.792559542815304
295,295,0.0049275720004970935,0.20955929104889792,59.797939902165844
296,296,0.004939830000523671,0.20955814603172448,59.79277459198156
297,297,0.004951625000558124,0.2095570119181972,59.79810332934041
298,298,0.004968181000549521,0.20955588860448404,59.79299037789515
299,299,0.0049809630005484,0.20955477598774158,59.798267992066734
300,300,0.004992594000555073,0.2095536739661059,59.79320684130275
301,301,0.005011088000514974,0.2095525824386832,59.798433826198185
302,302,0.005024832000515289,0.20955150130554012,59.79342392445223
303,303,0.005037481000499611,0.20955043046769525,59.7986007691397
304,304,0.005054000000484393,0.20954936982710967,59.79364157106568
305,305,0.00506637500046736,0.20954831928667783,59.79876875982016
306,306,0.0050784270004555765,0.20954727875021922,59.79385972631237
307,307,0.0050902690004477336,0.2095462481224691,59.79893773866466
308,308,0.005101967000427976,0.20954522730906983,59.79407833678186
309,309,0.005113433000474288,0.20954421621656236,59.799107647567034
310,310,0.005125957000473136,0.20954321475237767,59.79429735045711
311,311,0.005137734000470573,0.20954222282482823,59.79927842986237
312,312,0.005149214000482516,0.20954124034309948,59.794516716687916
313,313,0.005160566000483868,0.2095402672172419,59.799450030299816
314,314,0.005183327000452209,0.20953930335816234,59.79473638616437
315,315,0.0052059640004813446,0.2095383486776162,59.79962239501551
316,316,0.005218285000523792,0.20953740308819901,59.79495631089066
317,317,0.005230326000514651,0.20953646650333888,59.79979547150578
318,318,0.005249141000490454,0.209535538837288,59.795176444159054
319,319,0.005271464000486503,0.2095346200051155,59.79996920860061
320,320,0.005286159000490898,0.209533709922699,59.79539674052415
321,321,0.005298062000463233,0.2095328085067172,59.80014355643736
322,322,0.005322257000443642,0.2095319156746424,59.79561715577746
323,323,0.0053394510004523,0.2095310313447326,59.80031846643481
324,324,0.0053553600004647706,0.20953015543602438,59.79583764692224
325,325,0.005368266000459698,0.20952928786832523,59.80049389126748
326,326,0.005380275000447909,0.20952842856220627,59.79605817214866
327,327,0.005392423000444069,0.209527577438995,59.80066978484032
328,328,0.005411506000484678,0.2095267344207681,59.79627869080934
329,329,0.0054300220004961375,0.20952589943034436,59.80084610226374
330,330,0.005445595000537651,0.20952507239127743,59.79649916339514
331,331,0.005458471000565623,0.2095242532278489,59.80102279982893
332,332,0.005474334000552972,0.2095234418650617,59.79671955151138
333,333,0.0054869200005214225,0.20952263822863257,59.80119983498358
334,334,0.005511912000542907,0.2095218422449858,59.796939817854344
335,335,0.005524560000537804,0.20952105384124634,59.80137716630798
336,336,0.005544631000532263,0.209520272945233,59.797159926188236
337,337,0.005559615000549911,0.20951949948545204,59.80155475349147
338,338,0.005590414000550936,0.20951873339109053,59.79737984132239
339,339,0.005610683000554673,0.2095179745920099,59.8017325573092
340,340,0.005626950000589659,0.20951722301873937,59.79759952908892
341,341,0.005639633000555477,0.2095164786024698,59.80191053959941
342,342,0.00565209800060984,0.2095157412750472,59.79781895632073
343,343,0.005663997000567633,0.20951501096896674,59.80208866324089
344,344,0.005675424000571638,0.2095142876173663,59.798038090829834
345,345,0.0056872370005294215,0.2095135711540205,59.80226689213098
346,346,0.0056992680005123475,0.20951286151333468,59.79825690138617
347,347,0.0057107230005044585,0.20951215863033867,59.80244519116388
348,348,0.005726035000520824,0.20951146244068106,59.79847535769662
349,349,0.00574579400051789,0.2095107728806234,59.80262352620937
350,350,0.005761563000532988,0.20951008988703387,59.79869343038452
351,351,0.0057875590005096456,0.20950941339738205,59.80280186409179
352,352,0.005802420000520669,0.20950874334973305,59.79891109096953
353,353,0.005825626000557804,0.20950807968274154,59.802980172569555
354,354,0.005842591000543962,0.2095074223356465,59.799128311847774
355,355,0.005865557000561239,0.20950677124826564,59.80315842031493
356,356,0.005880259000548449,0.20950612636098948,59.799345066272465
357,357,0.00589271500052746,0.20950548761477636,59.803336576894196
358,358,0.005904613000552672,0.20950485495114685,59.799561328334796
359,359,0.005916651000575257,0.2095042283121783,59.803514612748224
360,360,0.005928710000546289,0.20950360764049988,59.7997770729452
361,361,0.005940790000522611,0.20950299287928678,59.803692499173344
362,362,0.005952339000543816,0.2095023839722555,59.799992275815036
363,363,0.005975878000583634,0.20950178086365845,59.80387020830259
364,364,0.005995425000605792,0.209501183498279,59.80020691343854
365,365,0.0060485380006412015,0.20950059182142614,59.804047713087314
366,366,0.006067773000665966,0.2095000057789299,59.8004209630751
367,367,0.006081406000703282,0.20949942531713603,59.80422498727919
368,368,0.006093979000695526,0.20949885038290111,59.80063440273202
369,369,0.006106377000719476,0.2094982809235879,59.804402005412435
370,370,0.006131485000707926,0.20949771688706062,59.80084721114745
371,371,0.006144811000694972,0.20949715822167947,59.80457874278651
372,372,0.0061569270006884835,0.20949660487629682,59.801059367773696
373,373,0.006168669000714999,0.209496056800252,59.80475517544907
374,374,0.006180472000721693,0.20949551394336666,59.80127085276095
375,375,0.006216495000728628,0.20949497625594024,59.80493128017926
376,376,0.006235334000734838,0.20949444368874579,59.80148164694119
377,377,0.00624896900069416,0.2094939161930248,59.80510703447139
378,378,0.006274253000697172,0.20949339372048326,59.801691731812525
379,379,0.006287249000706652,0.20949287622328694,59.805282416518814
380,380,0.006299573000717373,0.20949236365405705,59.80190108952377
381,381,0.0063158210007259186,0.20949185596586625,59.80545740519828
382,382,0.006328236000740617,0.2094913531122338,59.80210970285938
383,383,0.006344756000714824,0.20949085504712178,59.805631980054436
384,384,0.006370185000719175,0.2094903617249305,59.80231755522466
385,385,0.0063847900007090175,0.2094898731004946,59.80580612128479
386,386,0.006408904000750226,0.2094893891290788,59.80252463063127
387,387,0.006421296000780785,0.20948890976637397,59.8059798097248
388,388,0.0064361520007878426,0.2094884349684925,59.802730913682986
389,389,0.006454109000742392,0.20948796469196518,59.80615302683345
390,390,0.00646862500076395,0.2094874988937365,59.80293638956191
391,391,0.006486795000796519,0.209487037531161,59.806325754678966
392,392,0.0065131530008102345,0.20948658056199923,59.803141044014694
393,393,0.006527531000813269,0.2094861279444142,59.80649797592486
394,394,0.0065567080008008816,0.20948567963696713,59.80334486333932
395,395,0.006569908000756186,0.20948523559861387,59.80666967381636
396,396,0.006585759000756752,0.2094847957887013,59.80354783437194
397,397,0.006622952000782334,0.209484360166963,59.80684083216689
398,398,0.006641374000764699,0.20948392869351656,59.8037499444741
399,399,0.006658205000803719,0.2094835013288589,59.80701143534509
400,400,0.006691667000779944,0.20948307803386335,59.8039511815202
401,401,0.006706795000752663,0.20948265876977584,59.80718146826186
402,402,0.006723189000751972,0.20948224349821107,59.80415153388516
403,403,0.00675168100076462,0.20948183218114966,59.80735091635785
404,404,0.006765491000805923,0.209481424780934,59.804350990432475
405,405,0.006778092000843117,0.20948102126026527,59.80751976559108
406,406,0.00679706400080704,0.2094806215821996,59.80454954050233
407,407,0.006809711000812513,0.20948022571014524,59.80768800242493
408,408,0.006827777000808055,0.20947983360785852,59.804747173900125
409,409,0.006847807000838202,0.20947944523944123,59.80785561381619
410,410,0.006863169000837388,0.20947906056933685,59.80494388088518
411,411,0.00687912600085383,0.20947867956232746,59.80802258720362
412,412,0.0068998510008668745,0.2094783021835306,59.805139652159596
413,413,0.006914394000830271,0.20947792839839582,59.80818891049648
414,414,0.00693045000082293,0.2094775581727019,59.80533447885752
415,415,0.006942788000799283,0.2094771914725533,59.8083545720635
416,416,0.006957611000814268,0.20947682826437733,59.805528352534445
417,417,0.006969846000799862,0.20947646851492108,59.808519560721976
418,418,0.006981623000797299,0.20947611219124815,59.80572126515688
419,419,0.006993630000806661,0.20947575926073592,59.80868386572703
420,420,0.0070203280008058755,0.20947540969107226,59.8059132090922
421,421,0.007036886000776121,0.20947506345025294,59.80884747676131
422,422,0.007050188000789603,0.20947472050657842,59.806104177098604
423,423,0.007065624000802018,0.20947438082865097,59.80901038392465
424,424,0.007085261000838727,0.20947404438537182,59.80629416231547
425,425,0.007100525000851121,0.20947371114593852,59.80917257772414
426,426,0.007113240000819587,0.20947338107984173,59.806483158253755
427,427,0.007150998000781783,0.20947305415686288,59.80933404906427
428,428,0.007175033000748954,0.20947273034707084,59.8066711587867
429,429,0.0071909480007548154,0.20947240962081978,59.80949478923736
430,430,0.007206301000735493,0.20947209194874625,59.80685815814065
431,431,0.00723078000072519,0.20947177730176592,59.80965478991419
432,432,0.007244172000753224,0.20947146565107208,59.80704415088612
433,433,0.007258875000729859,0.20947115696813182,59.80981404313471
434,434,0.007287055000745113,0.20947085122468423,59.80722913192907
435,435,0.007300982000742806,0.2094705483927374,59.80997254129916
436,436,0.007317813000781825,0.20947024844456588,59.80741309650231
437,437,0.007347102000778705,0.20946995135270857,59.810130277159146
438,438,0.007360879000771092,0.2094696570899656,59.80759604015711
439,439,0.007405924000750019,0.2094693656293961,59.81028724380907
440,440,0.007439416000750043,0.20946907694431594,59.807777958755025
441,441,0.00745419600070818,0.20946879100829494,59.81044343467767
442,442,0.00747264500074607,0.2094685077951547,59.807958848459826
443,443,0.0074855320007145565,0.20946822727896597,59.81059884351972
444,444,0.007514852000724659,0.20946794943404662,59.808138705729654
445,445,0.007529376000718457,0.20946767423495893,59.81075346440796
446,446,0.00754490700074939,0.20946740165650737,59.80831752730935
447,447,0.007573413000784512,0.20946713167373657,59.810907291725165
448,448,0.007593898000777699,0.20946686426192865,59.80849531022291
449,449,0.007608592000792669,0.209466599396601,59.81106032015638
450,450,0.007633342000758603,0.20946633705350443,59.80867205176613
451,451,0.007646116000785241,0.20946607720862034,59.81121254468134
452,452,0.007674204000807094,0.20946581983815912,59.80884774949942
453,453,0.007689166000773184,0.20946556491855758,59.81136396056702
454,454,0.007701504000749537,0.20946531242647698,59.80902240124072
455,455,0.007713251000723176,0.20946506233880072,59.8115145633604
456,456,0.007744228000717612,0.20946481463263247,59.809196005058624
457,457,0.007757109000749551,0.20946456928529378,59.81166434888127
458,458,0.007778707000738905,0.20946432627432238,59.80936855926565
459,459,0.007792821000748518,0.2094640855774696,59.81181331321537
460,460,0.007804811000710288,0.20946384717269884,59.80954006241163
461,461,0.007823149000671492,0.20946361103818334,59.811961452707465
462,462,0.007841559000667075,0.2094633771523042,59.80971051327723
463,463,0.007858081000676975,0.2094631454936483,59.81210876395473
464,464,0.007873933000666966,0.20946291604100645,59.8098799108677
465,465,0.007886692000624862,0.20946268877337157,59.812255243800266
466,466,0.007899126000609158,0.20946246366993626,59.81004825440664
467,467,0.007911517000650292,0.2094622407100918,59.81240088932659
468,468,0.007924082000670296,0.20946201987342536,59.81021554332997
469,469,0.00793611400069949,0.20946180113971846,59.812545697849494
470,470,0.0079476910007088,0.20946158448894533,59.810381777280035
471,471,0.007959349000714155,0.20946136990127087,59.81268966691189
472,472,0.007971130000726134,0.2094611573570488,59.81054695609984
473,473,0.00798278600075264,0.20946094683681987,59.81283279427781
474,474,0.007994157000780433,0.20946073832131032,59.81071107982738
475,475,0.008005451000826724,0.20946053179142976,59.81297507792656
476,476,0.008016995000843963,0.20946032722826977,59.8108741486901
477,477,0.008028362000857214,0.20946012461310173,59.81311651604703
478,478,0.008039545000883663,0.20945992392737556,59.81103616309951
479,479,0.008054173000857645,0.20945972515271785,59.81325710703202
480,480,0.008070466000901888,0.20945952827093,59.81119712364592
481,481,0.008085228000879852,0.20945933326398683,59.81339684947283
482,482,0.008097739000902493,0.20945914011403477,59.81135703109323
483,483,0.00810977800085766,0.20945894880339022,59.813535742153825
484,484,0.008121731000812815,0.20945875931453808,59.811515886373904
485,485,0.008133700000826138,0.20945857163012999,59.81367378404726
486,486,0.008145681000826244,0.2094583857329827,59.81167369058403
487,487,0.00815747300083558,0.20945820160607678,59.813810974308105
488,488,0.008173809000822985,0.20945801923255467,59.81183044497849
489,489,0.008186199000817851,0.20945783859571954,59.81394731226902
490,490,0.008197847000815273,0.20945765967903335,59.81198615096621
491,491,0.008218282000825639,0.2094574824661157,59.814082797435496
492,492,0.008231939000779676,0.20945730694074208,59.81214081010562
493,493,0.00824429400080362,0.20945713308684266,59.81421742948098
494,494,0.008256145000814286,0.2094569608885004,59.812294424100024
495,495,0.008268101000851402,0.2094567903299499,59.81435120824225
496,496,0.00827953300080253,0.20945662139557597,59.81244699479331
497,497,0.008291227000768231,0.20945645406991217,59.81448413371476
498,498,0.008302706000733906,0.2094562883376391,59.812598524165566
499,499,0.008313826000744484,0.20945612418358348,59.81461620604821
500,500,0.00832529300078022,0.20945596159271643,59.81274901432887
501,501,0.00833656000082783,0.2094558005501522,59.81474742554209
502,502,0.008347973000809361,0.20945564104114667,59.812898467523226
503,503,0.008359444000802796,0.2094554830510963,59.81487779264143
504,504,0.008370812000805472,0.20945532656553661,59.81304688611246
505,505,0.008397911000827207,0.2094551715701407,59.8150073079326
506,506,0.008411304000844666,0.20945501805071823,59.81319427258035
507,507,0.008423134000793198,0.20945486599321406,59.8151359721392
508,508,0.008434778000776078,0.20945471538370658,59.813340629526735
509,509,0.008446328000786707,0.20945456620840722,59.815263786117995
510,510,0.008461052000768632,0.20945441845365823,59.81348595966383
511,511,0.008473311000784634,0.20945427210593226,59.81539075085505
512,512,0.008485044000792641,0.20945412715183062,59.81363026581248
513,513,0.008496576000766254,0.20945398357808231,59.81551686746189
514,514,0.008508455000765025,0.2094538413715426,59.81377355089859
515,515,0.008519791000765053,0.20945370051919207,59.81564213717172
516,516,0.008531264000794181,0.20945356100813506,59.81391581794967
517,517,0.008546184000806534,0.2094534228255989,59.815766561335764
518,518,0.008558153000819857,0.20945328595893248,59.81405707009136
519,519,0.008569968000813333,0.20945315039560525,59.81589014141969
520,520,0.008593536000830682,0.20945301612320588,59.8141973105441
521,521,0.008605839000836113,0.2094528831294412,59.81601287900013
522,522,0.008626029000879498,0.20945275140213518,59.814336542619905
523,523,0.00863986400088379,0.20945262092922787,59.816134775761164
524,524,0.00865237700088528,0.20945249169877375,59.81447476971909
525,525,0.008664362000899928,0.20945236369894157,59.81625583349109
526,526,0.008676199000888118,0.20945223691801237,59.81461199532726
527,527,0.008688713000879034,0.20945211134437894,59.81637605407907
528,528,0.008700888000873874,0.20945198696654457,59.814748223012174
529,529,0.00871274500087793,0.209451863773122,59.816495439511975
530,530,0.008724434000839665,0.20945174175283257,59.81488345642084
531,531,0.008736049000845014,0.20945162089450473,59.81661399187124
532,532,0.008747334000815954,0.2094515011870735,59.81501769927656
533,533,0.008792267000842457,0.20945138261957943,59.81673171332983
534,534,0.00880698700080984,0.20945126518116705,59.81515095537616
535,535,0.008819388000802064,0.2094511488610845,59.816848606149215
536,536,0.008831340000824639,0.2094510336486823,59.815283228587155
537,537,0.008843152000849841,0.20945091953341238,59.81696467267653
538,538,0.008854546000861774,0.209450806504827,59.815414522845096
539,539,0.008865941000863131,0.20945069455257817,59.81707991534163
540,540,0.008880267000847653,0.20945058366641603,59.81554484215093
541,541,0.008892412000875538,0.2094504738361887,59.8171943366544
542,542,0.008904393000875643,0.20945036505184092,59.815674190568394
543,543,0.008915762000867744,0.20945025730341288,59.81730793920199
544,544,0.008929029000910305,0.20945015058104,59.81580257222153
545,545,0.008940671000914335,0.20945004487495145,59.81742072564616
546,546,0.00895232700094084,0.20944994017546945,59.81592999129225
547,547,0.00897385900094605,0.20944983647300836,59.81753269872071
548,548,0.009025640000913882,0.20944973375807388,59.8160564520179
549,549,0.009062293000908994,0.20944963202126216,59.8176438612289
550,550,0.0090778420009201,0.20944953125325874,59.81618195868893
551,551,0.009091279000926988,0.20944943144483802,59.81775421604107
552,552,0.00910397000092189,0.20944933258686224,59.81630651564668
553,553,0.009116054000912754,0.2094492346702804,59.817863766092096
554,554,0.009127914000885085,0.20944913768612813,59.81643012728106
555,555,0.009142895000877616,0.20944904162552608,59.81797251437915
556,556,0.009154770000861845,0.20944894647967952,59.816552798028454
557,557,0.009166519000871176,0.20944885223987772,59.818080463959326
558,558,0.009214082000880808,0.2094487588974924,59.81667453236958
559,559,0.00922948500090115,0.20944866644397797,59.81818761794741
560,560,0.009253760000888178,0.2094485748708698,59.81679533482741
561,561,0.009269408000875501,0.20944848416978426,59.8182939795137
562,562,0.009282268000845306,0.20944839433241721,59.816915209965174
563,563,0.00929434600084278,0.20944830535054376,59.81839955188183
564,564,0.009309112000835285,0.2094482172160173,59.81703416238441
565,565,0.009321513000827508,0.2094481299207688,59.81850433832671
566,566,0.009352358000796812,0.2094480434568061,59.81715219672301
567,567,0.009365475000834067,0.20944795781621303,59.81860834217247
568,568,0.00937759500084212,0.20944787299114911,59.817269317653384
569,569,0.00938960600080918,0.20944778897384808,59.81871156679046
570,570,0.009401266000850228,0.20944770575661795,59.81738552988064
571,571,0.009415603000832107,0.20944762333183992,59.818814015597304
572,572,0.009427529000845425,0.20944754169196766,59.81750083814079
573,573,0.009439169000870606,0.20944746082952678,59.81891569205302
574,574,0.009450472000878563,0.20944738073711403,59.81761524719903
575,575,0.009532443000864532,0.2094473014073967,59.81901659965914
576,576,0.009551500000839042,0.20944722283311187,59.81772876184804
577,577,0.009565610000834113,0.20944714500706574,59.81911674195697
578,578,0.009588472000814363,0.20944706792213305,59.81784138690637
579,579,0.009612174000835694,0.20944699157125646,59.81921612252568
580,580,0.009626045000857175,0.20944691594744588,59.817953127216825
581,581,0.009638620000828269,0.20944684104377748,59.81931474498076
582,582,0.009650874000840304,0.2094467668533937,59.81806398764488
583,583,0.009662691000869472,0.20944669336950208,59.81941261297221
584,584,0.00967463200089469,0.20944662058537494,59.818173973077165
585,585,0.00968620300091061,0.2094465484943486,59.81950973018297
586,586,0.009698100000889553,0.209446477089823,59.81828308842005
587,587,0.009709717000873752,0.2094464063652607,59.8196061003273
588,588,0.009721194000860578,0.2094463363141866,59.8183913385981
589,589,0.009732902000848753,0.20944626693018736,59.81970172714924
590,590,0.009743994000871226,0.20944619820691063,59.81849872855273
591,591,0.00975524300088182,0.20944613013806446,59.819796614421044
592,592,0.009768821000875505,0.20944606271741695,59.81860526324083
593,593,0.009780606000902026,0.20944599593879554,59.81989076594175
594,594,0.009792988000924652,0.20944592979608634,59.81871094763342
595,595,0.00980779200097004,0.20944586428323383,59.81998418553574
596,596,0.00981988700095826,0.2094457993942401,59.81881578671436
597,597,0.00983179600098083,0.2094457351231642,59.820076877051285
598,598,0.009843177001016556,0.20944567146412205,59.818919785479075
599,599,0.009854547000998082,0.20944560841128532,59.820168844359216
600,600,0.00986626500099419,0.20944554595888135,59.819022948933345
601,601,0.009877612000991576,0.20944548410119246,59.82026009135154
602,602,0.009892080001009163,0.20944542283255524,59.81912528209209
603,603,0.00990387800101189,0.20944536214736045,59.820350621940214
604,604,0.009939425000993651,0.2094453020400521,59.81922678997821
605,605,0.009953446001020438,0.20944524250512705,59.82044044005579
606,606,0.009969294001052731,0.20944518353713487,59.81932747762147
607,607,0.009992045001013139,0.20944512513067667,59.82052954964624
608,608,0.010005685000976428,0.20944506728040518,59.81942735005737
609,609,0.010037090000992066,0.20944500998102406,59.82061795467572
610,610,0.010049867000986978,0.20944495322728732,59.81952641232607
611,611,0.010061833000975184,0.2094448970139989,59.82070565912339
612,612,0.010073776000922408,0.20944484133601238,59.819624669471416
613,613,0.010085226000910552,0.20944478618823023,59.8207926669823
614,614,0.010096548000888106,0.20944473156560328,59.819722126539794
615,615,0.010108251000872315,0.20944467746313095,59.82087898225827
616,616,0.010120061000861824,0.20944462387585974,59.8198187885793
617,617,0.0101314180008103,0.2094445707988836,59.82096460896875
618,618,0.010142892000828851,0.20944451822734322,59.819914660638645
619,619,0.010154215000852673,0.20944446615642542,59.821049551141876
620,620,0.01016558900084874,0.20944441458136295,59.82000974776634
621,621,0.010194782000837677,0.20944436349743387,59.821133812815305
622,622,0.010207598000874896,0.20944431289996143,59.820104055009686
623,623,0.010219482000877633,0.20944426278431302,59.82121739803532
624,624,0.010230852000859159,0.20944421314590062,59.82019758741397
625,625,0.01024217000082217,0.20944416398017957,59.82130031085584
626,626,0.010253889000807703,0.20944411528264836,59.82029035002159
627,627,0.010265312000797167,0.2094440670488489,59.82138255533743
628,628,0.010277004000840861,0.20944401927436504,59.82038234787121
629,629,0.010288570000795971,0.20944397195482298,59.821464135546385
630,630,0.010301980000804178,0.2094439250858902,59.82047358599699
631,631,0.010313663000829365,0.20944387866327582,59.82154505555388
632,632,0.01033645300083208,0.20944383268272984,59.82056406942776
633,633,0.010348871000871895,0.20944378714004241,59.82162531943506
634,634,0.010368051000853029,0.209443742031044,59.82065380318629
635,635,0.010381824000830875,0.20944369735160465,59.82170493126819
636,636,0.01039445800086014,0.20944365309763385,59.82074279228857
637,637,0.010406587000886702,0.20944360926508002,59.82178389513385
638,638,0.01041851500087887,0.20944356584993004,59.82083104174306
639,639,0.010430169000926526,0.20944352284820927,59.82186221511411
640,640,0.010452008000925161,0.20944348025598059,59.82091855655002
641,641,0.010466341000949342,0.2094434380693446,59.82193989529178
642,642,0.01047820000098909,0.20944339628443906,59.82100534170083
643,643,0.010490012001014293,0.20944335489743815,59.822016939749616
644,644,0.010533302001022093,0.20944331390455304,59.821091402177345
645,645,0.010548243000982893,0.2094432733020305,59.822093352569624
646,646,0.010566428000970518,0.20944323308615326,59.82117674295128
647,647,0.01057885300099315,0.20944319325323948,59.8221691378323
648,648,0.01059063100098001,0.2094431537996423,59.82126136898356
649,649,0.010602166000978741,0.2094431147217495,59.822244299615974
650,650,0.010616447000984408,0.20944307601598355,59.82134528522378
651,651,0.010628572000996428,0.20944303767880063,59.822318841996115
652,652,0.010640698000997872,0.209442999706691,59.82142849660957
653,653,0.010652422000987372,0.20944296209617794,59.82239276904469
654,654,0.01066390900098213,0.2094429248438183,59.82151100806611
655,655,0.010679714001014418,0.20944288794620142,59.8224660848295
656,656,0.01069150500103433,0.20944285139994917,59.82159282450554
657,657,0.010703536001017255,0.20944281520171565,59.82253879341361
658,658,0.010715090001042427,0.20944277934818673,59.82167395082648
659,659,0.010726476001025276,0.20944274383607997,59.82261089885467
660,660,0.01073779600102398,0.20944270866214398,59.82175439191351
661,661,0.010752862001027097,0.2094426738231587,59.82268240520444
662,662,0.0107756920010047,0.20944263931593426,59.82183415263664
663,663,0.010790005000956171,0.20944260513731155,59.82275331650816
664,664,0.010805517000960663,0.20944257128416133,59.821913237850964
665,665,0.010833012000944109,0.20944253775338414,59.82282363680402
666,666,0.010846023000965488,0.2094425045419104,59.821991652396065
667,667,0.010858241000960334,0.20944247164669913,59.822893370122586
668,668,0.010883272000967281,0.20944243906473897,59.82206940109569
669,669,0.010897316000921364,0.20944240679304668,59.82296252048638
670,670,0.010909313000922793,0.2094423748286679,59.82214648875725
671,671,0.0109301880008843,0.209442343168676,59.8230310919093
672,672,0.010943185000883204,0.20944231181017245,59.82222292017147
673,673,0.010954908000883279,0.20944228075028629,59.82309908839619
674,674,0.010971489000837664,0.20944224998617383,59.82229870011196
675,675,0.010984088000839165,0.2094422195150186,59.82316651394233
676,676,0.010996311000837977,0.2094421893340308,59.822373833334865
677,677,0.011015316000793973,0.20944215944044722,59.82323337253303
678,678,0.011027556000783534,0.20944212983153113,59.82244832457846
679,679,0.01103976600080614,0.20944210050457154,59.82329966814316
680,680,0.011052405000839371,0.2094420714568835,59.822522178562856
681,681,0.01106433900082493,0.20944204268580777,59.82336540473671
682,682,0.011076230000867326,0.20944201418871009,59.82259539998962
683,683,0.01108780200087267,0.20944198596298155,59.82343058626647
684,684,0.01109964300081856,0.20944195800603782,59.822667993541444
685,685,0.011120918000813163,0.20944193031531963,59.82349521667353
686,686,0.011145094000823974,0.2094419028882915,59.822739963881894
687,687,0.011169219000805697,0.20944187572244252,59.823559299886945
688,688,0.011190006000845187,0.20944184881528563,59.82281131565502
689,689,0.011204186000895788,0.20944182216435728,59.823622839823386
690,690,0.0112286720008683,0.2094417957672175,59.82288205348515
691,691,0.01124232500086464,0.2094417696214496,59.82368584038674
692,692,0.011257700000840032,0.2094417437246598,59.82295218197658
693,693,0.011279470000829406,0.2094417180744771,59.82374830546782
694,694,0.011301135000792328,0.2094416926685532,59.82302170571329
695,695,0.011316357000794142,0.20944166750456214,59.823810238943935
696,696,0.011345579000760608,0.20944164258019998,59.823090629258736
697,697,0.011360403000765018,0.2094416178931849,59.82387164467873
698,698,0.01137288600074271,0.2094415934412566,59.82315895715557
699,699,0.01139739600074563,0.20944156922217658,59.823932526521716
700,700,0.011412357000779139,0.2094415452337273,59.82322669392541
701,701,0.01142571300073314,0.20944152147371273,59.82399288830805
702,702,0.011438030000761046,0.20944149793995742,59.823293844068665
703,703,0.01145019000080083,0.20944147463030682,59.824052733858274
704,704,0.011462207000818125,0.20944145154262686,59.82336041206425
705,705,0.011474109000801036,0.20944142867480375,59.82411206697797
706,706,0.011486080000793208,0.2094414060247439,59.823426402369435
707,707,0.011503954000829708,0.2094413835903736,59.824170891457555
708,708,0.011516023000808673,0.2094413613696389,59.82349181941965
709,709,0.011528215000794262,0.20944133936050546,59.824229211071994
710,710,0.011539997000795665,0.20944131756095813,59.8235566676283
711,711,0.011551670000756076,0.2094412959690012,59.82428702958055
712,712,0.011566992000780374,0.20944127458265793,59.82362095138656
713,713,0.01158598700078528,0.2094412533999701,59.82434435072661
714,714,0.01160248600081104,0.2094412324189986,59.823684675063255
715,715,0.011616013000832481,0.20944121163782237,59.82440117823736
716,716,0.011628335000864354,0.20944119105453887,59.82374784300468
717,717,0.011640398000849927,0.2094411706672637,59.824457515823646
718,718,0.011652400000855323,0.20944115047413017,59.823810459534464
719,719,0.01166412000083028,0.20944113047328972,59.824513367179755
720,720,0.011675853000838288,0.20944111066291113,59.8238725289534
721,721,0.01168750100083571,0.2094410910411806,59.8245687359832
722,722,0.011699018000854267,0.2094410716063019,59.823934055539375
723,723,0.011714898000889207,0.2094410523564955,59.82462362589451
724,724,0.01172699700089197,0.20944103328999905,59.8239950435472
725,725,0.01174181900091753,0.20944101440506702,59.82467804055712
726,726,0.01175435700088201,0.20944099569997038,59.824055497208484
727,727,0.01176594900090322,0.20944097717299662,59.8247319835971
728,728,0.011777917000870275,0.20944095882244945,59.824115420731566
729,729,0.011789578000843903,0.209440940646649,59.8247854586231
730,730,0.011803062000865339,0.20944092264393102,59.824174818301394
731,731,0.011815060000856192,0.20944090481264746,59.82483846922611
732,732,0.011832379000850324,0.20944088715116574,59.82423369407944
733,733,0.01185847800081774,0.20944086965786876,59.824891018979315
734,734,0.011871592000773035,0.20944085233115514,59.82429205220359
735,735,0.011894208000740036,0.20944083516943846,59.82494311143804
736,736,0.011915002000762343,0.20944081817114754,59.824349896788085
737,737,0.011929495000799761,0.20944080133472617,59.824994750139474
738,738,0.011967038000761931,0.2094407846586327,59.82440723192346
739,739,0.012005189000774408,0.20944076814134066,59.82504593860267
740,740,0.012020794000761725,0.20944075178133767,59.82446406167643
741,741,0.01203428800073425,0.20944073557712595,59.825096680328365
742,742,0.012047738000774189,0.20944071952722204,59.82452039008988
743,743,0.012060678000807457,0.20944070363015632,59.825146978798855
744,744,0.012073012000826111,0.20944068788447348,59.82457622118281
745,745,0.012087573000826524,0.20944067228873198,59.82519683747795
746,746,0.012117937000823531,0.20944065684150381,59.824631558950195
747,747,0.012146040000857283,0.20944064154137496,59.825246259810775
748,748,0.012161997000873725,0.2094406263869445,59.82468640736309
749,749,0.012174890000835603,0.20944061137682501,59.82529524922377
750,750,0.012187349000782888,0.20944059650964225,59.82474077036846
751,751,0.012199482000823991,0.20944058178403513,59.82534380912456
752,752,0.01221379800080058,0.2094405671986554,59.82479465188922
753,753,0.012226521000854973,0.20944055275216775,59.82539194290186
754,754,0.012238812000873622,0.20944053844324964,59.8248480558242
755,755,0.012269569000864067,0.20944052427059087,59.825439653925415
756,756,0.01228416400090282,0.20944051023289395,59.8249009860481
757,757,0.01231145900089814,0.2094404963288737,59.82548694554593
758,758,0.012335519000885142,0.20944048255725722,59.824953446411484
759,759,0.012348699000881425,0.20944046891678358,59.82553382109501
760,760,0.012360580000915888,0.20944045540620393,59.825005440740775
761,761,0.012372304000905388,0.20944044202428141,59.82558028388507
762,762,0.01239599500092936,0.2094404287697909,59.82505697283823
763,763,0.01241093500095758,0.2094404156415187,59.82562633720931
764,764,0.012434723000922077,0.20944040263826302,59.82510804648198
765,765,0.012448931000960783,0.20944038975883336,59.82567198434163
766,766,0.012461541000959642,0.20944037700205057,59.825158665425946
767,767,0.0124838730009742,0.20944036436674662,59.825717228536675
768,768,0.012497534000999622,0.20944035185176488,59.825208833399955
769,769,0.012509956000997136,0.2094403394559594,59.825762073029644
770,770,0.012522086001013122,0.20944032717819536,59.82525855410967
771,771,0.012537170001053255,0.20944031501734867,59.825806521036384
772,772,0.01256749900107934,0.20944030297230598,59.82530783123662
773,773,0.012587526001027527,0.20944029104196457,59.82585057575329
774,774,0.012627522001025682,0.2094402792252321,59.825356668438246
775,775,0.012656289000972265,0.20944026752102676,59.825894240357336
776,776,0.012688775000981423,0.20944025592827695,59.82540506934787
777,777,0.01270392700098455,0.20944024444592135,59.825937518005965
778,778,0.012719657001014184,0.20944023307290863,59.82545303757481
779,779,0.012754694000989275,0.20944022180819766,59.825980411837165
780,780,0.01277502400097319,0.20944021065075707,59.82550057670431
781,781,0.012796771000978424,0.2094401995995653,59.82602292496937
782,782,0.01282347500097103,0.20944018865361072,59.82554769029761
783,783,0.012852123000982374,0.20944017781189098,59.82606506050152
784,784,0.012870164000958084,0.2094401670734137,59.825594381892024
785,785,0.01288545500096916,0.2094401564371956,59.826106821513015
786,786,0.012901037000972337,0.20944014590226295,59.82564065500093
787,787,0.012921848000928549,0.20944013546765114,59.82614821106372
788,788,0.012941685000896541,0.20944012513240504,59.8256865131138
789,789,0.012960336000901407,0.20944011489557823,59.82618923219395
790,790,0.012972986000931996,0.20944010475623362,59.825731959696306
791,791,0.012985166000930803,0.20944009471344285,59.82622988792451
792,792,0.012997387000950766,0.20944008476628648,59.82577699819034
793,793,0.01302154700090341,0.20944007491385375,59.82627018125668
794,794,0.01305101600087255,0.20944006515524283,59.825821632014026
795,795,0.013065148000862337,0.20944005548956002,59.82631011517221
796,796,0.013094238000860514,0.2094400459159207,59.82586586456183
797,797,0.013109186000860973,0.20944003643344808,59.82634969263337
798,798,0.013121451000870366,0.20944002704127415,59.8259096992046
799,799,0.013133458000822884,0.20944001773853907,59.82638891658295
800,800,0.013145896000821722,0.20944000852439093,59.825953139289616
801,801,0.01315767900081255,0.20943999939798644,59.82642778994426
802,802,0.013169645000800756,0.2094399903584898,59.82599618814067
803,803,0.013181619000818046,0.20943998140507347,59.82646631562118
804,804,0.013216153000826125,0.2094399725369179,59.82603884905811
805,805,0.013247113000829813,0.20943996375321092,59.82650449649818
806,806,0.01326255400078935,0.20943995505314855,59.82608112531891
807,807,0.013275246000773677,0.20943994643593422,59.82654233544036
808,808,0.013287368000817423,0.2094399379007789,59.82612302017675
809,809,0.013299586000812269,0.20943992944690124,59.82657983529342
810,810,0.013314498000795538,0.20943992107352727,59.826164536862116
811,811,0.01332717300084596,0.20943991277989035,59.82661699888381
812,812,0.01340423300086968,0.2094399045652313,59.82620567858231
813,813,0.01343588100087345,0.2094398964287978,59.82665382901864
814,814,0.013451075000887158,0.2094398883698451,59.82624644852156
815,815,0.013464224000870217,0.20943988038763522,59.8266903284858
816,816,0.013478115000850721,0.20943987248143767,59.82628684984112
817,817,0.013490464000824431,0.20943986465052822,59.82672650005397
818,818,0.013513677000844382,0.20943985689419015,59.8263268856793
819,819,0.013527971000826255,0.20943984921171335,59.8267623464727
820,820,0.013540001000819757,0.20943984160239443,59.8263665591516
821,821,0.013552325000830479,0.2094398340655366,59.82679787047238
822,822,0.013564302000816042,0.20943982660045005,59.82640587335076
823,823,0.01357605400085049,0.20943981920645113,59.82683307476437
824,824,0.013587642000857159,0.20943981188286312,59.826444831346834
825,825,0.013599084000873063,0.20943980462901524,59.82686796204102
826,826,0.013621694000903517,0.20943979744424362,59.826483436187345
827,827,0.013659107000876247,0.20943979032789034,59.82690253497567
828,828,0.013673386000903065,0.20943978327930393,59.82652169089728
829,829,0.013686041000880778,0.20943977629783905,59.826936796222824
830,830,0.013698379000913974,0.20943976938285636,59.826559598479264
831,831,0.013710211000898198,0.2094397625337231,59.82697074841805
832,832,0.013721808000923374,0.20943975574981194,59.82659716191357
833,833,0.013738076000890942,0.20943974903050191,59.82700439417819
834,834,0.01375196000088863,0.20943974237517782,59.826634384158304
835,835,0.013764887000888848,0.20943973578323027,59.827037736101325
836,836,0.013777332000870501,0.20943972925405588,59.82667126814945
837,837,0.013789552000844196,0.20943972278705672,59.827070776766845
838,838,0.013817142000789318,0.20943971638164088,59.82670781680091
839,839,0.013831935000780504,0.20943971003722178,59.82710351873556
840,840,0.013844942000787341,0.20943970375321863,59.826744033004736
841,841,0.01385723700076369,0.2094396975290562,59.82713596454972
842,842,0.013869601000749299,0.20943969136416457,59.826779919631115
843,843,0.013893865000795813,0.20943968525797918,59.82716811673308
844,844,0.013907413000822544,0.2094396792099412,59.82681547952849
845,845,0.013919396000801498,0.20943967321949677,59.827199977791004
846,846,0.013941647000763169,0.20943966728609756,59.82685071552372
847,847,0.013956723000774218,0.20943966140920023,59.827231550210485
848,848,0.013969587000758565,0.20943965558826677,59.826885630422105
849,849,0.013981685000771904,0.20943964982276433,59.82726283646027
850,850,0.013993655000774652,0.2094396441121649,59.82692022700753
851,851,0.014011472000788672,0.20943963845594585,59.82729383899088
852,852,0.014023311000812555,0.20943963285358919,59.826954508042554
853,853,0.014034769000829783,0.20943962730458204,59.82732456023472
854,854,0.014054644000850658,0.2094396218084164,59.82698847626855
855,855,0.014068555000847027,0.20943961636458908,59.82735500260613
856,856,0.014081560000818172,0.20943961097260158,59.827022134405745
857,857,0.014093534000835461,0.20943960563196037,59.82738516850148
858,858,0.014105264000875195,0.20943960034217649,59.82705548515339
859,859,0.014117300000862087,0.20943959510276547,59.82741506029922
860,860,0.014128701000856836,0.20943958991324782,59.82708853118982
861,861,0.014140551000878077,0.20943958477314842,59.827444680359974
862,862,0.014152491000857026,0.20943957968199642,59.82712127517261
863,863,0.014163988000859717,0.20943957463932603,59.827474031026625
864,864,0.01417567600088887,0.2094395696446754,59.82715371973862
865,865,0.014193064000892264,0.20943956469758726,59.82750311462437
866,866,0.01420502800090162,0.2094395597976088,59.82718586750417
867,867,0.014216602000885814,0.2094395549442913,59.82753193346086
868,868,0.014228211000897772,0.20943955013719037,59.82721772106509
869,869,0.014239848000897837,0.2094395453758661,59.827560489826176
870,870,0.014251601000864866,0.20943954065988238,59.827249282996895
871,871,0.014262899000868856,0.20943953598880752,59.827588785993
872,872,0.014274573000875534,0.20943953136221394,59.82728055585484
873,873,0.014298514000870455,0.20943952677967792,59.8276168242167
874,874,0.014311300000883875,0.20943952224077994,59.827311542174044
875,875,0.014323235000915702,0.20943951774510458,59.82764460673533
876,876,0.01433485900093956,0.20943951329224014,59.827342244469634
877,877,0.014346151000950158,0.20943950888177892,59.82767213576981
878,878,0.014357269000925044,0.20943950451331714,59.827372665236815
879,879,0.01437320600092562,0.20943950018645496,59.82769941352395
880,880,0.014387534000945834,0.2094394959007961,59.827402806951014
881,881,0.014399409000986907,0.20943949165594825,59.827726442184556
882,882,0.014411233000942048,0.20943948745152283,59.82743267206797
883,883,0.014422905000913033,0.20943948328713485,59.82775322392152
884,884,0.014465404000929993,0.209439479162403,59.82746226302387
885,885,0.014480771000876302,0.2094394750769497,59.8277797608879
886,886,0.014493739000840833,0.20943947103040095,59.82749158223543
887,887,0.014508289000843888,0.2094394670223862,59.82780605522002
888,888,0.014522967000857534,0.2094394630525386,59.82752063210006
889,889,0.01453529200085768,0.20943945912049466,59.827832109037544
890,890,0.01454744000085384,0.20943945522589424,59.82754941499592
891,891,0.014559060000863155,0.20943945136838105,59.82785792444356
892,892,0.014570233000881672,0.2094394475476017,59.82757793328209
893,893,0.01458238300085668,0.20943944376320642,59.82788350352469
894,894,0.014593827000851434,0.2094394400148488,59.827606189298635
895,895,0.01460512200088715,0.20943943630218564,59.82790884835116
896,896,0.014616615000932143,0.20943943262487705,59.82763418536676
897,897,0.014627846000962563,0.20943942898258625,59.8279339609769
898,898,0.014638981000928197,0.20943942537497995,59.827661923788895
899,899,0.014650609000909753,0.20943942180172775,59.82795884343964
900,900,0.014662194000891304,0.2094394182625026,59.82768940684882
901,901,0.014673452000863563,0.20943941475698027,59.82798349776098
902,902,0.014684736000845078,0.20943941128484003,59.82771663681182
903,903,0.014698105000832129,0.20943940784576393,59.828007925946515
904,904,0.014710277000858696,0.209439404439437,59.82774361592471
905,905,0.01472219500084293,0.20943940106554762,59.828032129985885
906,906,0.014733869000792765,0.20943939772378664,59.82777034641606
907,907,0.014745274000802056,0.20943939441384826,59.828056111852895
908,908,0.014756481000802069,0.2094393911354294,59.82779683049621
909,909,0.014767878000839119,0.20943938788822988,59.828079873505594
910,910,0.014779877000819397,0.20943938467195244,59.827823070357454
911,911,0.014791267000816788,0.20943938148630267,59.8281034168864
912,912,0.014802969000811572,0.2094393783309889,59.82784906817413
913,913,0.01481457800082353,0.20943937520572214,59.82812674392213
914,914,0.014826136000863244,0.20943937211021632,59.827874826102736
915,915,0.014837346000888374,0.20943936904418803,59.82814985652415
916,916,0.01486587000090367,0.20943936600735666,59.82790034628205
917,917,0.01488148300092007,0.2094393629994441,59.82817275658844
918,918,0.014894698000944118,0.2094393600201749,59.82792563083324
919,919,0.01490714200099319,0.20943935706927638,59.828195445995675
920,920,0.01491916000099991,0.2094393541464784,59.82795068185999
921,921,0.014948504000983576,0.20943935125151328,59.82821792661139
922,922,0.014963096000997211,0.20943934838411604,59.8279755014486
923,923,0.014975349001019822,0.20943934554402416,59.82824020028594
924,924,0.014987406001012005,0.2094393427309776,59.8280000916681
925,925,0.014999021001017354,0.2094393399447188,59.82826226885474
926,926,0.015010661001042536,0.20943933718499266,59.8280244545704
927,927,0.015022208001028048,0.20943933445154655,59.828284134138265
928,928,0.015033532001041294,0.20943933174413032,59.82804859219036
929,929,0.015044885001088915,0.20943932906249582,59.82830579794217
930,930,0.015056088001074386,0.2094393264063978,59.82807250654592
931,931,0.015067598001110127,0.20943932377559293,59.82832726205738
932,932,0.015079123001100925,0.2094393211698404,59.828096199638246
933,933,0.015090413001132674,0.20943931858890175,59.828348528260186
934,934,0.015119267001125536,0.20943931603254043,59.82811967345177
935,935,0.015132449001100667,0.2094393135005227,59.82836959831236
936,936,0.015150296001138486,0.20943931099261648,59.828142929954396
937,937,0.015165356001148211,0.20943930850859238,59.82839047396118
938,938,0.015177965001157645,0.2094393060482228,59.82816597109753
939,939,0.015190496001139309,0.20943930361128263,59.82841115693962
940,940,0.015202374001148655,0.2094393011975486,59.82818879881625
941,941,0.015226925001115887,0.20943929880679985,59.82843164896638
942,942,0.015257366001094397,0.2094392964388175,59.8282114150294
943,943,0.015299963001098149,0.2094392940933847,59.82845195174596
944,944,0.015318098001102953,0.2094392917702867,59.828233821639714
945,945,0.015332014001103289,0.20943928946931092,59.82847206696885
946,946,0.015355344001136473,0.20943928719024663,59.8282560205339
947,947,0.015370591001158118,0.20943928493288502,59.82849199631149
948,948,0.0153833130011094,0.2094392826970197,59.82827801358276
949,949,0.015398769001080836,0.20943928048244584,59.82851174143648
950,950,0.015411209001058523,0.20943927828896067,59.82829980264137
951,951,0.01542326700104013,0.20943927611636332,59.82853130399261
952,952,0.01544922500102075,0.20943927396445505,59.828321389549046
953,953,0.015466249001008237,0.20943927183303865,59.82855068561498
954,954,0.015484524001010413,0.20943926972191912,59.82834277612963
955,955,0.015519064001011884,0.20943926763090306,59.828569887925056
956,956,0.015550113000983856,0.2094392655597992,59.82836396419147
957,957,0.015564201000984212,0.2094392635084178,59.828588912530805
958,958,0.015576816000987037,0.20943926147657108,59.828384955527575
959,959,0.01558921100098587,0.209439259464073,59.82860776102676
960,960,0.015608449000978908,0.20943925747073927,59.82840575191574
961,961,0.015622845001018959,0.20943925549638748,59.828626434994135
962,962,0.01564298300104383,0.20943925354083684,59.82842635511864
963,963,0.01566719500101499,0.20943925160390833,59.82864493600089
964,964,0.015682311001000926,0.20943924968542452,59.82844676688393
965,965,0.015701322001007156,0.20943924778520992,59.82866326560185
966,966,0.01571699600106058,0.20943924590309038,59.82846698894438
967,967,0.01572967900108324,0.2094392440388938,59.82868142533875
968,968,0.015760499001089556,0.20943924219244936,59.82848702301796
969,969,0.015791352001087944,0.20943924036358805,59.82869941674041
970,970,0.015822101001106148,0.20943923855214236,59.82850687080799
971,971,0.01583564600110776,0.20943923675794654,59.828717241322735
972,972,0.015847768001094664,0.20943923498083633,59.82852653400315
973,973,0.01585977700113972,0.20943923322064897,59.828734900588856
974,974,0.015871739001170226,0.20943923147722332,59.82854601427774
975,975,0.01588347000114254,0.20943922975039977,59.82875239602921
976,976,0.0158950790011545,0.2094392280400203,59.82856531329162
977,977,0.015906525001128102,0.2094392263459281,59.82876972912162
978,978,0.015917894001120203,0.20943922466796835,59.82858443269044
979,979,0.015929367001092487,0.20943922300598722,59.828786901331426
980,980,0.01594591400112222,0.20943922135983267,59.828603374105704
981,981,0.01596045200108165,0.20943921972935392,59.82880391411151
982,982,0.01597248800106854,0.2094392181144017,59.82862213915486
983,983,0.015984142001059354,0.2094392165148283,59.828820768902446
984,984,0.015996529001085946,0.209439214930487,59.82864072944144
985,985,0.016008179001062217,0.20943921336123295,59.82883746713252
986,986,0.016019577001088692,0.20943921180692243,59.828659146555125
987,987,0.01603087500109268,0.20943921026741316,59.82885401021791
988,988,0.016049531001101514,0.20943920874256405,59.82867739207189
989,989,0.01606961100111448,0.2094392072322357,59.82887039956269
990,990,0.016083956001125443,0.20943920573628969,59.82869546755408
991,991,0.016102360001127636,0.20943920425458915,59.82888663655898
992,992,0.016116116001171576,0.2094392027869984,59.8287133745505
993,993,0.016128770001216708,0.20943920133338303,59.82890272258697
994,994,0.016140869001162628,0.20943919989361007,59.82873111459659
995,995,0.01616038100115702,0.2094391984675475,59.82891865901508
996,996,0.016179067001132807,0.20943919705506495,59.82874868921444
997,997,0.016192516001126478,0.20943919565603306,59.8289344472
998,998,0.01620744400111107,0.20943919427032365,59.82876609991294
999,999,0.01621951500112573,0.20943919289781,59.82895008848678
1000,1000,0.01623164600113114,0.20943919153836635,59.82878334818785
1001,1001,0.01624331500113385,0.20943919019186827,59.82896558420892
1002,1002,0.016254734001165616,0.20943918885819238,59.82880043552196
1003,1003,0.016266068001129952,0.20943918753721685,59.828980935688485
1004,1004,0.01627778000113267,0.20943918622882043,59.82881736338512
1005,1005,0.016289347001134047,0.2094391849328835,59.82899614423615
1006,1006,0.016310532001114098,0.20943918364928735,59.82883413323439
1007,1007,0.01632971500112035,0.20943918237791456,59.8290112111513
1008,1008,0.016342342001109955,0.20943918111864865,59.82885074651412
1009,1009,0.016353879001087535,0.2094391798713743,59.8290261377221
1010,1010,0.01636554100110743,0.2094391786359774,59.828867204656035
1011,1011,0.016377304001082393,0.2094391774123448,59.82904092522565
1012,1012,0.016388994001090396,0.20943917620036442,59.82888350907936
1013,1013,0.016400330001090424,0.20943917499992543,59.82905557492794
1014,1014,0.01641217600104028,0.20943917381091784,59.828899661190924
1015,1015,0.016423611001073368,0.2094391726332328,59.82907008808407
1016,1016,0.016435191001107796,0.20943917146676244,59.8289156623852
1017,1017,0.016446517001099892,0.20943917031140002,59.829084465938244
1018,1018,0.016465309001091555,0.2094391691670398,59.82893151404447
1019,1019,0.01648127800109478,0.20943916803357698,59.82909870972389
1020,1020,0.016513416001089354,0.20943916691090783,59.8289472175389
1021,1021,0.016528082001116218,0.2094391657989294,59.82911282066371
1022,1022,0.016540854001107164,0.20943916469754012,59.828962774226596
1023,1023,0.016565276001131224,0.2094391636066388,59.82912679996982
1024,1024,0.01657814700115523,0.209439162526126,59.82897818545376
1025,1025,0.016603382001164846,0.20943916145590258,59.829140648843776
1026,1026,0.016616004001150486,0.20943916039587052,59.82899345255475
1027,1027,0.016627827001116202,0.20943915934593285,59.829154368476686
1028,1028,0.01664917400108834,0.20943915830599338,59.829008576852175
1029,1029,0.016666816001077223,0.209439157275957,59.82916796004928
1030,1030,0.016679077001128917,0.20943915625572923,59.82902355965701
1031,1031,0.01670836500113637,0.2094391552452168,59.829181424731985
1032,1032,0.01672298100112357,0.20943915424432727,59.82903840226864
1033,1033,0.01673521600116601,0.20943915325296877,59.82919476368503
1034,1034,0.016762720001167963,0.20943915227105075,59.82905310597502
1035,1035,0.01677773700112084,0.20943915129848323,59.82920797805847
1036,1036,0.016789907001111715,0.20943915033517715,59.829067672052716
1037,1037,0.016802311001129056,0.2094391493810443,59.829221068992325
1038,1038,0.016818593001119098,0.20943914843599745,59.829082101767014
1039,1039,0.016831885001124647,0.20943914749995,59.82923403761667
1040,1040,0.016844383001114238,0.20943914657281618,59.82909639637202
1041,1041,0.016856687001109094,0.20943914565451113,59.829246885051624
1042,1042,0.01686908300109735,0.2094391447449509,59.82911055711073
1043,1043,0.016880961001049855,0.20943914384405213,59.82925961240753
1044,1044,0.016892781001047297,0.20943914295173233,59.82912458521513
1045,1045,0.016916811001067344,0.20943914206790976,59.829272220784944
1046,1046,0.01693169300108366,0.20943914119250362,59.8291384819063
1047,1047,0.016945362001138164,0.2094391403254336,59.829284711274795
1048,1048,0.016957918001082817,0.2094391394666206,59.82915224839446
1049,1049,0.01697050800106581,0.2094391386159857,59.8292970849584
1050,1050,0.016982399001051363,0.20943913777345113,59.82916588587909
1051,1051,0.016994776001070022,0.2094391369389398,59.829309342907536
1052,1052,0.017006604001096548,0.2094391361123752,59.829179395549055
1053,1053,0.01703064100109941,0.20943913529368174,59.829321486184604
1054,1054,0.017069810001089536,0.2094391344827845,59.829192778582595
1055,1055,0.0170862490010677,0.20943913367960915,59.8293335158426
1056,1056,0.0171000630010667,0.20943913288408217,59.829206036147504
1057,1057,0.017113696001104017,0.20943913209613077,59.82934543292523
1058,1058,0.017133001001127468,0.20943913131568287,59.829219169401156
1059,1059,0.017150835001132236,0.20943913054266677,59.829357238467004
1060,1060,0.01716363900112583,0.209439129777012,59.82923217949064
1061,1061,0.01717587900111539,0.2094391290186483,59.829368933493285
1062,1062,0.01718886000111297,0.2094391282675062,59.82924506755278
1063,1063,0.01720090100110383,0.2094391275235171,59.82938051902035
1064,1064,0.017225398001130543,0.20943912678661264,59.829257834714284
1065,1065,0.01723845700109905,0.2094391260567256,59.82939199605551
1066,1066,0.01725882600112527,0.209439125333789,59.82927048209181
1067,1067,0.017285533001142994,0.20943912461773673,59.82940336559716
1068,1068,0.01729927000110365,0.2094391239085032,59.82928301079198
1069,1069,0.017331133001107446,0.20943912320602345,59.829414628634815
1070,1070,0.017347862001088288,0.20943912251023325,59.82929542191161
1071,1071,0.017361671001083323,0.20943912182106886,59.82942578614922
1072,1072,0.017374111001117853,0.20943912113846716,59.82930771653764
1073,1073,0.01738610600108359,0.20943912046236557,59.82943683911246
1074,1074,0.017398179001077096,0.20943911979270238,59.829319895747304
1075,1075,0.017409687001077145,0.2094391191294162,59.829447788487926
1076,1076,0.017422555001076034,0.2094391184724462,59.82933196060817
1077,1077,0.01743473500107484,0.20943911782173238,59.829458635230466
1078,1078,0.017446699001084198,0.2094391171772151,59.82934391217826
1079,1079,0.01745858000106182,0.20943911653883537,59.82946938028645
1080,1080,0.017470416001060585,0.20943911590653475,59.829355751506085
1081,1081,0.0174819440010765,0.20943911528025533,59.8294800245938
1082,1082,0.01749923600107195,0.20943911465993978,59.82936747963076
1083,1083,0.01751531000104478,0.2094391140455312,59.82949056908209
1084,1084,0.017527557001074,0.20943911343697355,59.829379097582056
1085,1085,0.017549781001093834,0.209439112834211,59.82950101467264
1086,1086,0.017562434001092697,0.20943911223718834,59.82939060638053
1087,1087,0.01757654400114461,0.20943911164585097,59.82951136227848
1088,1088,0.017588547001139432,0.20943911106014465,59.82940200703749
1089,1089,0.017600316001107785,0.20943911048001596,59.82952161280457
1090,1090,0.017611667001119713,0.2094391099054116,59.8294133005552
1091,1091,0.017623541001114518,0.209439109336279,59.829531767147714
1092,1092,0.017635162001113258,0.20943910877256605,59.829424487926914
1093,1093,0.017656421001106537,0.2094391082142212,59.829541826196746
1094,1094,0.01767117300113341,0.20943910766119334,59.82943557013688
1095,1095,0.01768317600112823,0.20943910711343175,59.82955179083255
1096,1096,0.017695236001088688,0.2094391065708863,59.82944654816054
1097,1097,0.01771684900108994,0.2094391060335074,59.829561661928096
1098,1098,0.01773902300107011,0.2094391055012457,59.829457422964495
1099,1099,0.01776425200102949,0.20943910497405266,59.82957144034855
1100,1100,0.017813741001077688,0.2094391044518799,59.829468195506635
1101,1101,0.01783681700106854,0.20943910393467957,59.82958112695133
1102,1102,0.01787578200111284,0.20943910342240443,59.82947886673623
1103,1103,0.01789851900116446,0.20943910291500759,59.82959072258617
1104,1104,0.01791140500114352,0.20943910241244243,59.829489437593935
1105,1105,0.017923313001119823,0.2094391019146631,59.829600228095146
1106,1106,0.017935418001115977,0.20943910142162395,59.82949990901194
1107,1107,0.01794718500110548,0.2094391009332798,59.829609644312825
1108,1108,0.01795871400111082,0.2094391004495861,59.829510281914
1109,1109,0.017970418001084454,0.20943909997049842,59.829618972066235
1110,1110,0.01798857100106943,0.20943909949597295,59.82952055721547
1111,1111,0.01800084800112245,0.2094390990259663,59.829628212174974
1112,1112,0.018029748001140433,0.20943909856043522,59.829530735823475
1113,1113,0.018047266001133266,0.2094390980993374,59.82963736545129
1114,1114,0.01805880400110027,0.2094390976426304,59.829540818636886
1115,1115,0.018070124001098975,0.20943909719027254,59.829646432700095
1116,1116,0.018081535001101656,0.2094390967422223,59.82955080654648
1117,1117,0.018092942001089796,0.2094390962984387,59.82965541471908
1118,1118,0.018104225001081886,0.20943909585888112,59.82956070043489
1119,1119,0.01811559800108853,0.20943909542350933,59.8296643122987
1120,1120,0.018126991001111037,0.20943909499228341,59.829570501176796
1121,1121,0.01813842700113355,0.20943909456516396,59.829673126222346
1122,1122,0.018177197001136847,0.20943909414211181,59.82958020963891
1123,1123,0.01819304000110833,0.20943909372308833,59.82968185726629
1124,1124,0.018206287001135024,0.20943909330805496,59.829589826680106
1125,1125,0.01821868500110213,0.20943909289697393,59.82969050619983
1126,1126,0.018230311001104837,0.2094390924898074,59.82959935315142
1127,1127,0.018241848001082417,0.2094390920865183,59.8296990737853
1128,1128,0.018253448001075867,0.2094390916870695,59.82960878989618
1129,1129,0.018264657001111573,0.20943909129142457,59.82970756077815
1130,1130,0.01827609200114466,0.2094390908995473,59.82961813775004
1131,1131,0.018287482001142052,0.20943909051140178,59.829715967927
1132,1132,0.018307911001102184,0.20943909012695236,59.82962739754104
1133,1133,0.01832294400111323,0.2094390897461639,59.8297242959737
1134,1134,0.018338340001150755,0.2094390893690016,59.8296365700897
1135,1135,0.018350888001123167,0.20943908899543093,59.82973254565337
1136,1136,0.018362558001115303,0.2094390886254177,59.82964565620907
1137,1137,0.018381379001084497,0.2094390882589279,59.82974071769452
1138,1138,0.01839617300112195,0.2094390878959281,59.82965465670478
1139,1139,0.01840926400114995,0.20943908753638513,59.829748812819005
1140,1140,0.01842112000116458,0.20943908718026583,59.82966357237512
1141,1141,0.018433062001179223,0.20943908682753784,59.829756831742145
1142,1142,0.018444592001173987,0.2094390864781687,59.82967240401113
1143,1143,0.01846816100118076,0.20943908613212658,59.829764775172826
1144,1144,0.018482199001198296,0.20943908578937964,59.82968115239659
1145,1145,0.01849400600116269,0.20943908544989662,59.82977264381342
1146,1146,0.018517584001131127,0.20943908511364634,59.829689818308154
1147,1147,0.01852968500111274,0.20943908478059808,59.82978043836
1148,1148,0.018541257001118083,0.2094390844507214,59.82969840251538
1149,1149,0.018564898001102392,0.209439084123986,59.829788159502264
1150,1150,0.018584798001086256,0.20943908380036202,59.829706905780824
1151,1151,0.018599080001081347,0.2094390834798198,59.82979580792365
1152,1152,0.01861188400107494,0.2094390831623299,59.82971532886001
1153,1153,0.01863734900109648,0.20943908284786344,59.829803384301435
1154,1154,0.018649944001140284,0.20943908253639157,59.82972367250162
1155,1155,0.018662050001125863,0.20943908222788574,59.82981088930665
1156,1156,0.018677462001164713,0.20943908192231775,59.82973193744746
1157,1157,0.018694878001156212,0.20943908161965955,59.82981832360429
1158,1158,0.018725540001128138,0.20943908131988345,59.829740124432554
1159,1159,0.018748036001113633,0.20943908102296202,59.82982568785326
1160,1160,0.01877789400111851,0.2094390807288681,59.8297482341852
1161,1161,0.018802361001121426,0.2094390804375748,59.82983298270648
1162,1162,0.01881631300113895,0.2094390801490553,59.82975626742702
1163,1163,0.018829145001177494,0.20943907986328342,59.829840208810914
1164,1164,0.018841501001190863,0.20943907958023272,59.82976422487305
1165,1165,0.018861387001152252,0.2094390792998775,59.82984736680762
1166,1166,0.01887586500112093,0.209439079022192,59.82977210723175
1167,1167,0.018888165001101243,0.20943907874715076,59.829854457331834
1168,1168,0.018906693001099484,0.2094390784747287,59.82977991520508
1169,1169,0.018925981001132186,0.2094390782049009,59.82986148101297
1170,1170,0.018949255001132315,0.20943907793764252,59.8297876494886
1171,1171,0.018975486001124864,0.20943907767292907,59.829868438474705
1172,1172,0.019008002001100976,0.20943907741073653,59.82979531077145
1173,1173,0.019021559001146215,0.20943907715104074,59.829875330335014
1174,1174,0.019034421001151713,0.20943907689381797,59.82980289973647
1175,1175,0.019046178001133285,0.20943907663904457,59.82988215720625
1176,1176,0.01905813200113471,0.2094390763866974,59.829810417060216
1177,1177,0.019074428001147226,0.2094390761367532,59.82988891969515
1178,1178,0.019100990001106766,0.20943907588918914,59.82981786341305
1179,1179,0.019113488001096357,0.2094390756439826,59.829895618402894
1180,1180,0.01912530600111495,0.20943907540111098,59.829825239459154
1181,1181,0.019137098001067443,0.2094390751605523,59.82990225392519
1182,1182,0.01914889000107678,0.2094390749222843,59.82983254585662
1183,1183,0.01916043800110856,0.20943907468628523,59.82990882685227
1184,1184,0.019179154001108145,0.2094390744525336,59.82983978325747
1185,1185,0.01920161900113726,0.2094390742210078,59.82991533776898
1186,1186,0.01921457300113616,0.20943907399168685,59.82984695230776
1187,1187,0.01922694100113631,0.20943907376454957,59.82992178725479
1188,1188,0.019238874001132444,0.2094390735395753,59.82985405364759
1189,1189,0.019250667001131205,0.20943907331674336,59.82992817588388
1190,1190,0.019262465001133933,0.20943907309603338,59.82986108791115
1191,1191,0.01927389800113133,0.2094390728774252,59.829934504225164
1192,1192,0.019285509001122136,0.2094390726608988,59.82986805572681
1193,1193,0.019296973001075912,0.20943907244643417,59.829940772842335
1194,1194,0.019308285001045533,0.2094390722340119,59.829874957717166
1195,1195,0.019319646001065394,0.20943907202361242,59.8299469822939
1196,1196,0.019330910001087886,0.20943907181521657,59.82988179449905
1197,1197,0.01936213300109557,0.2094390716088052,59.82995313313327
1198,1198,0.019380159001059383,0.20943907140435938,59.82988856668361
1199,1199,0.019396672001107618,0.2094390712018605,59.82995922590876
1200,1200,0.01940981800106556,0.2094390710012899,59.829895274876385
1201,1201,0.01942205200106173,0.20943907080262927,59.82996526116366
1202,1202,0.019433512001057807,0.20943907060586048,59.829901919677326
1203,1203,0.01944510500106844,0.20943907041096532,59.82997123943625
1204,1204,0.019456583001101535,0.2094390702179263,59.829908501680805
1205,1205,0.019467961001112144,0.2094390700267254,59.829977161259876
1206,1206,0.019479418001083104,0.20943906983734523,59.829915021475784
1207,1207,0.01949871800110259,0.20943906964976855,59.82998302716299
1208,1208,0.019518513001116844,0.20943906946397808,59.829921479645726
1209,1209,0.019530613001109032,0.20943906927995673,59.82998883766917
1210,1210,0.019542119001073388,0.20943906909768792,59.82992787676874
1211,1211,0.019553451001115718,0.20943906891715472,59.82999459329717
1212,1212,0.01956455300108928,0.20943906873834064,59.82993421341758
1213,1213,0.019575899001040398,0.2094390685612294,59.830000294561
1214,1214,0.019587185001057605,0.20943906838580478,59.829940490159714
1215,1215,0.019606293001061204,0.2094390682120506,59.83000594196991
1216,1216,0.019619226001054813,0.20943906803995105,59.829946707557355
1217,1217,0.019631130001016572,0.20943906786949038,59.830011536028486
1218,1218,0.01964299300101402,0.2094390677006529,59.829952866167545
1219,1219,0.019654713000988977,0.20943906753342323,59.83001707723663
1220,1220,0.019666478000999632,0.20943906736778609,59.82995896654216
1221,1221,0.019678121000993087,0.20943906720372615,59.83002256608966
1222,1222,0.019689593000975947,0.2094390670412286,59.829965009227955
1223,1223,0.01970565700099769,0.2094390668802784,59.83002800307834
1224,1224,0.019717125000966007,0.20943906672086096,59.82997099476664
1225,1225,0.019728365000958092,0.20943906656296155,59.83003338868889
1226,1226,0.01973951900100701,0.20943906640656576,59.82997692369492
1227,1227,0.019750772000975303,0.20943906625165928,59.830038723403035
1228,1228,0.019762305000995184,0.20943906609822796,59.829982796544535
1229,1229,0.019786714000986194,0.2094390659462577,59.83004400769809
1230,1230,0.019799895001028744,0.20943906579573457,59.82998861384227
1231,1231,0.019814643001041077,0.20943906564664488,59.83004924204694
1232,1232,0.019826905001025352,0.2094390654989749,59.829994376110044
1233,1233,0.019838750001042627,0.20943906535271115,59.830054426918096
1234,1234,0.01985054600100966,0.20943906520784025,59.830000083864974
1235,1235,0.019861778000972663,0.20943906506434884,59.830059562775766
1236,1236,0.019873371000926454,0.2094390649222239,59.830005737619324
1237,1237,0.01988461500093308,0.20943906478145233,59.830064650079855
1238,1238,0.01989575700088153,0.20943906464202133,59.83001133788066
1239,1239,0.019907069000907995,0.20943906450391805,59.83006968928602
1240,1240,0.01991814300089345,0.20943906436712995,59.83001688515183
1241,1241,0.019929621000926545,0.20943906423164443,59.83007468084571
1242,1242,0.019940747000930514,0.209439064097449,59.83002237993098
1243,1243,0.019952120000880313,0.20943906396453157,59.8300796252062
1244,1244,0.01996343300083936,0.20943906383287986,59.8300278227117
1245,1245,0.019974826000805024,0.2094390637024818,59.83008452281063
1246,1246,0.019986923000828938,0.2094390635733255,59.83003321398294
1247,1247,0.01999878100082242,0.20943906344539912,59.83008937409801
1248,1248,0.020010228000785446,0.20943906331869092,59.83003855422913
1249,1249,0.020024207000801653,0.20943906319318933,59.830094179503334
1250,1250,0.02003623200084803,0.20943906306888294,59.83004384393022
1251,1251,0.020047846000807112,0.20943906294576012,59.830098939457535
1252,1252,0.020059417000823032,0.20943906282380984,59.8300490835617
1253,1253,0.02007101300080194,0.20943906270302085,59.83010365438758
1254,1254,0.020082226000795345,0.20943906258338213,59.8300542735946
1255,1255,0.02009343100081651,0.20943906246488259,59.830108324716456
1256,1256,0.020104534000836338,0.20943906234751164,59.830059414495636
1257,1257,0.020115739000857502,0.20943906223125822,59.83011295086325
1258,1258,0.020127189000845647,0.20943906211611188,59.83006450672715
1259,1259,0.020138679000865523,0.20943906200206217,59.830117533243154
1260,1260,0.020151819000830073,0.20943906188909847,59.83006955074717
1261,1261,0.020164154000838153,0.20943906177721036,59.830122072267535
1262,1262,0.020175945000858064,0.20943906166638784,59.83007454700952
1263,1263,0.02019527200087623,0.20943906155662065,59.83012656834391
1264,1264,0.020209140000872594,0.20943906144789867,59.83007949596374
1265,1265,0.020221802000833122,0.20943906134021212,59.83013102187603
1266,1266,0.020233841000845132,0.20943906123355097,59.830084398055234
1267,1267,0.02024591800085318,0.2094390611279055,59.83013543326391
1268,1268,0.020257524000896865,0.20943906102326607,59.830089253725234
1269,1269,0.02026927600087447,0.20943906091962314,59.830139802903844
1270,1270,0.020280952000859997,0.20943906081696714,59.83009406341089
1271,1271,0.020292328000834914,0.2094390607152887,59.83014413118846
1272,1272,0.020304046000831022,0.2094390606145785,59.83009882754527
1273,1273,0.02031548500082181,0.20943906051482736,59.830148418506724
1274,1274,0.02034541600085049,0.20943906041602606,59.83010354655738
1275,1275,0.02036318900087508,0.20943906031816575,59.83015266524399
1276,1276,0.020392143000890428,0.2094390602212372,59.8301082208723
1277,1277,0.020407301000886946,0.2094390601252317,59.83015687178204
1278,1278,0.020428722000872312,0.2094390600301404,59.83011285091107
1279,1279,0.020441141000901553,0.20943905993595474,59.83016103849912
1280,1280,0.020452979000879168,0.20943905984266586,59.830117437090884
1281,1281,0.02046485600089909,0.20943905975026542,59.830165165769934
1282,1282,0.020479481000904798,0.20943905965874487,59.83012197982498
1283,1283,0.02049167700090493,0.20943905956809578,59.83016925396573
1284,1284,0.02050403900091169,0.20943905947830999,59.83012647952279
1285,1285,0.020526473000870737,0.20943905938937918,59.83017330345428
1286,1286,0.020539673000826042,0.20943905930129517,59.83013093658991
1287,1287,0.020551331000774553,0.20943905921405004,59.83017731459996
1288,1288,0.02056968600078335,0.2094390591276357,59.83013535142814
1289,1289,0.020601284000747455,0.2094390590420442,59.83018128776373
1290,1290,0.020616484000754554,0.2094390589572678,59.830139724435575
1291,1291,0.02062906500077588,0.20943905887329872,59.8301852233032
1292,1292,0.02064125700076147,0.20943905879012922,59.83014405600656
1293,1293,0.020665040000778845,0.20943905870775179,59.83018912157267
1294,1294,0.020692554000788732,0.20943905862615875,59.830148346531765
1295,1295,0.020705356000803476,0.20943905854534273,59.83019298292314
1296,1296,0.020717494000791703,0.20943905846529617,59.830152596398214
1297,1297,0.020729556000787852,0.20943905838601204,59.83019680770229
1298,1298,0.020741098000769398,0.20943905830748283,59.83015680598934
1299,1299,0.02075285300077212,0.2094390582297015,59.830200596254656
1300,1300,0.020764731000781467,0.2094390581526607,59.83016097568497
1301,1301,0.020776140000748455,0.20943905807635366,59.83020434892146
1302,1302,0.02078740500070353,0.20943905800077323,59.8301651058614
1303,1303,0.02079890200070622,0.20943905792591253,59.83020806604082
1304,1304,0.020810205000714177,0.20943905785176473,59.83016919689139
1305,1305,0.020821547000707596,0.209439057778323,59.830211747947686
1306,1306,0.020835416000693385,0.20943905770558063,59.83017324914424
1307,1307,0.020847973000684306,0.20943905763353096,59.83021539497386
1308,1308,0.020860106000668566,0.20943905756216738,59.83017726298579
1309,1309,0.020871920000672617,0.2094390574914834,59.83021900744809
1310,1310,0.020883526000659458,0.20943905742147256,59.83018123877847
1311,1311,0.02089505800063307,0.20943905735212837,59.83022258569603
1312,1312,0.020906353000611944,0.20943905728344453,59.830185176881315
1313,1313,0.02091803800061598,0.2094390572154147,59.830226130040295
1314,1314,0.02092980200063721,0.20943905714803282,59.83018907765
1315,1315,0.020941340000604214,0.20943905708129243,59.83022964080051
1316,1316,0.020952709000596315,0.20943905701518764,59.83019294143686
1317,1317,0.02096390100058443,0.2094390569497124,59.8302331182933
1318,1318,0.020979885000599552,0.2094390568848606,59.830196768590994
1319,1319,0.021014324000589113,0.2094390568206264,59.830236562832354
1320,1320,0.02102930600057107,0.20943905675700386,59.83020055945816
1321,1321,0.021042612000599092,0.20943905669398727,59.830239974728414
1322,1322,0.021054939000578088,0.20943905663157067,59.83020431438093
1323,1323,0.021067012000571594,0.20943905656974854,59.83024335428933
1324,1324,0.021078831000579612,0.209439056508515,59.830208033698646
1325,1325,0.02109030100052678,0.20943905644786462,59.83024670182008
1326,1326,0.02110202700055197,0.20943905638779178,59.830211717747495
1327,1327,0.021113508000553338,0.20943905632829102,59.83025001762279
1328,1328,0.021125626000582542,0.2094390562693569,59.8302153668605
1329,1329,0.02113714200055483,0.20943905621098394,59.830253301996756
1330,1330,0.02114896500057739,0.20943905615316685,59.83021898136757
1331,1331,0.02116051300060917,0.20943905609590036,59.83025655523849
1332,1332,0.021172102000605264,0.2094390560391792,59.83022256159554
1333,1333,0.021183526000584152,0.20943905598299808,59.830259777641714
1334,1334,0.02119489200060798,0.2094390559273521,59.83022610786816
1335,1335,0.02120631000065032,0.20943905587223602,59.830262969497454
1336,1336,0.02121771500065961,0.20943905581764466,59.83022962050616
1337,1337,0.0212293490006914,0.2094390557635732,59.83026613109394
1338,1338,0.021240769000655746,0.20943905571001672,59.83023309982727
1339,1339,0.02125469600065344,0.20943905565697024,59.83026926271678
1340,1340,0.02126897200065514,0.20943905560442883,59.83023654614623
1341,1341,0.02128102300065393,0.20943905555238776,59.83027236464885
1342,1342,0.021292722000680442,0.2094390555008423,59.83023995977485
1343,1343,0.021304061000705588,0.2094390554497877,59.83027543717043
1344,1344,0.02131577400069773,0.2094390553992192,59.830243341022005
1345,1345,0.021327298000699102,0.2094390553491323,59.830278480559144
1346,1346,0.021338681000713677,0.20943905529952236,59.83024669019367
1347,1347,0.021350256000687295,0.20943905525038492,59.83028149509003
1348,1348,0.02136159300067675,0.2094390552017153,59.83025000759295
1349,1349,0.021376430000657365,0.20943905515350913,59.83028448103556
1350,1350,0.021391634000679005,0.20943905510576205,59.83025329352012
1351,1351,0.021409627000707587,0.20943905505846971,59.83028743866564
1352,1352,0.02142322500071714,0.20943905501162768,59.830256548272644
1353,1353,0.021445270000754135,0.20943905496523169,59.830290368247674
1354,1354,0.021458724000751772,0.20943905491927753,59.830259772145176
1355,1355,0.021471379000786328,0.20943905487376094,59.83029327004652
1356,1356,0.021483376000787757,0.20943905482867786,59.830262965429625
1357,1357,0.02150165400081505,0.20943905478402403,59.83029614432461
1358,1358,0.02151389000079007,0.20943905473979546,59.830266128415126
1359,1359,0.02152600700082985,0.20943905469598803,59.83029899134186
1360,1360,0.02154310600081999,0.20943905465259782,59.830269261388146
1361,1361,0.021556342000849327,0.20943905460962076,59.83030181135581
1362,1362,0.021569013000828363,0.20943905456705295,59.83027236463246
1363,1363,0.021592087000840365,0.20943905452489053,59.83030460462154
1364,1364,0.02160609800085922,0.20943905448312966,59.83027543842912
1365,1365,0.021624518000862736,0.20943905444176636,59.830307371391754
1366,1366,0.02164889300087225,0.20943905440079702,59.830278483056624
1367,1367,0.021670251000841745,0.20943905436021776,59.8303101119168
1368,1368,0.021685595000860758,0.20943905432002494,59.830281498790804
1369,1369,0.02169791000085297,0.2094390542802149,59.830312826444676
1370,1370,0.0217107090008426,0.20943905424078393,59.830284485904905
1371,1371,0.021723076000853325,0.20943905420172845,59.830315515221045
1372,1372,0.021735121000858726,0.20943905416304492,59.83028744466961
1373,1373,0.02175028000084467,0.20943905412472968,59.83031817848926
1374,1374,0.021763178000810512,0.20943905408677937,59.830290375353066
1375,1375,0.02180547600084992,0.20943905404919047,59.83032081649041
1376,1376,0.021838378000836656,0.2094390540119595,59.83029327822089
1377,1377,0.021852942000862186,0.20943905397508306,59.83032342946333
1378,1378,0.021865726000839913,0.2094390539385577,59.830296153536246
1379,1379,0.02187792900082286,0.2094390539023803,59.83032601764458
1380,1380,0.02188965500084805,0.20943905386654732,59.830299001559744
1381,1381,0.021901728000841558,0.20943905383105557,59.83032858126853
1382,1382,0.021913249000874657,0.2094390537959018,59.830301822549615
1383,1383,0.02193785300090667,0.20943905376108288,59.830331120567344
1384,1384,0.02198904600095375,0.20943905372659546,59.83030461676163
1385,1385,0.02200848300094549,0.20943905369243637,59.830333635771005
1386,1386,0.022033909000924723,0.20943905365860271,59.83030738444917
1387,1387,0.0220642180008781,0.20943905362509113,59.83033612710732
1388,1388,0.022093336000864383,0.2094390535918987,59.83031012586323
1389,1389,0.02210778900087007,0.2094390535590224,59.830338594801994
1390,1390,0.022120219000839825,0.20943905352645908,59.83031284125243
1391,1391,0.02213262000083205,0.2094390534942059,59.8303410390786
1392,1392,0.0221448360007912,0.2094390534622599,59.83031553086308
1393,1393,0.022156342000755558,0.20943905343061806,59.83034346015858
1394,1394,0.02217830800077536,0.2094390533992775,59.83031819493915
1395,1395,0.022192229000779662,0.20943905336823546,59.830345858261346
1396,1396,0.022217072000785265,0.209439053337489,59.83032083372234
1397,1397,0.022229705000768263,0.20943905330703538,59.830348233604205
1398,1398,0.022274197000740514,0.20943905327687168,59.830323447452045
1399,1399,0.022289023000723773,0.20943905324699527,59.83035058640245
1400,1400,0.022310642000718417,0.20943905321740333,59.83032603636542
1401,1401,0.02233134600072617,0.2094390531880932,59.83035291686935
1402,1402,0.022351538000748405,0.2094390531590622,59.8303286006974
1403,1403,0.022372767000717886,0.2094390531303076,59.830355225216174
1404,1404,0.022392414000705685,0.20943905310182684,59.8303311406807
1405,1405,0.022410932000695993,0.20943905307361735,59.83035751165217
1406,1406,0.022431752000727556,0.20943905304567645,59.83033365654585
1407,1407,0.022444391000703945,0.2094390530180016,59.83035977638465
1408,1408,0.022456257000669666,0.2094390529905903,59.830336148521184
1409,1409,0.022467813000673686,0.2094390529634401,59.83036201961898
1410,1410,0.02247945000067375,0.2094390529365483,59.83033861683293
1411,1411,0.02249085700066189,0.20943905290991266,59.8303642415586
1412,1412,0.022502418000669877,0.2094390528835307,59.83034106170516
1413,1413,0.022516074000691333,0.20943905285739992,59.830366442404994
1414,1414,0.022528327000713944,0.209439052831518,59.83034348335985
1415,1415,0.022539963000724583,0.2094390528058825,59.83036862235781
1416,1416,0.02255131600071536,0.20943905278049113,59.83034588201685
1417,1417,0.02256289300072467,0.2094390527553416,59.830370781614775
1418,1418,0.022574509000719445,0.2094390527304315,59.83034825789399
1419,1419,0.02258625500070366,0.2094390527057587,59.83037292037179
1420,1420,0.02259770400070238,0.2094390526813208,59.83035061120702
1421,1421,0.02260939800066808,0.2094390526571156,59.830375038822865
1422,1422,0.022621018000677395,0.209439052633141,59.83035294216965
1423,1423,0.02263255000065101,0.20943905260939458,59.83037713716024
1424,1424,0.022644301000696032,0.20943905258587428,59.83035525099359
1425,1425,0.022655969000652476,0.20943905256257803,59.83037921557431
1426,1426,0.02266747400068425,0.20943905253950357,59.83035753788857
1427,1427,0.022685707000675848,0.20943905251664885,59.83038127425369
1428,1428,0.022701427000640706,0.20943905249401182,59.83035980306231
1429,1429,0.02271403000065675,0.20943905247159036,59.83038331338523
1430,1430,0.02272606600064364,0.20943905244938232,59.830362046720595
1431,1431,0.022737683000684683,0.2094390524273858,59.830385333153984
1432,1432,0.02274901900068471,0.20943905240559882,59.830364269067275
1433,1433,0.022760769000683467,0.20943905238401925,59.83038733374332
1434,1434,0.022772225000721846,0.20943905236264512,59.83036647030426
1435,1435,0.0227874550006959,0.20943905234147459,59.83038931533483
1436,1436,0.022807667000734,0.20943905232050572,59.83036865063157
1437,1437,0.022824142000729353,0.2094390522997364,59.830391278108436
1438,1438,0.022836312000720227,0.20943905227916498,59.83037081024733
1439,1439,0.022847832000707058,0.20943905225878934,59.83039322224232
1440,1440,0.022859355000719006,0.20943905223860781,59.83037294934781
1441,1441,0.022870773000704503,0.20943905221861847,59.83039514791304
1442,1442,0.02288522200069565,0.20943905219881942,59.83037506812741
1443,1443,0.0228971280006931,0.209439052179209,59.83039705529544
1444,1444,0.022927417000687456,0.20943905215978523,59.83037716677872
1445,1445,0.02294022700067444,0.2094390521405465,59.830398944562766
1446,1446,0.02295206600064148,0.20943905212149092,59.8303792454925
1447,1447,0.022963894000668006,0.20943905210261682,59.83040081588658
1448,1448,0.022975647000635036,0.20943905208392247,59.8303813044577
1449,1449,0.022987268000633776,0.2094390520654061,59.83040266943686
1450,1450,0.022998923000670857,0.20943905204706612,59.83038334386153
1451,1451,0.023010510000631257,0.20943905202890073,59.830404505381985
1452,1452,0.02302227700062076,0.20943905201090837,59.83038536388937
1453,1453,0.023038314000643823,0.20943905199308727,59.83040632388874
1454,1454,0.023051070000633445,0.20943905197543594,59.8303873647249
1455,1455,0.023078555000608958,0.20943905195795273,59.830408125122325
1456,1456,0.023092227000574894,0.20943905194063586,59.830389346550064
1457,1457,0.023104883000598875,0.20943905192348405,59.8304099092464
1458,1458,0.023118942000564857,0.20943905190649548,59.83039130954506
1459,1459,0.023132320000570417,0.2094390518896687,59.830411676423076
1460,1460,0.023144504000583765,0.20943905187300224,59.83039325388841
1461,1461,0.023166131000607493,0.20943905185649442,59.83041342681295
1462,1462,0.023181919000592188,0.20943905184014378,59.83039517975695
1463,1463,0.02319499700064398,0.20943905182394887,59.83041516057507
1464,1464,0.0232249550006145,0.20943905180790814,59.83039708732582
1465,1465,0.02323973300065063,0.20943905179202024,59.830416877867016
1466,1466,0.023254441000688075,0.20943905177628355,59.83039897676855
1467,1467,0.02326690500069617,0.20943905176069685,59.830418578844885
1468,1468,0.023279401000706912,0.20943905174525843,59.830400848257
1469,1469,0.02330706500066526,0.20943905172996707,59.830420263663264
1470,1470,0.023322157000677635,0.20943905171482133,59.83040270196143
1471,1471,0.023341165000658748,0.20943905169981983,59.83042193247532
1472,1472,0.02336564300065902,0.20943905168496116,59.83040453805046
1473,1473,0.023378246000675063,0.20943905167024401,59.830423585432754
1474,1474,0.0233904850006752,0.20943905165566698,59.83040635669115
1475,1475,0.0234024040007057,0.20943905164122883,59.83042522268586
1476,1476,0.023414477000699208,0.2094390516269281,59.83040815804896
1477,1477,0.023426157000699277,0.20943905161276358,59.83042684438349
1478,1478,0.023438115000715243,0.20943905159873388,59.8304099422878
1479,1479,0.023449933000733836,0.20943905158483792,59.8304284506731
1480,1480,0.023480391000703094,0.20943905157107418,59.830411709570036
1481,1481,0.02349594200069305,0.20943905155744152,59.830430041700744
1482,1482,0.023509226000726358,0.20943905154393871,59.83041346005649
1483,1483,0.023521813000741076,0.20943905153056444,59.83043161761112
1484,1484,0.023533986000700224,0.2094390515173175,59.83041519390647
1485,1485,0.023545968000689754,0.2094390515041968,59.830433178547544
1486,1486,0.0235578460006991,0.20943905149120098,59.830416911277766
1487,1487,0.02356941300070048,0.20943905147832892,59.83043472465199
1488,1488,0.023581224000679413,0.20943905146557953,59.8304186123267
1489,1489,0.023592980000728403,0.2094390514529514,59.83043625606506
1490,1490,0.02360467300070468,0.20943905144044364,59.8304202972081
1491,1491,0.02361595000070338,0.20943905142805497,59.830437772926096
1492,1492,0.02365924200069003,0.20943905141578426,59.83042196607534
1493,1493,0.023673482000731383,0.20943905140363042,59.83043927537305
1494,1494,0.02368871000078343,0.20943905139159225,59.830423619080335
1495,1495,0.023701236000761128,0.20943905137966873,59.83044076354261
1496,1496,0.02371338800077183,0.2094390513678588,59.83042525637357
1497,1497,0.023725444000774587,0.2094390513561613,59.83044223757019
1498,1498,0.023739689000763065,0.2094390513445752,59.83042687810411
1499,1499,0.023752560000730227,0.20943905133309945,59.83044369758987
1500,1500,0.02376443600070388,0.2094390513217329,59.83042848441962
1501,1501,0.023776107000685442,0.20943905131047474,59.830445143734515
1502,1502,0.023787795000714596,0.20943905129932366,59.830430075466346
1503,1503,0.02379970500072659,0.20943905128827883,59.83044657613572
1504,1504,0.023811114000750422,0.2094390512773391,59.83043165138916
1505,1505,0.023831606000783268,0.20943905126650364,59.830447994923816
1506,1506,0.023844864000750476,0.20943905125577128,59.830433212331585
1507,1507,0.023856932000740017,0.20943905124514126,59.83044940022794
1508,1508,0.023868709000737454,0.2094390512346123,59.83043475843575
1509,1509,0.02388077800071642,0.2094390512241837,59.83045079217598
1510,1510,0.023892480000711203,0.20943905121385434,59.83043628984247
1511,1511,0.02391048200070145,0.20943905120362338,59.830452170894624
1512,1512,0.023923936000699086,0.20943905119348988,59.830437806691215
1513,1513,0.023936548000733637,0.2094390511834529,59.83045353650937
1514,1514,0.023948902000768157,0.20943905117351136,59.83043930912014
1515,1515,0.02396057700076426,0.20943905116366468,59.83045488914451
1516,1516,0.02397228400076301,0.20943905115391162,59.8304407972661
1517,1517,0.023984060000771024,0.20943905114425154,59.8304562289232
1518,1518,0.02399578700078564,0.2094390511346833,59.83044227126464
1519,1519,0.024012262000780993,0.2094390511252063,59.83045755596739
1520,1520,0.02402406600077711,0.20943905111581948,59.830443731250035
1521,1521,0.024035966000781173,0.20943905110652214,59.8304588703979
1522,1522,0.024047358000757413,0.20943905109731326,59.83044517735529
1523,1523,0.02405886000076407,0.2094390510881921,59.830460172334405
1524,1524,0.02407064100077605,0.20943905107915778,59.83044660971213
1525,1525,0.024082135000753624,0.20943905107020952,59.830461461895446
1526,1526,0.024093441000729854,0.20943905106134644,59.83044802845108
1527,1527,0.024104819000740463,0.2094390510525678,59.83046273919845
1528,1528,0.0241160570007537,0.20943905104387267,59.83044943370139
1529,1529,0.024127385000724644,0.20943905103526045,59.830464004359726
1530,1530,0.024138957000729988,0.2094390510267302,59.83045082559109
1531,1531,0.02415253400073425,0.20943905101828117,59.830465257494474
1532,1532,0.02416464600071322,0.20943905100991253,59.830452204247024
1533,1533,0.024176398000690824,0.20943905100162366,59.83046649871683
1534,1534,0.02418821500066315,0.20943905099341376,59.83045356979481
1535,1535,0.024199959000668514,0.20943905098528195,59.83046772813983
1536,1536,0.02421140000063815,0.20943905097722768,59.83045492235888
1537,1537,0.024222818000623647,0.20943905096925006,59.83046894587546
1538,1538,0.024234437000586695,0.2094390509613484,59.830456262062505
1539,1539,0.024245538000570832,0.20943905095352194,59.83047015203462
1540,1540,0.024256950000562938,0.2094390509457701,59.83045758902778
1541,1541,0.0242683730005524,0.209439050938092,59.83047134672719
1542,1542,0.024279941000543204,0.20943905093048706,59.83045890337564
1543,1543,0.024298838000504475,0.20943905092295453,59.830472530061975
1544,1544,0.024329052000496176,0.2094390509154937,59.83046020522588
1545,1545,0.0243532540004594,0.20943905090810397,59.83047370214682
1546,1546,0.024367811000445272,0.20943905090078455,59.83046149469717
1547,1547,0.024380600000426966,0.20943905089353484,59.83047486308845
1548,1548,0.02439307700046811,0.20943905088635428,59.83046277190702
1549,1549,0.024405148000482768,0.209439050879242,59.83047601299267
1550,1550,0.02442504000049439,0.2094390508721974,59.83046403697188
1551,1551,0.024445113000524543,0.20943905086521997,59.83047715196422
1552,1552,0.024474305000524055,0.2094390508583089,59.830465290007076
1553,1553,0.024495178000506712,0.20943905085146375,59.83047828010689
1554,1554,0.024535040000500885,0.2094390508446837,59.83046653112681
1555,1555,0.024549712000464297,0.20943905083796827,59.830479397523476
1556,1556,0.02456788900047968,0.20943905083131675,59.83046776044425
1557,1557,0.024585726000452723,0.20943905082472858,59.8304805043158
1558,1558,0.02460860100040918,0.2094390508182032,59.83046897807147
1559,1559,0.024623433000442674,0.20943905081173989,59.830481600584704
1560,1560,0.02464176700044618,0.20943905080533817,59.830470184119484
1561,1561,0.024654323000447675,0.20943905079899733,59.830482686430116
1562,1562,0.02466959700041116,0.2094390507927169,59.830471378698256
1563,1563,0.02468607500043163,0.20943905078649638,59.83048376195099
1564,1564,0.024747394000428358,0.209439050780335,59.8304725619167
1565,1565,0.024764908000463492,0.2094390507742323,59.83048482724532
1566,1566,0.024779145000422886,0.20943905076818775,59.83047373388273
1567,1567,0.024792135000438975,0.20943905076220076,59.83048588241022
1568,1568,0.024816393000435255,0.20943905075627078,59.83047489470319
1569,1569,0.024829506000457968,0.20943905075039726,59.83048692754188
1570,1570,0.02484167000045545,0.20943905074457964,59.83047604448395
1571,1571,0.024853736000466142,0.20943905073881744,59.83048796273553
1572,1572,0.024865322000437118,0.20943905073311017,59.83047718332986
1573,1573,0.024888762000443876,0.20943905072745714,59.830488988085555
1574,1574,0.0249167950004221,0.209439050721858,59.83047831134479
1575,1575,0.024930879000407913,0.20943905071631222,59.830490003685426
1576,1576,0.024942607000411954,0.2094390507108192,59.8304794286316
1577,1577,0.024958679000405937,0.2094390507053785,59.83049100962771
1578,1578,0.024979632000395213,0.20943905069998958,59.83048053529222
1579,1579,0.024992145000396704,0.209439050694652,59.83049200600413
1580,1580,0.0250181130004421,0.20943905068936525,59.83048163142755
1581,1581,0.025030723000440958,0.20943905068412888,59.830492992905505
1582,1582,0.025042820000408028,0.20943905067894233,59.830482717137585
1583,1583,0.02505482500043854,0.20943905067380514,59.83049397042183
1584,1584,0.025066508000463728,0.2094390506687169,59.83048379252137
1585,1585,0.025090655000440165,0.20943905066367718,59.83049493864223
1586,1586,0.025106501000436765,0.2094390506586854,59.830484857677
1587,1587,0.025121044000457005,0.20943905065374108,59.830495897654984
1588,1588,0.025153098000487262,0.2094390506488439,59.83048591270161
1589,1589,0.02516934900046408,0.20943905064399346,59.83049684754754
1590,1590,0.02519962000042142,0.20943905063918905,59.830486957691484
1591,1591,0.025230068000439587,0.2094390506344305,59.83049778840651
1592,1592,0.025243265000426618,0.20943905062971716,59.83048799274193
1593,1593,0.02525566000042545,0.20943905062504875,59.830498720317706
1594,1594,0.02526773600038723,0.2094390506204249,59.83048901794738
1595,1595,0.025279678000401873,0.209439050615845,59.83049964336609
1596,1596,0.025307573000361572,0.20943905061130869,59.83049003340137
1597,1597,0.02533282800033021,0.20943905060681559,59.83050055763586
1598,1598,0.02534744200033856,0.20943905060236523,59.830491039196545
1599,1599,0.025360618000377144,0.2094390505979574,59.830501463210396
1600,1600,0.02537353100041173,0.20943905059359136,59.830492035424676
1601,1601,0.025397018000376193,0.20943905058926698,59.83050236017229
1602,1602,0.025411910000343596,0.2094390505849838,59.830493022176654
1603,1603,0.02542431500035036,0.20943905058074136,59.830503248603335
1604,1604,0.0254364020003095,0.20943905057653936,59.830493999542526
1605,1605,0.025448145000268596,0.20943905057237738,59.830504128584586
1606,1606,0.02545995200028983,0.20943905056825501,59.83049496761147
1607,1607,0.025471725000272727,0.2094390505641719,59.830505000196304
1608,1608,0.025483382000231813,0.20943905056012768,59.830495926471826
1609,1609,0.025495293000233232,0.20943905055612191,59.830505863518006
1610,1610,0.025510763000227143,0.20943905055215437,59.8304968762111
1611,1611,0.02552266600019948,0.20943905054822465,59.830506718628406
1612,1612,0.025544188000196755,0.20943905054433223,59.83049781691595
1613,1613,0.02556455400019786,0.20943905054047693,59.83050756560556
1614,1614,0.025578932000200894,0.20943905053665834,59.83049874867223
1615,1615,0.025592243000232884,0.2094390505328761,59.8305084045267
1616,1616,0.02561682900022788,0.20943905052912992,59.83049967156498
1617,1617,0.0256300920002559,0.20943905052541933,59.83050923546837
1618,1618,0.025642461000245476,0.20943905052174414,59.83050058567842
1619,1619,0.025666548000288003,0.20943905051810396,59.83051005850639
1620,1620,0.025679891000265798,0.20943905051449843,59.83050149109599
1621,1621,0.025691985000264594,0.20943905051092726,59.83051087371584
1622,1622,0.025703509000265967,0.20943905050739003,59.83050238790032
1623,1623,0.025715200000263394,0.20943905050388653,59.8305116811711
1624,1624,0.025726752000252873,0.2094390505004163,59.83050327617327
1625,1625,0.02573827100025028,0.20943905049697928,59.83051248094585
1626,1626,0.025762720000216177,0.20943905049357492,59.83050415599591
1627,1627,0.025775225000245428,0.20943905049020292,59.830513273113056
1628,1628,0.025787384000238944,0.20943905048686315,59.83050502744857
1629,1629,0.025808786000254713,0.2094390504835551,59.83051405774501
1630,1630,0.025821107000240318,0.20943905048027858,59.830505890610766
1631,1631,0.025833262000219293,0.20943905047703318,59.83051483491331
1632,1632,0.025845180000203527,0.20943905047381875,59.830506745561316
1633,1633,0.025856614000190348,0.20943905047063494,59.83051560468887
1634,1634,0.025868219000244608,0.20943905046748143,59.83050759237826
1635,1635,0.02587950000025785,0.20943905046435796,59.83051636714194
1636,1636,0.02589107700026716,0.2094390504612642,59.83050843113891
1637,1637,0.025902604000236806,0.20943905045819994,59.830517122342094
1638,1638,0.02591415100022232,0.2094390504551649,59.83050926191983
1639,1639,0.025925603000189312,0.20943905045215866,59.83051787035828
1640,1640,0.025940487000184476,0.20943905044918112,59.83051008479685
1641,1641,0.025952368000162096,0.2094390504462319,59.830518611258725
1642,1642,0.025973614000179168,0.20943905044331082,59.83051089984514
1643,1643,0.025987572000190085,0.20943905044041744,59.830519345111085
1644,1644,0.02600039700018897,0.20943905043755173,59.83051170713905
1645,1645,0.026012556000182485,0.20943905043471325,59.83052007198232
1646,1646,0.02602469400017071,0.20943905043190184,59.830512506752356
1647,1647,0.026047988000186706,0.20943905042911723,59.83052079193878
1648,1648,0.026061160000210748,0.20943905042635905,59.83051329875802
1649,1649,0.026073219000238623,0.20943905042362715,59.83052150504617
1650,1650,0.02608924200023921,0.2094390504209213,59.830514083228366
1651,1651,0.026117439000245213,0.2094390504182412,59.8305222113696
1652,1652,0.026133746000255087,0.20943905041558666,59.83051486023504
1653,1653,0.026146442000253955,0.2094390504129573,59.83052291097353
1654,1654,0.02615845100029901,0.20943905041035307,59.83051562984897
1655,1655,0.026170429000273998,0.20943905040777364,59.830523603921826
1656,1656,0.026181918000247606,0.20943905040521874,59.830516392140446
1657,1657,0.026204799000254297,0.20943905040268818,59.830524290277744
1658,1658,0.02621930800029304,0.20943905040018168,59.83051714717907
1659,1659,0.026231912000298507,0.20943905039769914,59.83052497010395
1660,1660,0.026244276000284117,0.20943905039524013,59.83051789503381
1661,1661,0.02625656300023138,0.2094390503928047,59.83052564346249
1662,1662,0.026268293000271115,0.20943905039039223,59.83051863577293
1663,1663,0.02628033700028709,0.2094390503880029,59.83052631041484
1664,1664,0.02629315200027804,0.2094390503856363,59.8305193694641
1665,1665,0.02630612100028884,0.20943905038329216,59.83052697102191
1666,1666,0.026318070000286298,0.20943905038097035,59.830520096174304
1667,1667,0.026329566000299565,0.20943905037867075,59.83052762534398
1668,1668,0.02634604300033061,0.20943905037639302,59.83052081596993
1669,1669,0.026393398000323032,0.20943905037413696,59.83052827344083
1670,1670,0.026407749000327385,0.20943905037190239,59.8305215289167
1671,1671,0.026420917000336885,0.20943905036968904,59.83052891537161
1672,1672,0.026433707000308004,0.2094390503674968,59.830522235079755
1673,1673,0.026446201000283054,0.20943905036532542,59.83052955119493
1674,1674,0.026458439000236922,0.20943905036317473,59.83052293452355
1675,1675,0.02647025400028724,0.20943905036104463,59.83053018096884
1676,1676,0.026481975000251623,0.20943905035893468,59.830523627312004
1677,1677,0.02649392200027023,0.20943905035684485,59.83053080475087
1678,1678,0.026505495000265,0.20943905035477495,59.83052431350838
1679,1679,0.02651753800023471,0.20943905035272473,59.830531422597964
1680,1680,0.026532142000235126,0.20943905035069407,59.83052499317536
1681,1681,0.02655096900019771,0.20943905034868276,59.83053203456654
1682,1682,0.026563292000162164,0.2094390503466905,59.83052566637502
1683,1683,0.026578779000146824,0.20943905034471733,59.830532640712484
1684,1684,0.026590732000158823,0.2094390503427629,59.83052633316885
1685,1685,0.026602784000203883,0.2094390503408271,59.83053324109115
1686,1686,0.026616917000183093,0.2094390503389097,59.83052699361777
1687,1687,0.026628846000164685,0.20943905033701057,59.830533835757365
1688,1688,0.026640494000162107,0.20943905033512955,59.830527647782105
1689,1689,0.026651977000199167,0.20943905033326643,59.83053442476544
1690,1690,0.026668951000203833,0.209439050331421,59.830528295721614
1691,1691,0.026680925000221123,0.20943905032959326,59.830535008169164
1692,1692,0.026692728000227817,0.2094390503277828,59.83052893749549
1693,1693,0.026704496000206746,0.20943905032598964,59.83053558602181
1694,1694,0.026726139000231797,0.20943905032421353,59.83052957316235
1695,1695,0.02674129600023889,0.20943905032245438,59.83053615837617
1696,1696,0.026753646000202025,0.20943905032071194,59.830530202780274
1697,1697,0.02676552800016907,0.2094390503189861,59.83053672528451
1698,1698,0.026782677000198873,0.2094390503172767,59.830530826406786
1699,1699,0.026805220000198915,0.2094390503155836,59.83053728679861
1700,1700,0.02681919400015431,0.20943905031390658,59.83053144409885
1701,1701,0.02683488900015618,0.20943905031224555,59.83053784296975
1702,1702,0.026847391000160314,0.20943905031060037,59.83053205591292
1703,1703,0.026859081000168317,0.20943905030897075,59.83053839384874
1704,1704,0.026870648000169695,0.2094390503073568,59.830532661904854
1705,1705,0.026882149000186928,0.20943905030575807,59.83053893948589
1706,1706,0.026893553000206794,0.20943905030417465,59.830533262130054
1707,1707,0.026933399000199643,0.20943905030260632,59.83053947993105
1708,1708,0.02695082400020965,0.2094390503010529,59.83053385664335
1709,1709,0.02696465300022055,0.2094390502995143,59.83054001523358
1710,1710,0.02697710900019956,0.20943905029799031,59.83053444549906
1711,1711,0.026996510000230955,0.2094390502964808,59.83054054544238
1712,1712,0.02701046600020618,0.20943905029498577,59.83053502875098
1713,1713,0.02702320600025132,0.20943905029350493,59.830541070605896
1714,1714,0.027035227000226314,0.20943905029203813,59.83053560645242
1715,1715,0.02705171100018333,0.20943905029058538,59.83054159077207
1716,1716,0.027063831000191385,0.20943905028914647,59.830536178656146
1717,1717,0.0270758980001915,0.20943905028772117,59.83054210598846
1718,1718,0.027087318000155847,0.20943905028630957,59.83053674541446
1719,1719,0.02710336900014454,0.2094390502849113,59.83054261630211
1720,1720,0.027115085000161798,0.20943905028352636,59.83053730677915
1721,1721,0.027126493000139362,0.20943905028215465,59.83054312175964
1722,1722,0.027147594000098252,0.20943905028079599,59.830537862801506
1723,1723,0.027162262000103965,0.20943905027945023,59.83054362240724
1724,1724,0.0271796540001219,0.2094390502781174,59.83053841353234
1725,1725,0.02719385000011698,0.20943905027679716,59.83054411829064
1726,1726,0.02720926000012014,0.20943905027548948,59.83053895902197
1727,1727,0.02723678200015911,0.20943905027419427,59.83054460945515
1728,1728,0.02725117600016347,0.20943905027291143,59.83053949932026
1729,1729,0.027263992000200687,0.20943905027164075,59.83054509594564
1730,1730,0.027276184000186277,0.2094390502703823,59.83054003447658
1731,1731,0.027288582000210226,0.20943905026913567,59.83054557780656
1732,1732,0.02730038500021692,0.20943905026790102,59.83054056453983
1733,1733,0.02731197700023813,0.20943905026667803,59.830546055081946
1734,1734,0.02732333400024345,0.2094390502654668,59.83054108955846
1735,1735,0.027335120000259394,0.20943905026426707,59.8305465278154
1736,1736,0.027346456000259423,0.2094390502630787,59.83054160958044
1737,1737,0.02735762900027794,0.20943905026190168,59.83054699605011
1738,1738,0.02736885900026209,0.20943905026073592,59.83054212465331
1739,1739,0.027380574000233082,0.20943905025958115,59.83054745982887
1740,1740,0.027392218000215962,0.2094390502584375,59.830542634824134
1741,1741,0.02740360700022393,0.2094390502573047,59.830547919194046
1742,1742,0.027419794000252296,0.20943905025618267,59.83054314013954
1743,1743,0.02744339600025114,0.2094390502550713,59.83054837418762
1744,1744,0.027455539000243334,0.20943905025397055,59.830543640645715
1745,1745,0.02746733900022491,0.20943905025288032,59.83054882485118
1746,1746,0.02749177800023972,0.20943905025180043,59.83054413638841
1747,1747,0.02750449200021876,0.2094390502507308,59.830549271225884
1748,1748,0.027529106000258707,0.2094390502496714,59.83054462741292
1749,1749,0.027542208000284063,0.20943905024862208,59.830549713352546
1750,1750,0.027554064000298695,0.20943905024758266,59.83054511376414
1751,1751,0.027587147000303958,0.20943905024655324,59.83055015127155
1752,1752,0.027604380000354922,0.20943905024553355,59.830545595486505
1753,1753,0.02762041600038856,0.20943905024452364,59.83055058502293
1754,1754,0.027641560000404297,0.20943905024352333,59.830546072624074
1755,1755,0.027656355000431176,0.20943905024253257,59.83055101464631
1756,1756,0.027676493000399205,0.20943905024155124,59.830546545220436
1757,1757,0.0276892820003809,0.20943905024057918,59.83055144018096
1758,1758,0.027701538000371784,0.20943905023961643,59.83054701331879
1759,1759,0.0277132690003441,0.20943905023866283,59.83055186166578
1760,1760,0.02774267700033306,0.20943905023771836,59.83054747696195
1761,1761,0.02775684200031492,0.20943905023678283,59.83055227913927
1762,1762,0.02776924600033226,0.2094390502358562,59.830547936192254
1763,1763,0.027793249000353626,0.20943905023493847,59.8305526926396
1764,1764,0.027805761000365692,0.20943905023402945,59.83054839105172
1765,1765,0.027842263000366074,0.20943905023312903,59.83055310220455
1766,1766,0.027857378000362587,0.20943905023223716,59.83054884158191
1767,1767,0.027870515000358864,0.20943905023135387,59.83055350787156
1768,1768,0.02788356900038025,0.20943905023047898,59.83054928782401
1769,1769,0.02789662500038048,0.20943905022961246,59.8305539096777
1770,1770,0.02790920800038066,0.2094390502287541,59.830549729818806
1771,1771,0.02792123200038077,0.20943905022790402,59.8305543076597
1772,1772,0.02793303300035177,0.20943905022706194,59.83055016760672
1773,1773,0.027948325000295426,0.2094390502262279,59.83055470185395
1774,1774,0.02796053700029688,0.2094390502254018,59.830550601227756
1775,1775,0.027972305000332653,0.20943905022458356,59.83055509229645
1776,1776,0.027983701000323435,0.20943905022377315,59.830551030721566
1777,1777,0.02799551000032352,0.20943905022297046,59.830555479022905
1778,1778,0.0280156310003008,0.20943905022217535,59.83055145612742
1779,1779,0.028029261000313,0.20943905022138784,59.830555862068664
1780,1780,0.028053482000302665,0.20943905022060785,59.83055187748419
1781,1781,0.028068606000317686,0.20943905021983533,59.830556241468734
1782,1782,0.028087011000309303,0.20943905021907006,59.830552294830404
1783,1783,0.028116137000267827,0.20943905021831216,59.8305566172578
1784,1784,0.02813028900027348,0.2094390502175614,59.83055270820423
1785,1785,0.028143285000282958,0.20943905021681783,59.8305569894702
1786,1786,0.028165543000284288,0.20943905021608142,59.83055311764345
1787,1787,0.02818966200027262,0.20943905021535197,59.830557358139984
1788,1788,0.02820192900026086,0.20943905021462944,59.8305535231855
1789,1789,0.028227017000233445,0.2094390502139138,59.83055772330083
1790,1790,0.028240332000223134,0.20943905021320489,59.83055392486745
1791,1791,0.0282554110002593,0.2094390502125028,59.83055808498612
1792,1792,0.02826777100023037,0.20943905021180748,59.83055432272604
1793,1793,0.02828259300025593,0.2094390502111187,59.83055844322893
1794,1794,0.028294747000302323,0.20943905021043654,59.83055471679763
1795,1795,0.02831299100034812,0.2094390502097608,59.83055879806199
1796,1796,0.02832520600031785,0.20943905020909145,59.830555107118265
1797,1797,0.028336831000274287,0.20943905020842854,59.83055914951776
1798,1798,0.02834847700029286,0.20943905020777195,59.83055549372363
1799,1799,0.02836004700026251,0.2094390502071217,59.83055949762836
1800,1800,0.028372112000226934,0.2094390502064775,59.83055587664905
1801,1801,0.028383458000234896,0.20943905020583947,59.830559842425615
1802,1802,0.028394806000221706,0.20943905020520756,59.83055625592957
1803,1803,0.028412501000218526,0.20943905020458164,59.83056018394103
1804,1804,0.02842641300020432,0.20943905020396167,59.83055663159986
1805,1805,0.0284394240002257,0.2094390502033477,59.83056052220586
1806,1806,0.028451141000232383,0.2094390502027394,59.83055700369426
1807,1807,0.028462868000247,0.209439050202137,59.830560857251
1808,1808,0.028474377000236473,0.20943905020154033,59.8305573722468
1809,1809,0.028485963000207448,0.2094390502009493,59.83056118910709
1810,1810,0.028497298000218052,0.20943905020036396,59.83055773729118
1811,1811,0.028509008000185077,0.20943905019978415,59.83056151780447
1812,1812,0.028520554000181164,0.2094390501992099,59.830558098860784
1813,1813,0.02853209000016932,0.20943905019864104,59.83056184337321
1814,1814,0.028570533000163323,0.2094390501980777,59.83055845698867
1815,1815,0.02858551500014528,0.20943905019751966,59.83056216584305
1816,1816,0.02859842000015078,0.20943905019696693,59.830558811707576
1817,1817,0.028610602000128438,0.20943905019641948,59.83056248524348
1818,1818,0.028622308000137764,0.2094390501958773,59.83055916304996
1819,1819,0.028642845000149464,0.20943905019534023,59.830562801603705
1820,1820,0.028663967000113644,0.20943905019480824,59.83055951104794
1821,1821,0.028676814000107242,0.2094390501942813,59.83056311495267
1822,1822,0.02868884700012586,0.2094390501937595,59.83055985573333
1823,1823,0.028700489000129892,0.20943905019324252,59.83056342531899
1824,1824,0.028711883000141825,0.20943905019273054,59.83056019713764
1825,1825,0.02872289800012595,0.20943905019222347,59.83056373273107
1826,1826,0.02873424200009822,0.2094390501917212,59.83056053529214
1827,1827,0.028745305000143162,0.2094390501912237,59.830564037217016
1828,1828,0.028756521000161683,0.20943905019073092,59.83056087022771
1829,1829,0.028767883000114125,0.20943905019024286,59.830564338804656
1830,1830,0.028779295000163074,0.20943905018975947,59.83056120197499
1831,1831,0.02879062700014856,0.20943905018928063,59.83056463752157
1832,1832,0.028801938000128757,0.20943905018880635,59.83056153056431
1833,1833,0.02882644100014886,0.20943905018833664,59.83056493339507
1834,1834,0.028841089000195552,0.2094390501878714,59.83056185602573
1835,1835,0.02885406700022486,0.20943905018741052,59.83056522645223
1836,1836,0.028866747000222404,0.20943905018695413,59.83056217838903
1837,1837,0.028878775000237056,0.20943905018650202,59.830565516719815
1838,1838,0.028890768000223943,0.20943905018605427,59.830562497683665
1839,1839,0.028909010000177204,0.2094390501856107,59.83056580422439
1840,1840,0.028920942000183913,0.20943905018517137,59.83056281393885
1841,1841,0.028933031000178744,0.20943905018473627,59.83056608899225
1842,1842,0.028944788000160315,0.2094390501843053,59.8305631271835
1843,1843,0.02895653000018683,0.2094390501838784,59.830566371049414
1844,1844,0.028968152000174996,0.20943905018345568,59.83056343744626
1845,1845,0.028998012000158724,0.20943905018303685,59.830566650421694
1846,1846,0.029026685000133057,0.20943905018262202,59.83056374475552
1847,1847,0.02903989000014917,0.2094390501822112,59.83056692713462
1848,1848,0.029051845000196863,0.2094390501818043,59.83056404913938
1849,1849,0.029063392000182375,0.20943905018140113,59.830567201213526
1850,1850,0.029087921000211736,0.20943905018100198,59.83056435062567
1851,1851,0.0291004220001696,0.20943905018060657,59.830567472683434
1852,1852,0.029112294000185557,0.2094390501802149,59.83056464924197
1853,1853,0.02912985000017443,0.20943905017982695,59.830567741569205
1854,1854,0.02914742500018974,0.20943905017944273,59.8305649450156
1855,1855,0.029160042000171416,0.20943905017906222,59.830568007895415
1856,1856,0.02917252200012399,0.20943905017868525,59.830565237973595
1857,1857,0.029184622000116178,0.20943905017831188,59.83056827168642
1858,1858,0.02920537100015963,0.20943905017794207,59.83056552814276
1859,1859,0.029220703000135018,0.2094390501775758,59.83056853296634
1860,1860,0.029239024000105474,0.20943905017721298,59.83056581554964
1861,1861,0.029256855000085125,0.20943905017685366,59.83056879175908
1862,1862,0.029269941000109156,0.20943905017649775,59.830566100220516
1863,1863,0.02928263200010406,0.20943905017614525,59.83056904808829
1864,1864,0.02929472700009228,0.20943905017579606,59.830566382181416
1865,1865,0.029306518000055348,0.20943905017545023,59.83056930197744
1866,1866,0.029328395000050023,0.20943905017510767,59.83056666145816
1867,1867,0.029342656000039824,0.20943905017476838,59.83056955344972
1868,1868,0.029355583000040042,0.2094390501744323,59.830566938076245
1869,1869,0.02937085400003525,0.20943905017409944,59.83056980252816
1870,1870,0.029386651000038455,0.2094390501737698,59.83056721206101
1871,1871,0.02939963300002546,0.20943905017344325,59.83057004923551
1872,1872,0.029411748000029547,0.20943905017311978,59.830567483437505
1873,1873,0.02943517200003498,0.20943905017279943,59.83057029359434
1874,1874,0.02944842800002334,0.20943905017248216,59.83056775223055
1875,1875,0.029463932000055593,0.2094390501721678,59.83057053562702
1876,1876,0.029480158000069423,0.20943905017185652,59.830568018464746
1877,1877,0.029492815000082828,0.2094390501715482,59.830570775355675
1878,1878,0.02950506300004463,0.20943905017124284,59.830568282164414
1879,1879,0.029517010000006394,0.20943905017094036,59.83057101280221
1880,1880,0.029539737999982663,0.2094390501706407,59.83056854335371
1881,1881,0.02956243800002767,0.20943905017034398,59.83057124798837
1882,1882,0.029582177000065712,0.20943905017005005,59.830568802056504
1883,1883,0.02962135600006377,0.20943905016975892,59.83057148093566
1884,1884,0.029646986000102515,0.20943905016947056,59.83056905829646
1885,1885,0.02966233500006865,0.20943905016918501,59.83057171166538
1886,1886,0.029675149000070178,0.20943905016890207,59.83056931209703
1887,1887,0.02968768300007696,0.20943905016862197,59.830571940198624
1888,1888,0.02970007000010355,0.20943905016834435,59.830569563481426
1889,1889,0.0297121430001539,0.20943905016806946,59.830572166556315
1890,1890,0.029723984000156634,0.2094390501677972,59.830569812472646
1891,1891,0.02973575300018183,0.20943905016752754,59.83057239075915
1892,1892,0.029747256000177913,0.20943905016726044,59.830570059093446
1893,1893,0.029766985000208024,0.20943905016699585,59.830572612827645
1894,1894,0.029783630000224548,0.20943905016673386,59.830570303366414
1895,1895,0.029796203000216792,0.20943905016647432,59.83057283278209
1896,1896,0.0298207380001827,0.20943905016621717,59.83057054531388
1897,1897,0.029833086000166986,0.20943905016596262,59.830573050642606
1898,1898,0.029845129000136694,0.2094390501657104,59.830570784957985
1899,1899,0.029859588000135773,0.20943905016546058,59.83057326642915
1900,1900,0.029871586000126626,0.20943905016521316,59.83057102232064
1901,1901,0.029883642000129385,0.20943905016496814,59.83057348016143
1902,1902,0.02989533300012681,0.20943905016472536,59.83057125742357
1903,1903,0.029906750000122884,0.20943905016448497,59.830573691859016
1904,1904,0.029917934000081914,0.20943905016424677,59.83057149028827
1905,1905,0.029929408000100466,0.20943905016401096,59.83057390154125
1906,1906,0.02994087500007936,0.2094390501637773,59.830571720936064
1907,1907,0.029952199000092605,0.20943905016354597,59.83057410922734
1908,1908,0.029963680000093973,0.20943905016331674,59.83057194938803
1909,1909,0.02997537900006364,0.20943905016308975,59.830574314936264
1910,1910,0.029986731000064992,0.20943905016286488,59.83057217566508
1911,1911,0.02999816200008354,0.2094390501626422,59.830574518686845
1912,1912,0.03000956900007168,0.20943905016242162,59.83057239978791
1913,1913,0.030030566000050385,0.20943905016220316,59.830574720497715
1914,1914,0.03004493299999922,0.20943905016198675,59.83057262177702
1915,1915,0.030058060000044406,0.20943905016177233,59.83057492038735
1916,1916,0.030070865000027425,0.20943905016156006,59.830572841652724
1917,1917,0.030083438000076512,0.20943905016134984,59.830575118374014
1918,1918,0.030095376000076612,0.2094390501611415,59.83057305943514
1919,1919,0.03010728100008464,0.20943905016093528,59.830575314475844
1920,1920,0.03011910300006093,0.20943905016073094,59.8305732751442
1921,1921,0.030130684000084784,0.2094390501605285,59.83057550871075
1922,1922,0.03014213200009408,0.20943905016032804,59.8305734887996
1923,1923,0.03015339400008088,0.2094390501601295,59.83057570109653
1924,1924,0.0302008710000905,0.20943905015993283,59.83057370042093
1925,1925,0.030218102000105773,0.20943905015973807,59.83057589165076
1926,1926,0.030239475000087168,0.20943905015954517,59.830573910027525
1927,1927,0.0302543340000625,0.20943905015935413,59.830576080390884
1928,1928,0.03026657400005206,0.20943905015916486,59.83057411763857
1929,1929,0.03028004400005102,0.2094390501589773,59.830576267334166
1930,1930,0.030291966000049797,0.2094390501587916,59.83057432327307
1931,1931,0.03030346000002737,0.20943905015860775,59.8305764524977
1932,1932,0.03031538800001954,0.2094390501584256,59.830574526949825
1933,1933,0.03032994300002656,0.2094390501582451,59.83057663589844
1934,1934,0.030342088999987027,0.20943905015806646,59.83057472868746
1935,1935,0.030358033000027262,0.20943905015788938,59.83057681755315
1936,1936,0.030372044000046117,0.20943905015771408,59.830574928504454
1937,1937,0.030398479000041334,0.20943905015754047,59.83057699747846
1938,1938,0.030410801000016363,0.20943905015736844,59.830575126419085
1939,1939,0.03044096400003582,0.20943905015719805,59.83057717569083
1940,1940,0.03045793300003652,0.20943905015702932,59.83057532244945
1941,1941,0.03047197800003687,0.2094390501568622,59.83057735220653
1942,1942,0.03048448300006612,0.20943905015669664,59.830575516613486
1943,1943,0.030496691000053033,0.20943905015653272,59.83057752704176
1944,1944,0.030508197000074233,0.2094390501563703,59.83057570892896
1945,1945,0.030519730000094114,0.20943905015620942,59.83057770021249
1946,1946,0.030531130000099438,0.20943905015605013,59.830575899413475
1947,1947,0.03054232000005186,0.20943905015589223,59.83057787173456
1948,1948,0.030553871000051913,0.209439050155736,59.83057608808445
1949,1949,0.030565164000051936,0.20943905015558115,59.830578041623674
1950,1950,0.03057657000005065,0.20943905015542782,59.83057627495914
1951,1951,0.030587963000016316,0.20943905015527595,59.830578209895364
1952,1952,0.030599219000009725,0.2094390501551255,59.830576460054665
1953,1953,0.030610506000016358,0.20943905015497646,59.83057837656503
1954,1954,0.030622560000040266,0.20943905015482892,59.83057664338794
1955,1955,0.030636473000015485,0.20943905015468275,59.83057854164792
1956,1956,0.030648838999979944,0.20943905015453795,59.83057682497576
1957,1957,0.03066082200001574,0.20943905015439457,59.830578705159134
1958,1958,0.030673280000030445,0.2094390501542525,59.83057700483471
1959,1959,0.030691409000041858,0.20943905015411182,59.83057886711363
1960,1960,0.03071055000003753,0.2094390501539725,59.83057718298128
1961,1961,0.030724728000052437,0.2094390501538344,59.830579027526234
1962,1962,0.03075016300005018,0.20943905015369774,59.83057735943174
1963,1963,0.030762290000041048,0.20943905015356232,59.830579186411626
1964,1964,0.030784183000037046,0.20943905015342817,59.83057753420226
1965,1965,0.030798833999995168,0.20943905015329534,59.83057934378432
1966,1966,0.03081644899998537,0.20943905015316375,59.83057770730882
1967,1967,0.030832657000019026,0.20943905015303343,59.83057949965874
1968,1968,0.030861923000031766,0.20943905015290434,59.830577878767265
1969,1969,0.030878074000042943,0.20943905015277653,59.83057965404914
1970,1970,0.030891855000049873,0.20943905015264985,59.83057804859327
1971,1971,0.030909930000063923,0.20943905015252448,59.83057980696963
1972,1972,0.030940730000054373,0.20943905015240027,59.83057821680237
1973,1973,0.030953281000051902,0.20943905015227712,59.83057995843423
1974,1974,0.030965546000061295,0.20943905015215522,59.83057838340999
1975,1975,0.03098158400007378,0.20943905015203454,59.83058010845677
1976,1976,0.030996147000053043,0.209439050151915,59.83057854843135
1977,1977,0.0310087610000096,0.2094390501517965,59.830580257051
1978,1978,0.031020441999999093,0.2094390501516792,59.83057871188154
1979,1979,0.031032204999974056,0.20943905015156306,59.83058040423049
1980,1980,0.031043798999974115,0.20943905015144795,59.83057887377554
1981,1981,0.03106709700000465,0.20943905015133402,59.83058055000873
1982,1982,0.03108816700000716,0.20943905015122113,59.83057903412816
1983,1983,0.03110246199997846,0.20943905015110928,59.83058069439905
1984,1984,0.031114538999986507,0.20943905015099848,59.830579192954055
1985,1985,0.03112638199996809,0.20943905015088882,59.830580837414665
1986,1986,0.031150732999947195,0.20943905015078015,59.830579350267776
1987,1987,0.03118570399993814,0.20943905015067255,59.83058097906865
1988,1988,0.031206354999937957,0.20943905015056596,59.8305795060837
1989,1989,0.031220864999966125,0.20943905015046038,59.83058111937398
1990,1990,0.031239122999977553,0.20943905015035577,59.83057966041611
1991,1991,0.03125692099996513,0.20943905015025216,59.83058125834347
1992,1992,0.03127539099995147,0.2094390501501496,59.830579813279115
1993,1993,0.031299359999934495,0.20943905015004793,59.83058139598987
1994,1994,0.03131787699993538,0.20943905014994732,59.8305799646867
1995,1995,0.03133051499992234,0.20943905014984762,59.83058153232575
1996,1996,0.0313500659999022,0.20943905014974887,59.83058011465272
1997,1997,0.03136477899988677,0.2094390501496511,59.83058166736359
1998,1998,0.03138545999991038,0.2094390501495542,59.830580263190896
1999,1999,0.03141648699988764,0.20943905014945827,59.83058180111574
2000,2000,0.03143005899988793,0.20943905014936318,59.83058041031483
