epoch,updates,time,train_loss,val_rmse
1,1,4.7808000033455755e-05,0.29207550840709323,66.64510908121993
2,2,6.725700001197765e-05,0.23376776938831578,59.165156722178374
3,3,8.325800001784955e-05,0.22176423824386468,58.855001996336114
4,4,9.733999996797138e-05,0.21678583516466174,58.3019159969143
5,5,0.0001108519999775126,0.21458182243684198,58.44221978937399
6,6,0.00012405199993281713,0.21339865210685155,58.367565277419025
7,7,0.00013635099998055011,0.21274443754002983,58.502826865737966
8,8,0.0001484730000242962,0.2123356422557619,58.51530325740368
9,9,0.00016054700000722733,0.2120704160700229,58.62419264399585
10,10,0.00017881100001204686,0.21187155139519342,58.6611120518761
11,11,0.00019437899999275032,0.21171766246791993,58.74970753026001
12,12,0.00020846699999310658,0.21158653510698056,58.78227972743852
13,13,0.00022123200000123688,0.2114732868308995,58.858895318932234
14,14,0.00023367500000404107,0.21137191017100534,58.88463845514897
15,15,0.0002462830000240501,0.2112807879324973,58.952895326933074
16,16,0.00025815100002546387,0.211197993912373,58.973498387748634
17,17,0.0002701120000097035,0.2111226640512167,59.03523596868874
18,18,0.00028219500001114284,0.21105384795411986,59.05261142212186
19,19,0.0002940260000059425,0.21099093604036315,59.108808226192764
20,20,0.00030589700003247344,0.21093327306617235,59.12385387746723
21,21,0.0003175660000351854,0.2108803872691922,59.1752082329093
22,22,0.0003291210000497813,0.21083176450147398,59.18837636527198
23,23,0.0003407720000723202,0.21078703114169742,59.23543148575052
24,24,0.0003524290000882502,0.21074576874735687,59.2469140642325
25,25,0.00036398900010681245,0.21070768020903086,59.29013672340906
26,26,0.0003760360000910623,0.21067242155313012,59.30003430999938
27,27,0.0003879500001175984,0.21063975666341656,59.3398356336886
28,28,0.0004080960001147105,0.2106094018449801,59.348209021182534
29,29,0.0004206140001201675,0.21058116977908842,59.384958472895924
30,30,0.00043298900010313446,0.2105548261239435,59.39185917216608
31,31,0.0004450590001283672,0.21053022255300913,59.42588993166688
32,32,0.0004574780001576073,0.21050716531467556,59.43136896261401
33,33,0.0004694980001431759,0.21048553715877044,59.46298184208723
34,34,0.000481287000127395,0.2104651778112784,59.46709372046517
35,35,0.0004930040000772351,0.21044599471428502,59.49655964808713
36,36,0.0005046640001182823,0.2104278552681909,59.499362881905306
37,37,0.0005163450001077763,0.21041068647275044,59.526925070748135
38,38,0.0005281660000946431,0.21039437864849417,59.528481917043464
39,39,0.0005396980000682561,0.21037887423836737,59.554357801110875
40,40,0.0005510490000233403,0.210364082571732,59.5547335890998
41,41,0.0005624870000247029,0.21034995825172914,59.579116714086474
42,42,0.0005809200000044257,0.2103364263850458,59.57837911974965
43,43,0.0005952289999981986,0.2103234511274796,59.601441009474684
44,44,0.0006085169999892059,0.21031097068251245,59.59965930256358
45,45,0.0006211529999973209,0.21029895669709853,59.62155132081024
46,46,0.0006331040000304711,0.21028735824063968,59.61879562155326
47,47,0.0006449930000371751,0.21027615282851134,59.63965081573386
48,48,0.000656638000066323,0.21026529853508705,59.63599136254983
49,49,0.0006684980000386531,0.21025477747162769,59.65592626992544
50,50,0.0006800180000823275,0.21024455516335402,59.65143271456503
51,51,0.0006915120000599018,0.2102346173224749,59.67054910568779
52,52,0.0007034080000494214,0.2102249356272387,59.66528985391417
53,53,0.0007158970000773479,0.2102154986144901,59.68367638920799
54,54,0.0007279220000668829,0.21020628303292227,59.6777180077714
55,55,0.0007401720000643763,0.21019727963891566,59.69545178672127
56,56,0.0007523270001001947,0.21018846935031968,59.68885849358992
57,57,0.0007637370001134514,0.21017984467143072,59.7060064817973
58,58,0.0007752750001372988,0.2101713899407912,59.69883973071981
59,59,0.0007866220001346846,0.2101630990427307,59.715460056345115
60,60,0.0007981560001439902,0.21015495911670634,59.70777821974493
61,61,0.0008185970001477472,0.21014696513967657,59.72392133683585
62,62,0.0008312120001505718,0.21013910654032175,59.71577948467197
63,63,0.000843032000148014,0.2101313791632293,59.73148920589454
64,64,0.0008547090001798097,0.21012377430509033,59.72293897317026
65,65,0.0008663820001970635,0.2101162885015429,59.73825337827351
66,66,0.0008780370002341442,0.2101089145715219,59.72934291066411
67,67,0.0008896490002143764,0.2101016496027691,59.744295139587116
68,68,0.0009010210002315944,0.21009448765335567,59.735069105045504
69,69,0.000912146000246139,0.21008742625349186,59.74968804605622
70,70,0.0009236480002527969,0.2100804604691157,59.740187699930594
71,71,0.0009348270002078607,0.21007358818616473,59.754498583780084
72,72,0.0009462330002065755,0.2100668052899024,59.7447618755575
73,73,0.0009576120002066091,0.21006010995318716,59.75878678657021
74,74,0.0009691660002317803,0.21005349872716997,59.748848497499544
75,75,0.0009887580002327923,0.2100469700169168,59.76260681200941
76,76,0.001002614000185531,0.21004052091478143,59.752498714276676
77,77,0.001015333000168539,0.21003415001443146,59.766007476033934
78,78,0.0010283770001819903,0.21002785484823078,59.75575850566318
79,79,0.0010403240002005987,0.21002163416362196,59.76903274691071
80,80,0.001052218000211269,0.2100154858509365,59.7586691840118
81,81,0.001064200000200799,0.2100094087835231,59.77172219995823
82,82,0.0010759950002352525,0.2100034011432193,59.761267851264144
83,83,0.001087948000247252,0.20999746190693863,59.774111434726755
84,84,0.0010996070002988745,0.20999158949421948,59.763587814519965
85,85,0.0011112660002936536,0.2099857829676,59.77623245661411
86,86,0.0011225560003254031,0.20998004094078138,59.765658963123485
87,87,0.001134087000366435,0.2099743625474961,59.778114025057526
88,88,0.00114577400034932,0.20996874656038933,59.76750811022155
89,89,0.0011574780003229534,0.20996319217276282,59.779781970526095
90,90,0.0011688590003586796,0.20995769828772165,59.769159301677966
91,91,0.0011802070004023335,0.20995226414875584,59.78125948255733
92,92,0.0011916300003917968,0.2099468887663933,59.77063409511319
93,93,0.0012031620004222532,0.20994157142673012,59.782567371050554
94,94,0.0012150090004183767,0.20993631122908388,59.77195181169299
95,95,0.0012275800003749282,0.20993110749601676,59.783724302962185
96,96,0.0012394990003485873,0.20992595940056075,59.77312976312647
97,97,0.0012510570003883004,0.2099208662967618,59.78474701645487
98,98,0.0012624580003830488,0.20991582741916515,59.774183456162
99,99,0.001273916000400277,0.20991084214924927,59.78565051444204
100,100,0.0012853790003646282,0.20990590977319057,59.77512677669675
101,101,0.0012970970003607363,0.2099010296965976,59.786448239349504
102,102,0.0013120950004008591,0.2098962012492692,59.77597215544447
103,103,0.001324046000377166,0.20989142385824378,59.787152230791335
104,104,0.0013362330003587886,0.2098866968904448,59.77673071694262
105,105,0.001347687000361475,0.209882019792126,59.78777326773185
106,106,0.001359012000364146,0.20987739196205782,59.77741241352366
107,107,0.0013896020003585363,0.20987281286388498,59.78832099658323
108,108,0.00140695400034474,0.20986828192393167,59.77802614572903
109,109,0.0014203790003648464,0.20986379862172594,59.78880404656937
110,110,0.0014326670003583786,0.20985936240764577,59.77857987050836
111,111,0.001444750000359818,0.2098549727758496,59.78923013357415
112,112,0.0014562680003677997,0.2098506291979108,59.77908069841995
113,113,0.001467388000378378,0.20984633118157073,59.78960615358595
114,114,0.0014789670003665378,0.20984207821725767,59.77953498093312
115,115,0.0014903210003467393,0.2098378698254148,59.789938266750816
116,116,0.0015018790003864524,0.20983370551340208,59.77994838882645
117,117,0.0015132020003534308,0.20982958481361888,59.79023197295431
118,118,0.0015249090003521815,0.20982550724877128,59.780325982579605
119,119,0.0015450530003704444,0.20982147236257773,59.790492179767014
120,120,0.0015587960003244916,0.20981747969177778,59.78067227556761
121,121,0.0015710940003259566,0.20981352879086132,59.79072326350997
122,122,0.0015830270003220903,0.20980961920950875,59.780991290786964
123,123,0.001594697000314227,0.20980575051250552,59.790929124124446
124,124,0.0016063340003142912,0.209801922261559,59.781286611770064
125,125,0.0016243300003111472,0.2097981340313337,59.7911132344648
126,126,0.001636526000311278,0.20979438539479392,59.78156142827906
127,127,0.0016483770003219433,0.20979067593611447,59.79127868457318
128,128,0.0016599730003008517,0.20978700523886432,59.78181857731056
129,129,0.001671747000330015,0.20978337289639926,59.79142822144021
130,130,0.0016840150003076815,0.20977977850233498,59.78206057988957
131,131,0.001695422000295821,0.20977622165891183,59.791564284706524
132,132,0.0017067860003407986,0.2097727019693117,59.78228967408226
133,133,0.0017182790003289483,0.20976921904438942,59.791689038714814
134,134,0.0017299750003303416,0.20976577249647535,59.782507844614045
135,135,0.0017412570003330075,0.20976236194479103,59.791804401281766
136,136,0.001752534000331707,0.20975898701044907,59.782716849439936
137,137,0.0017647770003463847,0.2097556473208084,59.79191206952205
138,138,0.0017768780003848406,0.20975234250543942,59.78291824357919
139,139,0.0017977840003595702,0.20974907219962463,59.79201354302385
140,140,0.0018114880003849976,0.20974583604110197,59.78311340049418
141,141,0.001824141000383861,0.2097426336728774,59.79211014464491
142,142,0.0018369520004171136,0.20973946474059416,59.78330353126524
143,143,0.0018494290004014147,0.20973632889479235,59.792203039171284
144,144,0.0018627630004175444,0.20973322578878215,59.78348970178731
145,145,0.0018747510004004653,0.20973015508045784,59.79229325005664
146,146,0.0018864450004230093,0.20972711643057754,59.783672848191124
147,147,0.001897808000421719,0.20972410950421805,59.79238167443774
148,148,0.0019092540004521652,0.20972113396938258,59.78385379067128
149,149,0.0019209560004469495,0.20971818949816617,59.79246909660209
150,150,0.0019334020004180275,0.20971527576562782,59.78403324588456
151,151,0.0019450450004114828,0.20971239245072285,59.79255620006599
152,152,0.00195653600036394,0.2097095392353881,59.784211838065204
153,153,0.001968016000375883,0.209706715805287,59.79264357840485
154,154,0.001979242000402337,0.20970392184906606,59.784390108989065
155,155,0.0019905350004023603,0.20970115705894954,59.79273174496366
156,156,0.0020018850004248634,0.20969842113013423,59.78456852690475
157,157,0.002013109000415625,0.2096957137612623,59.7928211415621
158,158,0.002032988000394198,0.20969303465392855,59.784747494538
159,159,0.002046100000370643,0.2096903835130549,59.79291214629736
160,160,0.0020579970003495873,0.20968776004648768,59.78492735626446
161,161,0.002069696000376098,0.20968516396529396,59.79300508053716
162,162,0.0020811710003840744,0.2096825949834313,59.78510840453645
163,163,0.0020926570003894085,0.20968005281798122,59.79310021518599
164,164,0.002103785000372227,0.20967753718887697,59.78529088564039
165,165,0.002115402000413269,0.20967504781908655,59.79319777629919
166,166,0.002126625000414606,0.2096725844343882,59.78547500485383
167,167,0.002137850000394792,0.20967014676351192,59.79329795011183
168,168,0.0021493770003644386,0.20966773453795387,59.78566093106373
169,169,0.0021609320003790344,0.209665347492085,59.79340088754252
170,170,0.0021725640004319757,0.20966298536299605,59.78584880090172
171,171,0.002183901000478272,0.2096606478905801,59.79350670822606
172,172,0.0022050880004940154,0.20965833481740279,59.786038722445696
173,173,0.002218778000496968,0.2096560458887636,59.793615504123444
174,174,0.0022333020004907667,0.20965378085258657,59.786230778532925
175,175,0.0022455060004631378,0.2096515394594643,59.79372734275279
176,176,0.002257866000491049,0.20964932146256543,59.78642502972428
177,177,0.0022696910004924575,0.20964712661766527,59.79384227007994
178,178,0.0022813750005070688,0.20964495468306615,59.78662151695574
179,179,0.0022933150005428615,0.20964280541961777,59.79396031310427
180,180,0.0023048150005706702,0.2096406785906482,59.78682026390964
181,181,0.0023162880005429543,0.20963857396197572,59.79408148217058
182,182,0.00232758300057867,0.20963649130184842,59.787021279134166
183,183,0.002338951000524503,0.20963443038094934,59.79420577303574
184,184,0.0023504420005338034,0.2096323909723438,59.78722455793747
185,185,0.0023616310004968,0.20963037285147848,59.794333168715234
186,186,0.002372925000486248,0.20962837579613436,59.78743008407962
187,187,0.002384630000449306,0.2096263995864229,59.79446364113236
188,188,0.0023960310004440544,0.2096244440047427,59.78763783128307
189,189,0.0024073620004401164,0.20962250883577221,59.79459715259049
190,190,0.00241876200044544,0.20962059386643142,59.78784776458084
191,191,0.002430149000417714,0.20961869888587115,59.794733657086695
192,192,0.002445102000422139,0.20961682368543802,59.78805984151885
193,193,0.0024571470004275398,0.2096149680586622,59.794873101483184
194,194,0.002469026000426311,0.20961313180122496,59.78827401322773
195,195,0.0024807700004316757,0.20961131471094474,59.79501542655132
196,196,0.0024923690004357013,0.20960951658774707,59.78849022537754
197,197,0.002503779000448958,0.2096077372336494,59.79516056790132
198,198,0.002514911000446318,0.20960597645273327,59.78870841902781
199,199,0.0025262730004556033,0.20960423405112802,59.79530845680966
200,200,0.0025379380004437735,0.2096025098369845,59.78892853138339
201,201,0.0025505390004241235,0.2096008036204586,59.79545902095475
202,202,0.0025632680004150643,0.20959911521368588,59.78915049646627
203,203,0.002575046000401926,0.2095974444307649,59.795612185070496
204,204,0.0025869860003808753,0.2095957910877333,59.78937424571198
205,205,0.0026124080003455674,0.20959415500255027,59.79576787152615
206,206,0.002628637000384515,0.20959253599507435,59.789599708498514
207,207,0.0026419170003464387,0.20959093388704544,59.79592600084038
208,208,0.002654249000386244,0.2095893485020632,59.789826812614706
209,209,0.00266606400037972,0.20958777966556982,59.79608649213632
210,210,0.0026777610003705377,0.20958622720482858,59.79005548467459
211,211,0.0026894460003745735,0.20958469094890672,59.79624926354374
212,212,0.002701221000336318,0.209583170728655,59.79028565048334
213,213,0.002713016000313928,0.20958166637669054,59.796414232554056
214,214,0.0027246510002782998,0.20958017772737716,59.79051723535976
215,215,0.002736357000287626,0.2095787046168082,59.796581316332926
216,216,0.0027480860002810914,0.20957724688278723,59.79075016442015
217,217,0.0027597020002758654,0.20957580436481146,59.79675043199516
218,218,0.0027713460003155888,0.20957437690405317,59.790984362827494
219,219,0.0027830150003183007,0.20957296434334277,59.79692149684572
220,220,0.0027946320003024994,0.20957156652715103,59.79121975600954
221,221,0.0028059100002906234,0.2095701833015723,59.79709442859053
222,222,0.00281711200028667,0.2095688145143075,59.791456269849434
223,223,0.0028283830002919785,0.20956746001464718,59.79726914552032
224,224,0.0028395400002523274,0.209566119653455,59.791693830851365
225,225,0.002851145000249744,0.20956479328315147,59.797445566670234
226,226,0.0028649560002236285,0.20956348075769746,59.79193236628436
227,227,0.0028768920002448795,0.2095621819325784,59.79762361195808
228,228,0.002888631000246278,0.20956089666478794,59.79217180430621
229,229,0.002900188000239723,0.2095596248128126,59.79780320230323
230,230,0.0029114470002582493,0.2095583662366162,59.79241207406999
231,231,0.0029229570002371474,0.2095571207976241,59.79798425972841
232,232,0.002934392000270236,0.20955588835870798,59.792653105814736
233,233,0.0029463350002743027,0.20955466878417126,59.798166707446384
234,234,0.0029585920002546118,0.2095534619397335,59.79289483094234
235,235,0.002970705000223006,0.20955226769251611,59.798350469932814
236,236,0.0029850160001956283,0.2095510859110273,59.793137182081935
237,237,0.0029968210002380147,0.209549916465148,59.79853547298717
238,238,0.0030084750002288274,0.20954875922611718,59.79338009314331
239,239,0.003026045000240174,0.20954761406651803,59.7987216437829
240,240,0.003039643000192882,0.20954648086026356,59.7936234993604
241,241,0.003052548000198385,0.20954535948258307,59.79890891090796
242,242,0.003064775000211739,0.20954424981000805,59.79386733732621
243,243,0.0030769470001814625,0.20954315172035892,59.79909720439695
244,244,0.003088452000156394,0.20954206509273132,59.794111545019945
245,245,0.0031001720001313515,0.20954098980748304,59.79928645575569
246,246,0.003111669000134043,0.20953992574622063,59.79435606182727
247,247,0.0031232500001578956,0.20953887279178632,59.79947659797919
248,248,0.003134731000159263,0.20953783082824556,59.79460082855462
249,249,0.0031459870001526724,0.2095367997408737,59.79966756556371
250,250,0.003187750000165579,0.20953577941614374,59.79484578743811
251,251,0.00320302500017533,0.20953476974171353,59.799859294513695
252,252,0.0032166080001729824,0.2095337706064138,59.79509088214774
253,253,0.0032292560001678794,0.20953278190023542,59.800051722344044
254,254,0.0032414170001402454,0.2095318035143177,59.79533605778749
255,255,0.003253360000144312,0.20953083534093628,59.800244788078516
256,256,0.003274068000166608,0.20952987727349126,59.7955812608918
257,257,0.0032874270002025696,0.2095289292064952,59.80043843224446
258,258,0.00330053800018959,0.2095279910355621,59.795826439418846
259,259,0.003313078000189762,0.20952706265739532,59.800632596864624
260,260,0.0033246580001673465,0.2095261439697766,59.79607154274103
261,261,0.0033360300001845644,0.20952523487155447,59.80082722544615
262,262,0.0033475040002031164,0.20952433526263342,59.796316521633095
263,263,0.003358911000191256,0.20952344504396278,59.80102226296737
264,264,0.0033704420001754443,0.20952256411752568,59.79656132825819
265,265,0.0033818980002138233,0.20952169238632834,59.80121765586247
266,266,0.0033935450002218204,0.20952082975438968,59.796805916152024
267,267,0.0034047560002363753,0.2095199761267302,59.801413352004566
268,268,0.003416510000249673,0.20951913140936185,59.79705024020558
269,269,0.0034279230002312033,0.2095182955092779,59.80160930068714
270,270,0.003445446000228003,0.20951746833444188,59.79729425664651
271,271,0.0034656910002581753,0.2095166497937787,59.801805452604356
272,272,0.003479838000203017,0.20951583979716343,59.79753792301936
273,273,0.0034925060002137798,0.20951503825541207,59.80200175983026
274,274,0.0035048280002456522,0.20951424508027156,59.79778119816495
275,275,0.003517597000211481,0.2095134601844099,59.80219817579711
276,276,0.003530000000239397,0.20951268348140678,59.798024042198875
277,277,0.0035418220002156886,0.209511914885744,59.80239465527299
278,278,0.0035532620002527437,0.20951115431279588,59.79826641648956
279,279,0.003565201000299112,0.20951040167882012,59.802591154338835
280,280,0.0035766210003203014,0.20950965690094864,59.798508283635634
281,281,0.0035879140003203247,0.2095089198971782,59.80278763036499
282,282,0.003599474000338887,0.20950819058636166,59.79874960744308
283,283,0.003611281000303279,0.20950746888819882,59.80298404198748
284,284,0.0036228090003191937,0.20950675472322755,59.79899035290197
285,285,0.0036341050003443343,0.2095060480128154,59.80318034908391
286,286,0.0036459000003219444,0.20950534867915055,59.799230486163104
287,287,0.0036574480002968812,0.20950465664523354,59.80337651274937
288,288,0.0036720190002483832,0.20950397183486835,59.79946997451454
289,289,0.0036843610002961213,0.20950329417265467,59.80357249527205
290,290,0.0036961750003001725,0.2095026235839789,59.799708786357975
291,291,0.0037083190003386335,0.20950195999500637,59.80376826010905
292,292,0.0037199330003545583,0.20950130333267325,59.79994689118527
293,293,0.0037315980003427285,0.20950065352467828,59.80396377186205
294,294,0.00374342000031902,0.20950001049947478,59.80018425955496
295,295,0.003754977000312465,0.20949937418626305,59.80415899625315
296,296,0.003766378000364057,0.20949874451498227,59.80042086306888
297,297,0.0037782160003985155,0.20949812141630303,59.80435390010084
298,298,0.003789898000377434,0.20949750482161952,59.800656674349035
299,299,0.0038014690003933538,0.20949689466304205,59.80454845129613
300,300,0.003813011000431743,0.20949629087338972,59.80089166701454
301,301,0.00382444200045029,0.20949569338618262,59.80474261877888
302,302,0.003842188000476199,0.20949510213563494,59.80112581565885
303,303,0.0038553870004420787,0.2094945170566475,59.80493637251445
304,304,0.0038676720004104936,0.20949393808480068,59.80135909582726
305,305,0.0038797260004344025,0.20949336515634728,59.8051296834704
306,306,0.0038918850004279193,0.20949279820820535,59.801591483994564
307,307,0.003904036000449196,0.20949223717795157,59.805322523593766
308,308,0.003915750000430762,0.20949168200381427,59.80182295754321
309,309,0.003927319000410989,0.20949113262466623,59.80551486578841
310,310,0.0039390180004375,0.20949058898001865,59.802053494741465
311,311,0.003950718000453435,0.20949005101001403,59.80570668389273
312,312,0.003962297000441595,0.20948951865541943,59.802283074722254
313,313,0.003973636000409897,0.20948899185762043,59.80589795265783
314,314,0.003985479000448322,0.20948847055861444,59.80251167746195
315,315,0.0039971000004470625,0.2094879547010042,59.80608864772586
316,316,0.00400877600043259,0.20948744422799168,59.80273928375984
317,317,0.004020561000459111,0.20948693908337154,59.8062787456088
318,318,0.004032021000455188,0.20948643921152535,59.802965875217744
319,319,0.0040438840004526355,0.20948594455741512,59.806468223667615
320,320,0.004055193000453983,0.20948545506657723,59.803191434220025
321,321,0.004066600000442122,0.2094849706851168,59.80665706009168
322,322,0.004080392000446409,0.20948449135970135,59.80341594391394
323,323,0.004092397000476922,0.20948401703755526,59.806845233878676
324,324,0.004104190000475683,0.20948354766645336,59.80363938819048
325,325,0.004117023000446807,0.20948308319471629,59.80703272481478
326,326,0.004129430000432421,0.2094826235712035,59.80386175166533
327,327,0.0041412070004298585,0.2094821687453086,59.807219513455266
328,328,0.00415295600043919,0.20948171866695345,59.80408301966043
329,329,0.004164747000459101,0.20948127328658225,59.80740558110544
330,330,0.004176051000456482,0.20948083255515706,59.80430317818575
331,331,0.004187798000430121,0.20948039642415128,59.80759090980198
332,332,0.004199011000423525,0.2094799648455452,59.80452221392145
333,333,0.004210321000414297,0.20947953777182018,59.807775482294616
334,334,0.0042216930004315145,0.20947911515595344,59.80474011420048
335,335,0.004254548000403702,0.20947869695141347,59.807959282028165
336,336,0.004269807000412129,0.20947828311215405,59.80495686699142
337,337,0.004283336000412419,0.20947787359260964,59.80814229312501
338,338,0.004296362000388854,0.2094774683476906,59.80517246088172
339,339,0.0043086230003837045,0.20947706733277766,59.80832450036778
340,340,0.004320563000362654,0.2094766705037174,59.80538688506137
341,341,0.0043325310003865525,0.2094762778168173,59.80850588918258
342,342,0.00434410000036678,0.2094758892288408,59.80560012930674
343,343,0.004355704000374772,0.20947550469700288,59.80868644562242
344,344,0.004367164000370849,0.20947512417896497,59.80581218396495
345,345,0.0043789400003788614,0.20947474763283028,59.80886615635107
346,346,0.004390664000368361,0.20947437501713953,59.80602303993844
347,347,0.004402073000392193,0.2094740062908663,59.809045008627216
348,348,0.00441379300036715,0.2094736414134121,59.80623268866996
349,349,0.004425490000414811,0.2094732803446025,59.809222990288994
350,350,0.004437201000428104,0.20947292304468235,59.80644112212782
351,351,0.004448615000455902,0.2094725694743113,59.80940008973884
352,352,0.004460424000455987,0.2094722195945599,59.806648332791546
353,353,0.004471826000497003,0.2094718733669048,59.809576295928665
354,354,0.00448345200049971,0.20947153075322492,59.80685431363776
355,355,0.004497409000521202,0.2094711917157971,59.80975159834536
356,356,0.004509697000514734,0.20947085621729186,59.80705905812644
357,357,0.004521570000520114,0.20947052422076945,59.80992598699662
358,358,0.004533275000483172,0.20947019568967556,59.807262560187475
359,359,0.004544966000480599,0.20946987058783756,59.810099452397075
360,360,0.004568879000487414,0.20946954887946043,59.80746481420753
361,361,0.00458098800049811,0.20946923052912275,59.81027198555474
362,362,0.004592702000536519,0.20946891550177268,59.807665815017145
363,363,0.0046038930005352086,0.20946860376272455,59.81044357795776
364,364,0.0046154130005220395,0.20946829527765443,59.807865557878245
365,365,0.0046270040004969815,0.20946799001259697,59.81061422156146
366,366,0.004638424000518171,0.209467687933941,59.808064038471805
367,367,0.004649638000501,0.2094673890084266,59.81078390877567
368,368,0.004669220000494079,0.20946709320314066,59.808261252885934
369,369,0.00468258100050889,0.20946680048551386,59.81095263245234
370,370,0.0046951490004971674,0.20946651082331677,59.808457197604085
371,371,0.004707042000518413,0.20946622418465632,59.811120385873494
372,372,0.004718684000522444,0.20946594053797238,59.80865186949366
373,373,0.0047304190005093005,0.2094656598520343,59.81128716273933
374,374,0.004741919000480266,0.2094653820959374,59.808845265794844
375,375,0.004753703000517362,0.20946510723909953,59.81145295715673
376,376,0.004765146000522691,0.20946483525125778,59.80903738410966
377,377,0.004776586000502903,0.20946456610246508,59.81161776362797
378,378,0.004787922000502931,0.20946429976308722,59.809228222391326
379,379,0.004799151000497659,0.20946403620379894,59.811781577039646
380,380,0.004819283000472296,0.2094637753955813,59.80941777893384
381,381,0.004833064000479226,0.2094635173097182,59.81194439265195
382,382,0.004845635000492621,0.20946326191779338,59.80960605236183
383,383,0.0048581500004729605,0.2094630091916871,59.81210620608816
384,384,0.0048700090005127095,0.20946275910357307,59.80979304162061
385,385,0.00488186900048504,0.20946251162591562,59.812267013324295
386,386,0.004899938000448856,0.20946226673146637,59.8099787459665
387,387,0.004912547000458289,0.2094620243932614,59.81242681067915
388,388,0.004924481000500691,0.20946178458461837,59.81016316495737
389,389,0.00493618900054571,0.2094615472791332,59.81258559480444
390,390,0.004947600000548391,0.2094613124506776,59.810346298443434
391,391,0.004958912000518012,0.209461080073396,59.812743362675235
392,392,0.0049701760004836615,0.20946085012170276,59.81052814655818
393,393,0.00498139000046649,0.20946062257027906,59.81290011158065
394,394,0.00499276100043744,0.20946039739407063,59.8107087097096
395,395,0.00500428300040312,0.20946017456828459,59.81305583911466
396,396,0.00501577600039127,0.20945995406838697,59.81088798857165
397,397,0.005027036000399221,0.20945973587009975,59.81321054316722
398,398,0.00503830500042568,0.2094595199493983,59.8110659840758
399,399,0.00504958200042438,0.209459306282509,59.81336422191555
400,400,0.0050811100004466425,0.20945909484590602,59.81124269740292
401,401,0.005096412000455075,0.2094588856163095,59.8135168738156
402,402,0.005109490000450023,0.20945867857068232,59.81141812997523
403,403,0.005121559000428988,0.20945847368622786,59.813668497593845
404,404,0.005133295000405269,0.20945827094038746,59.811592283448604
405,405,0.00514486400044234,0.20945807031083807,59.81381909223909
406,406,0.005156545000431834,0.2094578717754894,59.81176515970495
407,407,0.005167946000426582,0.209457675312482,59.81396865699462
408,408,0.005179601000406819,0.2094574809001843,59.81193676084473
409,409,0.005191167000361929,0.20945728851719084,59.814117191350455
410,410,0.005202771000369921,0.2094570981423194,59.81210708917985
411,411,0.005214296000360719,0.20945690975460884,59.81426469503585
412,412,0.005225979000385905,0.20945672333331694,59.812276147226505
413,413,0.005237344000363464,0.20945653885791798,59.81441116801191
414,414,0.00524894300036749,0.2094563563081003,59.8124439376984
415,415,0.0052605440003503645,0.2094561756637646,59.81455661046443
416,416,0.005271774000334517,0.209455996905021,59.81261046349995
417,417,0.005283229000326628,0.2094558200121875,59.8147010227969
418,418,0.005294586000331947,0.2094556449657874,59.81277572771982
419,419,0.005306031000372968,0.2094554717465474,59.81484440562367
420,420,0.0053171390003967645,0.2094553003353954,59.8129397336245
421,421,0.005330309000385114,0.20945513071345823,59.814986759763265
422,422,0.005342276000419588,0.2094549628620597,59.8131024846521
423,423,0.005353786000398486,0.20945479676271883,59.81512808623193
424,424,0.005365296000434228,0.20945463239714743,59.8132639844063
425,425,0.005376687000421043,0.20945446974724796,59.81526838623722
426,426,0.005388260000415812,0.20945430879511212,59.8134242366504
427,427,0.005399889000443636,0.20945414952301833,59.815407661171854
428,428,0.005412415000421333,0.20945399191343017,59.813583245301615
429,429,0.0054240030004280015,0.209453835948994,59.81554591260768
430,430,0.005435657000418814,0.20945368161253766,59.813741014425396
431,431,0.005447225000409617,0.20945352888706786,59.81568314228973
432,432,0.005459142000404427,0.20945337775576914,59.81389754823002
433,433,0.005470439000418992,0.2094532282020011,59.815819352130546
434,434,0.005499288000407887,0.20945308020929732,59.81405285106116
435,435,0.005514853000420317,0.20945293376136312,59.815954544204516
436,436,0.005528006000417918,0.2094527888420741,59.8142069273968
437,437,0.0055408250004234105,0.20945264543547384,59.81608872074245
438,438,0.005552674000455227,0.20945250352577283,59.81435978184205
439,439,0.005564531000459283,0.20945236309734616,59.81622188412621
440,440,0.005576328000472586,0.20945222413473216,59.81451141912429
441,441,0.0055877810004858475,0.20945208662263035,59.81635403688356
442,442,0.0055992730004845725,0.20945195054590007,59.81466184408831
443,443,0.005610956000452916,0.20945181588955875,59.81648518168305
444,444,0.005622416000448993,0.2094516826387801,59.81481106169164
445,445,0.005633796000495295,0.2094515507788928,59.816615321329095
446,446,0.005645229000492691,0.20945142029537836,59.81495907699997
447,447,0.005656921000536386,0.20945129117386996,59.81674445875716
448,448,0.005668490000516613,0.20945116340015094,59.81510589518271
449,449,0.005680025000515343,0.20945103696015288,59.81687259702903
450,450,0.005691556000499531,0.20945091183995404,59.81525152150865
451,451,0.005703143000516775,0.20945078802577827,59.81699973932832
452,452,0.0057145220005168085,0.2094506655039931,59.81539596134172
453,453,0.005726219000507626,0.20945054426110846,59.81712588895584
454,454,0.005737503000489141,0.20945042428377475,59.815539220136905
455,455,0.005751057000509263,0.20945030555878216,59.81725104932548
456,456,0.005763057000478966,0.2094501880730585,59.81568130343622
457,457,0.005774917000451296,0.2094500718136682,59.817375223959715
458,458,0.005787238000493744,0.20944995676781047,59.81582221686482
459,459,0.005799149000495163,0.20944984292281835,59.81749841648567
460,460,0.005810835000545467,0.20944973026615696,59.815961966127205
461,461,0.005822275000582522,0.20944961878542248,59.817620630631
462,462,0.005833612000628818,0.2094495084683403,59.816100557003516
463,463,0.005844884000623551,0.20944939930276407,59.81774187021996
464,464,0.005856469000605102,0.2094492912766742,59.816237995345915
465,465,0.00586769800059983,0.2094491843781765,59.81786213916964
466,466,0.005879086000561529,0.20944907859550108,59.816374287075156
467,467,0.005890683000586705,0.20944897391700074,59.81798144148617
468,468,0.005919877000565066,0.20944887033115014,59.81650943817707
469,469,0.005937570000583037,0.20944876782654379,59.818099781261125
470,470,0.0059517060005873645,0.20944866639189563,59.81664345469935
471,471,0.00596424100058357,0.20944856601603726,59.818217162668006
472,472,0.005976541000563884,0.2094484666879169,59.816776342748256
473,473,0.005990628000574816,0.20944836839659806,59.81833358995876
474,474,0.0060030940005617595,0.20944827113125847,59.816908108485485
475,475,0.006015310000520913,0.2094481748811889,59.81844906746044
476,476,0.006027209000535549,0.20944807963579162,59.81703875812516
477,477,0.006038956000509188,0.20944798538457984,59.81856359957195
478,478,0.006050527000525108,0.20944789211717613,59.817168297930785
479,479,0.00606203000052119,0.2094477998233113,59.818677190760845
480,480,0.006073877000517314,0.2094477084928233,59.81729673421242
481,481,0.006085344000496207,0.2094476181156565,59.818789845560254
482,482,0.0060970700005213985,0.20944752868185978,59.81742407332385
483,483,0.006108737000488418,0.20944744018158634,59.81890156856584
484,484,0.006120310000483187,0.20944735260509167,59.81755032165981
485,485,0.006131628000503042,0.20944726594273336,59.81901236443289
486,486,0.006143387000520306,0.20944718018496958,59.8176754856534
487,487,0.0061620170005198815,0.20944709532235786,59.81912223787344
488,488,0.006174682000505527,0.2094470113455546,59.81779957177345
489,489,0.006186561000504298,0.2094469282453136,59.8192311936535
490,490,0.00619809500045676,0.20944684601248514,59.81792258652202
491,491,0.006210108000459513,0.20944676463801504,59.81933923659034
492,492,0.006221772000458259,0.20944668411294365,59.81804453643198
493,493,0.006233475000442468,0.2094466044284048,59.81944637154988
494,494,0.006245132000458398,0.20944652557562496,59.81816542806459
495,495,0.00625639800045974,0.20944644754592195,59.8195526034441
496,496,0.006267957000488877,0.20944637033070448,59.818285268007266
497,497,0.006279225000469069,0.20944629392147085,59.81965793722855
498,498,0.006290669000463822,0.20944621830980806,59.81840406287128
499,499,0.006302262000474457,0.20944614348739096,59.819762377899934
500,500,0.006313604000467876,0.20944606944598115,59.81852181928961
501,501,0.006343810000487338,0.20944599617742654,59.81986593049377
502,502,0.0063582960004850975,0.2094459236736599,59.81863854391483
503,503,0.006371097000453574,0.20944585192669826,59.81996860008205
504,504,0.006383204000428577,0.2094457809286419,59.81875424341707
505,505,0.006394877000445831,0.20944571067167378,59.820070391771026
506,506,0.0064064390004432425,0.20944564114805825,59.81886892448199
507,507,0.006417664000423429,0.20944557235014036,59.820171310699074
508,508,0.006429280000418203,0.2094455042703454,59.81898259380889
509,509,0.00644055800046317,0.20944543690117723,59.82027136203453
510,510,0.00645175500045525,0.20944537023521836,59.8190952581088
511,511,0.006462990000443369,0.2094453042651287,59.82037055097369
512,512,0.00647422900044603,0.20944523898364445,59.8192069241027
513,513,0.006506798000430081,0.20944517438357796,59.82046888273878
514,514,0.006523389000392399,0.20944511045781652,59.8193175985197
515,515,0.006536626000411161,0.20944504719932153,59.820566362576024
516,516,0.006549059000406032,0.209444984601128,59.81942728809539
517,517,0.00656089400035853,0.2094449226563437,59.8206629957538
518,518,0.006572687000357291,0.20944486135814816,59.819535999570114
519,519,0.006584499000382493,0.20944480069979227,59.82075878756076
520,520,0.006599059000393481,0.20944474067459712,59.81964373968742
521,521,0.00661161700043067,0.20944468127595384,59.82085374330409
522,522,0.006623860000445347,0.2094446224973223,59.81975051519247
523,523,0.006635706000395203,0.20944456433223077,59.82094786830777
524,524,0.006647496000368847,0.20944450677427515,59.819856332830504
525,525,0.006659077000335856,0.2094444498171178,59.82104116791088
526,526,0.0066707740003266736,0.2094443934544877,59.81996119934542
527,527,0.006682284000362415,0.20944433768017906,59.82113364746603
528,528,0.006693806000328095,0.20944428248805083,59.82006512147834
529,529,0.006706394000332239,0.20944422787202616,59.821225312337695
530,530,0.006718706000356178,0.20944417382609157,59.82016810596621
531,531,0.006730345000391935,0.20944412034429644,59.8213161679008
532,532,0.006742236000377488,0.20944406742075217,59.8202701595405
533,533,0.006766199000423967,0.2094440150496316,59.82140621953909
534,534,0.006783404000429982,0.20944396322516856,59.82037128892589
535,535,0.006797203000473928,0.20944391194165687,59.82149547264384
536,536,0.0068101930004331734,0.20944386119345001,59.82047150083901
537,537,0.006822551000425392,0.20944381097496043,59.821583932612306
538,538,0.006834658000457239,0.20944376128065878,59.820570801987294
539,539,0.0068464170004176594,0.2094437121050736,59.821671604846486
540,540,0.0068580980004071534,0.20944366344279045,59.820669199067744
541,541,0.006869523000432309,0.20944361528845126,59.82175849475173
542,542,0.0068809680004164875,0.20944356763675429,59.820766698765844
543,543,0.006892408000453543,0.20944352048245266,59.82184460773548
544,544,0.00690419300042322,0.20944347382035466,59.82086330775443
545,545,0.006915654000408722,0.20944342764532245,59.82192994920607
546,546,0.006927152000400838,0.20944338195227197,59.82095903269266
547,547,0.006938712000362557,0.20944333673617235,59.82201452457148
548,548,0.006950381000365269,0.20944329199204506,59.821053880225016
549,549,0.006961936000379865,0.20944324771496348,59.82209833923818
550,550,0.006973534000394466,0.20944320390005267,59.82114785698025
551,551,0.006985090000398486,0.20944316054248827,59.82218139861002
552,552,0.006996583000386636,0.20944311763749654,59.8212409695705
553,553,0.007008022000377423,0.20944307518035346,59.82226370808715
554,554,0.007021662000397555,0.20944303316638427,59.821333224590354
555,555,0.007034338000437401,0.2094429915909631,59.82234527306494
556,556,0.007045800000469171,0.20944295044951222,59.82142462861592
557,557,0.007057355000426924,0.20944290973750196,59.82242609893294
558,558,0.007068818000448118,0.2094428694504496,59.82151518820406
559,559,0.007080533000419109,0.20944282958391944,59.82250619107395
560,560,0.0070919620004019635,0.20944279013352196,59.821604909891455
561,561,0.007103282000400668,0.2094427510949136,59.82258555486301
562,562,0.007114521000403329,0.20944271246379592,59.821693800193906
563,563,0.007126072000403383,0.2094426742359156,59.822664195666505
564,564,0.007137164000369012,0.20944263640706343,59.821781865605544
565,565,0.0071485200003280625,0.20944259897307438,59.822742118841255
566,566,0.007160073000306966,0.20944256192982688,59.821869112598044
567,567,0.007171688000312315,0.20944252527324228,59.82281932973365
568,568,0.007188400000359252,0.20944248899928447,59.82195554761999
569,569,0.007201740000368773,0.2094424531039595,59.822895833678814
570,570,0.0072143040003425085,0.2094424175833153,59.82204117709615
571,571,0.007226584000306957,0.20944238243344085,59.822971635999814
572,572,0.007238221000307021,0.20944234765046588,59.82212600742683
573,573,0.0072503020003296115,0.20944231323056078,59.82304674200686
574,574,0.007262550000348256,0.20944227916993569,59.822210044987216
575,575,0.007274679000317974,0.2094422454648404,59.82312115699655
576,576,0.007286214000316704,0.20944221211156394,59.822293296126844
577,577,0.00729788600028769,0.2094421791064338,59.823194886251144
578,578,0.007317429000295306,0.20944214644581607,59.822375767168936
579,579,0.007331376000308865,0.20944211412611474,59.82326793503791
580,580,0.007343648000357916,0.20944208214377116,59.8224574644099
581,581,0.0073558590003699464,0.209442050495264,59.82334030860836
582,582,0.007367685000417623,0.2094420191771086,59.82253839411878
583,583,0.007379362000392575,0.20944198818585677,59.82341201219767
584,584,0.007391323000376815,0.20944195751809613,59.82261856253671
585,585,0.0074027810003372,0.20944192717045015,59.823483051024034
586,586,0.0074213870003063676,0.20944189713957728,59.822697975876494
587,587,0.0074339520003263715,0.2094418674221712,59.82355343028803
588,588,0.0074456980003105855,0.2094418380149597,59.82277664032207
589,589,0.007457525000290843,0.209441808914705,59.82362315517207
590,590,0.007468997000273703,0.20944178011820305,59.822854562028105
591,591,0.0074808960002883396,0.20944175162228323,59.823692230839846
592,592,0.007492454000271209,0.20944172342380807,59.822931747119576
593,593,0.007503876000271248,0.20944169551967265,59.82376066243574
594,594,0.00751574000025812,0.20944166790680474,59.823008201691295
595,595,0.00752742600025158,0.20944164058216402,59.82382845508438
596,596,0.007539001000282042,0.2094416135427419,59.82308393180761
597,597,0.007550684000250385,0.20944158678556132,59.82389561389008
598,598,0.007561988000247766,0.209441560307676,59.82315894350198
599,599,0.007573421000245162,0.20944153410617086,59.823962143936384
600,600,0.007610154000246894,0.20944150817816087,59.823233242776624
601,601,0.007634384000255068,0.20944148252079123,59.824028050285605
602,602,0.0076483170003029954,0.20944145713123702,59.82330683560222
603,603,0.0076615010003138195,0.2094414320067027,59.82409333797842
604,604,0.0076739350002981155,0.20944140714442197,59.82337972791757
605,605,0.007685854000328618,0.20944138254165742,59.82415801203338
606,606,0.007697844000290388,0.2094413581957001,59.82345192562928
607,607,0.007709609000301043,0.20944133410386953,59.82422207744656
608,608,0.007721421000269402,0.20944131026351293,59.8235234346115
609,609,0.007732914000257551,0.20944128667200557,59.82428553919116
610,610,0.00774435700026288,0.20944126332674975,59.82359426070568
611,611,0.007755826000277466,0.20944124022517524,59.824348402217105
612,612,0.007767397000293386,0.20944121736473834,59.82366440972026
613,613,0.007778980000296087,0.20944119474292194,59.82441067145077
614,614,0.00779050400029746,0.20944117235723556,59.82373388743045
615,615,0.007802097000308095,0.2094411502052142,59.82447235179455
616,616,0.007813623000288317,0.2094411282844189,59.82380269957808
617,617,0.00782501200023944,0.20944110659243612,59.824533448126594
618,618,0.00783688500024482,0.20944108512687737,59.82387085187126
619,619,0.007851315000209524,0.20944106388537934,59.82459396530049
620,620,0.007863572000189833,0.20944104286560314,59.82393834998431
621,621,0.007875714000192602,0.20944102206523443,59.82465390814495
622,622,0.007887479000203257,0.2094410014819832,59.82400519955749
623,623,0.007898956000246926,0.2094409811135829,59.82471328146361
624,624,0.007910434000223177,0.2094409609577909,59.82407140619689
625,625,0.007921905000216611,0.20944094101238803,59.82477209003465
626,626,0.007933508000235179,0.20944092127517822,59.82413697547424
627,627,0.007945039000219367,0.20944090174398833,59.82483033861063
628,628,0.007956635000198276,0.20944088241666783,59.82420191292677
629,629,0.007967904000224735,0.20944086329108888,59.82488803191824
630,630,0.007980529000235492,0.2094408443651454,59.8242662240571
631,631,0.007993194000277981,0.20944082563675376,59.82494517465805
632,632,0.00802133300027208,0.20944080710385182,59.8243299143331
633,633,0.008039761000247836,0.20944078876439906,59.825001771504326
634,634,0.008054659000265474,0.2094407706163762,59.82439298918777
635,635,0.00806780500028026,0.20944075265778508,59.82505782710483
636,636,0.008080308000273817,0.20944073488664836,59.82445545401921
637,637,0.008092192000276555,0.20944071730100935,59.825113346080606
638,638,0.008103931000277953,0.20944069989893183,59.824517314190416
639,639,0.008115639000266128,0.20944068267849983,59.82516833302586
640,640,0.008127160000299227,0.20944066563781719,59.824578575029314
641,641,0.008138895000342927,0.20944064877500765,59.82522279250774
642,642,0.00815083000031791,0.2094406320882147,59.824639241828635
643,643,0.008162452000362919,0.2094406155756009,59.82527672906621
644,644,0.008180356000366373,0.20944059923534822,59.82469931984586
645,645,0.00819437700039316,0.20944058306565747,59.825330147213904
646,646,0.008207193000373536,0.20944056706474834,59.8247588143032
647,647,0.008219603000384268,0.20944055123085906,59.82538305143601
648,648,0.008231702000387031,0.20944053556224623,59.82481773038755
649,649,0.00824366300037127,0.20944052005718472,59.82543544619013
650,650,0.008258369000373023,0.20944050471396733,59.824876073250394
651,651,0.008270702000402252,0.20944048953090466,59.82548733590614
652,652,0.008283148000430174,0.2094404745063251,59.8249338480079
653,653,0.008295214000384021,0.20944045963857427,59.82553872498618
654,654,0.008306822000406555,0.20944044492601518,59.82499105974083
655,655,0.008318552000389445,0.209440430367028,59.82558961780445
656,656,0.008330190000378934,0.20944041596000962,59.82504771349454
657,657,0.008341368000401417,0.20944040170337386,59.825640018707205
658,658,0.008352732000446395,0.20944038759555095,59.82510381427901
659,659,0.00836436700046761,0.20944037363498758,59.82568993201266
660,660,0.008375593000494064,0.2094403598201466,59.82515936706882
661,661,0.00838708900050733,0.20944034614950702,59.825739362010864
662,662,0.008398251000471646,0.20944033262156353,59.82521437680319
663,663,0.008410030000504776,0.20944031923482676,59.82578831296376
664,664,0.008428351000532075,0.2094403059878226,59.82526884838602
665,665,0.008442843000523226,0.2094402928790928,59.825836789105026
666,666,0.00845530100053793,0.20944027990719366,59.82532278668589
667,667,0.008467528000551283,0.20944026707069727,59.825884794640075
668,668,0.008479318000524927,0.20944025436819,59.825376196536126
669,669,0.008491213000525022,0.20944024179827353,59.82593233374603
670,670,0.00850284300054227,0.20944022935956355,59.82542908273482
671,671,0.008514241000568745,0.2094402170506907,59.82597941057167
672,672,0.008525831000554263,0.20944020487029963,59.82548145004488
673,673,0.008537256000579418,0.2094401928170494,59.826026029237426
674,674,0.008549791000575624,0.20944018088961266,59.82553330319415
675,675,0.00856131200055188,0.2094401690866763,59.82607219383538
676,676,0.008572814000558537,0.20944015740694075,59.82558464687536
677,677,0.008584201000530811,0.20944014584912,59.82611790842918
678,678,0.00859565700056919,0.20944013441194143,59.8256354857463
679,679,0.00860711900060096,0.20944012309414584,59.82616317705417
680,680,0.008618592000630088,0.20944011189448702,59.82568582442984
681,681,0.008630020000623517,0.20944010081173195,59.82620800371726
682,682,0.008641512000622242,0.2094400898446603,59.825735667514024
683,683,0.008652852000636813,0.20944007899206457,59.82625239239705
684,684,0.008666611000649027,0.20944006825274986,59.82578501955216
685,685,0.008678945000610838,0.20944005762553355,59.82629634704375
686,686,0.008690535000596356,0.20944004710924582,59.82583388506289
687,687,0.008702054000593762,0.20944003670272862,59.826339871579265
688,688,0.00871340500060569,0.20944002640483625,59.8258822685303
689,689,0.008724812000593829,0.20944001621443464,59.826382969897196
690,690,0.008736243000612376,0.20944000613040206,59.82593017440402
691,691,0.008748220000654783,0.20943999615162803,59.8264256458629
692,692,0.008759530000645555,0.20943998627701396,59.82597760709934
693,693,0.008770818000641611,0.20943997650547255,59.826467903313485
694,694,0.008782114000666752,0.20943996683592794,59.82602457099725
695,695,0.00879362400064565,0.2094399572673154,59.82650974605789
696,696,0.008805148000647023,0.20943994779858155,59.82607107044466
697,697,0.008816823000643126,0.2094399384286837,59.82655117787691
698,698,0.00883334000064906,0.2094399291565902,59.82611710975441
699,699,0.008846438000659873,0.20943991998128017,59.82659220252326
700,700,0.00885881100066399,0.20943991090174344,59.82616269320549
701,701,0.008870764000619147,0.20943990191698014,59.82663282372164
702,702,0.008882415000641686,0.20943989302600116,59.826207825043035
703,703,0.008893998000644388,0.2094398842278276,59.82667304516875
704,704,0.008905278000668204,0.2094398755214906,59.82625250947861
705,705,0.008917137000707953,0.20943986690603164,59.82671287053344
706,706,0.008928544000696093,0.2094398583805021,59.82629675069019
707,707,0.008939834000670999,0.20943984994396336,59.82675230345669
708,708,0.00895135400065783,0.20943984159548637,59.82634055282241
709,709,0.008962984000675078,0.2094398333341521,59.82679134755174
710,710,0.00897426500068832,0.20943982515905077,59.8263839199866
711,711,0.00898566800071876,0.2094398170692824,59.826830006404144
712,712,0.008997122000721447,0.20943980906395615,59.826426856261016
713,713,0.009008579000692407,0.2094398011421907,59.826868283571855
714,714,0.009019849000708291,0.20943979330311385,59.826469365690926
715,715,0.009031393000668686,0.20943978554586243,59.826906182585304
716,716,0.009043122000662152,0.20943977786958237,59.82651145228877
717,717,0.009054773000627847,0.20943977027342842,59.82694370694751
718,718,0.009069092000629553,0.2094397627565642,59.8265531200343
719,719,0.009081265000645544,0.2094397553181621,59.82698086013414
720,720,0.009092804000658816,0.20943974795740325,59.826594372874766
721,721,0.009104641000647007,0.20943974067347704,59.827017645593614
722,722,0.009116075000633828,0.2094397334655815,59.826635214724995
723,723,0.009127304000628556,0.209439726332923,59.827054066747216
724,724,0.009138727000674862,0.20943971927471627,59.826675649467624
725,725,0.009150058000670924,0.2094397122901842,59.82709012698918
726,726,0.009161367000672271,0.20943970537855763,59.82671568095322
727,727,0.00917291100068951,0.20943969853907568,59.827125829686764
728,728,0.009184632000653892,0.20943969177098526,59.826755313000426
729,729,0.009195986000690937,0.20943968507354108,59.82716117818045
730,730,0.009207540000659264,0.20943967844600586,59.826794549396155
731,731,0.009226265000677358,0.20943967188764986,59.82719617578391
732,732,0.009254863000649038,0.2094396653977509,59.82683339389573
733,733,0.009270438000669401,0.20943965897559452,59.827230825784255
734,734,0.009305886000674946,0.20943965262047343,59.82687185022305
735,735,0.00932558200065614,0.20943964633168813,59.82726513144205
736,736,0.00934049400063941,0.20943964010854607,59.82690992207076
737,737,0.009354105000625168,0.2094396339503621,59.827299095991464
738,738,0.009366761000649149,0.20943962785645814,59.826947613100444
739,739,0.009379251000609656,0.20943962182616327,59.82733272264041
740,740,0.009391180000648092,0.20943961585881346,59.82698492694273
741,741,0.009402876000649485,0.20943960995375183,59.827366014570636
742,742,0.009414398000615165,0.20943960411032803,59.827021867197544
743,743,0.009425614000576843,0.2094395983278987,59.82739897493782
744,744,0.009437091000563669,0.20943959260582728,59.8270584374342
745,745,0.009448671000598097,0.20943958694348366,59.82743160687176
746,746,0.009462518000646014,0.2094395813402444,59.82709464119165
747,747,0.009474574000648772,0.2094395757954926,59.82746391347644
748,748,0.00948669500064625,0.2094395703086178,59.82713048197859
749,749,0.009498406000659543,0.20943956487901574,59.82749589783019
750,750,0.009510200000647728,0.20943955950608864,59.8271659632737
751,751,0.009521757000641173,0.209439554189245,59.8275275629858
752,752,0.009533699000598972,0.2094395489278993,59.82720108852577
753,753,0.00954521400063868,0.20943954372147236,59.82755891197064
754,754,0.009556918000612313,0.2094395385693909,59.827235861153895
755,755,0.0095683570006031,0.2094395334710875,59.827589947786834
756,756,0.009579938000626953,0.20943952842600105,59.827270284547666
757,757,0.0095914500005847,0.20943952343357589,59.827620673411325
758,758,0.009602946000597967,0.20943951849326242,59.82730436206732
759,759,0.009614539000608602,0.20943951360451668,59.82765109179607
760,760,0.009633963000567292,0.20943950876680034,59.827338097044006
761,761,0.009648828000592857,0.20943950397958083,59.827681205868146
762,762,0.0096626460006064,0.20943949924233107,59.82737149277979
763,763,0.0096751530006145,0.20943949455452934,59.827711018529875
764,764,0.009687292000648995,0.20943948991565967,59.82740455254805
765,765,0.00969891400063716,0.20943948532521114,59.82774053265899
766,766,0.009710564000670274,0.20943948078267838,59.82743727959351
767,767,0.009722191000662406,0.20943947628756127,59.82776975110878
768,768,0.009733695000704756,0.20943947183936482,59.827469677132484
769,769,0.009745414000690289,0.20943946743759934,59.827798676708184
770,770,0.009757115000695649,0.20943946308178005,59.827501748353015
771,771,0.009776773000680805,0.20943945877142756,59.82782731226195
772,772,0.00979107900064946,0.20943945450606716,59.827533496415136
773,773,0.009803761000625855,0.20943945028522915,59.827855660550824
774,774,0.009816045000661688,0.2094394461084489,59.82756492445097
775,775,0.009828089000620821,0.20943944197526654,59.82788372433161
776,776,0.009839821000639404,0.20943943788522684,59.827596035564966
777,777,0.009854103000634495,0.2094394338378796,59.82791150633739
778,778,0.009866758000669051,0.20943942983277924,59.827626832834085
779,779,0.00987877600067577,0.2094394258694846,59.82793900927761
780,780,0.009890293000637485,0.20943942194755957,59.82765731930795
781,781,0.00990182700064679,0.20943941806657207,59.82796623583825
782,782,0.00991359900064026,0.20943941422609494,59.82768749800907
783,783,0.00992536700061919,0.20943941042570524,59.82799318868199
784,784,0.00993668600062847,0.20943940666498456,59.82771737193296
785,785,0.009948354000641757,0.20943940294351884,59.82801987044829
786,786,0.009959865000666923,0.20943939926089825,59.82774694404847
787,787,0.009971682000639248,0.20943939561671754,59.82804628375362
788,788,0.00998311400064722,0.20943939201057524,59.82777621729777
789,789,0.009994954000660528,0.20943938844207438,59.82807243119155
790,790,0.010006449000627526,0.20943938491082215,59.82780519459671
791,791,0.010023319000652009,0.2094393814164295,59.828098315332895
792,792,0.010036520000653582,0.20943937795851195,59.8278338788349
793,793,0.010048630000653702,0.2094393745366886,59.82812393872591
794,794,0.010060570000632651,0.20943937115058278,59.82786227287597
795,795,0.010089142000651918,0.20943936779982159,59.82814930389638
796,796,0.01010189200064815,0.20943936448403622,59.82789037955767
797,797,0.010114100000691906,0.2094393612028614,59.828174413347824
798,798,0.010125770000684042,0.20943935795593602,59.82791820169215
799,799,0.010137290000670873,0.2094393547429025,59.82819926956156
800,800,0.010148710000692063,0.20943935156340715,59.827945742066056
801,801,0.010160087000713247,0.20943934841709974,59.82822387499697
802,802,0.010171521000700068,0.20943934530363403,59.82797300344078
803,803,0.010183027000664424,0.2094393422226671,59.828248232091546
804,804,0.010194648000663165,0.2094393391738598,59.82799998855264
805,805,0.010206500000663254,0.2094393361568764,59.828272343261105
806,806,0.01021776100066063,0.20943933317138463,59.828026700113
807,807,0.01022904400065272,0.209439330217056,59.828296210899886
808,808,0.010240549000627652,0.20943932729356504,59.828053140808535
809,809,0.010251722000589325,0.20943932440058985,59.828319837380754
810,810,0.01026610000059236,0.209439321537812,59.82807931330137
811,811,0.010277772000563346,0.20943931870491622,59.82834322505527
812,812,0.010289864000583293,0.20943931590159062,59.82810522022928
813,813,0.010301634000597915,0.20943931312752662,59.828366376253946
814,814,0.010313194000616477,0.20943931038241864,59.828130864205846
815,815,0.01032495700059144,0.20943930766596447,59.82838929328629
816,816,0.010336502000598102,0.2094393049778651,59.82815624782069
817,817,0.010347762000606053,0.20943930231782457,59.82841197844106
818,818,0.010359568000637864,0.20943929968554983,59.82818137363959
819,819,0.010371088000624695,0.2094392970807512,59.828434433986274
820,820,0.010382404000665701,0.20943929450314186,59.82820624420472
821,821,0.010393801000645908,0.20943929195243793,59.82845666216951
822,822,0.01040513400062082,0.2094392894283587,59.82823086203481
823,823,0.010416569000597065,0.20943928693062613,59.82847866521795
824,824,0.010436697000614004,0.20943928445896526,59.8282552296253
825,825,0.01045122200065407,0.20943928201310397,59.82850044533857
826,826,0.010464282000668845,0.20943927959277292,59.82827934944858
827,827,0.010476849000667698,0.2094392771977056,59.82852200471827
828,828,0.010489046000657254,0.2094392748276384,59.828303223954094
829,829,0.010501099000691738,0.20943927248231034,59.82854334552404
830,830,0.010512759000675942,0.20943927016146308,59.8283268555686
831,831,0.010524142000633674,0.20943926786484127,59.828564469903114
832,832,0.01053558800066412,0.20943926559219186,59.82835024669627
833,833,0.010547229000621883,0.2094392633432647,59.828585379983046
834,834,0.010560672000622162,0.20943926111781225,59.82837339971892
835,835,0.0105732320006382,0.20943925891558932,59.828606077871996
836,836,0.010585357000593376,0.20943925673635352,59.82839631699618
837,837,0.01059731900056704,0.20943925457986495,59.82862656565872
838,838,0.010608939000576356,0.2094392524458861,59.82841900086565
839,839,0.010620574000540728,0.209439250334182,59.82864684541284
840,840,0.010632313000485283,0.20943924824452023,59.828441453643094
841,841,0.01064383000050384,0.20943924617667065,59.82866691918491
842,842,0.01065550800052506,0.20943924413040554,59.8284636776226
843,843,0.010673668000549696,0.2094392421054997,59.828686789006596
844,844,0.010685938000506212,0.2094392401017301,59.82848567507676
845,845,0.010697462000507585,0.2094392381188762,59.82870645689082
846,846,0.01070888900051159,0.20943923615671955,59.82850744825688
847,847,0.010733893000519856,0.20943923421504418,59.82872592483193
848,848,0.010746209000501494,0.2094392322936363,59.828528999393065
849,849,0.010757949000492317,0.2094392303922844,59.82874519480574
850,850,0.010769654000512219,0.2094392285107791,59.828550330694476
851,851,0.010781363000489819,0.2094392266489132,59.82876426876983
852,852,0.010792996000475341,0.20943922480648178,59.82857144434947
853,853,0.010804293000489906,0.20943922298328177,59.82878314866356
854,854,0.010815814000523005,0.20943922117911273,59.82859234252576
855,855,0.010827147000497916,0.20943921939377586,59.828801836408275
856,856,0.010858008000525388,0.2094392176270746,59.828613027370594
857,857,0.010873143000537766,0.20943921587881442,59.82882033390744
858,858,0.010885897000548539,0.20943921414880282,59.828633501010934
859,859,0.010898095000527519,0.20943921243684935,59.82883864304675
860,860,0.010910004000550089,0.20943921074276556,59.828653765553604
861,861,0.010921778000522409,0.20943920906636476,59.82885676569431
862,862,0.010934054000529159,0.20943920740746252,59.82867382308548
863,863,0.010945521000564895,0.20943920576587613,59.82887470370079
864,864,0.010957292000568941,0.20943920414142486,59.82869367567361
865,865,0.010968745000582203,0.20943920253392986,59.82889245889948
866,866,0.010980468000582277,0.20943920094321417,59.82871332536547
867,867,0.010991743000602128,0.20943919936910257,59.828910033106524
868,868,0.011003038000581,0.20943919781142178,59.82873277418902
869,869,0.011014442000600866,0.20943919627000032,59.82892742812101
870,870,0.011026038000636618,0.20943919474466843,59.828752024152934
871,871,0.011037459000647232,0.20943919323525811,59.82894464572512
872,872,0.011048711000682943,0.2094391917416033,59.82877107724674
873,873,0.011060516000668486,0.2094391902635395,59.828961687684284
874,874,0.011072021000643417,0.2094391888009039,59.828789935441016
875,875,0.011083415000598507,0.20943918735353556,59.82897855574725
876,876,0.011100282000597872,0.20943918592127503,59.8288086006875
877,877,0.011113573000557153,0.20943918450396462,59.82899525164632
878,878,0.011125627000581062,0.20943918310144832,59.828827074919275
879,879,0.01113736000058907,0.20943918171357176,59.82901177709742
880,880,0.011148890000583833,0.20943918034018194,59.828845360050934
881,881,0.011160330000620888,0.20943917898112785,59.82902813380022
882,882,0.011172111000576024,0.20943917763625977,59.82886345797873
883,883,0.011183699000582692,0.20943917630542958,59.82904432343837
884,884,0.011195268000562919,0.20943917498849077,59.828881370580724
885,885,0.011206701000560315,0.20943917368529838,59.829060347679466
886,886,0.011218127000574896,0.20943917239570897,59.82889909971697
887,887,0.011229531000594761,0.20943917111958044,59.829076208175366
888,888,0.01124465100059524,0.20943916985677233,59.82891664722963
889,889,0.011272795000593305,0.20943916860714554,59.82909190656218
890,890,0.011290384000631093,0.20943916737056265,59.828934014943194
891,891,0.011304828000618272,0.2094391661468873,59.829107444460504
892,892,0.0113175160006449,0.2094391649359849,59.828951204664534
893,893,0.01132968500064635,0.20943916373772203,59.82912282347546
894,894,0.011341474000687413,0.20943916255196685,59.82896821818313
895,895,0.011353189000715247,0.20943916137858873,59.829138045196885
896,896,0.011364805000710021,0.20943916021745856,59.82898505727123
897,897,0.011376634000725971,0.2094391590684484,59.82915311119945
898,898,0.011388386000703576,0.20943915793143175,59.82900172368395
899,899,0.011399802000710224,0.20943915680628347,59.8291680230428
900,900,0.01141114100073537,0.20943915569287966,59.82901821915946
901,901,0.011431913000762961,0.20943915459109771,59.82918278227164
902,902,0.01144612600074879,0.20943915350081635,59.829034545419105
903,903,0.011459199000739773,0.20943915242191546,59.829197390415885
904,904,0.011471162000702861,0.20943915135427632,59.829050704167585
905,905,0.011483018000717493,0.2094391502977814,59.82921184899084
906,906,0.011494872000753276,0.20943914925231427,59.829066697093076
907,907,0.01151309100077924,0.2094391482177599,59.8292261594972
908,908,0.011526107000747743,0.20943914719400436,59.8290825258674
909,909,0.011538556000743938,0.20943914618093493,59.82924032342133
910,910,0.011550508000766513,0.2094391451784401,59.829098192146134
911,911,0.011562005000769204,0.20943914418640935,59.82925434223525
912,912,0.011573606000752079,0.20943914320473367,59.8291136975688
913,913,0.011584938000737566,0.20943914223330484,59.82926821739685
914,914,0.011596318000783867,0.20943914127201593,59.829129043758954
915,915,0.011607868000737653,0.20943914032076108,59.82928195034999
916,916,0.011619231000736363,0.2094391393794356,59.82914423232438
917,917,0.011630965000733795,0.2094391384479357,59.82929554252456
918,918,0.011642453000717978,0.20943913752615906,59.8291592648572
919,919,0.011654200000691617,0.209439136614004,59.829308995336724
920,920,0.011665611000637455,0.2094391357113702,59.82917414293401
921,921,0.011699778000661354,0.2094391348181582,59.82932231018895
922,922,0.011714488000677648,0.2094391339342697,59.82918886811606
923,923,0.011727170000710885,0.20943913305960726,59.829335488470115
924,924,0.011739740000734855,0.2094391321940748,59.82920344194933
925,925,0.011751967000748209,0.2094391313375768,59.8293485315557
926,926,0.011764158000744374,0.20943913049001914,59.82921786596473
927,927,0.011776164000707467,0.20943912965130837,59.829361440807865
928,928,0.01178776800071546,0.20943912882135216,59.82923214167818
929,929,0.011799697000697051,0.20943912800005918,59.82937421757556
930,930,0.01181101000071294,0.20943912718733892,59.82924627059078
931,931,0.01182265400069582,0.20943912638310197,59.829386863194664
932,932,0.011834388000693252,0.2094391255872599,59.829260254188966
933,933,0.011845759000664202,0.20943912479972482,59.82939937898805
934,934,0.011857424000652372,0.20943912402041015,59.829274093944534
935,935,0.011869520000686862,0.20943912324923014,59.8294117662658
936,936,0.011883127000658078,0.2094391224860998,59.82928779131494
937,937,0.011895655000614624,0.20943912173093507,59.8294240263252
938,938,0.011907928000596257,0.20943912098365297,59.82930134774328
939,939,0.01192029400061756,0.209439120244171,59.82943616045095
940,940,0.011932364000642792,0.20943911951240787,59.82931476465853
941,941,0.011946043000648388,0.20943911878828309,59.82944816991523
942,942,0.011958533000608895,0.20943911807171672,59.82932804347557
943,943,0.011970224000606322,0.20943911736263005,59.82946005597781
944,944,0.011982180000586595,0.20943911666094484,59.829341185595425
945,945,0.011993960000552306,0.20943911596658402,59.82947181988617
946,946,0.01200537600050211,0.20943911527947096,59.82935419240531
947,947,0.012016794000487607,0.20943911459953013,59.82948346287563
948,948,0.012028229000520696,0.20943911392668663,59.829367065278774
949,949,0.012039729000548505,0.2094391132608664,59.82949498616943
950,950,0.012051074000567041,0.20943911260199605,59.829379805575854
951,951,0.01206237400054988,0.20943911195000312,59.82950639097884
952,952,0.012073951000559191,0.20943911130481568,59.82939241464317
953,953,0.012085189000572427,0.2094391106663629,59.82951767850329
954,954,0.012096666000559253,0.2094391100345744,59.829404893814086
955,955,0.012113535000594311,0.20943910940938054,59.82952884993046
956,956,0.012126622000607767,0.20943910879071254,59.82941724440875
957,957,0.01213924100056829,0.20943910817850236,59.82953990643641
958,958,0.012151314000561797,0.20943910757268247,59.82942946773432
959,959,0.0121632180005804,0.20943910697318627,59.82955084918565
960,960,0.012174766000555337,0.20943910637994764,59.82944156508501
961,961,0.012186468000550121,0.20943910579290134,59.82956167933125
962,962,0.012197978000585863,0.20943910521198267,59.82945353774226
963,963,0.012209364000625555,0.20943910463712775,59.82957239801499
964,964,0.01222310800062587,0.20943910406827332,59.82946538697482
965,965,0.012243163000619006,0.20943910350535666,59.829583006367415
966,966,0.012261918000660899,0.20943910294831572,59.82947711403884
967,967,0.012281770000697634,0.20943910239708927,59.82959350550793
968,968,0.01230234800073049,0.20943910185161668,59.82948872017808
969,969,0.012314937000724058,0.20943910131183777,59.82960389654497
970,970,0.012326818000758522,0.20943910077769307,59.82950020662396
971,971,0.012345697000796463,0.209439100249124,59.829614180576
972,972,0.01235886300077027,0.20943909972607208,59.82951157459566
973,973,0.012374920000752354,0.20943909920847995,59.82962435868773
974,974,0.012395733000744258,0.20943909869629046,59.82952282530027
975,975,0.012413973000775513,0.20943909818944734,59.829634431956116
976,976,0.012426166000750527,0.2094390976878947,59.829533959932945
977,977,0.012437867000755887,0.20943909719157733,59.82964440144651
978,978,0.012449348000757254,0.20943909670044059,59.82954497967687
979,979,0.012460749000752003,0.20943909621443038,59.82965426821374
980,980,0.012472156000740142,0.20943909573349326,59.82955588570355
981,981,0.012483699000711113,0.20943909525757626,59.82966403330224
982,982,0.012495146000730983,0.2094390947866268,59.8295666791728
983,983,0.012540891000696774,0.20943909432059335,59.829673697746074
984,984,0.012556225000707855,0.20943909385942436,59.8295773612329
985,985,0.012569474000656555,0.20943909340306915,59.82968326256911
986,986,0.012581776000672562,0.2094390929514774,59.82958793302071
987,987,0.01259342100070171,0.20943909250459947,59.829692728785105
988,988,0.012605256000711051,0.20943909206238606,59.82959839566174
989,989,0.012616996000701874,0.2094390916247886,59.82970209739771
990,990,0.012628641000731022,0.20943909119175882,59.82960875027029
991,991,0.012640201000692741,0.20943909076324912,59.829711369400684
992,992,0.012651679000725835,0.20943909033921215,59.82961899794956
993,993,0.012663234000740431,0.2094390899196014,59.829720545777924
994,994,0.012674609000782766,0.20943908950437065,59.82962913979175
995,995,0.012686015000781481,0.20943908909347414,59.82972962750356
996,996,0.012697560000788144,0.20943908868686656,59.82963917687811
997,997,0.012708883000811966,0.20943908828450328,59.829738615542055
998,998,0.01272027600077763,0.2094390878863399,59.82964911027915
999,999,0.012731569000777654,0.2094390874923326,59.829747510848286
1000,1000,0.012743008000768441,0.209439087102438,59.82965894105464
1001,1001,0.01275452400074073,0.20943908671661318,59.82975631436765
1002,1002,0.012765899000726222,0.20943908633481564,59.82966867025378
1003,1003,0.012779698000713324,0.2094390859570033,59.82976502703615
1004,1004,0.012791776000710797,0.20943908558313473,59.82967829891526
1005,1005,0.012803710000753199,0.20943908521316865,59.829773649780456
1006,1006,0.012815665000744048,0.20943908484706436,59.829687828067385
1007,1007,0.012827049000748048,0.20943908448478143,59.829782183518034
1008,1008,0.012838386000794344,0.20943908412628012,59.82969725872816
1009,1009,0.012850278000769322,0.20943908377152082,59.829790629157216
1010,1010,0.012861860000782599,0.20943908342046466,59.82970659190541
1011,1011,0.012873085000762785,0.20943908307307282,59.82979898759727
1012,1012,0.012884371000779993,0.20943908272930714,59.829715828596825
1013,1013,0.012895708000769446,0.20943908238912967,59.8298072597285
1014,1014,0.012907334000772153,0.20943908205250306,59.82972496979014
1015,1015,0.012918763000755007,0.20943908171939024,59.829815446432335
1016,1016,0.012950807000777331,0.20943908138975448,59.82973401646314
1017,1017,0.012965985000789715,0.2094390810635594,59.82982354858141
1018,1018,0.01297888900074895,0.20943908074076936,59.829742969583826
1019,1019,0.012991298000713414,0.20943908042134857,59.82983156703964
1020,1020,0.01300339400069106,0.20943908010526194,59.829751830110474
1021,1021,0.013015558000688543,0.20943907979247467,59.82983950266233
1022,1022,0.013027142000737513,0.20943907948295235,59.82976059899171
1023,1023,0.013038819000769308,0.2094390791766609,59.8298473562962
1024,1024,0.013050361000750854,0.20943907887356647,59.829769277166704
1025,1025,0.013061587000720465,0.20943907857363583,59.829855128779535
1026,1026,0.013073083000733732,0.20943907827683594,59.829777865565084
1027,1027,0.013084372000776057,0.209439077983134,59.82986282094223
1028,1028,0.013129714000797321,0.20943907769249787,59.82978636510722
1029,1029,0.013144266000779226,0.20943907740489537,59.82987043360586
1030,1030,0.013157036000734479,0.20943907712029497,59.829794776704155
1031,1031,0.01316942700071877,0.20943907683866514,59.82987796758378
1032,1032,0.013181427000688473,0.20943907655997518,59.82980310125782
1033,1033,0.013193308000666093,0.20943907628419406,59.829885423681205
1034,1034,0.013212286000680251,0.2094390760112917,59.82981133966102
1035,1035,0.01322488300064606,0.20943907574123793,59.82989280269528
1036,1036,0.013236927000662035,0.20943907547400303,59.829819492797604
1037,1037,0.013249518000634453,0.20943907520955743,59.82990010541514
1038,1038,0.013262969000663816,0.2094390749478723,59.82982756154248
1039,1039,0.01327571400065608,0.20943907468891867,59.82990733262201
1040,1040,0.01328807600066284,0.20943907443266793,59.82983554676177
1041,1041,0.013300472000651098,0.20943907417909205,59.8299144850893
1042,1042,0.013312758000608937,0.20943907392816305,59.82984344931285
1043,1043,0.013324401000602393,0.2094390736798532,59.82992156358262
1044,1044,0.013336009000568083,0.20943907343413531,59.82985127004443
1045,1045,0.013347470000610429,0.20943907319098223,59.82992856885991
1046,1046,0.013358894000589316,0.20943907295036732,59.82985900979668
1047,1047,0.01337054800058013,0.20943907271226386,59.829935501671486
1048,1048,0.013388895000559842,0.2094390724766458,59.82986666940128
1049,1049,0.01340295100055755,0.20943907224348718,59.829942362760136
1050,1050,0.013415467000584158,0.20943907201276227,59.82987424968151
1051,1051,0.01342734600058293,0.20943907178444568,59.82994915286114
1052,1052,0.013439269000627974,0.20943907155851232,59.82988175145233
1053,1053,0.013451056000633344,0.20943907133493733,59.82995587270243
1054,1054,0.013462602000629431,0.20943907111369597,59.82988917552048
1055,1055,0.01348929500062468,0.20943907089476402,59.82996252300456
1056,1056,0.013502069000594474,0.20943907067811735,59.82989652268451
1057,1057,0.013515159000633048,0.209439070463732,59.82996910448089
1058,1058,0.013527279000641101,0.20943907025158445,59.82990379373492
1059,1059,0.013539228000638559,0.20943907004165127,59.82997561783754
1060,1060,0.013551261000600334,0.20943906983390947,59.82991098945422
1061,1061,0.01356314300056738,0.20943906962833608,59.82998206377354
1062,1062,0.013575171000582031,0.20943906942490853,59.829918110616994
1063,1063,0.013587039000526602,0.2094390692236044,59.82998844298086
1064,1064,0.013598567000542516,0.20943906902440143,59.829925157989976
1065,1065,0.01361015200058091,0.20943906882727784,59.82999475614451
1066,1066,0.013629555000591154,0.20943906863221182,59.829932132332125
1067,1067,0.013642222000612492,0.20943906843918197,59.830001003942556
1068,1068,0.013654124000652246,0.20943906824816697,59.82993903439475
1069,1069,0.013665908000632498,0.20943906805914586,59.83000718704628
1070,1070,0.013677730000665633,0.20943906787209768,59.82994586492149
1071,1071,0.0136891190006736,0.20943906768700196,59.8300133061201
1072,1072,0.0137008390007054,0.2094390675038383,59.82995262464851
1073,1073,0.013712473000737191,0.2094390673225866,59.83001936182181
1074,1074,0.013723785000706812,0.2094390671432268,59.82995931430447
1075,1075,0.013735198000688342,0.2094390669657392,59.83002535480252
1076,1076,0.013746661000709537,0.20943906679010418,59.82996593461064
1077,1077,0.013758131000713547,0.2094390666163025,59.83003128570674
1078,1078,0.013769415000695062,0.20943906644431495,59.82997248628099
1079,1079,0.013780693000683186,0.20943906627412268,59.83003715517249
1080,1080,0.013816929000711298,0.20943906610570687,59.82997897002223
1081,1081,0.013831521000724933,0.20943906593904904,59.83004296383133
1082,1082,0.013844399000731755,0.20943906577413077,59.8299853865339
1083,1083,0.013856253000767538,0.20943906561093403,59.83004871230845
1084,1084,0.013867984000796696,0.20943906544944066,59.829991736508426
1085,1085,0.013879538000821867,0.20943906528963302,59.830054401222654
1086,1086,0.01389123400082326,0.20943906513149343,59.829998020631216
1087,1087,0.013902751000841818,0.2094390649750046,59.83006003118654
1088,1088,0.01391423100085376,0.2094390648201492,59.8300042395807
1089,1089,0.013925590000837929,0.20943906466691017,59.83006560280649
1090,1090,0.013936922000823415,0.20943906451527072,59.83001039402843
1091,1091,0.013948517000812899,0.2094390643652141,59.830071116682724
1092,1092,0.013960069000802378,0.20943906421672376,59.8300164846391
1093,1093,0.013971540000795812,0.20943906406978344,59.83007657340938
1094,1094,0.013982657000781273,0.20943906392437683,59.83002251207067
1095,1095,0.013993862000745594,0.20943906378048804,59.83008197357459
1096,1096,0.014005156000791885,0.20943906363810116,59.8300284769744
1097,1097,0.014016874000787993,0.20943906349720054,59.830087317760515
1098,1098,0.014028477000749717,0.2094390633577707,59.83003437999493
1099,1099,0.014039932000741828,0.20943906321979616,59.83009260654341
1100,1100,0.014057657000762447,0.20943906308326193,59.83004022177029
1101,1101,0.014070990000789152,0.20943906294815276,59.83009784049367
1102,1102,0.014083112000776055,0.20943906281445399,59.83004600293208
1103,1103,0.014095047000751038,0.20943906268215068,59.83010302017592
1104,1104,0.014106556000740511,0.20943906255122843,59.830051724105445
1105,1105,0.014117959000770952,0.20943906242167273,59.83010814614904
1106,1106,0.014129690000743267,0.20943906229346942,59.83005738590914
1107,1107,0.01414100400074858,0.20943906216660424,59.83011321896623
1108,1108,0.014152462000708965,0.20943906204106336,59.83006298895564
1109,1109,0.014164023000716952,0.20943906191683287,59.830118239175086
1110,1110,0.014175569000769883,0.2094390617938991,59.830068533851176
1111,1111,0.01418698900073423,0.20943906167224852,59.830123207317634
1112,1112,0.014198265000743504,0.2094390615518678,59.83007402119576
1113,1113,0.014209971000695987,0.2094390614327436,59.83012812393037
1114,1114,0.014230942000665436,0.20943906131486278,59.83007945158335
1115,1115,0.014245068000661831,0.20943906119821243,59.83013298954435
1116,1116,0.014257974000656759,0.20943906108277982,59.830084825601794
1117,1117,0.014270140000633091,0.20943906096855197,59.83013780468525
1118,1118,0.014292918000649024,0.20943906085551656,59.830090143832955
1119,1119,0.014305496000645235,0.209439060743661,59.83014256987335
1120,1120,0.014317676000700885,0.20943906063297296,59.83009540685279
1121,1121,0.014330021000716897,0.20943906052344027,59.830147285623674
1122,1122,0.014341764000732837,0.20943906041505095,59.83010061523131
1123,1123,0.014353472000721013,0.209439060307793,59.83015195244599
1124,1124,0.01436497600070652,0.20943906020165468,59.83010576953277
1125,1125,0.014376455000729038,0.20943906009662416,59.83015657084486
1126,1126,0.01438784500072643,0.20943905999269002,59.830110870315636
1127,1127,0.014399369000727802,0.20943905988984074,59.83016114131975
1128,1128,0.014410824000719913,0.20943905978806499,59.83011591813266
1129,1129,0.014422008000678943,0.20943905968735166,59.83016566436498
1130,1130,0.01443344100067634,0.20943905958768952,59.830120913530976
1131,1131,0.014444763000653893,0.20943905948906774,59.83017014046988
1132,1132,0.014456382000673784,0.20943905939147534,59.83012585705209
1133,1133,0.014470524000671503,0.20943905929490164,59.83017457011877
1134,1134,0.01448268300066502,0.20943905919933595,59.83013074923199
1135,1135,0.014494379000666413,0.20943905910476787,59.830178953791034
1136,1136,0.014505890000634736,0.2094390590111868,59.830135590601195
1137,1137,0.014517055000624168,0.20943905891858264,59.83018329196117
1138,1138,0.014528534000646687,0.20943905882694502,59.83014038168477
1139,1139,0.014539987000603105,0.20943905873626403,59.83018758509884
1140,1140,0.014551633000564834,0.2094390586465295,59.830145123002445
1141,1141,0.014574464000588705,0.2094390585577316,59.8301918336689
1142,1142,0.014586505000636407,0.20943905846986063,59.83014981506861
1143,1143,0.01459800800063249,0.2094390583829069,59.83019603813146
1144,1144,0.014609700000676185,0.20943905829686077,59.83015445839239
1145,1145,0.014621370000725165,0.20943905821171283,59.83020019894196
1146,1146,0.014643926000758256,0.20943905812745364,59.8301590534777
1147,1147,0.014657950000753317,0.20943905804407398,59.83020431655117
1148,1148,0.014670513000737628,0.2094390579615646,59.83016360082331
1149,1149,0.014682412000695422,0.2094390578799165,59.83020839140524
1150,1150,0.014694071000690201,0.20943905779912067,59.83016810092286
1151,1151,0.014705701000650606,0.2094390577191682,59.83021242394581
1152,1152,0.014717286000632157,0.20943905764005033,59.83017255426495
1153,1153,0.014729229000636224,0.20943905756175826,59.83021641460995
1154,1154,0.014740570000640218,0.2094390574842834,59.83017696133319
1155,1155,0.014752299000633684,0.20943905740761723,59.83022036383029
1156,1156,0.014763816000595398,0.20943905733175133,59.830181322606194
1157,1157,0.01477539100062586,0.20943905725667733,59.830224272035075
1158,1158,0.014793793000649202,0.20943905718238695,59.83018563855769
1159,1159,0.01480805100067073,0.2094390571088721,59.830228139648085
1160,1160,0.014821081000661707,0.20943905703612448,59.83018990965657
1161,1161,0.01483341700065921,0.2094390569641363,59.830231967088835
1162,1162,0.014845689000651419,0.20943905689289946,59.83019413636689
1163,1163,0.014857833000633036,0.20943905682240632,59.83023575477254
1164,1164,0.014871572000629385,0.20943905675264893,59.83019831914797
1165,1165,0.01488382600064142,0.20943905668361965,59.830239503110136
1166,1166,0.014895572000625634,0.20943905661531093,59.830202458454394
1167,1167,0.014907687000629721,0.2094390565477152,59.83024321250838
1168,1168,0.01491956200061395,0.20943905648082506,59.830206554736115
1169,1169,0.01493105700058095,0.20943905641463323,59.83024688336984
1170,1170,0.014942638000604802,0.2094390563491322,59.83021060843844
1171,1171,0.014954223000586353,0.20943905628431492,59.83025051609301
1172,1172,0.014965624000581101,0.20943905622017422,59.830214620002124
1173,1173,0.014977065000550738,0.20943905615670302,59.830254111072236
1174,1174,0.014988485000571927,0.20943905609389438,59.83021858986339
1175,1175,0.01499976700051775,0.20943905603174126,59.8302576686979
1176,1176,0.015011332000483435,0.20943905597023693,59.83022251845398
1177,1177,0.015023182000504676,0.20943905590937462,59.830261189356314
1178,1178,0.015042477000520194,0.20943905584914757,59.83022640620122
1179,1179,0.015056845000515295,0.20943905578954927,59.83026467342988
1180,1180,0.015069975000528757,0.20943905573057298,59.83023025352802
1181,1181,0.015082405000498511,0.20943905567221227,59.83026812129706
1182,1182,0.015094855000484131,0.2094390556144608,59.83023406085298
1183,1183,0.015107064000460468,0.2094390555573121,59.83027153333243
1184,1184,0.015118591000486958,0.20943905550075995,59.83023782859038
1185,1185,0.015129966000529294,0.20943905544479813,59.830274909906755
1186,1186,0.01514142000053198,0.20943905538942043,59.83024155715023
1187,1187,0.015153172000566428,0.20943905533462073,59.830278251386964
1188,1188,0.015164617000550606,0.20943905528039314,59.83024524693836
1189,1189,0.015176192000524225,0.20943905522673145,59.83028155813625
1190,1190,0.015188112000487308,0.20943905517362996,59.830248898356395
1191,1191,0.015199626000537592,0.20943905512108277,59.83028483051406
1192,1192,0.015211037000540273,0.20943905506908406,59.83025251180186
1193,1193,0.01522256200053107,0.20943905501762808,59.83028806887615
1194,1194,0.015233777000560167,0.20943905496670923,59.83025608766817
1195,1195,0.015245291000553607,0.20943905491632187,59.83029127357465
1196,1196,0.015257011000585408,0.20943905486646044,59.83025962634471
1197,1197,0.015276071000585034,0.20943905481711952,59.83029444495805
1198,1198,0.015289108000558826,0.20943905476829364,59.83026312821687
1199,1199,0.015301070000589334,0.2094390547199774,59.83029758337129
1200,1200,0.015312702000585432,0.20943905467216545,59.83026659366604
1201,1201,0.01532420400059209,0.20943905462485263,59.83030068915574
1202,1202,0.015335601000572296,0.20943905457803358,59.830270023069716
1203,1203,0.015347021000593486,0.20943905453170333,59.83030376264927
1204,1204,0.01535858500062659,0.20943905448585662,59.8302734168015
1205,1205,0.015370158000621359,0.2094390544404885,59.830306804186286
1206,1206,0.015381621000642554,0.20943905439559393,59.83027677523114
1207,1207,0.01539309000065714,0.20943905435116794,59.830309814097774
1208,1208,0.015404768000621516,0.20943905430720566,59.8302800987246
1209,1209,0.015416301000641397,0.2094390542637023,59.830312792711275
1210,1210,0.015428110000641482,0.2094390542206531,59.83028338764407
1211,1211,0.015462371000637631,0.20943905417805317,59.830315740351026
1212,1212,0.015477421000639424,0.20943905413589792,59.83028664234801
1213,1213,0.015490587000613232,0.20943905409418273,59.830318657337855
1214,1214,0.01550318200060019,0.20943905405290295,59.83028986319116
1215,1215,0.015515542000571259,0.209439054012054,59.83032154398937
1216,1216,0.015527760000622948,0.20943905397163157,59.83029305052465
1217,1217,0.015539407000630945,0.20943905393163093,59.83032440061986
1218,1218,0.015551095000660098,0.20943905389204792,59.83029620469597
1219,1219,0.015562709000676023,0.20943905385287803,59.8303272275404
1220,1220,0.015574313000627171,0.20943905381411704,59.83029932604904
1221,1221,0.015585797000596813,0.20943905377576058,59.83033002505887
1222,1222,0.015597084000603445,0.20943905373780453,59.83030241492422
1223,1223,0.015608593000592919,0.20943905370024468,59.830332793479975
1224,1224,0.01562004100054537,0.20943905366307689,59.830305471658384
1225,1225,0.01563140400054408,0.20943905362629708,59.830335533105284
1226,1226,0.01564274800051635,0.20943905358990111,59.83030849658493
1227,1227,0.015654212000526968,0.20943905355388512,59.83033824423327
1228,1228,0.015665640000520398,0.20943905351824502,59.8303114900338
1229,1229,0.015677127000515156,0.20943905348297695,59.83034092715932
1230,1230,0.01568858600052181,0.209439053448077,59.830314452331564
1231,1231,0.015704586000538256,0.20943905341354138,59.8303435821758
1232,1232,0.015716937000490816,0.20943905337936622,59.8303173838014
1233,1233,0.01572890400052529,0.2094390533455478,59.830346209572056
1234,1234,0.01574049800052535,0.20943905331208237,59.83032028476317
1235,1235,0.015752007000514823,0.20943905327896625,59.83034880963446
1236,1236,0.01576375400048846,0.20943905324619583,59.830323155533414
1237,1237,0.015775086000473948,0.20943905321376743,59.83035138264642
1238,1238,0.015786340000488508,0.20943905318167755,59.830325996425444
1239,1239,0.015797525000493806,0.20943905314992264,59.83035392888844
1240,1240,0.015809294000519003,0.20943905311849917,59.83032880774932
1241,1241,0.01582066400050053,0.2094390530874037,59.83035644863814
1242,1242,0.01583182700051111,0.20943905305663282,59.830331589811884
1243,1243,0.01584311700054286,0.20943905302618318,59.830358942170264
1244,1244,0.01586314000053335,0.20943905299605128,59.83033434291685
1245,1245,0.015876496000544194,0.20943905296623397,59.83036140975673
1246,1246,0.015889232000574793,0.20943905293672785,59.83033706736477
1247,1247,0.01590120200057754,0.20943905290752973,59.830363851666654
1248,1248,0.015913046000548547,0.20943905287863643,59.83033976345312
1249,1249,0.015924508000523474,0.20943905285004466,59.830366268166394
1250,1250,0.015936117000535432,0.2094390528217514,59.83034243147627
1251,1251,0.015947502000528857,0.20943905279375344,59.83036865951952
1252,1252,0.015959197000540826,0.20943905276604774,59.83034507172556
1253,1253,0.015970598000592418,0.20943905273863117,59.83037102598694
1254,1254,0.015981766000606967,0.20943905271150084,59.83034768448937
1255,1255,0.01599317400058453,0.20943905268465374,59.83037336782683
1256,1256,0.01600461700058986,0.20943905265808682,59.83035027005303
1257,1257,0.016016054000601798,0.2094390526317972,59.83037568529474
1258,1258,0.016027388000622977,0.209439052605782,59.83035282869898
1259,1259,0.016039217000638928,0.20943905258003837,59.83037797864353
1260,1260,0.016052343000637848,0.20943905255456344,59.830355360706704
1261,1261,0.016064536000669705,0.20943905252935435,59.830380248123504
1262,1262,0.01607646700068699,0.2094390525044085,59.83035786635283
1263,1263,0.016088685000681835,0.20943905247972303,59.83038249398237
1264,1264,0.016108220000660367,0.20943905245529526,59.8303603459111
1265,1265,0.016120252000632718,0.20943905243112235,59.83038471646526
1266,1266,0.016131656000652583,0.20943905240720187,59.83036279965247
1267,1267,0.01614349800064474,0.20943905238353103,59.83038691581482
1268,1268,0.01615507500065405,0.20943905236010726,59.830365227845036
1269,1269,0.01617318800066414,0.209439052336928,59.830389092271126
1270,1270,0.01618650700066837,0.20943905231399074,59.830367630754175
1271,1271,0.016198190000636714,0.20943905229129284,59.830391246071834
1272,1272,0.016209707000598428,0.20943905226883186,59.830370008642504
1273,1273,0.01622142000059057,0.20943905224660536,59.830393377452125
1274,1274,0.016233109000552304,0.20943905222461082,59.830372361769925
1275,1275,0.01624458400056028,0.20943905220284592,59.830395486644754
1276,1276,0.016256368000540533,0.20943905218130823,59.83037469039364
1277,1277,0.01631070500053511,0.20943905215999534,59.830397573880084
1278,1278,0.016326948000539687,0.2094390521389049,59.83037699476822
1279,1279,0.01634021200055713,0.20943905211803457,59.83039963938607
1280,1280,0.016352554000548025,0.2094390520973821,59.83037927514558
1281,1281,0.016364465000549444,0.2094390520769452,59.830401683388345
1282,1282,0.016376367000589198,0.2094390520567216,59.830381531775046
1283,1283,0.016387939000594542,0.20943905203670912,59.8304037061102
1284,1284,0.016399532000605177,0.20943905201690557,59.83038376490336
1285,1285,0.016411162000565582,0.20943905199730872,59.830405707772584
1286,1286,0.016422517000592052,0.20943905197791637,59.830385974774714
1287,1287,0.016434072000606648,0.20943905195872647,59.83040768859425
1288,1288,0.016470390000563384,0.20943905193973691,59.83038816163075
1289,1289,0.016501923000589613,0.20943905192094556,59.830409648791594
1290,1290,0.016515584000615036,0.20943905190235032,59.83039032571067
1291,1291,0.016543458000569444,0.20943905188394923,59.83041158857884
1292,1292,0.016565017000573334,0.2094390518657402,59.83039246725114
1293,1293,0.01658080500055803,0.2094390518477212,59.83041350816798
1294,1294,0.01660338800053296,0.2094390518298903,59.83039458648639
1295,1295,0.016617772000529385,0.2094390518122455,59.8304154077688
1296,1296,0.016635469000505054,0.20943905179478498,59.83039668364827
1297,1297,0.016649464000522585,0.20943905177750663,59.830417287588936
1298,1298,0.016664249000484688,0.2094390517604086,59.83039875896616
1299,1299,0.016676576000520527,0.20943905174348912,59.83041914783389
1300,1300,0.01670253800057253,0.20943905172674623,59.83040081266715
1301,1301,0.016724361000569843,0.20943905171017804,59.830420988707
1302,1302,0.016738102000601884,0.2094390516937829,59.83040284497589
1303,1303,0.01676210000056244,0.20943905167755883,59.83042281040952
1304,1304,0.0167756150005971,0.2094390516615041,59.83040485611478
1305,1305,0.016788946000588112,0.20943905164561696,59.83042461314066
1306,1306,0.016801469000597535,0.2094390516298957,59.83040684630388
1307,1307,0.016813770000624118,0.20943905161433848,59.83042639709749
1308,1308,0.016835538000634642,0.20943905159894366,59.83040881576097
1309,1309,0.01685256000064328,0.2094390515837095,59.83042816247513
1310,1310,0.016864979000615676,0.20943905156863446,59.83041076470159
1311,1311,0.016879891000598946,0.20943905155371673,59.830429909466616
1312,1312,0.016891957000609636,0.2094390515389547,59.83041269333904
1313,1313,0.01690383200065071,0.20943905152434675,59.830431638263015
1314,1314,0.016932225000630297,0.20943905150989134,59.830414601884414
1315,1315,0.016944862000627836,0.20943905149558678,59.830433349053415
1316,1316,0.016960548000611197,0.20943905148143152,59.83041649054662
1317,1317,0.016972659000657586,0.2094390514674239,59.83043504202495
1318,1318,0.01698799600063694,0.20943905145356267,59.8304183595324
1319,1319,0.017000076000613262,0.20943905143984606,59.83043671736282
1320,1320,0.017021881000573558,0.20943905142627262,59.830420209046366
1321,1321,0.017036576000577952,0.20943905141284078,59.83043837525029
1322,1322,0.017048656000554274,0.20943905139954933,59.83042203929099
1323,1323,0.01706084400052532,0.20943905138639649,59.83044001586874
1324,1324,0.017084138000541316,0.20943905137338095,59.83042385046665
1325,1325,0.01709968700055242,0.20943905136050134,59.830441639397684
1326,1326,0.017113300000573872,0.20943905134775612,59.83042564277167
1327,1327,0.01712572300056081,0.20943905133514393,59.83044324601476
1328,1328,0.01713807100060194,0.20943905132266338,59.83042741640231
1329,1329,0.01715541400062648,0.20943905131031312,59.830444835895776
1330,1330,0.01716945200058717,0.20943905129809176,59.83042917155277
1331,1331,0.017180762000634786,0.20943905128599802,59.830446409214716
1332,1332,0.017192219000605746,0.20943905127403048,59.83043090841527
1333,1333,0.01720781300065255,0.20943905126218787,59.83044796614379
1334,1334,0.017232265000643565,0.20943905125046883,59.83043262718004
1335,1335,0.017244528000617265,0.20943905123887216,59.83044950685335
1336,1336,0.017256527000597544,0.2094390512273965,59.830434328035295
1337,1337,0.0172712760005993,0.2094390512160407,59.83045103151207
1338,1338,0.017283395000561086,0.20943905120480333,59.83043601116735
1339,1339,0.01731035900053257,0.2094390511936833,59.83045254028684
1340,1340,0.017322661000491735,0.2094390511826794,59.83043767676055
1341,1341,0.017334386000527502,0.2094390511717903,59.830454033342804
1342,1342,0.017356023000559162,0.20943905116101486,59.83043932499737
1343,1343,0.017377556000553795,0.20943905115035197,59.830455510843436
1344,1344,0.0173914320005224,0.2094390511398003,59.830440956058354
1345,1345,0.01740616200055456,0.2094390511293587,59.83045697295047
1346,1346,0.017435863000571317,0.20943905111902622,59.830442570122194
1347,1347,0.017448462000572817,0.20943905110880162,59.83045841982401
1348,1348,0.017495644000575794,0.2094390510986837,59.83044416736573
1349,1349,0.017521257000566948,0.20943905108867134,59.83045985162248
1350,1350,0.01753473100058045,0.2094390510787635,59.83044574796394
1351,1351,0.017547447000595184,0.2094390510689591,59.83046126850264
1352,1352,0.01755949500056886,0.20943905105925706,59.83044731209004
1353,1353,0.017571666000549158,0.20943905104965627,59.83046267061967
1354,1354,0.017583389000549232,0.20943905104015573,59.83044885991541
1355,1355,0.01760006500057898,0.20943905103075428,59.83046405812712
1356,1356,0.01761264300057519,0.209439051021451,59.83045039160966
1357,1357,0.017628138000588933,0.20943905101224478,59.83046543117693
1358,1358,0.017642802000580105,0.20943905100313479,59.83045190734064
1359,1359,0.0176548960005789,0.2094390509941198,59.8304667899195
1360,1360,0.017666743000575025,0.20943905098519897,59.830453407274454
1361,1361,0.017679617000567305,0.20943905097637122,59.830468134503654
1362,1362,0.01769228800054634,0.20943905096763557,59.83045489157552
1363,1363,0.017704764000541218,0.20943905095899112,59.830469465076675
1364,1364,0.017725366000547638,0.20943905095043688,59.83045636040651
1365,1365,0.017738476000545234,0.20943905094197202,59.830470781784314
1366,1366,0.01775108200052955,0.2094390509335954,59.830457813928405
1367,1367,0.01776273900054548,0.20943905092530635,59.8304720847708
1368,1368,0.01777455600057465,0.20943905091710377,59.830459252300535
1369,1369,0.017786331000593236,0.2094390509089868,59.830473374178915
1370,1370,0.017808372000558848,0.20943905090095458,59.83046067568059
1371,1371,0.017822785000589647,0.20943905089300616,59.830474650149895
1372,1372,0.017834912000580516,0.20943905088514073,59.83046208422458
1373,1373,0.0178514310005653,0.2094390508773574,59.830475912823566
1374,1374,0.017863764000537685,0.20943905086965528,59.83046347808694
1375,1375,0.017895861000511104,0.20943905086203363,59.83047716233827
1376,1376,0.017915134000531907,0.2094390508544915,59.83046485742047
1377,1377,0.017930872000533782,0.20943905084702805,59.83047839883094
1378,1378,0.01794634300057396,0.20943905083964254,59.830466222376415
1379,1379,0.017961282000612755,0.20943905083233408,59.83047962243706
1380,1380,0.01798509600058651,0.20943905082510203,59.83046757310442
1381,1381,0.01800009000061209,0.20943905081794537,59.83048083329073
1382,1382,0.01805332400061843,0.20943905081086336,59.8304689097526
1383,1383,0.018080611000584668,0.2094390508038554,59.83048203152464
1384,1384,0.01809449000057839,0.20943905079692046,59.83047023246751
1385,1385,0.018110253000600096,0.20943905079005806,59.830483217270135
1386,1386,0.018127575000619345,0.2094390507832672,59.830471541394196
1387,1387,0.01815422900062913,0.20943905077654726,59.830484390657176
1388,1388,0.018167093000613477,0.20943905076989744,59.83047283667622
1389,1389,0.018179204000603022,0.209439050763317,59.830485551814355
1390,1390,0.018205757000600897,0.20943905075680527,59.83047411845561
1391,1391,0.018232516000637133,0.2094390507503615,59.830486700868974
1392,1392,0.018244952000657122,0.20943905074398506,59.83047538687293
1393,1393,0.018257282000661235,0.2094390507376751,59.830487837947
1394,1394,0.018275983000705764,0.20943905073143104,59.830476642067325
1395,1395,0.018288089000691343,0.20943905072525215,59.830488963173046
1396,1396,0.018312357000695556,0.2094390507191378,59.83047788417645
1397,1397,0.01832615200072496,0.2094390507130872,59.830490076670515
1398,1398,0.01834638100075381,0.20943905070709973,59.830479113336544
1399,1399,0.018358939000734154,0.20943905070117486,59.83049117856146
1400,1400,0.01837315100073056,0.20943905069531182,59.83048032968243
1401,1401,0.01838583800071092,0.2094390506895099,59.83049226896671
1402,1402,0.018397788000754645,0.20943905068376859,59.83048153334755
1403,1403,0.018409825000787805,0.2094390506780873,59.830493348005795
1404,1404,0.018425472000785703,0.20943905067246518,59.83048272446392
1405,1405,0.018438095000760768,0.20943905066690177,59.83049441579706
1406,1406,0.018469616000743372,0.20943905066139643,59.830483903162225
1407,1407,0.018482527000742266,0.20943905065594856,59.83049547245757
1408,1408,0.018494447000762193,0.20943905065055762,59.830485069571765
1409,1409,0.018516000000772692,0.20943905064522286,59.83049651810322
1410,1410,0.01853713800079504,0.20943905063994378,59.830486223820515
1411,1411,0.01854957900076215,0.20943905063471988,59.830497552848655
1412,1412,0.018561262000730494,0.20943905062955048,59.830487366035115
1413,1413,0.018573687000696282,0.20943905062443505,59.830498576807386
1414,1414,0.01858543200069107,0.20943905061937296,59.83048849634088
1415,1415,0.01860737300069104,0.20943905061436374,59.83049959009168
1416,1416,0.018621512000663643,0.20943905060940685,59.830489614861825
1417,1417,0.018648755000697292,0.20943905060450163,59.83050059281268
1418,1418,0.01866217300067774,0.20943905059964762,59.830490721720686
1419,1419,0.018674218000626297,0.20943905059484438,59.830501585080384
1420,1420,0.01868579000063164,0.20943905059009119,59.83049181703893
1421,1421,0.018697479000593376,0.20943905058538761,59.83050256700361
1422,1422,0.018715798000584982,0.20943905058073312,59.83049290093675
1423,1423,0.01872902700057466,0.20943905057612722,59.83050353869009
1424,1424,0.018751410000618307,0.20943905057156947,59.83049397353307
1425,1425,0.018766892000599,0.20943905056705922,59.83050450024638
1426,1426,0.018779151000615002,0.20943905056259607,59.83049503494562
1427,1427,0.018791346000625708,0.20943905055817952,59.83050545177799
1428,1428,0.018803344000616562,0.20943905055380904,59.83049608529088
1429,1429,0.01882938000062495,0.20943905054948417,59.83050639338928
1430,1430,0.01884917200061409,0.20943905054520448,59.830497124684136
1431,1431,0.018864211000618525,0.20943905054096942,59.83050732518358
1432,1432,0.01887678600064646,0.2094390505367786,59.83049815323944
1433,1433,0.018888516000629352,0.20943905053263154,59.830508247263104
1434,1434,0.01890075200060437,0.20943905052852774,59.8304991710697
1435,1435,0.018926438000619328,0.20943905052446682,59.83050915972902
1436,1436,0.018943625000588327,0.20943905052044817,59.830500178286634
1437,1437,0.018976099000610702,0.20943905051647166,59.83051006268144
1438,1438,0.018989896000562112,0.20943905051253653,59.830501175000784
1439,1439,0.019019672000581522,0.20943905050864248,59.83051095621945
1440,1440,0.01903288000056591,0.20943905050478906,59.830502161321576
1441,1441,0.01906260800058135,0.2094390505009759,59.8305118404411
1442,1442,0.019075578000581572,0.20943905049720254,59.830503137357276
1443,1443,0.019087471000545975,0.20943905049346853,59.83051271544339
1444,1444,0.019098989000553956,0.20943905048977363,59.83050410321501
1445,1445,0.019121086000552623,0.20943905048611708,59.830513581322364
1446,1446,0.01913381800056868,0.2094390504824989,59.83050505900083
1447,1447,0.019157250000546355,0.20943905047891834,59.83051443817304
1448,1448,0.019181890000538715,0.2094390504753752,59.83050600481966
1449,1449,0.01920590300051117,0.2094390504718691,59.830515286089444
1450,1450,0.019221066000511655,0.20943905046839956,59.83050694077533
1451,1451,0.019239491000519138,0.2094390504649662,59.830516125164635
1452,1452,0.019255052000517026,0.20943905046156874,59.8305078669706
1453,1453,0.019280469000534595,0.20943905045820668,59.830516955490715
1454,1454,0.019305955000504582,0.20943905045487976,59.830508783507156
1455,1455,0.019320155000514205,0.20943905045158753,59.830517777158796
1456,1456,0.01933524200046577,0.2094390504483297,59.830509690485634
1457,1457,0.019354161000478598,0.20943905044510588,59.83051859025907
1458,1458,0.01938280700045425,0.2094390504419157,59.83051058800562
1459,1459,0.019396793000453272,0.20943905043875882,59.83051939488078
1460,1460,0.01942524000043022,0.20943905043563493,59.830511476165654
1461,1461,0.019438578000460893,0.20943905043254354,59.83052019111227
1462,1462,0.01946247400047696,0.2094390504294844,59.83051235506326
1463,1463,0.019477954000478803,0.20943905042645736,59.83052097904091
1464,1464,0.019490983000480355,0.20943905042346186,59.83051322479496
1465,1465,0.019507092000480952,0.2094390504204976,59.830521758753214
1466,1466,0.019519556000489047,0.20943905041756428,59.83051408545626
1467,1467,0.019532170000502447,0.20943905041466157,59.83052253033476
1468,1468,0.019544006000501213,0.20943905041178915,59.83051493714165
1469,1469,0.019589390000476214,0.2094390504089467,59.830523293870264
1470,1470,0.01960559600047418,0.20943905040613392,59.83051577994468
1471,1471,0.019627462000471496,0.20943905040335056,59.83052404944354
1472,1472,0.019642616000510316,0.20943905040059618,59.8305166139579
1473,1473,0.019665027000542068,0.20943905039787067,59.83052479713756
1474,1474,0.01967881300049612,0.20943905039517352,59.83051743927291
1475,1475,0.01970171100049356,0.2094390503925045,59.83052553703438
1476,1476,0.019736579000493748,0.2094390503898634,59.830518255980344
1477,1477,0.019767281000497405,0.20943905038724983,59.83052626921526
1478,1478,0.019782512000517727,0.20943905038466357,59.8305190641699
1479,1479,0.019807973000524726,0.20943905038210428,59.830526993760586
1480,1480,0.01982847700048751,0.20943905037957172,59.83051986393034
1481,1481,0.01984193300052084,0.20943905037706553,59.830527710749905
1482,1482,0.019854701000497244,0.2094390503745856,59.83052065534952
1483,1483,0.019866614000534355,0.20943905037213156,59.830528420261956
1484,1484,0.019878649000531823,0.20943905036970306,59.83052143851435
1485,1485,0.019890795000549133,0.20943905036729993,59.830529122374635
1486,1486,0.019902496000554493,0.20943905036492189,59.830522213510854
1487,1487,0.019922823000570133,0.20943905036256869,59.83052981716505
1488,1488,0.01993874300057996,0.20943905036024008,59.83052298042417
1489,1489,0.019953674000589672,0.20943905035793572,59.83053050470949
1490,1490,0.01996573400060697,0.2094390503556554,59.83052373933854
1491,1491,0.019989437000617727,0.20943905035339885,59.83053118508346
1492,1492,0.02000391600063267,0.209439050351166,59.830524490337325
1493,1493,0.020016776000602476,0.20943905034895635,59.830531858361674
1494,1494,0.020029555000576238,0.20943905034676974,59.83052523350302
1495,1495,0.020052503000613342,0.20943905034460603,59.83053252461808
1496,1496,0.02006594400057793,0.20943905034246488,59.830525968917264
1497,1497,0.020078212000555595,0.2094390503403461,59.830533183925844
1498,1498,0.020100383000510647,0.2094390503382494,59.83052669666085
1499,1499,0.02012678100049925,0.2094390503361746,59.830533836357375
1500,1500,0.020148352000489922,0.20943905033412147,59.83052741681374
1501,1501,0.020196498000530028,0.20943905033208973,59.83053448198434
1502,1502,0.02021824700051411,0.20943905033007917,59.830528129455026
1503,1503,0.020249562000515198,0.2094390503280897,59.83053512087762
1504,1504,0.02026357800053802,0.20943905032612092,59.830528834663
1505,1505,0.020285779000516868,0.20943905032417273,59.830535753107426
1506,1506,0.020300549000523915,0.20943905032224489,59.83052953251518
1507,1507,0.02031299800052011,0.20943905032033713,59.830536378743176
1508,1508,0.020328471000482295,0.20943905031844928,59.830530223088196
1509,1509,0.02034116500044547,0.2094390503165812,59.83053699785359
1510,1510,0.020370920000402748,0.20943905031473253,59.83053090645794
1511,1511,0.020384567000405696,0.2094390503129032,59.8305376105067
1512,1512,0.020432814000400867,0.20943905031109294,59.83053158269949
1513,1513,0.02045619900042084,0.2094390503093016,59.83053821676977
1514,1514,0.02047012000042514,0.20943905030752902,59.83053225188718
1515,1515,0.020492809000415946,0.2094390503057749,59.83053881670942
1516,1516,0.020507789000419052,0.209439050304039,59.83053291409448
1517,1517,0.020520413000440385,0.20943905030232138,59.830539410391545
1518,1518,0.020542866000425875,0.20943905030062154,59.83053356939421
1519,1519,0.020581700000434466,0.2094390502989395,59.83053999788137
1520,1520,0.02059581000048638,0.209439050297275,59.83053421785834
1521,1521,0.020620630000507845,0.20943905029562793,59.83054057924342
1522,1522,0.020634524000513466,0.209439050293998,59.83053485955814
1523,1523,0.020646855000507003,0.20943905029238513,59.830541154541585
1524,1524,0.020666158000551604,0.20943905029078905,59.83053549456413
1525,1525,0.020690917000536047,0.20943905028920967,59.83054172383905
1526,1526,0.020703558000548128,0.20943905028764673,59.83053612294609
1527,1527,0.020719144000565848,0.20943905028610005,59.83054228719836
1528,1528,0.020733979000567615,0.20943905028456966,59.83053674477306
1529,1529,0.02074676600057046,0.20943905028305518,59.83054284468143
1530,1530,0.020764301000554042,0.20943905028155652,59.8305373601134
1531,1531,0.020795184000576228,0.20943905028007345,59.8305433963495
1532,1532,0.0208084770005712,0.20943905027860588,59.83053796903471
1533,1533,0.02084518700053195,0.20943905027715365,59.830543942263176
1534,1534,0.02086624400050141,0.20943905027571658,59.83053857160392
1535,1535,0.020888376000471,0.20943905027429457,59.83054448248244
1536,1536,0.020903909000423937,0.20943905027288728,59.830539167887245
1537,1537,0.02093520200043031,0.20943905027149473,59.830545017066655
1538,1538,0.020949121000398918,0.20943905027011675,59.830539757950234
1539,1539,0.020961574000409655,0.20943905026875312,59.83054554607457
1540,1540,0.020973625000408447,0.20943905026740367,59.83054034185773
1541,1541,0.020985461000407213,0.20943905026606835,59.8305460695643
1542,1542,0.020996979000415195,0.209439050264747,59.83054091967391
1543,1543,0.02100851500040335,0.2094390502634395,59.83054658759337
1544,1544,0.021019981000392818,0.2094390502621456,59.83054149146228
1545,1545,0.021031493000350565,0.20943905026086515,59.8305471002187
1546,1546,0.02104314200033741,0.20943905025959803,59.83054205728568
1547,1547,0.02105898000036177,0.20943905025834422,59.830547607496634
1548,1548,0.02107072500035656,0.2094390502571035,59.83054261720631
1549,1549,0.021084810000388643,0.20943905025587572,59.83054810948291
1550,1550,0.021097065000390103,0.20943905025466075,59.83054317128571
1551,1551,0.02110895700036508,0.20943905025345846,59.830548606232696
1552,1552,0.021120869000355924,0.2094390502522687,59.83054371958479
1553,1553,0.021132356000350683,0.2094390502510914,59.83054909780058
1554,1554,0.021144419000336256,0.2094390502499263,59.830544262163805
1555,1555,0.02115569300030984,0.20943905024877346,59.83054958424058
1556,1556,0.021167260000311217,0.20943905024763268,59.83054479908242
1557,1557,0.021187239000312275,0.20943905024650372,59.83055006560617
1558,1558,0.021200125000291337,0.2094390502453866,59.83054533039962
1559,1559,0.02121158400029799,0.20943905024428106,59.83055054195023
1560,1560,0.02122332900029278,0.20943905024318712,59.830545856173835
1561,1561,0.02123479000027828,0.2094390502421046,59.830551013325135
1562,1562,0.02125399000027528,0.20943905024103338,59.830546376462856
1563,1563,0.021268391000262454,0.20943905023997333,59.83055147978267
1564,1564,0.021281875000227046,0.20943905023892437,59.83054689132388
1565,1565,0.021294586000237814,0.2094390502378863,59.830551941374125
1566,1566,0.021307518000242,0.20943905023685908,59.8305474008135
1567,1567,0.021320133000244823,0.20943905023584258,59.83055239815022
1568,1568,0.021332117000213202,0.2094390502348367,59.83054790498773
1569,1569,0.021347019000245382,0.20943905023384135,59.830552850161155
1570,1570,0.021359706000225742,0.20943905023285642,59.830548403901986
1571,1571,0.021371558000225832,0.2094390502318817,59.83055329745663
1572,1572,0.021383878000222012,0.20943905023091722,59.83054889761114
1573,1573,0.021402441000248018,0.20943905022996273,59.8305537400858
1574,1574,0.02141644000028009,0.20943905022901824,59.83054938616945
1575,1575,0.02142953900028033,0.20943905022808362,59.83055417809731
1576,1576,0.021441680000293672,0.2094390502271588,59.83054986963063
1577,1577,0.021453993000307037,0.2094390502262435,59.83055461153932
1578,1578,0.02147224500026823,0.20943905022533785,59.83055034804784
1579,1579,0.021484564000274986,0.2094390502244416,59.830555040459465
1580,1580,0.02149713900024608,0.2094390502235548,59.830550821473665
1581,1581,0.021509194000259413,0.20943905022267714,59.830555464904904
1582,1582,0.021521310000252925,0.20943905022180873,59.83055128996016
1583,1583,0.021532929000272816,0.2094390502209493,59.83055588492228
1584,1584,0.021544494000295344,0.20943905022009895,59.83055175355885
1585,1585,0.021556012000303326,0.20943905021925743,59.830556300557774
1586,1586,0.021568035000314012,0.20943905021842465,59.83055221232069
1587,1587,0.02157962300032068,0.20943905021760056,59.830556711857085
1588,1588,0.02159109100034584,0.2094390502167852,59.83055266629613
1589,1589,0.02160221700034981,0.20943905021597828,59.83055711886541
1590,1590,0.02161332800034188,0.2094390502151797,59.830553115535075
1591,1591,0.02162479800034589,0.2094390502143895,59.8305575216275
1592,1592,0.02165977000032626,0.20943905021360756,59.830553560086926
1593,1593,0.021674471000324047,0.2094390502128338,59.83055792018764
1594,1594,0.021687475000305767,0.20943905021206816,59.83055400000056
1595,1595,0.02170024400032844,0.2094390502113104,59.83055831458963
1596,1596,0.02171235200034971,0.20943905021056058,59.83055443532435
1597,1597,0.021724029000324663,0.20943905020981862,59.83055870487684
1598,1598,0.021736024000347243,0.2094390502090844,59.830554866106176
1599,1599,0.021747567000318213,0.20943905020835785,59.83055909109219
1600,1600,0.02175916300029712,0.20943905020763887,59.83055529239338
1601,1601,0.021770856000273398,0.20943905020692738,59.830559473278115
1602,1602,0.02178245300024173,0.20943905020622336,59.83055571423285
1603,1603,0.021794019000253684,0.20943905020552667,59.83055985147666
1604,1604,0.021805319000293366,0.20943905020483727,59.83055613167098
1605,1605,0.021816865000289454,0.20943905020415496,59.83056022572938
1606,1606,0.021828402000323877,0.20943905020347994,59.83055654475367
1607,1607,0.021839583000314633,0.20943905020281184,59.83056059607745
1608,1608,0.021858814000324855,0.20943905020215073,59.83055695352633
1609,1609,0.021871110000290628,0.2094390502014966,59.83056096256156
1610,1610,0.02189174700026797,0.20943905020084919,59.83055735803393
1611,1611,0.021904146000281344,0.20943905020020862,59.83056132522203
1612,1612,0.021916007000299942,0.2094390501995747,59.830557758320936
1613,1613,0.021931437000318965,0.20943905019894746,59.830561684098726
1614,1614,0.021943833000307222,0.2094390501983267,59.83055815443138
1615,1615,0.021955882000327165,0.2094390501977124,59.830562039231104
1616,1616,0.021967396000320605,0.2094390501971046,59.83055854640883
1617,1617,0.02198183900031836,0.20943905019650305,59.83056239065822
1618,1618,0.021993749000330354,0.20943905019590775,59.83055893429637
1619,1619,0.02200523000033172,0.20943905019531878,59.83056273841872
1620,1620,0.02201705300035428,0.2094390501947359,59.830559318136665
1621,1621,0.022061476000374114,0.2094390501941591,59.83056308255082
1622,1622,0.02207785800038664,0.20943905019358838,59.83055969797194
1623,1623,0.022091137000415983,0.20943905019302358,59.830563423092386
1624,1624,0.022103316000425366,0.20943905019246462,59.830560073843955
1625,1625,0.022115326000403,0.20943905019191156,59.83056376008085
1626,1626,0.022127186000375332,0.2094390501913642,59.83056044579405
1627,1627,0.02213915400039923,0.20943905019082268,59.83056409355327
1628,1628,0.02215069500039135,0.20943905019028672,59.83056081386313
1629,1629,0.022162152000362312,0.20943905018975637,59.83056442354632
1630,1630,0.02217363700037822,0.20943905018923156,59.830561178091685
1631,1631,0.022185662000367756,0.20943905018871217,59.83056475009628
1632,1632,0.022196830000325463,0.20943905018819828,59.83056153851977
1633,1633,0.02220798800033208,0.2094390501876898,59.830565073239065
1634,1634,0.022219471000312296,0.20943905018718653,59.83056189518701
1635,1635,0.022231057000340115,0.2094390501866885,59.830565393010225
1636,1636,0.02224269400034018,0.20943905018619577,59.83056224813265
1637,1637,0.02225441000035744,0.2094390501857081,59.83056570944489
1638,1638,0.02226573500036011,0.20943905018522554,59.83056259739551
1639,1639,0.0222771100003456,0.209439050184748,59.8305660225779
1640,1640,0.02228858200032846,0.20943905018427555,59.830562943013994
1641,1641,0.02230727400029764,0.2094390501838079,59.83056633244365
1642,1642,0.022319379000293793,0.2094390501833452,59.830563285026116
1643,1643,0.022331088000271393,0.2094390501828873,59.83056663907625
1644,1644,0.022342984000260913,0.2094390501824342,59.83056362346951
1645,1645,0.0223548850002544,0.20943905018198583,59.83056694250942
1646,1646,0.022366547000274295,0.20943905018154213,59.830563958381376
1647,1647,0.022377851000271676,0.20943905018110304,59.8305672427765
1648,1648,0.022389327000269077,0.20943905018066855,59.83056428979857
1649,1649,0.022400688000288937,0.20943905018023856,59.830567539910554
1650,1650,0.022411929000270447,0.20943905017981312,59.830564617757545
1651,1651,0.022423487000253317,0.2094390501793921,59.83056783394422
1652,1652,0.022435277000283804,0.2094390501789755,59.830564942294366
1653,1653,0.02244651900025474,0.2094390501785632,59.83056812490987
1654,1654,0.022457963000249492,0.20943905017815523,59.83056526344473
1655,1655,0.022479861000249457,0.20943905017775155,59.83056841283948
1656,1656,0.02249390100024584,0.20943905017735207,59.83056558124397
1657,1657,0.022506696000220927,0.20943905017695674,59.83056869776473
1658,1658,0.022518723000246155,0.20943905017656547,59.83056589572704
1659,1659,0.022530925000239677,0.20943905017617834,59.830568979716965
1660,1660,0.022544274000210862,0.20943905017579525,59.83056620692853
1661,1661,0.022556501000224216,0.20943905017541625,59.83056925872718
1662,1662,0.022568335000244133,0.20943905017504108,59.83056651488267
1663,1663,0.022580220000236295,0.20943905017466982,59.83056953482607
1664,1664,0.022592984000255,0.2094390501743025,59.83056681962335
1665,1665,0.022605060000273625,0.20943905017393902,59.830569808044
1666,1666,0.022616848000325263,0.20943905017357933,59.83056712118407
1667,1667,0.0226286250003227,0.20943905017322334,59.83057007841102
1668,1668,0.022640528000295035,0.20943905017287112,59.83056741959802
1669,1669,0.02265219800028717,0.2094390501725226,59.83057034595687
1670,1670,0.02266375900029516,0.20943905017217762,59.83056771489801
1671,1671,0.022675148000303125,0.2094390501718363,59.83057061071098
1672,1672,0.02268672000030847,0.20943905017149855,59.83056800711654
1673,1673,0.02269832800027416,0.20943905017116432,59.83057087270247
1674,1674,0.02271672100022215,0.20943905017083356,59.83056829628575
1675,1675,0.022729298000228937,0.20943905017050635,59.830571131960156
1676,1676,0.02274102300020786,0.20943905017018233,59.83056858243745
1677,1677,0.022752645000196026,0.20943905016986195,59.83057138851255
1678,1678,0.022764266000194766,0.20943905016954478,59.83056886560311
1679,1679,0.02277566200024239,0.20943905016923095,59.83057164238789
1680,1680,0.02278708400024243,0.20943905016892034,59.830569145813904
1681,1681,0.022798522000243793,0.20943905016861303,59.83057189361408
1682,1682,0.02280985400022928,0.20943905016830897,59.830569423100634
1683,1683,0.022821485000235953,0.20943905016800793,59.83057214221877
1684,1684,0.02283309000023337,0.20943905016771017,59.83056969749382
1685,1685,0.0228448240002308,0.20943905016741546,59.830572388229285
1686,1686,0.02285633200023085,0.20943905016712383,59.83056996902365
1687,1687,0.022867721000181973,0.2094390501668353,59.830572631672716
1688,1688,0.022888039000179106,0.20943905016654973,59.83057023771997
1689,1689,0.022912256000211073,0.20943905016626718,59.83057287257582
1690,1690,0.022927677000211588,0.20943905016598754,59.83057050361237
1691,1691,0.022958261000155744,0.20943905016571088,59.830573110965105
1692,1692,0.022970963000204847,0.209439050165437,59.83057076673009
1693,1693,0.022982877000231383,0.2094390501651661,59.8305733468668
1694,1694,0.022994363000179874,0.20943905016489794,59.83057102710208
1695,1695,0.023010647000148765,0.20943905016463263,59.83057358030685
1696,1696,0.023047397000141245,0.20943905016437006,59.830571284756985
1697,1697,0.02306555900014473,0.20943905016411024,59.830573811310934
1698,1698,0.023079920000157017,0.20943905016385314,59.830571539723145
1699,1699,0.023092957000187653,0.20943905016359865,59.83057403990446
1700,1700,0.023105773000224872,0.2094390501633469,59.83057179202862
1701,1701,0.02311785800020516,0.20943905016309772,59.83057426611258
1702,1702,0.023136809000163794,0.20943905016285122,59.83057204170116
1703,1703,0.023149658000193085,0.20943905016260722,59.830574489960185
1704,1704,0.023161470000161444,0.20943905016236583,59.83057228876824
1705,1705,0.023173408000161544,0.20943905016212688,59.830574711471904
1706,1706,0.023185085000136496,0.20943905016189043,59.83057253325704
1707,1707,0.023196813000140537,0.20943905016165654,59.83057493067208
1708,1708,0.02320840200013663,0.20943905016142508,59.83057277519446
1709,1709,0.02321999200017899,0.209439050161196,59.83057514758484
1710,1710,0.023231308000163153,0.20943905016096928,59.83057301460711
1711,1711,0.023242837000168493,0.209439050160745,59.83057536223406
1712,1712,0.023254409000173837,0.2094390501605229,59.83057325152136
1713,1713,0.023265754000192373,0.20943905016030326,59.83057557464334
1714,1714,0.023277184000221496,0.20943905016008596,59.83057348596324
1715,1715,0.023288573000229462,0.20943905015987085,59.830575784836064
1716,1716,0.0233231330002468,0.20943905015965797,59.83057371795856
1717,1717,0.023337961000208907,0.2094390501594473,59.830575992835335
1718,1718,0.023351062000244838,0.20943905015923886,59.83057394753285
1719,1719,0.023363627000207998,0.20943905015903264,59.83057619866405
1720,1720,0.023375969000198893,0.20943905015882847,59.83057417471136
1721,1721,0.02338787000019238,0.20943905015862652,59.83057640234485
1722,1722,0.02339960400018981,0.20943905015842662,59.830574399519094
1723,1723,0.023411210000233496,0.2094390501582288,59.83057660390015
1724,1724,0.023423132000232272,0.20943905015803313,59.830574621980794
1725,1725,0.023434400000212463,0.20943905015783945,59.830576803352116
1726,1726,0.023445731000208525,0.20943905015764783,59.83057484212091
1727,1727,0.023457012000221766,0.20943905015745817,59.830577000722705
1728,1728,0.023468526000215206,0.20943905015727043,59.83057505996369
1729,1729,0.02348001400019939,0.20943905015708475,59.830577196033616
1730,1730,0.023491342000170334,0.20943905015690095,59.83057527553309
1731,1731,0.023502863000203433,0.2094390501567191,59.83057738930634
1732,1732,0.02351443900022332,0.20943905015653913,59.830575488852844
1733,1733,0.023525866000227325,0.20943905015636102,59.83057758056215
1734,1734,0.02353748600023664,0.20943905015618483,59.83057569994641
1735,1735,0.023549186000252575,0.20943905015601047,59.83057776982208
1736,1736,0.023568657000282656,0.20943905015583786,59.83057590883702
1737,1737,0.023580631000299945,0.20943905015566716,59.830577957106975
1738,1738,0.02359892900028626,0.20943905015549819,59.83057611554766
1739,1739,0.023614350000286777,0.2094390501553309,59.83057814243741
1740,1740,0.02362620600030141,0.20943905015516548,59.83057632010107
1741,1741,0.023638109000330587,0.20943905015500172,59.830578325833784
1742,1742,0.023649848000331986,0.20943905015483968,59.83057652251976
1743,1743,0.02366117000030954,0.20943905015467934,59.83057850731629
1744,1744,0.023672618000318835,0.2094390501545207,59.83057672282602
1745,1745,0.023684048000347957,0.20943905015436365,59.83057868690489
1746,1746,0.02369581600038373,0.20943905015420825,59.83057692104187
1747,1747,0.023707289000412857,0.20943905015405453,59.83057886461933
1748,1748,0.023718802000416872,0.2094390501539023,59.830577117189115
1749,1749,0.023738809000406036,0.2094390501537518,59.830579040479186
1750,1750,0.023752702000422232,0.2094390501536028,59.83057731128936
1751,1751,0.023765544000411865,0.20943905015345538,59.830579214503786
1752,1752,0.023778047000405422,0.2094390501533095,59.830577503363955
1753,1753,0.0237900610003976,0.20943905015316508,59.83057938671231
1754,1754,0.023801725000396345,0.2094390501530223,59.83057769343404
1755,1755,0.023813579000375285,0.2094390501528809,59.83057955712367
1756,1756,0.023825307000379325,0.20943905015274097,59.830577881520526
1757,1757,0.02383702800040055,0.20943905015260256,59.830579725756635
1758,1758,0.02384859700043762,0.20943905015246556,59.830578067644105
1759,1759,0.023860259000457518,0.20943905015232997,59.83057989262976
1760,1760,0.023871832000452287,0.20943905015219583,59.830578251825266
1761,1761,0.023883352000439118,0.2094390501520631,59.83058005776141
1762,1762,0.023895099000412756,0.20943905015193176,59.830578434084266
1763,1763,0.023906762000422077,0.2094390501518017,59.83058022116974
1764,1764,0.023918218000403613,0.2094390501516731,59.83057861444118
1765,1765,0.023930039000447323,0.20943905015154576,59.83058038287275
1766,1766,0.023942950000446217,0.20943905015141984,59.830578792915844
1767,1767,0.023955961000467596,0.20943905015129513,59.830580542888214
1768,1768,0.02396812700044393,0.2094390501511718,59.8305789695279
1769,1769,0.02398204400043369,0.20943905015104972,59.83058070123375
1770,1770,0.023994610000443117,0.209439050150929,59.83057914429678
1771,1771,0.0240065560004723,0.20943905015080946,59.8305808579268
1772,1772,0.02401830200051336,0.2094390501506912,59.830579317241714
1773,1773,0.02403048900049498,0.20943905015057412,59.83058101298456
1774,1774,0.024041989000465946,0.20943905015045836,59.83057948838174
1775,1775,0.024053725000442228,0.20943905015034367,59.83058116642414
1776,1776,0.024065326000481946,0.20943905015023032,59.83057965773569
1777,1777,0.024076939000451603,0.20943905015011807,59.8305813182624
1778,1778,0.024088511000456947,0.20943905015000702,59.8305798253222
1779,1779,0.024099860000433182,0.20943905014989708,59.830581468516044
1780,1780,0.02411106800042262,0.2094390501497884,59.830579991159716
1781,1781,0.02412251100042795,0.20943905014968073,59.830581617201624
1782,1782,0.024154862000386856,0.20943905014957423,59.83058015526649
1783,1783,0.0241706520003504,0.20943905014946887,59.8305817643355
1784,1784,0.024183932000312325,0.20943905014936456,59.83058031766057
1785,1785,0.024200174000270636,0.20943905014926137,59.83058190993383
1786,1786,0.024213073000282748,0.20943905014915928,59.830580478359835
1787,1787,0.02422553900026969,0.20943905014905823,59.83058205401269
1788,1788,0.02423733900030811,0.2094390501489582,59.83058063738197
1789,1789,0.024248658000260548,0.2094390501488593,59.83058219658789
1790,1790,0.024260826000272573,0.2094390501487614,59.830580794744485
1791,1791,0.02427252100028454,0.2094390501486644,59.83058233767514
1792,1792,0.024284129000250232,0.20943905014856856,59.83058095046467
1793,1793,0.0242955030002463,0.20943905014847367,59.830582477289965
1794,1794,0.02430683500028863,0.2094390501483798,59.83058110455969
1795,1795,0.02431829400023844,0.20943905014828687,59.83058261544773
1796,1796,0.024329706000230544,0.2094390501481949,59.8305812570465
1797,1797,0.024340862000258312,0.2094390501481039,59.830582752163615
1798,1798,0.024352281000233233,0.20943905014801384,59.83058140794186
1799,1799,0.024363601000231938,0.20943905014792477,59.8305828874527
1800,1800,0.02437482300024385,0.2094390501478366,59.8305815572624
1801,1801,0.02439393700024084,0.20943905014774936,59.830583021329865
1802,1802,0.0244058260001907,0.209439050147663,59.83058170502454
1803,1803,0.024417458000186798,0.20943905014757758,59.83058315380982
1804,1804,0.024429261000193492,0.2094390501474931,59.83058185124455
1805,1805,0.024440523000180292,0.20943905014740938,59.83058328490717
1806,1806,0.024451986000201487,0.20943905014732667,59.83058199593853
1807,1807,0.024463393000189626,0.20943905014724468,59.83058341463633
1808,1808,0.024475109000206885,0.2094390501471636,59.83058213912238
1809,1809,0.024486568000213538,0.20943905014708336,59.83058354301158
1810,1810,0.024497818000213556,0.20943905014700404,59.830582280811875
1811,1811,0.02450912300020036,0.20943905014692546,59.83058367004705
1812,1812,0.024520403000167335,0.20943905014684777,59.830582421022605
1813,1813,0.024531537000143544,0.2094390501467708,59.83058379575671
1814,1814,0.024542749000147523,0.2094390501466947,59.83058255977001
1815,1815,0.024578571000120064,0.20943905014661937,59.8305839201544
1816,1816,0.02459288100010326,0.20943905014654482,59.83058269706934
1817,1817,0.02460562700008495,0.2094390501464711,59.83058404325382
1818,1818,0.024617387000034796,0.20943905014639808,59.830582832935725
1819,1819,0.02462927200002696,0.20943905014632588,59.8305841650685
1820,1820,0.02464082800003098,0.20943905014625439,59.83058296738411
1821,1821,0.024652362000040284,0.2094390501461836,59.83058428561186
1822,1822,0.02466395400000465,0.2094390501461136,59.83058310042929
1823,1823,0.024675316000013936,0.2094390501460444,59.830584404897174
1824,1824,0.024686790000032488,0.20943905014597583,59.83058323208592
1825,1825,0.024698470000032557,0.20943905014590805,59.83058452293754
1826,1826,0.0247099540000022,0.2094390501458409,59.83058336236847
1827,1827,0.02472893300000578,0.20943905014577446,59.83058463974598
1828,1828,0.024742523000043093,0.20943905014570877,59.8305834912913
1829,1829,0.024754945000040607,0.20943905014564373,59.83058475533533
1830,1830,0.024767142000087006,0.20943905014557937,59.83058361886858
1831,1831,0.024778890000106912,0.20943905014551567,59.83058486971831
1832,1832,0.024790488000121513,0.20943905014545267,59.83058374511437
1833,1833,0.02480920100009598,0.20943905014539033,59.830584982907524
1834,1834,0.024821923000104107,0.20943905014532865,59.830583870042545
1835,1835,0.024833755000145175,0.2094390501452675,59.83058509491541
1836,1836,0.024845555000183595,0.20943905014520708,59.83058399366688
1837,1837,0.02485687700016115,0.2094390501451473,59.83058520575432
1838,1838,0.02486807100012811,0.2094390501450881,59.830584116000956
1839,1839,0.02487937100011095,0.2094390501450296,59.83058531543643
1840,1840,0.02489098500007003,0.20943905014497163,59.83058423705826
1841,1841,0.024902309000083278,0.2094390501449143,59.83058542397382
1842,1842,0.024913326000103098,0.20943905014485747,59.83058435685209
1843,1843,0.024924635000104445,0.20943905014480138,59.83058553137844
1844,1844,0.02493573800006743,0.20943905014474581,59.83058447539566
1845,1845,0.024946825000029094,0.20943905014469086,59.830585637662104
1846,1846,0.024957848000042304,0.20943905014463643,59.83058459270199
1847,1847,0.024986864000027253,0.20943905014458256,59.83058574283652
1848,1848,0.025003171000037128,0.20943905014452932,59.830584708784016
1849,1849,0.025016197000070406,0.20943905014447653,59.830585846913245
1850,1850,0.025028268000085063,0.2094390501444244,59.83058482365449
1851,1851,0.02503999900011422,0.2094390501443728,59.83058594990374
1852,1852,0.02505144800011294,0.20943905014432163,59.83058493732607
1853,1853,0.025068952000140143,0.2094390501442711,59.83058605181935
1854,1854,0.025081592000105957,0.2094390501442211,59.83058504981127
1855,1855,0.0250940730001048,0.2094390501441716,59.83058615267129
1856,1856,0.025105923000069197,0.20943905014412262,59.83058516112247
1857,1857,0.02511736700006395,0.2094390501440741,59.83058625247065
1858,1858,0.025129346000028363,0.20943905014402614,59.83058527127191
1859,1859,0.0251408789999914,0.2094390501439787,59.830586351228426
1860,1860,0.025152139999988776,0.2094390501439317,59.83058538027173
1861,1861,0.025163905999988856,0.20943905014388517,59.83058644895547
1862,1862,0.025175130999969042,0.20943905014383923,59.83058548813391
1863,1863,0.025186411999982283,0.20943905014379371,59.83058654566257
1864,1864,0.02519779999994398,0.2094390501437486,59.83058559487034
1865,1865,0.025209182999901714,0.20943905014370406,59.83058664136034
1866,1866,0.02522587499987594,0.20943905014365993,59.830585700492755
1867,1867,0.02523914399989735,0.20943905014361636,59.83058673605932
1868,1868,0.02525152299989486,0.2094390501435731,59.83058580501279
1869,1869,0.025263451999876452,0.20943905014353037,59.83058682976995
1870,1870,0.025275363999867295,0.20943905014348807,59.83058590844194
1871,1871,0.025287019999836957,0.20943905014344621,59.83058692250251
1872,1872,0.025298662999830412,0.2094390501434048,59.83058601079159
1873,1873,0.025309815999833063,0.2094390501433638,59.83058701426724
1874,1874,0.02532111899984102,0.20943905014332326,59.83058611207302
1875,1875,0.02533247199988864,0.20943905014328312,59.83058710507422
1876,1876,0.02534382399988999,0.20943905014324346,59.83058621229736
1877,1877,0.025355127999887372,0.2094390501432041,59.83058719493346
1878,1878,0.025366221999888694,0.20943905014316522,59.83058631147564
1879,1879,0.025377581999862286,0.20943905014312672,59.83058728385483
1880,1880,0.025408767999863358,0.20943905014308867,59.8305864096188
1881,1881,0.025425160999873242,0.20943905014305103,59.83058737184813
1882,1882,0.025439039999866964,0.20943905014301364,59.83058650673763
1883,1883,0.025451559999908113,0.20943905014297678,59.830587458923056
1884,1884,0.025463404999925388,0.20943905014294023,59.830586602842814
1885,1885,0.025475428999925498,0.20943905014290415,59.83058754508918
1886,1886,0.025486657999920226,0.20943905014286834,59.83058669794493
1887,1887,0.02549778099995592,0.20943905014283296,59.83058763035598
1888,1888,0.025509121999959916,0.20943905014279796,59.830586792054454
1889,1889,0.025520587999949385,0.20943905014276332,59.83058771473286
1890,1890,0.025532136999913746,0.20943905014272898,59.830586885181745
1891,1891,0.02554361199986488,0.20943905014269507,59.83058779822908
1892,1892,0.02555501099988078,0.2094390501426615,59.830586977337056
1893,1893,0.025566298999876835,0.20943905014262829,59.83058788085385
1894,1894,0.025577391999888732,0.2094390501425954,59.83058706853052
1895,1895,0.02558879499986233,0.20943905014256284,59.83058796261626
1896,1896,0.02560051899985183,0.20943905014253064,59.83058715877218
1897,1897,0.02561213399985718,0.20943905014249875,59.83058804352531
1898,1898,0.025623587999859865,0.20943905014246733,59.83058724807197
1899,1899,0.025634888999888972,0.20943905014243608,59.830588123589905
1900,1900,0.02564651299991283,0.20943905014240521,59.83058733643972
1901,1901,0.025660051999921052,0.20943905014237463,59.83058820281886
1902,1902,0.02567191899993304,0.2094390501423444,59.830587423885156
1903,1903,0.025683288999914566,0.20943905014231448,59.83058828122089
1904,1904,0.025694598999905338,0.2094390501422849,59.83058751041791
1905,1905,0.025705995999942388,0.20943905014225558,59.83058835880463
1906,1906,0.025717260999954306,0.2094390501422266,59.83058759604749
1907,1907,0.025728516999947715,0.20943905014219788,59.830588435578626
1908,1908,0.025739692999934505,0.20943905014216954,59.83058768078334
1909,1909,0.025750822999953016,0.20943905014214145,59.830588511551326
1910,1910,0.0257618789999583,0.20943905014211364,59.830587764634785
1911,1911,0.025773477999962324,0.2094390501420861,59.83058858673107
1912,1912,0.025785001999963697,0.20943905014205885,59.83058784761104
1913,1913,0.02579615700000204,0.20943905014203196,59.830588661126164
1914,1914,0.025807451999980913,0.2094390501420053,59.83058792972126
1915,1915,0.025825639999993655,0.2094390501419789,59.83058873474477
1916,1916,0.02583975999999666,0.20943905014195283,59.830588010974466
1917,1917,0.025852281000027233,0.20943905014192696,59.830588807595014
1918,1918,0.02586452400004191,0.20943905014190148,59.83058809137961
1919,1919,0.02588679900003399,0.20943905014187614,59.83058887968491
1920,1920,0.0259020550000173,0.20943905014185107,59.83058817094554
1921,1921,0.02591414800002667,0.20943905014182637,59.83058895102239
1922,1922,0.025940095000009933,0.20943905014180184,59.83058824968102
1923,1923,0.025967815000001337,0.20943905014177755,59.830589021615296
1924,1924,0.025981351000041286,0.20943905014175357,59.83058832759471
1925,1925,0.026011851000021124,0.2094390501417298,59.830589091471424
1926,1926,0.026025096000012127,0.20943905014170633,59.830588404695185
1927,1927,0.026042770000003657,0.20943905014168307,59.83058916059842
1928,1928,0.026055073999998513,0.20943905014166,59.83058848099094
1929,1929,0.026070614999980535,0.20943905014163727,59.83058922900395
1930,1930,0.02608598499995196,0.20943905014161476,59.83058855649038
1931,1931,0.026098725999929684,0.20943905014159245,59.8305892966955
1932,1932,0.026115135999930317,0.20943905014157038,59.83058863120179
1933,1933,0.02614545299996962,0.20943905014154854,59.830589363680545
1934,1934,0.0261591139999382,0.2094390501415269,59.830588705133415
1935,1935,0.026175629999897865,0.20943905014150546,59.83058942996644
1936,1936,0.026187578999895322,0.20943905014148437,59.8305887782934
1937,1937,0.026199333999898045,0.20943905014146344,59.83058949556049
1938,1938,0.026218885999867325,0.20943905014144276,59.83058885068977
1939,1939,0.02623311099989678,0.20943905014142225,59.830589560469924
1940,1940,0.026264550999940184,0.2094390501414019,59.83058892233052
1941,1941,0.026278058999935183,0.20943905014138184,59.830589624701865
1942,1942,0.026290166999956455,0.20943905014136202,59.83058899322352
1943,1943,0.026305434999926547,0.2094390501413423,59.830589688263416
1944,1944,0.026317731999938587,0.20943905014132283,59.83058906337659
1945,1945,0.02634379999989278,0.2094390501413036,59.83058975116155
1946,1946,0.026379406999865296,0.20943905014128456,59.83058913279744
1947,1947,0.026403986999866902,0.20943905014126565,59.830589813403186
1948,1948,0.02643562699989843,0.20943905014124706,59.830589201493716
1949,1949,0.0264649669999244,0.2094390501412285,59.8305898749952
1950,1950,0.026479117999883783,0.20943905014121025,59.83058926947298
1951,1951,0.026507806999916284,0.2094390501411922,59.830589935944346
1952,1952,0.02652169099991397,0.20943905014117437,59.83058933674272
1953,1953,0.026541994999945473,0.20943905014115663,59.83058999625735
1954,1954,0.026556758999902286,0.20943905014113906,59.83058940331031
1955,1955,0.026583279999897513,0.20943905014112174,59.830590055940846
1956,1956,0.026628018999872438,0.20943905014110464,59.830589469183145
1957,1957,0.02664649799982044,0.20943905014108766,59.83059011500139
1958,1958,0.026664029999778904,0.20943905014107084,59.830589534368414
1959,1959,0.0267022309997742,0.20943905014105424,59.830590173445515
1960,1960,0.026717798999754905,0.20943905014103778,59.83058959887331
1961,1961,0.02673405299975684,0.20943905014102152,59.83059023127963
1962,1962,0.026747320999731983,0.2094390501410054,59.83058966270495
1963,1963,0.026762966999740456,0.20943905014098943,59.83059028851011
1964,1964,0.02678648599976441,0.2094390501409737,59.83058972587034
1965,1965,0.026800954999714577,0.20943905014095804,59.83059034514325
1966,1966,0.02681305599969619,0.20943905014094258,59.83058978837644
1967,1967,0.026825061999659283,0.20943905014092734,59.83059040118528
1968,1968,0.026836598999693706,0.2094390501409122,59.83058985023014
1969,1969,0.026866531999701238,0.20943905014089725,59.8305904566424
1970,1970,0.02688004199973193,0.20943905014088243,59.83058991143825
1971,1971,0.02689210199974923,0.20943905014086778,59.830590511520676
1972,1972,0.026908863999778987,0.2094390501408532,59.83058997200749
1973,1973,0.026925742999765134,0.2094390501408389,59.830590565826164
1974,1974,0.026938427999766645,0.20943905014082473,59.83059003194453
1975,1975,0.02695621099979917,0.20943905014081057,59.830590619564845
1976,1976,0.026968837999788775,0.20943905014079675,59.830590091256
1977,1977,0.02698453999977346,0.20943905014078298,59.830590672742616
1978,1978,0.026996377999751076,0.20943905014076936,59.830590149948385
1979,1979,0.027014288999737346,0.20943905014075587,59.83059072536537
1980,1980,0.02704018199978009,0.20943905014074252,59.83059020802818
1981,1981,0.027070843999808858,0.20943905014072936,59.83059077743886
1982,1982,0.027083655999831535,0.20943905014071626,59.83059026550175
1983,1983,0.027096145999848886,0.20943905014070335,59.830590828968845
1984,1984,0.027108230999829175,0.2094390501406906,59.83059032237544
1985,1985,0.02712004599982265,0.2094390501406779,59.83059087996098
1986,1986,0.027131827999824054,0.2094390501406654,59.83059037865552
1987,1987,0.027143264999835992,0.209439050140653,59.83059093042089
1988,1988,0.027155027999867798,0.20943905014064076,59.83059043434816
1989,1989,0.02717589799988218,0.20943905014062864,59.83059098035413
1990,1990,0.02719139299983908,0.20943905014061662,59.83059048945952
1991,1991,0.02720351999982995,0.2094390501406047,59.83059102976618
1992,1992,0.027214873999866995,0.20943905014059294,59.83059054399564
1993,1993,0.02722679799984462,0.2094390501405813,59.8305910786625
1994,1994,0.027250769999852764,0.2094390501405698,59.83059059796254
1995,1995,0.027263746999835803,0.2094390501405584,59.83059112704846
1996,1996,0.027281729999856452,0.20943905014054717,59.83059065136616
1997,1997,0.027294077999840738,0.20943905014053601,59.830591174929395
1998,1998,0.02730626099980782,0.20943905014052497,59.83059070421236
1999,1999,0.02732200999980705,0.209439050140514,59.83059122231057
2000,2000,0.02734124599982124,0.2094390501405032,59.830590756506986
