epoch,updates,time,train_loss,val_rmse
1,1,4.8708999997870706e-05,0.3213233135975529,67.55124685644668
2,2,6.822000000283879e-05,0.2557127093390755,59.73175278434297
3,3,8.444700000609373e-05,0.23031537412052489,59.540070908700876
4,4,9.849200000644487e-05,0.21987970296534423,58.186225683911964
5,5,0.00011243300002661272,0.2153578243488762,58.62794615003296
6,6,0.00012595800001236057,0.21328988266547502,58.39725789090968
7,7,0.00013885300000993084,0.21228460629502457,58.70982367321729
8,8,0.0001510800000232848,0.21176125791211842,58.677741005317486
9,9,0.00016497400002890572,0.21146728550000213,58.87045805386466
10,10,0.00017789400004630807,0.21128860755698992,58.87057929888037
11,11,0.0001907410000399068,0.2111710021017502,58.995818366141435
12,12,0.00020296500002814355,0.2110875478881099,58.99758143175431
13,13,0.00021519300003092212,0.21102410164399704,59.08717205506423
14,14,0.00022724100000459657,0.21097296588621495,59.08579321800699
15,15,0.0002490480000005846,0.2109297456852896,59.1561958405182
16,16,0.00026141100005361295,0.2108918863693843,59.15181918470537
17,17,0.00027389700005642226,0.21085784249681952,59.2112285722693
18,18,0.0002864090000116448,0.21082666834434832,59.2047923111303
19,19,0.0002984609999998611,0.21079775916315732,59.257294458594146
20,20,0.0003104120000330113,0.21077072054252682,59.2496241328513
21,21,0.00033124800006589794,0.21074528076399907,59.29732493252079
22,22,0.0003454780000424762,0.21072124647927953,59.288983563540214
23,23,0.0003585250000242013,0.21069847157484808,59.33303624278973
24,24,0.0003714740000191341,0.21067684162722217,59.324368551018125
25,25,0.0003870740000593287,0.21065626228526313,59.36545599405441
26,26,0.00041151100003844476,0.2106366537040846,59.35665873926457
27,27,0.00042690600002970314,0.21061794588546343,59.39522122867835
28,28,0.000439589000052365,0.21060007667811217,59.386398660820326
29,29,0.0004619590000629614,0.21058298967935424,59.42274465494445
30,30,0.0004910780000955128,0.21056663354434296,59.41394567180208
31,31,0.0005216650001216294,0.21055096086809738,59.44830786632752
32,32,0.0005553010001335679,0.21053592798659732,59.43954939717338
33,33,0.0005699120001168012,0.21052149425673786,59.47211427415564
34,34,0.0005866150001452297,0.2105076220460654,59.46339555207907
35,35,0.0006051880001791687,0.21049427619100114,59.49431956495738
36,36,0.0006344320001971937,0.21048142405987408,59.485630676254594
37,37,0.0006481260002146882,0.2104690351042924,59.5150494435948
38,38,0.0006604050002465556,0.2104570809502997,59.50637637016851
39,39,0.000682508000238613,0.2104455350084855,59.53441009133522
40,40,0.0006975870002179363,0.21043437257481698,59.52573763169649
41,41,0.0007333810002023711,0.21042357048447866,59.55249440382733
42,42,0.00075824400022384,0.21041310721435785,59.543807820038246
43,43,0.0007858220002390226,0.2104029625731415,59.56938576155088
44,44,0.0007995270002538746,0.21039311780165704,59.560671664343005
45,45,0.0008144520002701938,0.21038355529475794,59.58516034563105
46,46,0.0008270920002928506,0.21037425869754647,59.57640712566326
47,47,0.000844132000281661,0.21036521265583394,59.599888589725275
48,48,0.0008662450002816513,0.21035640290714744,59.591086579849744
49,49,0.0008812610003019472,0.21034781605712372,59.61363611516999
50,50,0.0008938740003259227,0.21033943966468624,59.604777594837714
51,51,0.0009066540002891088,0.2103312620420372,59.62646435484177
52,52,0.0009302040002694412,0.21032327233369494,59.61754346370784
53,53,0.000957280000307037,0.21031546033794946,59.6384309880489
54,54,0.000982755000279667,0.21030781657966396,59.629443589480935
55,55,0.000997438000240436,0.21030033215121338,59.64959025966411
56,56,0.0010095610002167632,0.21029299877911123,59.640533779041576
57,57,0.0010217220001891292,0.21028580868258875,59.65999322753089
58,58,0.0010334600001442595,0.21027875463422283,59.65086648066855
59,59,0.0010556120001297131,0.21027182983444379,59.66968796474162
60,60,0.0010690940001154559,0.21026502796642363,59.66049098593703
61,61,0.0010905360001061126,0.21025834308492483,59.678719732919426
62,62,0.0011057390000814848,0.21025176966576692,59.66945360850529
63,63,0.0011183970000843146,0.21024530250755075,59.68713113631962
64,64,0.0011332940000556846,0.21023893677605607,59.67779784731043
65,65,0.0011619650000511683,0.21023266791749481,59.69496226273997
66,66,0.0011906760000783834,0.21022649169821364,59.68556453867354
67,67,0.0012048600000298393,0.21022040412824083,59.70225081489668
68,68,0.0012176690000273993,0.21021440149667578,59.69279199997935
69,69,0.001239329000043199,0.21020848030440362,59.70903223449788
70,70,0.0012527230000500822,0.21020263729554844,59.69951616648497
71,71,0.001283424000064315,0.21019686939833446,59.71533982036999
72,72,0.001297153000052731,0.21019117375296734,59.70577072214387
73,73,0.0013097820000780303,0.21018554765971934,59.721204841453996
74,74,0.0013219990000834514,0.21017998860358644,59.71158722493682
75,75,0.0013339330000690097,0.21017449420876486,59.72665664515877
76,76,0.0013488280000615305,0.21016906226041268,59.71699522697295
77,77,0.0013609550000523996,0.21016369066477023,59.73172276135698
78,78,0.0013936090000470358,0.2101583774683307,59.72202238950061
79,79,0.0014066010000419737,0.21015312082293666,59.73642900219086
80,80,0.0014189250000526954,0.21014791900264063,59.7266945929054
81,81,0.0014309630000752804,0.2101427703731816,59.740799557786545
82,82,0.0014428950000819896,0.21013767340679174,59.73103604174997
83,83,0.0014551710000887397,0.2101326266555241,59.74485708794101
84,84,0.0014670520001232035,0.21012762876423807,59.73506936490782
85,85,0.0014785710001206098,0.21012267844730717,59.7486228098304
86,86,0.0014903920001074766,0.21011777449999527,59.738815710854304
87,87,0.001502451000135352,0.21011291577812807,59.752116581786915
88,88,0.0015145600000892046,0.2101081012080482,59.742294838193644
89,89,0.0015261930001315704,0.21010332976888324,59.7553569831961
90,90,0.0015377350001131163,0.21009860050124998,59.745525201519136
91,91,0.001549402000136979,0.2100939124917934,59.758361390576276
92,92,0.0015668060001416961,0.21008926488079183,59.74852403272097
93,93,0.0015801670001565071,0.21008465684868163,59.76114604991263
94,94,0.0015929650001567097,0.21008008762269675,59.75130741787186
95,95,0.0016059760001780887,0.2100755564651287,59.763726145329855
96,96,0.0016180780001491257,0.21007106267911935,59.75389036983404
97,97,0.0016297590001386197,0.21006660559843632,59.76611586419817
98,98,0.0016416430001413573,0.2100621845925236,59.75628689674172
99,99,0.0016531690001215793,0.2100577990575995,59.76832845877693
100,100,0.001665322000121705,0.21005344842105794,59.75851006652073
101,101,0.0016768690001072173,0.21004913213371976,59.770376304508275
102,102,0.0016931520001435274,0.2100448496736664,59.76057206761279
103,103,0.0017047890001435917,0.21004060053949677,59.772270955079634
104,104,0.001716172000158167,0.21003638425366475,59.762484266074516
105,105,0.0017407470001558067,0.21003220035661233,59.7740231943786
106,106,0.00175392000011243,0.2100280484096745,59.764257259222376
107,107,0.001766438000117887,0.21002392798997482,59.77564308546742
108,108,0.0017785560001470913,0.2100198386929535,59.7659009259942
109,109,0.001806028000146398,0.2100157801279268,59.77714001670581
110,110,0.0018194030001268402,0.21001175192028612,59.767424474195586
111,111,0.001831990000141559,0.210007753707636,59.7785227451515
112,112,0.0018441420001522602,0.21000378514170578,59.76883648479605
113,113,0.0018609350001383973,0.2099998458849914,59.77979943736783
114,114,0.0018730360001200097,0.20999593561241683,59.77014495343603
115,115,0.0018856390001360523,0.20999205400841375,59.78097770776555
116,116,0.0018977110001401343,0.20998820076836594,59.77135732930024
117,117,0.0019092460001388645,0.2099843755960693,59.78206465460453
118,118,0.0019210150001640613,0.2099805782049865,59.77248055150779
119,119,0.0019330590001800374,0.20997680831603932,59.7830668937776
120,120,0.0019447970001920112,0.20997306565869783,59.77352108316353
121,121,0.0019564370002171927,0.20996934996906055,59.783990590495684
122,122,0.00197533100021019,0.20996566099080066,59.77448494320885
123,123,0.0019896660002132194,0.20996199847349672,59.78484148898945
124,124,0.0020027050002227043,0.20995836217345376,59.77537773620386
125,125,0.002015218000224195,0.20995475185225196,59.785624940338685
126,126,0.0020275660002084805,0.20995116727745947,59.776204680166856
127,127,0.0020398070001874657,0.20994760822136993,59.78634592853597
128,128,0.0020514610001782785,0.20994407446162114,59.77697063259028
129,129,0.002063209000198185,0.20994056578009745,59.78700909488741
130,130,0.0020751410002048942,0.20993708196346625,59.77768011474648
131,131,0.0020871940002393785,0.20993362280222302,59.78761876084778
132,132,0.0020992530002104104,0.20993018809115704,59.77833733439047
133,133,0.0021168160002389413,0.20992677762852044,59.78817894938377
134,134,0.002130357000226013,0.20992339121643225,59.77894620696083
135,135,0.002142859000230146,0.20992002866015516,59.788693404953754
136,136,0.002155197000206499,0.20991668976844582,59.77951037537425
137,137,0.0021672960002092623,0.20991337435292584,59.78916561218853
138,138,0.0021790320001855434,0.20991008222838484,59.78003322850396
139,139,0.0021943770001371377,0.20990681321223326,59.789598813352846
140,140,0.002206872000158455,0.20990356712476455,59.78051791842652
141,141,0.002218756000161193,0.20990034378867942,59.78999602466328
142,142,0.0022311130001639867,0.20989714302931228,59.78096737651685
143,143,0.0022429580001244176,0.2098939646742169,59.790360051534186
144,144,0.0022547360001112793,0.20989080855336292,59.78138432846641
145,145,0.0022661170001470055,0.20988767449877443,59.79069350281885
146,146,0.0022776370001338364,0.20988456234470013,59.7817713082947
147,147,0.0022896010001431932,0.20988147192729822,59.79099880410982
148,148,0.002301243000147224,0.20987840308478348,59.782130671420205
149,149,0.0023129030001314277,0.20987535565715298,59.79127821015817
150,150,0.0023253840001302706,0.20987232948631268,59.78246460685261
151,151,0.002337093000164714,0.20986932441583817,59.791533816468345
152,152,0.0023638180001626097,0.2098663402910841,59.78277514856417
153,153,0.002382705000172791,0.20986337695897572,59.79176757012135
154,154,0.00239791300015213,0.2098604342681025,59.78306418609472
155,155,0.0024116660001709533,0.2098575120685365,59.791981279876566
156,156,0.0024244100001737934,0.2098546102119131,59.783333474440994
157,157,0.0024404250001452965,0.20985172855127224,59.79217662559879
158,158,0.002452846000153386,0.20984886694112762,59.78358464327788
159,159,0.0024650990001759965,0.2098460252373282,59.79235516705454
160,160,0.0024766950002117483,0.20984320329711725,59.783819205556185
161,161,0.0024885870002435695,0.20984040097901174,59.79251835211883
162,162,0.002500573000247641,0.20983761814285223,59.78403856551853
163,163,0.0025125040002649257,0.20983485464969773,59.7926675244313
164,164,0.0025242560002425307,0.20983211036186822,59.78424402617208
165,165,0.002535846000228048,0.2098293851428524,59.79280393053758
166,166,0.002547317000221483,0.2098266788573441,59.784436796254845
167,167,0.002558870000200386,0.20982399137116095,59.792928726550244
168,168,0.0025705130001938414,0.20982132255127578,59.784617996729175
169,169,0.002582155000197872,0.20981867226574502,59.79304298436072
170,170,0.0025937670001781044,0.209816040383735,59.784788666834466
171,171,0.0026051560001292273,0.20981342677545933,59.79314769743239
172,172,0.0026190270000938654,0.209810831312201,59.784949769728605
173,173,0.0026310120001085124,0.20980825386625687,59.79324378620219
174,174,0.0026433690001113064,0.20980569431095664,59.785102197745765
175,175,0.0026553250000915796,0.20980315252061393,59.79333210311722
176,176,0.0026671040001247093,0.20980062837054134,59.785246777296635
177,177,0.0026785020000943405,0.20979812173700785,59.79341343733038
178,178,0.002690159000053427,0.20979563249725136,59.78538427343497
179,179,0.002702280000050905,0.20979316052944047,59.79348851907795
180,180,0.002713812000024518,0.20979070571268496,59.78551539411317
181,181,0.0027253150000206006,0.20978826792700173,59.79355802376046
182,182,0.0027368410000008225,0.2097858470533236,59.78564079414774
183,183,0.002748865000000933,0.2097834429734686,59.793622575746475
184,184,0.0027605499999481253,0.2097810555701472,59.785761078914476
185,185,0.0027956429999562715,0.20977868472693478,59.793682751918126
186,186,0.002810804999910488,0.20977633032827742,59.78587680779142
187,187,0.0028243029998975544,0.20977399225946733,59.793739084975634
188,188,0.0028371709998964434,0.20977167040664707,59.785988497366816
189,189,0.0028491519998965487,0.2097693646567877,59.79379206651706
190,190,0.0028745089998665208,0.20976707489769156,59.78609662442799
191,191,0.002888166999866826,0.2097648010179731,59.79384214990825
192,192,0.0029104819998337916,0.20976254290706017,59.78620162874598
193,193,0.0029254809998064957,0.20976030045517693,59.793889752957455
194,194,0.0029402799997910734,0.2097580735533445,59.786303915669656
195,195,0.0029529409998190204,0.2097558620933652,59.793935260407416
196,196,0.002967963999822132,0.20975366596782286,59.78640385854261
197,197,0.002979849999860562,0.2097514850700679,59.79397902625746
198,198,0.002991719999840825,0.20974931929421772,59.786501800954376
199,199,0.0030038669998475598,0.20974716853514283,59.79402137592709
200,200,0.003022601999816743,0.2097450326884661,59.786598058837555
201,201,0.0030363869998382143,0.209742911650551,59.79406260827164
202,202,0.003050079999866284,0.2097408053184997,59.78669292242134
203,203,0.003068173999906776,0.2097387135901425,59.79410299746012
204,204,0.003093465999882028,0.2097366363640357,59.786786658050985
205,205,0.003106244999912633,0.20973457353945138,59.794142794724685
206,206,0.0031274619998953312,0.20973252501637557,59.78687950988246
207,207,0.003150255999912588,0.20973049069549848,59.79418222999001
208,208,0.0031648049999262184,0.20972847047821228,59.78697170146087
209,209,0.0031863979999116054,0.20972646426660213,59.7942215133913
210,210,0.0032077669998784586,0.20972447196344376,59.78706343719035
211,211,0.0032238699998856646,0.20972249347219507,59.794260836688004
212,212,0.003247292999901674,0.20972052869699334,59.787154903703005
213,213,0.003262327999948411,0.20971857754264764,59.794300374580494
214,214,0.0032779029999687737,0.2097166399146357,59.78724627113368
215,215,0.003296175999935258,0.20971471571909675,59.7943402859364
216,216,0.0033090349999156388,0.20971280486282823,59.787337694307006
217,217,0.00332469999989371,0.20971090725327915,59.79438071493252
218,218,0.003340194999907453,0.20970902279854672,59.78742931384263
219,219,0.003365540999880068,0.20970715140737003,59.79442179211822
220,220,0.003379744999904233,0.20970529298912635,59.78752125718438
221,221,0.003392583999868748,0.2097034474538254,59.79446363540557
222,222,0.003405370999871593,0.20970161471210574,59.787613639558316
223,223,0.0034182589998863477,0.20969979467522878,59.794506350991206
224,224,0.0034418109999023727,0.20969798725507546,59.78770656486475
225,225,0.003460710999888761,0.2096961923641408,59.79455003421467
226,226,0.0034757339998918724,0.20969440991553007,59.787800126508536
227,227,0.0034912389999135485,0.20969263982295352,59.79459477035738
228,228,0.0035037669999269383,0.20969088200072275,59.787894408172015
229,229,0.0035339419999331767,0.20968913636374603,59.79464063538635
230,230,0.0035593099999573496,0.2096874028275239,59.78798948453438
231,231,0.0035766969999713183,0.20968568130814488,59.79468769664656
232,232,0.0035902759999544287,0.20968397172228165,59.788085421941254
233,233,0.0036036609999428038,0.20968227398718628,59.794736013505236
234,234,0.0036293269999418953,0.20968058802068631,59.78818227902782
235,235,0.0036451469999292385,0.2096789137411808,59.79478563795148
236,236,0.003657950999922832,0.20967725106763607,59.78828010729861
237,237,0.0036706529999150916,0.20967559991958157,59.79483661515423
238,238,0.003689948999920034,0.2096739602171061,59.788378951667035
239,239,0.003713817999937419,0.2096723318808537,59.79488898398152
240,240,0.0037293019999538046,0.2096707148320197,59.788478850957354
241,241,0.003742081999973834,0.20966910899234678,59.7949427774834
242,242,0.0037545249999766384,0.20966751428412136,59.78857983837168
243,243,0.0037693619999572547,0.2096659306301694,59.79499802334133
244,244,0.003782417999957488,0.20966435795385274,59.78868194192428
245,245,0.003794523999943067,0.2096627961790654,59.79505474428618
246,246,0.0038065679999021995,0.2096612452302299,59.78878518484564
247,247,0.0038190579999195506,0.20965970503229303,59.79511295848689
248,248,0.003831415999911769,0.2096581755107229,59.788889585958195
249,249,0.0038431519999448938,0.20965665659150473,59.79517267991201
250,250,0.003855002999955559,0.20965514820113745,59.78899516002564
251,251,0.0038751169999500235,0.2096536502666301,59.795233918665744
252,252,0.00388819099993043,0.20965216271549802,59.789101918077826
253,253,0.0038999529999159677,0.2096506854757598,59.79529668130054
254,254,0.00391168499993455,0.20964921847593324,59.78920986771271
255,255,0.0039236249999135,0.2096477616450321,59.79536097110746
256,256,0.003940841999906297,0.20964631491256253,59.78931901337699
257,257,0.0039544739998973455,0.20964487820851996,59.795426788386216
258,258,0.0039676339999346055,0.2096434514633852,59.78942935662702
259,259,0.003979894999929456,0.2096420346081213,59.79549413069592
260,260,0.0039920929999084365,0.20964062757417015,59.7895408963711
261,261,0.00400426999993897,0.20963923029344927,59.79556299308828
262,262,0.004016597999964233,0.2096378426983483,59.78965362909468
263,263,0.004029053999943244,0.20963646472172565,59.79563336832394
264,264,0.0040412639999658495,0.2096350962969056,59.789767549069495
265,265,0.004052995999927589,0.2096337373576747,59.795705247073705
266,266,0.004064718999927663,0.20963238783827864,59.789882648547795
267,267,0.004076501999975335,0.20963104767341914,59.79577861810508
268,268,0.004088373999934447,0.20962971679825085,59.78999891794264
269,269,0.004099895999900127,0.20962839514837783,59.7958534684557
270,270,0.004118531999893094,0.20962708265985078,59.790116345995315
271,271,0.004148387999919123,0.20962577926916381,59.79592978359405
272,272,0.004167182999935903,0.2096244849132514,59.790234919930654
273,273,0.004192113999920366,0.20962319952948524,59.796007547568784
274,274,0.004211096999881647,0.20962192305567132,59.79035462560113
275,275,0.004236061999847607,0.20962065543004682,59.79608674314712
276,276,0.004248805999850447,0.20961939659127718,59.79047544762058
277,277,0.0042609929998320695,0.209618146478453,59.79616735194324
278,278,0.00427305099987052,0.20961690503108724,59.79059736948813
279,279,0.0042851929998732885,0.20961567218911223,59.7962493545372
280,280,0.004297338999890599,0.20961444789287664,59.7907203737031
281,281,0.004309072999888031,0.2096132320831429,59.796332730585334
282,282,0.004320925999877545,0.20961202470108387,59.79084444187145
283,283,0.004354974999841943,0.20961082568828038,59.79641745892231
284,284,0.004370861999802855,0.2096096349867184,59.7909695548044
285,285,0.00438381499981233,0.20960845253878582,59.796503517655815
286,286,0.004396905999840328,0.20960727828727008,59.7910956926098
287,287,0.004409526999836544,0.2096061121753553,59.796590884254044
288,288,0.004421594999826084,0.20960495414661917,59.79122283477662
289,289,0.004433288999848628,0.2096038041450311,59.796679535626836
290,290,0.0044452789998672415,0.2096026621149483,59.79135096025314
291,291,0.004457287999855453,0.209601528001114,59.796769448200486
292,292,0.004469016999848918,0.20960040174865469,59.791480047519315
293,293,0.004480455999839705,0.20959928330307687,59.79686059798713
294,294,0.004492389999825264,0.20959817261026506,59.791610074653526
295,295,0.004504222999855756,0.20959706961647878,59.79695296064864
296,296,0.004515800999854491,0.2095959742683501,59.79174101939445
297,297,0.0045274439998479465,0.20959488651288125,59.797046511555784
298,298,0.004539369999861265,0.20959380629744156,59.79187285919795
299,299,0.004551148999894394,0.20959273356976535,59.79714122584271
300,300,0.00456247499988649,0.20959166827794926,59.79200557128974
301,301,0.00457400999988522,0.2095906103704498,59.797237078457215
302,302,0.004592951999882189,0.2095895597960804,59.79213913271381
303,303,0.0046063629998798206,0.20958851650400986,59.7973340442071
304,304,0.004618682999876,0.20958748044375894,59.79227352037717
305,305,0.0046305969999025365,0.2095864515651985,59.79743209780282
306,306,0.004642502999899989,0.20958542981854686,59.79240871109098
307,307,0.004654312999946342,0.20958441515436738,59.79753121389667
308,308,0.004665950999935831,0.20958340752356613,59.7925446816083
309,309,0.004677593999929286,0.20958240687738966,59.79763136711894
310,310,0.004689650999921469,0.20958141316742204,59.79268140865895
311,311,0.004702115999918988,0.2095804263455835,59.79773253211095
312,312,0.004713913999921715,0.20957944636412718,59.792818868981364
313,313,0.004725529999916489,0.20957847317563733,59.797834683555436
314,314,0.0047372759999575464,0.2095775067330269,59.7929570393519
315,315,0.004749042999947051,0.2095765469895351,59.79793779620441
316,316,0.004766683999946508,0.20957559389872552,59.793095896611604
317,317,0.004780236999920362,0.20957464741448337,59.79804184490454
318,318,0.004792636999923161,0.20957370749101373,59.79323541769074
319,319,0.004804962999912732,0.20957277408283898,59.798146804620465
320,320,0.004817150999940623,0.20957184714479685,59.79337557963121
321,321,0.004828959999940707,0.2095709266320381,59.79825265045596
322,322,0.004840766999961943,0.20957001250002436,59.793516359606905
323,323,0.004852908999964711,0.2095691047045259,59.79835935767328
324,324,0.00486497099996086,0.20956820320161976,59.79365773494238
325,325,0.004878181999970366,0.20956730794768733,59.79846690171064
326,326,0.004890312999975777,0.20956641889941235,59.79379968312966
327,327,0.004902572999981203,0.209565536013779,59.79857525819821
328,328,0.004914343999985249,0.20956465924806927,59.793942181843605
329,329,0.004925830999980008,0.20956378855986163,59.79868440297245
330,330,0.004937823999966895,0.2095629239070284,59.7940852089557
331,331,0.0049496949999365825,0.20956206524773405,59.7987943120891
332,332,0.004961112999922079,0.2095612125404329,59.79422874254658
333,333,0.004972852999912902,0.20956036574386724,59.79890496183489
334,334,0.004985048999913033,0.20955952481706558,59.794372760917234
335,335,0.0050038439999298134,0.20955868971934027,59.79901632873796
336,336,0.005026935999921989,0.20955786041028568,59.79451724259906
337,337,0.005039445999898362,0.20955703684977633,59.799128389577255
338,338,0.0050517969998509216,0.2095562189979648,59.79466216636283
339,339,0.005063831999848389,0.20955540681527995,59.799241121390786
340,340,0.005075475999831269,0.209554600262425,59.79480751122668
341,341,0.005086854999831303,0.20955379930037535,59.799354501482995
342,342,0.005098655999802304,0.20955300389037712,59.794953256463096
343,343,0.0051104189997772664,0.20955221399394502,59.799468507431214
344,344,0.005122253999786608,0.20955142957286046,59.79509938160517
345,345,0.005134020999776112,0.20955065058916977,59.79958311709125
346,346,0.005145635999781462,0.2095498770051824,59.79524586645192
347,347,0.005157294999776241,0.2095491087834692,59.799698308602316
348,348,0.0051917659997684495,0.20954834588686017,59.79539269107297
349,349,0.00520810899973867,0.20954758827844325,59.799814060391114
350,350,0.005222595999725854,0.20954683592156198,59.79553983581246
351,351,0.005236366999724851,0.20954608877981432,59.79993035117536
352,352,0.00524897499974486,0.2095453468170502,59.795687281292494
353,353,0.005271898999694713,0.20954460999737043,59.80004715996674
354,354,0.005286109999701694,0.20954387828512447,59.79583500841576
355,355,0.005298269999684635,0.20954315164490897,59.800164466073156
356,356,0.005310016999715117,0.20954243004156609,59.79598299836786
357,357,0.005321891999699346,0.2095417134401815,59.80028224910063
358,358,0.005358736999710345,0.209541001806083,59.79613123261896
359,359,0.0053760909997322415,0.20954029510483874,59.800400488954665
360,360,0.005389876999686294,0.20953959330225538,59.79627969292511
361,361,0.005410606999703305,0.20953889636437692,59.80051916584111
362,362,0.005425966999666798,0.20953820425748243,59.79642836132908
363,363,0.005444768999666394,0.20953751694808484,59.800638260266744
364,364,0.005460332999632556,0.20953683440292925,59.7965772201608
365,365,0.005472952999639347,0.20953615658899125,59.8007577530394
366,366,0.005485380999630252,0.20953548347347525,59.7967262520375
367,367,0.0054978799996092675,0.20953481502381305,59.80087762526777
368,368,0.00551013699964642,0.20953415120766225,59.79687543986348
369,369,0.005522366999684891,0.2095334919929047,59.800997858360944
370,370,0.0055343779996519515,0.20953283734764466,59.797024766829594
371,371,0.005546782999658717,0.20953218724020764,59.80111843402762
372,372,0.005558748999646923,0.20953154163913873,59.79717421641246
373,373,0.005581041999619174,0.20953090051320097,59.80123933427501
374,374,0.005622202999632009,0.20953026383137402,59.79732377237342
375,375,0.0056415489996766155,0.20952963156285237,59.80136054140765
376,376,0.005664448999709748,0.2095290036770444,59.7974734187573
377,377,0.0056803209997156046,0.20952838014357014,59.80148203802584
378,378,0.005705746999751682,0.2095277609322605,59.79762313989087
379,379,0.005719176999718911,0.20952714601315534,59.801603807023966
380,380,0.005735043999720801,0.20952653535650234,59.797772920381206
381,381,0.005748023999728957,0.20952592893275537,59.80172583158862
382,382,0.0057606039997608605,0.2095253267125729,59.797922745113894
383,383,0.00578794299974561,0.20952472866681707,59.801848095196604
384,384,0.005801615999700971,0.20952413476655196,59.798072599250936
385,385,0.005822692999686296,0.209523544983042,59.801970581612665
386,386,0.0058357589996944625,0.20952295928775103,59.79822246822869
387,387,0.005850001999704091,0.20952237765234066,59.80209327488722
388,388,0.005862561999720128,0.209521800048669,59.798372337755566
389,389,0.005876857999737695,0.2095212264487889,59.80221615935394
390,390,0.005900506999694244,0.20952065682494728,59.798522193809625
391,391,0.005931322999686017,0.20952009114958328,59.80233921962715
392,392,0.005945138999663868,0.2095195293953272,59.79867202263614
393,393,0.005968939999661416,0.20951897153499902,59.8024624405992
394,394,0.005982181999684144,0.20951841754160688,59.79882181074496
395,395,0.005994787999725304,0.2095178673883465,59.80258580743776
396,396,0.006025599999702536,0.20951732104859896,59.7989715449079
397,397,0.00604277799970987,0.20951677849593006,59.80270930558296
398,398,0.006056257999716763,0.20951623970408878,59.79912121215593
399,399,0.006078238999691621,0.20951570464700617,59.80283292074454
400,400,0.006093418999682854,0.2095151732987937,59.799270799776465
401,401,0.006114300999684019,0.20951464563374275,59.80295663889896
402,402,0.0061282059996869975,0.20951412162632252,59.79942029531043
403,403,0.0061527249997084255,0.2095136012511793,59.803080446286316
404,404,0.006165546999682192,0.2095130844831351,59.799569686549404
405,405,0.006180146999668068,0.20951257129718656,59.80320432940741
406,406,0.00621103699967307,0.2095120616685035,59.79971896153264
407,407,0.0062251019996892865,0.2095115555724281,59.80332827502058
408,408,0.006242150999696605,0.20951105298447292,59.799868108544125
409,409,0.006254869999679613,0.20951055388032108,59.803452270138735
410,410,0.006267641999670559,0.20951005823582342,59.80001711610952
411,411,0.006292191999648367,0.20950956602699874,59.80357630202609
412,412,0.006305546999612943,0.20950907723003187,59.80016597299316
413,413,0.006320476999576385,0.20950859182127274,59.80370035819513
414,414,0.006333402999530335,0.20950810977723514,59.80031466819499
415,415,0.006346078999513338,0.20950763107459586,59.80382442640338
416,416,0.006358132999480404,0.20950715569019324,59.80046319094747
417,417,0.006369852999512204,0.20950668360102595,59.803948494650285
418,418,0.00638186299948984,0.20950621478425252,59.80061153071256
419,419,0.006401688999517319,0.20950574921718954,59.80407255117399
420,420,0.006415503999505745,0.20950528687731088,59.80075967717859
421,421,0.006439318999525767,0.20950482774224663,59.804196584448206
422,422,0.006454653999526272,0.20950437178978193,59.80090762025716
423,423,0.006467668999562193,0.20950391899785567,59.80432058317901
424,424,0.006487221999577741,0.20950346934456004,59.80105535008013
425,425,0.006500170999572674,0.20950302280813882,59.80444453630164
426,426,0.006521108999606895,0.20950257936698674,59.80120285699645
427,427,0.006534773999646859,0.20950213899964812,59.80456843297738
428,428,0.006547828999657668,0.20950170168481635,59.801350131569144
429,429,0.006571827999664492,0.20950126740133207,59.80469226259038
430,430,0.006585376999623804,0.2095008361281828,59.80149716457223
431,431,0.006598368999618742,0.20950040784450188,59.80481601474448
432,432,0.006610744999591134,0.20949998252956697,59.801643946987696
433,433,0.006626540999604913,0.20949956016279966,59.80493967926012
434,434,0.006640077999577443,0.20949914072376394,59.80179047000241
435,435,0.006652839999560456,0.20949872419216561,59.80506324617121
436,436,0.006664672999534105,0.20949831054785112,59.80193672500513
437,437,0.006676621999531562,0.20949789977080663,59.805186705722
438,438,0.006688449999558088,0.20949749184115693,59.80208270358353
439,439,0.006700286999546279,0.20949708673916473,59.805310048364035
440,440,0.006712183999525223,0.20949668444522934,59.80222839752115
441,441,0.00672854499953246,0.20949628493988628,59.80543326475311
442,442,0.006740095999532514,0.20949588820380557,59.80237379879451
443,443,0.006751728999518036,0.20949549421779165,59.8055563457462
444,444,0.006763498999532658,0.20949510296278165,59.802518899570096
445,445,0.006777565999527724,0.20949471441984507,59.80567928239844
446,446,0.006803074999538694,0.2094943285701825,59.80266369220153
447,447,0.006817253999543027,0.20949394539512492,59.805802065960165
448,448,0.0068327449995422285,0.20949356487613266,59.80280816922657
449,449,0.006845658999509396,0.2094931869947947,59.80592468787396
450,450,0.006858326999520159,0.20949281173282744,59.80295232336436
451,451,0.006871179999507149,0.20949243907207415,59.806047139771685
452,452,0.006886688999486523,0.2094920689945039,59.8030961475125
453,453,0.006901263999452567,0.2094917014822108,59.80616941347162
454,454,0.006943632999480087,0.20949133651741297,59.803239634744294
455,455,0.006973347999519319,0.20949097408245207,59.80629150097553
456,456,0.006998790999546145,0.20949061415979173,59.80338277830591
457,457,0.007012996999549159,0.2094902567320174,59.80641339446585
458,458,0.007033326999533074,0.20948990178183538,59.803525571613704
459,459,0.007054223999489295,0.20948954929207145,59.806535086302866
460,460,0.007068587999526699,0.20948919924567078,59.8036680082514
461,461,0.007081321999521606,0.20948885162569655,59.80665656902191
462,462,0.00710304799952155,0.20948850641532965,59.80381008196748
463,463,0.007119007999506266,0.20948816359786712,59.806777835330635
464,464,0.007141147999504938,0.20948782315672204,59.80395178667245
465,465,0.007154082999534239,0.20948748507542253,59.80689887810624
466,466,0.007166388999507944,0.20948714933761062,59.804093116436256
467,467,0.007178763999490911,0.20948681592704196,59.80701969039279
468,468,0.007191128999522789,0.2094864848275848,59.80423406548562
469,469,0.00720874399951299,0.20948615602321904,59.80714026539858
470,470,0.007222720999550347,0.20948582949803587,59.80437462820153
471,471,0.007235665999530738,0.20948550523623646,59.80726059649346
472,472,0.007247820999509713,0.2094851832221317,59.80451479911665
473,473,0.007280460999538718,0.20948486344014122,59.80738067720624
474,474,0.007293376999541579,0.20948454587479257,59.80465457291283
475,475,0.00730553699952452,0.2094842305107206,59.807500501222144
476,476,0.007317716999523327,0.20948391733266664,59.804793944418584
477,477,0.00732993799954329,0.20948360632547786,59.80762006238027
478,478,0.007341808999512978,0.20948329747410643,59.80493290860671
479,479,0.0073539989995197175,0.20948299076360877,59.807739354671035
480,480,0.007365603999517134,0.20948268617914484,59.80507146059179
481,481,0.007377560999543675,0.20948238370597763,59.807858372233746
482,482,0.007389373999558302,0.20948208332947227,59.80520959562788
483,483,0.0074011459995517725,0.20948178503509512,59.80797710935415
484,484,0.007412715999578268,0.2094814888084136,59.80534730910607
485,485,0.007424293999577003,0.2094811946350949,59.808095560462
486,486,0.007436118999578412,0.20948090250090567,59.80548459655221
487,487,0.007455304999552936,0.20948061239171134,59.808213720128705
488,488,0.007467808999535919,0.209480324293475,59.805621453624624
489,489,0.007479782999553208,0.20948003819225733,59.808331583064955
490,490,0.007491743999537448,0.2094797540742155,59.8057578761118
491,491,0.007504067999491326,0.20947947192560284,59.80844914411842
492,492,0.007515740999451737,0.20947919173276758,59.80589385993018
493,493,0.00752721899948483,0.209478913482153,59.80856639827144
494,494,0.007539149999502115,0.209478637160296,59.80602940112195
495,495,0.007550917999537887,0.209478362753827,59.80868334063881
496,496,0.0075622469995551,0.2094780902494691,59.806164495852876
497,497,0.007573900999545913,0.2094778196340373,59.808799966465514
498,498,0.0075859049995301575,0.2094775508944381,59.80629914041015
499,499,0.007597801999565945,0.20947728401766882,59.808916271124566
500,500,0.00760932999958186,0.20947701899081678,59.806433331200274
501,501,0.007626940999557519,0.20947675580105876,59.8090322501148
502,502,0.007640898999511592,0.20947649443566066,59.806567064747
503,503,0.007653824999522385,0.20947623488197648,59.809147899058786
504,504,0.00766608899948551,0.2094759771274479,59.8067003376892
505,505,0.00767795399951865,0.20947572115960367,59.80926321370069
506,506,0.007689666999510791,0.2094754669660589,59.80683314677894
507,507,0.007701572999508244,0.20947521453451476,59.80937818990424
508,508,0.0077133699995215466,0.20947496385275738,59.80696548887943
509,509,0.007724842999493831,0.209474714908658,59.80949282365062
510,510,0.0077364409995084316,0.20947446769017125,59.80709736096306
511,511,0.007748143999549484,0.20947422218533598,59.80960711103652
512,512,0.007759595999573321,0.20947397838227344,59.80722876010945
513,513,0.00777118999957338,0.20947373626918747,59.80972104827209
514,514,0.007783095999570833,0.2094734958343637,59.807359683503556
515,515,0.007794724999541813,0.20947325706616868,59.80983463167902
516,516,0.007806612999559093,0.2094730199530499,59.80749012843378
517,517,0.00781823699958295,0.20947278448353487,59.809947857688606
518,518,0.007829791999597546,0.20947255064623052,59.8076200922901
519,519,0.00784146699959365,0.20947231842982272,59.81006072283984
520,520,0.007859063999546834,0.209472087823076,59.80774957256226
521,521,0.007871984999496817,0.2094718588148326,59.810173223777525
522,522,0.007884607999528725,0.20947163139401212,59.80787856683796
523,523,0.007897254999534198,0.20947140554961088,59.810285357250436
524,524,0.007909067999548824,0.20947118127070166,59.80800707280108
525,525,0.007920709999552855,0.20947095854643294,59.81039712010952
526,526,0.007932488999585985,0.2094707373660283,59.808135088229946
527,527,0.007944113999599267,0.20947051771878605,59.81050850930606
528,528,0.00795593399959671,0.20947029959407884,59.808262610995534
529,529,0.0079677709995849,0.2094700829813528,59.810619521889954
530,530,0.007981017999611595,0.20946986787012736,59.80838963905989
531,531,0.007993565999584007,0.2094696542499944,59.81073015500793
532,532,0.00800598799958152,0.20946944211061813,59.808516170474356
533,533,0.008018056999617329,0.20946923144173443,59.810840405901864
534,534,0.008036098999639307,0.2094690222331501,59.80864220337798
535,535,0.00805050199960533,0.2094688144747429,59.81095027190707
536,536,0.0080631679995804,0.20946860815646046,59.80876773599587
537,537,0.008075027999609574,0.20946840326832028,59.81105975045065
538,538,0.008086966999599099,0.20946819980040896,59.8088927666376
539,539,0.00809919899961642,0.20946799774288197,59.81116883904985
540,540,0.008111238999617854,0.20946779708596283,59.809017293695625
541,541,0.008123048999607363,0.20946759781994284,59.81127753531044
542,542,0.00813480999966032,0.20946739993518088,59.80914131564378
543,543,0.008146250999629956,0.2094672034221022,59.81138583692511
544,544,0.008157779999635295,0.20946700827119877,59.80926483103568
545,545,0.008169108999595664,0.20946681447302845,59.81149374167194
546,546,0.008180727999615556,0.20946662201821428,59.80938783850327
547,547,0.00819222399957198,0.2094664308974446,59.81160124741282
548,548,0.008203685999546906,0.20946624110147222,59.80951033675534
549,549,0.008215777999566853,0.20946605262111384,59.81170835209195
550,550,0.008227881999573583,0.20946586544725013,59.80963232457603
551,551,0.008239589999561758,0.20946567957082476,59.811815053734335
552,552,0.008251486999597546,0.20946549498284425,59.809753800823444
553,553,0.008269409999570598,0.20946531167437746,59.811921350444315
554,554,0.008282973999598653,0.20946512963655511,59.809874764428216
555,555,0.008295420999559155,0.20946494886056954,59.81202724040413
556,556,0.008307646999583085,0.2094647693376739,59.8099952143921
557,557,0.008319685999595094,0.20946459105918216,59.81213272187242
558,558,0.008331616999612379,0.2094644140164686,59.810115149786675
559,559,0.008343476999584709,0.20946423820096685,59.81223779318293
560,560,0.008355393999579519,0.20946406360417044,59.81023456975186
561,561,0.008367333999615312,0.20946389021763157,59.81234245274303
562,562,0.008378981999612733,0.20946371803296115,59.81035347349474
563,563,0.008391013999641928,0.20946354704182793,59.812446699032385
564,564,0.008402645999638025,0.20946337723595887,59.810471860288146
565,565,0.008414308999647346,0.20946320860713788,59.81255053060162
566,566,0.008425805999650038,0.20946304114720604,59.81058972946945
567,567,0.008444530999668132,0.20946287484806095,59.81265394607098
568,568,0.008458105999693544,0.2094627097016563,59.81070708043922
569,569,0.00847059499972147,0.20946254570000178,59.81275694412902
570,570,0.008482985999762604,0.20946238283516205,59.81082391266005
571,571,0.008495297999786544,0.20946222109925708,59.81285952353138
572,572,0.00850720099975888,0.2094620604844616,59.810940225655294
573,573,0.00851882999972986,0.2094619009830041,59.81296168309941
574,574,0.008530789999724675,0.20946174258716732,59.81105601900785
575,575,0.00854269499967586,0.20946158528928754,59.81306342171906
576,576,0.008554631999686535,0.20946142908175389,59.811171292359
577,577,0.008566073999645596,0.20946127395700836,59.813164738339545
578,578,0.008577620999631108,0.20946111990754548,59.81128604540722
579,579,0.008595435999609435,0.20946096692591157,59.813265631972214
580,580,0.008609575999628305,0.20946081500470465,59.81140027790705
581,581,0.008622026999660193,0.20946066413657435,59.813366101689304
582,582,0.008634648999702677,0.20946051431422097,59.81151398966794
583,583,0.008647295999708149,0.20946036553039538,59.813466146622844
584,584,0.008659074999684435,0.2094602177778988,59.81162718055313
585,585,0.00867286999971384,0.20946007104958245,59.813565765963446
586,586,0.008685568999680982,0.2094599253383468,59.8117398504786
587,587,0.008698140999683801,0.20945978063714193,59.81366495895917
588,588,0.008710106999672007,0.20945963693896644,59.81185199941195
589,589,0.008722021999687968,0.2094594942368677,59.81376372491449
590,590,0.008733811999718455,0.20945935252394107,59.81196362737133
591,591,0.008745838999743683,0.20945921179332988,59.813862063189084
592,592,0.00875746299976754,0.2094590720382251,59.81207473442441
593,593,0.00876896399972793,0.2094589332518647,59.813959973196845
594,594,0.008781146999695011,0.2094587954275337,59.81218532068737
595,595,0.008793275999721573,0.20945865855856344,59.81405745440478
596,596,0.00880515999972431,0.2094585226383317,59.81229538632388
597,597,0.008816593999711131,0.2094583876602621,59.81415450633197
598,598,0.008847807999700308,0.20945825361782375,59.81240493154406
599,599,0.008862835999707386,0.20945812050453108,59.81425112854855
600,600,0.008875594999665282,0.20945798831394372,59.812513956603574
601,601,0.0088880899996866,0.20945785703966546,59.81434732067468
602,602,0.008900542999640493,0.20945772667534487,59.812622461802626
603,603,0.008912556999689514,0.20945759721467427,59.81444308237956
604,604,0.008924748999675103,0.20945746865138998,59.81273044748498
605,605,0.008936627999673874,0.20945734097927138,59.814538413380454
606,606,0.008948321999696418,0.20945721419214114,59.8128379140371
607,607,0.008960466999724304,0.2094570882838649,59.81463331344172
608,608,0.008972569999741609,0.2094569632483505,59.812944861887175
609,609,0.008984176999717874,0.20945683907954846,59.81472778237386
610,610,0.00899578599967299,0.20945671577145072,59.81305129150425
611,611,0.009007857999677071,0.20945659331809113,59.81482182003257
612,612,0.009019965999698343,0.20945647171354512,59.81315720339732
613,613,0.009031782999727511,0.20945635095192863,59.81491542631787
614,614,0.00904344999969453,0.20945623102739888,59.81326259811445
615,615,0.009055419999697278,0.20945611193415342,59.81500860117312
616,616,0.009067020999680153,0.2094559936664299,59.81336747624192
617,617,0.00907869099967229,0.20945587621850617,59.81510134458421
618,618,0.009093271999688568,0.20945575958469947,59.81347183840343
619,619,0.009105935999684789,0.20945564375936665,59.81519365657865
620,620,0.009117907999666386,0.2094555287369036,59.81357568525918
621,621,0.009129857999653268,0.2094554145117449,59.81528553722467
622,622,0.00914165499966657,0.20945530107836402,59.813679017505116
623,623,0.009153903999617796,0.20945518843127248,59.815376986630454
624,624,0.00916542399966147,0.20945507656501997,59.81378183587209
625,625,0.009177148999697238,0.20945496547419393,59.81546800494324
626,626,0.009188884999730362,0.20945485515341933,59.813884141125115
627,627,0.009200532999727784,0.20945474559735824,59.81555859234852
628,628,0.009212149999711983,0.20945463680071008,59.813985934062536
629,629,0.009223914999722638,0.20945452875821075,59.81564874906923
630,630,0.0092356929997095,0.20945442146463256,59.81408721551528
631,631,0.00924749899974131,0.20945431491478433,59.815738475364974
632,632,0.009265292999714347,0.20945420910351079,59.81418798634612
633,633,0.00927982499973723,0.2094541040256921,59.815827771531204
634,634,0.009293095999737488,0.20945399967624437,59.81428824744894
635,635,0.009305980999727126,0.20945389605011863,59.81591663789848
636,636,0.009318178999706106,0.20945379314230103,59.81438799974797
637,637,0.009330105999708849,0.20945369094781244,59.816005074831715
638,638,0.009342151999703674,0.20945358946170822,59.8144872441971
639,639,0.009354331999759324,0.20945348867907818,59.81609308272941
640,640,0.009366176999776599,0.2094533885950459,59.81458598177915
641,641,0.009378114999776699,0.20945328920476894,59.81618066202295
642,642,0.009390225999766244,0.20945319050343836,59.81468421350526
643,643,0.009401928999750453,0.20945309248627864,59.81626781317586
644,644,0.00941336999972009,0.20945299514854715,59.81478194041405
645,645,0.009425101999738672,0.20945289848553436,59.816354536683086
646,646,0.009436766999726842,0.20945280249256332,59.81487916357111
647,647,0.009448408999730873,0.2094527071649895,59.81644083307035
648,648,0.00945992599974943,0.2094526124982005,59.81497588406829
649,649,0.009472027999720467,0.20945251848761595,59.81652670289343
650,650,0.009483635999743,0.20945242512868717,59.815072103023
651,651,0.009502450999718803,0.20945233241689717,59.81661214673744
652,652,0.00951522299970975,0.2094522403477601,59.815167821577624
653,653,0.009527278999655664,0.2094521489168212,59.816697165216276
654,654,0.009539107999614771,0.20945205811965678,59.81526304089892
655,655,0.009550921999618822,0.2094519679518736,59.816781758971864
656,656,0.009562688999608326,0.20945187840910895,59.815357762177335
657,657,0.009574299999655977,0.20945178948703047,59.816865928673586
658,658,0.009586044999650767,0.20945170118133566,59.81545198662647
659,659,0.009597803999668031,0.2094516134877519,59.81694967501757
660,660,0.009609812999656242,0.20945152640203626,59.815545715482436
661,661,0.009621321999702559,0.2094514399199751,59.81703299872619
662,662,0.009632894999697328,0.20945135403738416,59.815638950003304
663,663,0.009644507999723828,0.2094512687501079,59.81711590054734
664,664,0.009656527999709397,0.20945118405401994,59.815731691468486
665,665,0.009674000999723376,0.20945109994502217,59.8171983812539
666,666,0.009687456999756705,0.2094510164190451,59.81582394117823
667,667,0.00970002299970929,0.2094509334720475,59.817280441643106
668,668,0.00971219999968298,0.20945085110001588,59.815915700453026
669,669,0.009724174999689694,0.20945076929896478,59.81736208253602
670,670,0.009736229999646184,0.20945068806493639,59.81600697063308
671,671,0.009748191999676692,0.20945060739400018,59.817443304776916
672,672,0.009759993999693961,0.20945052728225297,59.81609775307778
673,673,0.009771708999721795,0.20945044772581858,59.81752410923275
674,674,0.009784155999739141,0.2094503687208478,59.81618804916512
675,675,0.009796138999718096,0.209450290263518,59.81760449679256
676,676,0.009807705999719474,0.20945021235003314,59.81627786029126
677,677,0.009819515999708983,0.20945013497662335,59.81768446836698
678,678,0.009831246999738141,0.20945005813954498,59.816367187869965
679,679,0.009843095999769957,0.20944998183508032,59.817764024887694
680,680,0.009854987999744935,0.2094499060595376,59.81645603333214
681,681,0.00986654699971723,0.20944983080925023,59.81784316730688
682,682,0.009878357999696163,0.20944975608057745,59.81654439812529
683,683,0.009890020999705484,0.20944968186990354,59.817921896596744
684,684,0.009907571999747233,0.20944960817363778,59.8166322837131
685,685,0.009920946999727676,0.2094495349882146,59.81800021374897
686,686,0.009933024999725149,0.20944946231009276,59.8167196915749
687,687,0.009944810999741094,0.20944939013575595,59.81807811977424
688,688,0.009956577999730598,0.20944931846171208,59.816806623205274
689,689,0.009968448999757129,0.2094492472844932,59.81815561570174
690,690,0.009979937999730737,0.2094491766006554,59.8168930801135
691,691,0.009992097999713678,0.20944910640677883,59.818232702578705
692,692,0.010003585999697862,0.20944903669946702,59.81697906382319
693,693,0.010015047999729632,0.20944896747534741,59.81830938146991
694,694,0.010026941999683459,0.2094488987310706,59.81706457587184
695,695,0.010038665999672958,0.20944883046331042,59.81838565345721
696,696,0.010050369999703435,0.20944876266876375,59.817149617810315
697,697,0.010061993999727292,0.2094486953441506,59.81846151963911
698,698,0.010081763999721716,0.2094486284862132,59.81723419120252
699,699,0.010095678999732627,0.20944856209171694,59.8185369811303
700,700,0.010108176999722218,0.20944849615744926,59.817318297624965
701,701,0.010120136999717033,0.20944843068022004,59.81861203906121
702,702,0.010131882999701247,0.20944836565686112,59.817401938666265
703,703,0.010143869999694743,0.20944830108422652,59.818686694577565
704,704,0.010155652999685572,0.20944823695919182,59.81748511592687
705,705,0.010167332999685641,0.2094481732786544,59.818760948839994
706,706,0.010178847999668506,0.2094481100395332,59.81756783101856
707,707,0.010190714999623651,0.20944804723876848,59.8188348030236
708,708,0.010202451999589357,0.20944798487332142,59.81765008556411
709,709,0.010214192999569605,0.20944792294017484,59.818908258317514
710,710,0.010232021999570406,0.20944786143633193,59.817731881196906
711,711,0.010245876999590564,0.20944780035881694,59.81898131592451
712,712,0.010258364999629066,0.20944773970467467,59.81781321956055
713,713,0.010270586999638454,0.20944767947097045,59.81905397706066
714,714,0.010282486999642515,0.20944761965478992,59.81789410230849
715,715,0.010294644999589764,0.20944756025323885,59.81912624295486
716,716,0.010313292999626356,0.20944750126344325,59.81797453110369
717,717,0.010326421999650393,0.20944744268254883,59.8191981148485
718,718,0.010338717999616165,0.20944738450772127,59.81805450761822
719,719,0.010350911999580603,0.20944732673614583,59.81926959399507
720,720,0.01036274799957937,0.2094472693650272,59.81813403353299
721,721,0.010374502999582091,0.20944721239158964,59.819340681659774
722,722,0.010386552999591459,0.20944715581307632,59.8182131105373
723,723,0.010399032999544033,0.20944709962675,59.81941137911922
724,724,0.010411446999512464,0.209447043829892,59.81829174032859
725,725,0.010424452999529876,0.20944698841980264,59.819481687660996
726,726,0.010437008999531372,0.20944693339380097,59.81836992461209
727,727,0.010448881999536752,0.20944687874922463,59.81955160858337
728,728,0.010460608999494525,0.2094468244834296,59.81844766510048
729,729,0.010472060999461519,0.20944677059379027,59.819621143194915
730,730,0.010491427999454572,0.20944671707769935,59.81852496351354
731,731,0.010506312999496004,0.2094466639325673,59.819690292814194
732,732,0.010519853999483075,0.209446611155823,59.81860182157793
733,733,0.010533416999521705,0.20944655874491272,59.819759058769385
734,734,0.01054639299951532,0.20944650669730058,59.81867824102682
735,735,0.010558924999543251,0.20944645501046835,59.81982744239802
736,736,0.010571032999564522,0.20944640368191522,59.81875422359956
737,737,0.010582983999597673,0.20944635270915762,59.81989544504663
738,738,0.01059501299960175,0.20944630208972942,59.81882977104146
739,739,0.010606738999626941,0.2094462518211813,59.81996306807039
740,740,0.010618778999628375,0.209446201901081,59.81890488510344
741,741,0.010630569999648287,0.20944615232701336,59.82003031283289
742,742,0.010642263999670831,0.20944610309657968,59.81897956754181
743,743,0.010654159999660351,0.20944605420739795,59.82009718070576
744,744,0.010665585999674931,0.20944600565710275,59.819053820117915
745,745,0.010677356999678977,0.20944595744334504,59.82016367306843
746,746,0.010688807999656547,0.20944590956379197,59.8191276445979
747,747,0.010700325999664528,0.20944586201612694,59.82022979130776
748,748,0.010711610999692311,0.20944581479804938,59.81920104275243
749,749,0.010724701999663466,0.20944576790727476,59.82029553681788
750,750,0.010737617999666327,0.20944572134153425,59.8192740163565
751,751,0.010749509999641305,0.2094456750985747,59.82036091099976
752,752,0.01076165699964804,0.20944562917615886,59.81934656718902
753,753,0.010773374999644147,0.2094455835720647,59.82042591526105
754,754,0.0107849409996561,0.2094455382840857,59.819418697032724
755,755,0.010796568999637657,0.2094454933100307,59.820490551015716
756,756,0.010808381999652283,0.20944544864772355,59.81949040767381
757,757,0.010819922999644405,0.2094454042950035,59.820554819683856
758,758,0.010831524999616704,0.20944536024972438,59.81956170090178
759,759,0.010843534999651183,0.20944531650975518,59.82061872269139
760,760,0.010854905999678977,0.20944527307297955,59.819632578509115
761,761,0.010866493999685645,0.20944522993729583,59.820682261469805
762,762,0.010900469999683082,0.209445187100617,59.81970304229111
763,763,0.010916717999691627,0.20944514456087027,59.82074543745592
764,764,0.010930425999674753,0.20944510231599758,59.81977309404563
765,765,0.010943042999656427,0.2094450603639549,59.820808252091624
766,766,0.010955788999638116,0.20944501870271234,59.819842735572855
767,767,0.010968236999644887,0.2094449773302542,59.820870706823634
768,768,0.010980253999662182,0.20944493624457874,59.81991196867508
769,769,0.010993166999639925,0.2094448954436979,59.820932803103275
770,770,0.011005057999625478,0.20944485492563772,59.819980795156496
771,771,0.011017075999632198,0.20944481468843776,59.82099454238621
772,772,0.011029279999661412,0.2094447747301511,59.820049216823016
773,773,0.011040900999660153,0.20944473504884442,59.82105592613227
774,774,0.011052699999652305,0.2094446956425978,59.820117235481966
775,775,0.011064677999684136,0.20944465650950453,59.82111695580514
776,776,0.011081801999694108,0.2094446176476713,59.82018485294201
777,777,0.011093989999665155,0.20944457905521768,59.82117763287223
778,778,0.011105818999681105,0.20944454073027646,59.82025207101286
779,779,0.011117850999653456,0.20944450267099335,59.8212379588044
780,780,0.011129234999657456,0.20944446487552687,59.820318891505075
781,781,0.011143176999667048,0.20944442734204816,59.82129793507577
782,782,0.011156102999677842,0.20944439006874147,59.82038531622996
783,783,0.011168392999707066,0.20944435305380313,59.82135756316351
784,784,0.011180542999682075,0.2094443162954423,59.820451346999285
785,785,0.0111926039996888,0.20944427979188043,59.82141684454762
786,786,0.011205081999719368,0.20944424354135138,59.82051698562513
787,787,0.01121708099975649,0.20944420754210108,59.821475780710756
788,788,0.011228841999752603,0.2094441717923878,59.820582233919744
789,789,0.011240590999761935,0.20944413629048184,59.82153437313801
790,790,0.011252239999748781,0.20944410103466546,59.82064709369529
791,791,0.011264155999754166,0.20944406602323282,59.821592623316725
792,792,0.011275985999759541,0.20944403125448988,59.82071156676377
793,793,0.011287518999779422,0.20944399672675437,59.8216505327363
794,794,0.011307481999779156,0.20944396243835584,59.82077565493675
795,795,0.011321671999780847,0.2094439283876351,59.82170810288806
796,796,0.01133474299979298,0.20944389457294477,59.82083936002528
797,797,0.01134729199981166,0.20944386099264864,59.82176533526495
798,798,0.011359517999778745,0.20944382764512204,59.82090268383969
799,799,0.011372702999778994,0.20944379452875142,59.82182223136149
800,800,0.011385094999809553,0.20944376164193437,59.820965628189434
801,801,0.011397141999793803,0.2094437289830799,59.821878792673516
802,802,0.011409089999801836,0.2094436965506077,59.82102819488297
803,803,0.011421328999801972,0.20944366434294864,59.82193502069805
804,804,0.011433235999788849,0.2094436323585443,59.82109038572755
805,805,0.0114446839997413,0.20944360059584705,59.82199091693313
806,806,0.01145674599973745,0.20944356905332032,59.82115220252909
807,807,0.011468512999726954,0.20944353772943772,59.822046482877596
808,808,0.011480072999688673,0.20944350662268385,59.82121364709208
809,809,0.011492006999674231,0.20944347573155347,59.82210172003101
810,810,0.011503971999673013,0.20944344505455198,59.82127472121934
811,811,0.011515964999716743,0.2094434145901952,59.82215662989343
812,812,0.011527559999706227,0.20944338433700904,59.82133542671199
813,813,0.011542587999713305,0.20944335429352975,59.82221121396529
814,814,0.011554768999701537,0.20944332445830371,59.82139576536922
815,815,0.011566621999691051,0.20944329482988727,59.822265473747244
816,816,0.011578344999691126,0.209443265406847,59.82145573898822
817,817,0.011590239999691221,0.20944323618775929,59.82231941074
818,818,0.01160201299973096,0.20944320717121032,59.82151534936403
819,819,0.011613658999692689,0.20944317835579618,59.822373026444204
820,820,0.011624976999712544,0.20944314974012265,59.821574598289374
821,821,0.011636793999684869,0.20944312132280526,59.82242632236027
822,822,0.011648283999704745,0.20944309310246895,59.821633487554614
823,823,0.01165986999967572,0.2094430650777483,59.822479299988274
824,824,0.01167137599969692,0.20944303724728747,59.821692018947566
825,825,0.011682519999737906,0.20944300960973977,59.82253196082777
826,826,0.011716417999764417,0.20944298216376805,59.82175019425339
827,827,0.011730964999799198,0.20944295490804432,59.82258430637769
828,828,0.011743717999763703,0.20944292784124996,59.82180801525449
829,829,0.011756371999751991,0.20944290096207518,59.82263633813624
830,830,0.0117685329997812,0.2094428742692195,59.82186548373041
831,831,0.011780549999741652,0.20944284776139147,59.82268805760069
832,832,0.011792149999735102,0.2094428214373086,59.82192260145769
833,833,0.011803835999728562,0.20944279529569698,59.822739466267336
834,834,0.011815658999694278,0.20944276933529193,59.821979370209775
835,835,0.011828661999686574,0.20944274355483747,59.82279056563131
836,836,0.011841688999652433,0.20944271795308603,59.822035791756896
837,837,0.011853976999645965,0.2094426925287989,59.82284135718652
838,838,0.011871566999673178,0.20944266728074615,59.822091867866014
839,839,0.011885553999661624,0.209442642207706,59.82289184242547
840,840,0.011898343999689587,0.20944261730846528,59.82214760030065
841,841,0.011910869999667284,0.20944259258181938,59.822942022839214
842,842,0.011922773999685887,0.2094425680265719,59.82220299082083
843,843,0.011935075999701894,0.20944254364153467,59.82299189991718
844,844,0.011947757999735131,0.2094425194255279,59.82225804118299
845,845,0.011959885999715425,0.20944249537737988,59.82304147514708
846,846,0.011972033999711584,0.20944247149592718,59.822312753139855
847,847,0.011984049999739455,0.20944244778001414,59.82309075001486
848,848,0.011995666999780497,0.20944242422849343,59.822367128440376
849,849,0.012007381999808331,0.2094424008402254,59.82313972600449
850,850,0.012019231999772728,0.2094423776140785,59.82242116882962
851,851,0.012030829999730486,0.20944235454892896,59.82318840459796
852,852,0.012042868999742495,0.20944233164366075,59.82247487604868
853,853,0.012054747999741267,0.20944230889716559,59.8232367872751
854,854,0.012066338999773052,0.20944228630834297,59.82252825183463
855,855,0.012078110999766523,0.20944226387609996,59.82328487551355
856,856,0.012090190999742845,0.20944224159935118,59.8225812979204
857,857,0.012139376999755314,0.20944221947701877,59.82333267078862
858,858,0.012154567999743904,0.20944219750803234,59.822634016034684
859,859,0.012167601999692579,0.2094421756913289,59.82338017457322
860,860,0.012180243999637241,0.209442154025853,59.822686407901934
861,861,0.012192709999624185,0.20944213251055618,59.82342738833773
862,862,0.012205306999646837,0.20944211114439767,59.82273847524218
863,863,0.012217438999641672,0.20944208992634353,59.82347431354998
864,864,0.012242164999634042,0.20944206885536717,59.822790219771065
865,865,0.012255000999630283,0.209442047930449,59.82352095167509
866,866,0.012267187999611906,0.20944202715057686,59.82284164319968
867,867,0.012279388999616003,0.20944200651474498,59.82356730417545
868,868,0.012290887999597544,0.20944198602195516,59.82289274723454
869,869,0.012302856999610867,0.20944196567121576,59.82361337251057
870,870,0.01231454699961887,0.20944194546154216,59.82294353357752
871,871,0.012326767999638832,0.2094419253919565,59.82365915813705
872,872,0.012338847999615155,0.20944190546148775,59.82299400392576
873,873,0.012350616999583508,0.20944188566917174,59.82370466250848
874,874,0.0123672369995802,0.20944186601405057,59.82304415997162
875,875,0.012389886999585542,0.2094418464951733,59.8237498870754
876,876,0.012403768999547538,0.20944182711159565,59.823094003402616
877,877,0.012424704999546066,0.20944180786237968,59.82379483328512
878,878,0.012439512999549152,0.20944178874659405,59.82314353590133
879,879,0.012452215999530836,0.20944176976331386,59.82383950258179
880,880,0.012464750999527041,0.2094417509116206,59.823192759145414
881,881,0.01247687799951791,0.2094417321906022,59.823883896406215
882,882,0.01248886499956825,0.20944171359935268,59.82324167480745
883,883,0.012500764999572311,0.20944169513697275,59.82392801619584
884,884,0.012518488999546662,0.20944167680256903,59.82329028455498
885,885,0.012538887999539838,0.20944165859525435,59.82397186338469
886,886,0.012564111999552097,0.20944164051414788,59.82333859005036
887,887,0.012578508999581572,0.2094416225583747,59.82401543940324
888,888,0.012594341999601966,0.20944160472706608,59.823386592950804
889,889,0.01261991899957593,0.20944158701935922,59.82405874567842
890,890,0.012638837999588759,0.20944156943439737,59.82343429490823
891,891,0.01265537599954314,0.20944155197132971,59.82410178363352
892,892,0.012679328999524841,0.20944153462931128,59.82348169756929
893,893,0.012694032999547744,0.209441517407503,59.82414455468816
894,894,0.012717991999522837,0.20944150030507164,59.82352880257531
895,895,0.012738183999488228,0.2094414833211897,59.82418706025814
896,896,0.012758843999506553,0.20944146645503536,59.8235756115622
897,897,0.012783348999505506,0.20944144970579262,59.8242293017555
898,898,0.012804613999492176,0.2094414330726511,59.82362212616043
899,899,0.012820138999472874,0.20944141655480603,59.824271280588405
900,900,0.012833155999487644,0.20944140015145815,59.82366834799502
901,901,0.012845465999475891,0.2094413838618138,59.82431299816108
902,902,0.012863424999522977,0.20944136768508487,59.82371427868545
903,903,0.01287584899949934,0.20944135162048863,59.824354455873774
904,904,0.012888108999504766,0.20944133566724774,59.82375991984564
905,905,0.012899816999492941,0.20944131982459047,59.824395655122714
906,906,0.012912020999465312,0.2094413040917501,59.82380527308393
907,907,0.012934631999428348,0.20944128846796561,59.824436597300036
908,908,0.012956157999440165,0.20944127295248086,59.82385034000297
909,909,0.012969171999486662,0.20944125754454526,59.82447728379375
910,910,0.01300114399953145,0.20944124224341323,59.823895122199794
911,911,0.013014366999527738,0.20944122704834459,59.82451771598769
912,912,0.013026436999496127,0.20944121195860396,59.82393962126568
913,913,0.013038538999524008,0.2094411969734613,59.82455789526147
914,914,0.013055154999563001,0.20944118209219165,59.82398383878618
915,915,0.013071608999553064,0.20944116731407497,59.82459782299042
916,916,0.01308612299953893,0.209441152638396,59.82402777634105
917,917,0.01309828299952187,0.20944113806444495,59.82463750054557
918,918,0.013110568999536554,0.20944112359151656,59.82407143550424
919,919,0.01312360699949977,0.2094411092189106,59.824676929293595
920,920,0.013135709999517076,0.20944109494593155,59.82411481784386
921,921,0.013147519999506585,0.209441080771889,59.82471611059678
922,922,0.013159893999500127,0.20944106669609702,59.824157924922154
923,923,0.01317379399949914,0.2094410527178746,59.824755045812935
924,924,0.01318606999950589,0.20944103883654544,59.82420075829545
925,925,0.013197762999482165,0.20944102505143794,59.824793736295476
926,926,0.013209633999451853,0.20944101136188495,59.82424331951416
927,927,0.013221600999486327,0.20944099776722425,59.82483218339323
928,928,0.01323664299951588,0.20944098426679814,59.82428561012273
929,929,0.01324898999951074,0.2094409708599532,59.8248703884505
930,930,0.013266214999475778,0.2094409575460409,59.82432763165964
931,931,0.01327899199947069,0.20944094432441698,59.82490835280703
932,932,0.013302964999468259,0.20944093119444182,59.82436938565737
933,933,0.013333601999477196,0.20944091815548008,59.824946077797925
934,934,0.01335804999945367,0.20944090520690084,59.82441087364235
935,935,0.013372886999434286,0.20944089234807764,59.82498356475365
936,936,0.01338850299941896,0.20944087957838833,59.82445209713497
937,937,0.01341191999944158,0.20944086689721506,59.82502081499998
938,938,0.013427336999484396,0.20944085430394416,59.8244930576496
939,939,0.013445258999524867,0.20944084179796646,59.825057829858004
940,940,0.013499370999568328,0.20944082937867675,59.82453375669443
941,941,0.013522838999563191,0.20944081704547424,59.82509461064405
942,942,0.013541389999545572,0.20944080479776211,59.82457419577162
943,943,0.013562409999565261,0.20944079263494775,59.8251311586697
944,944,0.013580160999538293,0.20944078055644275,59.82461437637718
945,945,0.013601475999507784,0.20944076856166263,59.825167475241685
946,946,0.013624446999529027,0.20944075665002712,59.82465430000097
947,947,0.013639559999546691,0.20944074482095984,59.825203561662
948,948,0.013663826999504636,0.20944073307388836,59.82469396812671
949,949,0.013676655999518061,0.20944072140824435,59.82523941922773
950,950,0.013689033999526146,0.20944070982346358,59.82473338223194
951,951,0.013701487999526307,0.20944069831898526,59.82527504923111
952,952,0.013716726999518869,0.20944068689425294,59.82477254378801
953,953,0.013745315999528884,0.2094406755487137,59.8253104529595
954,954,0.013761244999500377,0.20944066428181857,59.82481145426008
955,955,0.013786529999549657,0.2094406530930226,59.82534563169531
956,956,0.013800548999540752,0.2094406419817843,59.82485011510707
957,957,0.013817646999541466,0.20944063094756613,59.82538058671603
958,958,0.013847918999545072,0.20944061998983404,59.82488852778172
959,959,0.013863342999570705,0.20944060910805812,59.8254153192942
960,960,0.013888011999597438,0.2094405983017116,59.824926693730504
961,961,0.01390829499962365,0.2094405875702717,59.82544983069739
962,962,0.013923759999613594,0.20944057691321935,59.82496461439367
963,963,0.01393610599961903,0.20944056633003874,59.82548412218813
964,964,0.01395539399959489,0.20944055582021787,59.82500229120521
965,965,0.013979039999583165,0.2094405453832482,59.82551819502398
966,966,0.013994054999557193,0.2094405350186248,59.82503972559285
967,967,0.0140110329995764,0.2094405247258461,59.825552050457475
968,968,0.014034916999605684,0.2094405145044142,59.825076918978056
969,969,0.01404711199961639,0.20944050435383443,59.82558568973607
970,970,0.014062889999593153,0.20944049427361572,59.82511387277599
971,971,0.014087611999570981,0.20944048426327042,59.82561911410218
972,972,0.01410872199954838,0.20944047432231405,59.82515058839559
973,973,0.014149139999517502,0.20944046445026573,59.82565232479314
974,974,0.014167366999515707,0.20944045464664773,59.82518706723944
975,975,0.014185000999532349,0.2094404449109858,59.825685323041185
976,976,0.01420377899955838,0.20944043524280875,59.825223310703905
977,977,0.014217248999557341,0.20944042564164894,59.82571811007347
978,978,0.014243226999553826,0.2094404161070417,59.82525932017898
979,979,0.014256968999575292,0.20944040663852584,59.82575068711203
980,980,0.014279777999604448,0.20944039723564312,59.825295097048425
981,981,0.01429765899956692,0.20944038789793862,59.82578305537374
982,982,0.014310025999577647,0.2094403786249605,59.825330642689664
983,983,0.014322803999561984,0.20944036941626024,59.82581521607039
984,984,0.0143448069995884,0.20944036027139218,59.825365958473846
985,985,0.01436083999959692,0.20944035118991386,59.825847170408586
986,986,0.014380442999595289,0.20944034217138574,59.825401045765794
987,987,0.014395555999612952,0.2094403332153718,59.825878919589805
988,988,0.0144080949996237,0.20944032432143844,59.82543590592403
989,989,0.01442566599962447,0.20944031548915537,59.82591046481033
990,990,0.014438378999614088,0.20944030671809533,59.82547054030078
991,991,0.014450855999655232,0.20944029800783392,59.82594180726128
992,992,0.014462877999676493,0.2094402893579496,59.82550495024197
993,993,0.014474901999676604,0.20944028076802398,59.82597294812862
994,994,0.014487074999692595,0.20944027223764133,59.82553913708721
995,995,0.014498972999717807,0.209440263766389,59.826003888593114
996,996,0.014521142999740277,0.20944025535385713,59.825573102169834
997,997,0.014543341999740278,0.20944024699963865,59.82603462983031
998,998,0.014556909999782874,0.2094402387033293,59.82560684681686
999,999,0.01457008499977519,0.20944023046452778,59.82606517301058
1000,1000,0.014581935999785856,0.2094402222828353,59.82564037234901
1001,1001,0.014594018999787295,0.20944021415785607,59.82609551929911
1002,1002,0.014605787999755648,0.20944020608919706,59.825673680080726
1003,1003,0.014617637999776889,0.2094401980764678,59.82612566985584
1004,1004,0.014629197999795451,0.20944019011928058,59.82570677132014
1005,1005,0.01464072899977964,0.20944018221725041,59.826155625835526
1006,1006,0.014652481999803513,0.209440174369995,59.825739647369154
1007,1007,0.014664257999811525,0.20944016657713455,59.82618538838772
1008,1008,0.014686630999847239,0.2094401588382922,59.825772309523344
1009,1009,0.014702048999822637,0.20944015115309333,59.82621495865671
1010,1010,0.014724657999806823,0.20944014352116624,59.825804759072014
1011,1011,0.014739756999802012,0.2094401359421415,59.82624433778164
1012,1012,0.014753136999843264,0.2094401284156526,59.82583699729824
1013,1013,0.014765655999838145,0.20944012094133518,59.82627352689637
1014,1014,0.014777808999838271,0.2094401135188278,59.8258690254788
1015,1015,0.014790131999859568,0.20944010614777112,59.82630252712958
1016,1016,0.014805073999866636,0.20944009882780862,59.825900844884245
1017,1017,0.014817179999909058,0.2094400915585862,59.8263313396047
1018,1018,0.014829032999898573,0.20944008433975195,59.825932456778865
1019,1019,0.014844171999925493,0.20944007717095672,59.82635996543997
1020,1020,0.014859378999915407,0.20944007005185367,59.82596386242073
1021,1021,0.01487404699992112,0.20944006298209827,59.826388405748396
1022,1022,0.014907741999934387,0.20944005596134851,59.82599506306167
1023,1023,0.014925330999972175,0.20944004898926472,59.82641666163776
1024,1024,0.014944115999924179,0.20944004206550945,59.82602605994729
1025,1025,0.01496440099992924,0.20944003518974777,59.82644473421065
1026,1026,0.014980018999892764,0.20944002836164705,59.826056854316995
1027,1027,0.014993259999926067,0.2094400215808768,59.826472624564396
1028,1028,0.01500591999996459,0.2094400148471091,59.826087447403985
1029,1029,0.015026395000006687,0.20944000816001798,59.826500333791174
1030,1030,0.015068395000014334,0.20944000151928002,59.826117840435266
1031,1031,0.01509321200001068,0.2094399949245738,59.82652786297792
1032,1032,0.015108690000033675,0.20943998837558028,59.826148034631686
1033,1033,0.015131017000044267,0.20943998187198265,59.82655521320636
1034,1034,0.015151716000048054,0.20943997541346615,59.82617803120788
1035,1035,0.0151656110000431,0.2094399689997183,59.826582385553024
1036,1036,0.015178479000041989,0.20943996263042886,59.82620783137236
1037,1037,0.01520793800006004,0.20943995630528967,59.826609381089256
1038,1038,0.015231148000054873,0.2094399500239945,59.82623743632746
1039,1039,0.015246204000050056,0.20943994378623962,59.8266362008812
1040,1040,0.015262163000045348,0.2094399375917231,59.82626684726943
1041,1041,0.01529116800003294,0.20943993144014544,59.82666284598981
1042,1042,0.015304732000004151,0.20943992533120864,59.826296065388334
1043,1043,0.015330815000027087,0.20943991926461747,59.826689317470866
1044,1044,0.015350223000041296,0.2094399132400782,59.826325091868156
1045,1045,0.015368463000072552,0.20943990725729944,59.82671561637496
1046,1046,0.015384741000104896,0.2094399013159917,59.82635392788679
1047,1047,0.015415054000129658,0.20943989541586738,59.82674174374754
1048,1048,0.015449477000117895,0.20943988955664122,59.82638257461604
1049,1049,0.015472895000129938,0.2094398837380296,59.826767700628864
1050,1050,0.015514038000105757,0.20943987795975108,59.82641103322162
1051,1051,0.015549190000058388,0.20943987222152588,59.82679348805403
1052,1052,0.015564686000061556,0.20943986652307658,59.82643930486319
1053,1053,0.015577216000053795,0.20943986086412733,59.82681910705303
1054,1054,0.015589282000064486,0.2094398552444044,59.82646739069439
1055,1055,0.015613349000091148,0.20943984966363588,59.82684455865068
1056,1056,0.015637076000075467,0.20943984412155175,59.82649529186281
1057,1057,0.01565197900009707,0.2094398386178838,59.82686984386666
1058,1058,0.01567641200011849,0.20943983315236578,59.82652300951004
1059,1059,0.01568974500008835,0.20943982772473327,59.82689496371553
1060,1060,0.015702253000085875,0.2094398223347236,59.82655054477165
1061,1061,0.015714800000068863,0.20943981698207603,59.82691991920677
1062,1062,0.015745599000069888,0.20943981166653156,59.826577898777224
1063,1063,0.015772055000070395,0.20943980638783302,59.826944711344716
1064,1064,0.01578808900006834,0.209439801145725,59.8266050726504
1065,1065,0.015807214000062686,0.2094397959399538,59.8269693411286
1066,1066,0.015822989000071175,0.20943979077026756,59.82663206750887
1067,1067,0.01583588300007932,0.20943978563641621,59.82699380955259
1068,1068,0.015852317000053517,0.20943978053815138,59.82665888446433
1069,1069,0.015872551000086332,0.20943977547522627,59.827018117605775
1070,1070,0.015892309000093974,0.209439770447396,59.82668552462261
1071,1071,0.015905166000095505,0.2094397654544173,59.827042266272166
1072,1072,0.015917553000122098,0.20943976049604854,59.82671198908362
1073,1073,0.015929791000075966,0.20943975557204983,59.827066256530706
1074,1074,0.01594145100006017,0.20943975068218298,59.82673827894138
1075,1075,0.01595333000005894,0.2094397458262114,59.82709008935532
1076,1076,0.01597111100005577,0.2094397410039,59.82676439528403
1077,1077,0.015983951000066554,0.20943973621501558,59.82711376571488
1078,1078,0.015996123000036278,0.20943973145932646,59.826790339193856
1079,1079,0.016019144000040342,0.2094397267366025,59.82713728657323
1080,1080,0.016034284999989268,0.20943972204661507,59.82681611174732
1081,1081,0.016046986999981527,0.20943971738913744,59.827160652889205
1082,1082,0.016059478999977728,0.20943971276394416,59.826841714015046
1083,1083,0.01607180700000299,0.20943970817081148,59.82718386561664
1084,1084,0.016083895000008397,0.2094397036095171,59.826867147061876
1085,1085,0.016096082000046863,0.20943969907984045,59.827206925704395
1086,1086,0.01610804800003507,0.20943969458156214,59.82689241194685
1087,1087,0.016120228000033876,0.2094396901144648,59.827229834096315
1088,1088,0.016141621000031137,0.20943968567833213,59.826917509723266
1089,1089,0.016155339000022195,0.20943968127294954,59.82725259173132
1090,1090,0.01616796799999065,0.20943967689810378,59.826942441438625
1091,1091,0.016180529999985538,0.2094396725535834,59.82727519954336
1092,1092,0.016192316000001483,0.20943966823917795,59.82696720813475
1093,1093,0.016204099999981736,0.2094396639546789,59.82729765846145
1094,1094,0.01621571599997651,0.20943965969987874,59.826991810847716
1095,1095,0.016227796000009675,0.20943965547457163,59.82731996940965
1096,1096,0.016239468999970086,0.20943965127855332,59.827016250607926
1097,1097,0.016251412999963577,0.20943964711162066,59.82734213330717
1098,1098,0.016263055999957032,0.20943964297357207,59.82704052844012
1099,1099,0.016274828999939928,0.2094396388642072,59.82736415106825
1100,1100,0.016286449999938668,0.2094396347833274,59.82706464536334
1101,1101,0.016297934999954578,0.20943963073073518,59.827386023602294
1102,1102,0.01631008699996528,0.20943962670623434,59.82708860239104
1103,1103,0.01632175599996799,0.2094396227096303,59.82740775181381
1104,1104,0.016333392999968055,0.20943961874072958,59.82711240053102
1105,1105,0.01634567599995762,0.20943961479934028,59.82742933660246
1106,1106,0.016372667999974055,0.2094396108852716,59.827136040785525
1107,1107,0.016386216999933367,0.20943960699833414,59.82745077886304
1108,1108,0.016398336999884577,0.2094396031383399,59.82715952415116
1109,1109,0.016423701999883633,0.2094395993051021,59.827472079485545
1110,1110,0.0164378909998959,0.20943959549843524,59.82718285161906
1111,1111,0.01644994999986693,0.20943959171815518,59.82749323935514
1112,1112,0.016472495999835246,0.209439587964079,59.827206024174714
1113,1113,0.01648528699979579,0.20943958423602504,59.82751425935219
1114,1114,0.016497139999785304,0.2094395805338129,59.82722904279821
1115,1115,0.01652239799977906,0.20943957685726353,59.82753514035228
1116,1116,0.016535296999734328,0.209439573206199,59.827251908464035
1117,1117,0.016555936999736787,0.20943956958044266,59.8275558832262
1118,1118,0.01657046199972001,0.20943956597981905,59.82727462214127
1119,1119,0.01659515799968858,0.20943956240415404,59.82757648884003
1120,1120,0.016609094999637364,0.20943955885327453,59.8272971847935
1121,1121,0.016621704999636222,0.20943955532700875,59.827596958055075
1122,1122,0.016634117999615228,0.20943955182518612,59.8273195973789
1123,1123,0.01665713999966556,0.2094395483476371,59.82761729172791
1124,1124,0.016681610999683016,0.20943954489419359,59.82734186085021
1125,1125,0.016701123999666834,0.20943954146468838,59.82763749071042
1126,1126,0.016715010999632796,0.20943953805895552,59.82736397615478
1127,1127,0.016739073999644916,0.20943953467683035,59.8276575558498
1128,1128,0.016752883999629375,0.20943953131814913,59.82738594423458
1129,1129,0.01678461099965034,0.20943952798274934,59.827677487988545
1130,1130,0.016814922999685677,0.20943952467046967,59.827407766026234
1131,1131,0.016829055999664888,0.20943952138114982,59.82769728796451
1132,1132,0.016848299999651317,0.20943951811463066,59.827429442461025
1133,1133,0.01686544299968773,0.20943951487075402,59.827716956610885
1134,1134,0.01688477099969532,0.20943951164936314,59.82745097446495
1135,1135,0.016897546999700808,0.20943950845030204,59.827736494756245
1136,1136,0.016909932999737975,0.20943950527341595,59.827472362958666
1137,1137,0.01692213199970638,0.20943950211855122,59.82775590322454
1138,1138,0.01694909599973471,0.20943949898555514,59.82749360885761
1139,1139,0.016978488999768615,0.2094394958742761,59.82777518283514
1140,1140,0.016998878999743283,0.20943949278456367,59.82751471307193
1141,1141,0.01701744399974814,0.20943948971626822,59.82779433440282
1142,1142,0.017037982999738688,0.20943948666924134,59.82753567650658
1143,1143,0.01705336699973259,0.20943948364333573,59.82781335873777
1144,1144,0.017072286999734843,0.20943948063840478,59.82755650006128
1145,1145,0.01708480699971915,0.20943947765430332,59.827832256645685
1146,1146,0.01709721899970873,0.2094394746908866,59.82757718463057
1147,1147,0.017109995999703642,0.20943947174801164,59.8278510289277
1148,1148,0.01712221999969188,0.20943946882553593,59.82759773110386
1149,1149,0.017146484999670975,0.20943946592331797,59.82786967638041
1150,1150,0.017175962999658623,0.20943946304121738,59.82761814036536
1151,1151,0.017204770999626362,0.20943946017909476,59.82788819979596
1152,1152,0.017226439999603826,0.2094394573368116,59.82763841329421
1153,1153,0.017241335999642615,0.20943945451423032,59.82790659996199
1154,1154,0.017259490999663285,0.20943945171121445,59.82765855076443
1155,1155,0.01727736999970375,0.20943944892762836,59.82792487766169
1156,1156,0.017294881999703193,0.20943944616333726,59.82767855364496
1157,1157,0.017312935999711954,0.20943944341820747,59.82794303367376
1158,1158,0.017356399999755467,0.20943944069210627,59.82769842279968
1159,1159,0.017385732999741776,0.20943943798490156,59.82796106877257
1160,1160,0.017401033999760784,0.2094394352964625,59.827718159087446
1161,1161,0.017422184999759338,0.20943943262665898,59.82797898372795
1162,1162,0.01743759199973738,0.20943942997536177,59.82773776336212
1163,1163,0.017453338999700918,0.20943942734244264,59.82799677930546
1164,1164,0.017468862999692192,0.20943942472777424,59.82775723647252
1165,1165,0.01748405599965963,0.20943942213123,59.828014456266175
1166,1166,0.017499437999674683,0.20943941955268428,59.827776579262554
1167,1167,0.01751552999968453,0.20943941699201232,59.828032015366894
1168,1168,0.01753118899966921,0.20943941444909023,59.827795792571145
1169,1169,0.017548278999697686,0.20943941192379506,59.82804945736003
1170,1170,0.017571854999687275,0.20943940941600456,59.827814877232306
1171,1171,0.017588141999681284,0.20943940692559723,59.828066782993695
1172,1172,0.01760340899966195,0.20943940445245288,59.82783383407514
1173,1173,0.017619933999640125,0.20943940199645164,59.82808399301168
1174,1174,0.01763819099966213,0.20943939955747473,59.82785266392388
1175,1175,0.017663564999679693,0.20943939713540413,59.82810108815348
1176,1176,0.017709959999649527,0.20943939473012274,59.827871367597865
1177,1177,0.01772613499963427,0.209439392341514,59.82811806915434
1178,1178,0.01775539899966816,0.2094393899694625,59.82788994591165
1179,1179,0.017779833999668426,0.20943938761385342,59.82813493674525
1180,1180,0.017794727999671522,0.20943938527457273,59.82790839967493
1181,1181,0.017821661999676053,0.20943938295150732,59.828151691652955
1182,1182,0.01783635999964872,0.20943938064454487,59.82792672969262
1183,1183,0.01784913299962909,0.20943937835357354,59.82816833459998
1184,1184,0.017861364999646412,0.2094393760784826,59.82794493676488
1185,1185,0.017875926999693093,0.20943937381916203,59.82818486630467
1186,1186,0.01788845899966418,0.20943937157550246,59.82796302168709
1187,1187,0.0179005879996339,0.20943936934739527,59.828201287481164
1188,1188,0.017912387999615476,0.2094393671347328,59.827980985249916
1189,1189,0.017924149999601013,0.20943936493740783,59.82821759883945
1190,1190,0.01793599899963283,0.20943936275531413,59.82799882823932
1191,1191,0.01795544899965762,0.2094393605883461,59.828233801085375
1192,1192,0.017968443999677675,0.20943935843639888,59.8280165514366
1193,1193,0.017980400999647372,0.2094393562993685,59.82824989492065
1194,1194,0.017996813999673122,0.20943935417715134,59.82803415561833
1195,1195,0.018008872999700998,0.20943935206964484,59.82826588104288
1196,1196,0.018020509999701062,0.20943934997674696,59.8280516415565
1197,1197,0.018032100999676004,0.20943934789835647,59.82828176014558
1198,1198,0.018043667999677382,0.20943934583437288,59.828069010018474
1199,1199,0.01806819499967105,0.20943934378469625,59.8282975329182
1200,1200,0.01808201199969517,0.2094393417492274,59.828086261767
1201,1201,0.01810575599972708,0.20943933972786788,59.8283132000461
1202,1202,0.018146325999680357,0.2094393377205199,59.82810339756025
1203,1203,0.01816627899967216,0.20943933572708617,59.828328762210646
1204,1204,0.018195595999657144,0.20943933374747056,59.82812041815186
1205,1205,0.01821023399963906,0.20943933178157706,59.828344220089164
1206,1206,0.018223251999643253,0.20943932982931057,59.82813732429094
1207,1207,0.01823610999963421,0.20943932789057665,59.82835957435499
1208,1208,0.018260266999675423,0.20943932596528156,59.82815411672207
1209,1209,0.018275184999708927,0.20943932405333204,59.82837482567746
1210,1210,0.018318367999711427,0.20943932215463562,59.82817079618533
1211,1211,0.01833964499968488,0.2094393202691005,59.82838997472195
1212,1212,0.01835420699973156,0.20943931839663538,59.82818736341639
1213,1213,0.018372811999711303,0.2094393165371497,59.82840502214991
1214,1214,0.01839212999971096,0.2094393146905534,59.828203819146424
1215,1215,0.01841062499971713,0.20943931285675724,59.82841996861884
1216,1216,0.01842845399971793,0.20943931103567254,59.8282201641022
1217,1217,0.01845521399974359,0.20943930922721096,59.82843481478233
1218,1218,0.018468601999757084,0.20943930743128522,59.828236399006094
1219,1219,0.01848355899977605,0.20943930564780838,59.828449561290086
1220,1220,0.018509906999781833,0.2094393038766941,59.82825252457608
1221,1221,0.018522941999776776,0.20943930211785663,59.828464208787956
1222,1222,0.018560920999789232,0.20943930037121103,59.828268541525816
1223,1223,0.01857992199978753,0.20943929863667266,59.8284787579179
1224,1224,0.018593871999769362,0.20943929691415764,59.828284450564574
1225,1225,0.018606915999782814,0.2094392952035826,59.828493209318054
1226,1226,0.01861966099977508,0.20943929350486493,59.828300252397355
1227,1227,0.018644121999784602,0.20943929181792215,59.828507563622736
1228,1228,0.018660312999770667,0.20943929014267282,59.82831594772484
1229,1229,0.01867450199972609,0.20943928847903592,59.82852182146247
1230,1230,0.018687339999758024,0.20943928682693091,59.82833153724346
1231,1231,0.018699694999725125,0.20943928518627786,59.828535983464
1232,1232,0.018711448999738423,0.20943928355699734,59.828347021645364
1233,1233,0.01873448399976496,0.20943928193901049,59.82855005025028
1234,1234,0.018748993999736285,0.20943928033223908,59.82836240161853
1235,1235,0.018761330999723214,0.20943927873660545,59.828564022440524
1236,1236,0.018773272999737856,0.20943927715203237,59.82837767784666
1237,1237,0.01878524599976572,0.209439275578443,59.82857790065025
1238,1238,0.018803244999787694,0.2094392740157614,59.82839285100933
1239,1239,0.018816285999776028,0.20943927246391178,59.82859168549123
1240,1240,0.01882835599980126,0.2094392709228193,59.82840792178192
1241,1241,0.01885221199984244,0.2094392693924092,59.828605377571556
1242,1242,0.018864669999857142,0.20943926787260742,59.82842289083567
1243,1243,0.018876716999898235,0.20943926636334056,59.82861897749563
1244,1244,0.018888708999895698,0.20943926486453554,59.82843775883772
1245,1245,0.018914509999888196,0.20943926337611976,59.828632485864226
1246,1246,0.018927691999863328,0.20943926189802134,59.82845252645109
1247,1247,0.0189398619998542,0.2094392604301686,59.828645903274456
1248,1248,0.018951593999872784,0.20943925897249072,59.82846719433471
1249,1249,0.018962756999826524,0.20943925752491713,59.82865923031983
1250,1250,0.018982837999828917,0.2094392560873776,59.82848176314349
1251,1251,0.018997271999808163,0.2094392546598027,59.82867246759023
1252,1252,0.019013817999791627,0.2094392532421234,59.82849623352828
1253,1253,0.019028734999835706,0.20943925183427103,59.82868561567198
1254,1254,0.01905175399986092,0.20943925043617756,59.828510606135914
1255,1255,0.019065180999859876,0.2094392490477753,59.828698675147834
1256,1256,0.019080878999886863,0.20943924766899708,59.828524881609226
1257,1257,0.019093548999876475,0.20943924629977612,59.82871164659696
1258,1258,0.019106240999860802,0.20943924494004618,59.8285390605871
1259,1259,0.019128540999872712,0.2094392435897416,59.82872453059504
1260,1260,0.01915252499992448,0.209439242248797,59.82855314370443
1261,1261,0.019166161999919495,0.20943924091714738,59.82873732771423
1262,1262,0.0191858519999073,0.20943923959472846,59.82856713159223
1263,1263,0.01920911499991007,0.20943923828147615,59.828750038523154
1264,1264,0.019223635999878752,0.20943923697732694,59.82858102487756
1265,1265,0.01924840099991343,0.20943923568221773,59.82876266358704
1266,1266,0.019261888999892562,0.20943923439608592,59.8285948241836
1267,1267,0.019275241999935133,0.2094392331188692,59.82877520346756
1268,1268,0.019288023999934012,0.2094392318505058,59.828608530129664
1269,1269,0.019300207999890517,0.20943923059093436,59.828787658723016
1270,1270,0.019311892999894553,0.20943922934009387,59.82862214333123
1271,1271,0.019324094999888075,0.2094392280979239,59.82880002990824
1272,1272,0.019339280999929542,0.20943922686436436,59.82863566439992
1273,1273,0.019355392999955257,0.20943922563935552,59.82881231757468
1274,1274,0.01938702299992201,0.20943922442283797,59.828649093943575
1275,1275,0.019407497999907264,0.20943922321475314,59.828824522270395
1276,1276,0.01942326299990782,0.20943922201504236,59.82866243256621
1277,1277,0.019450378999920304,0.20943922082364766,59.82883664454005
1278,1278,0.019466119999947296,0.2094392196405114,59.82867568086812
1279,1279,0.019479128999932982,0.2094392184655763,59.828848684924985
1280,1280,0.01949186299992789,0.20943921729878553,59.82868883944584
1281,1281,0.01950434599990558,0.20943921614008262,59.82886064396318
1282,1282,0.019516639999892504,0.20943921498941165,59.82870190889216
1283,1283,0.01952866299990319,0.20943921384671668,59.8288725221893
1284,1284,0.019540590999895358,0.20943921271194257,59.82871488979615
1285,1285,0.019552688999908696,0.2094392115850344,59.82888432013471
1286,1286,0.019564702999900874,0.20943921046593775,59.82872778274325
1287,1287,0.019576545999882455,0.2094392093545983,59.82889603832749
1288,1288,0.019588275999865346,0.20943920825096232,59.828740588315185
1289,1289,0.019599888999835002,0.20943920715497652,59.82890767729246
1290,1290,0.019615553999813073,0.20943920606658775,59.828753307090054
1291,1291,0.019638585999814495,0.2094392049857434,59.82891923755117
1292,1292,0.01965840999980628,0.20943920391239118,59.82876593964232
1293,1293,0.0196809069997812,0.2094392028464791,59.828930719621944
1294,1294,0.019695966999790926,0.20943920178795572,59.82877848654286
1295,1295,0.019708855999795105,0.20943920073676964,59.82894212401992
1296,1296,0.01972121499983359,0.2094391996928702,59.82879094835892
1297,1297,0.019735848999800965,0.20943919865620678,59.828953451256965
1298,1298,0.019748220999815658,0.2094391976267291,59.82880332565424
1299,1299,0.019762635999825306,0.2094391966043876,59.82896470184184
1300,1300,0.019791081999812832,0.20943919558913268,59.82881561898897
1301,1301,0.01980821899979901,0.20943919458091514,59.8289758762801
1302,1302,0.019822044999784794,0.20943919357968638,59.82882782891973
1303,1303,0.019834474999754548,0.2094391925853978,59.82898697507415
1304,1304,0.019846563999749378,0.20943919159800145,59.82883995599966
1305,1305,0.019858353999779865,0.20943919061744942,59.82899799872329
1306,1306,0.01987019899979714,0.2094391896436943,59.82885200077839
1307,1307,0.019882422999785376,0.20943918867668898,59.82900894772367
1308,1308,0.019894389999763007,0.20943918771638667,59.828863963802085
1309,1309,0.019925832999774684,0.20943918676274095,59.829019822568384
1310,1310,0.019941192999738178,0.20943918581570564,59.82887584561348
1311,1311,0.019958015999748113,0.2094391848752349,59.82903062374741
1312,1312,0.0199725759997591,0.20943918394128325,59.828887646751845
1313,1313,0.019985158999759278,0.20943918301380557,59.82904135174766
1314,1314,0.02000617599975385,0.20943918209275683,59.82889936775307
1315,1315,0.020020943999782048,0.20943918117809252,59.82905200705302
1316,1316,0.020038595999778863,0.20943918026976846,59.82891100914961
1317,1317,0.020050882999726127,0.20943917936774067,59.82906259014436
1318,1318,0.02006333899976198,0.2094391784719655,59.8289225714706
1319,1319,0.02007596999976613,0.20943917758239952,59.82907310149948
1320,1320,0.02008825199976627,0.20943917669899986,59.82893405524179
1321,1321,0.02009998899978882,0.20943917582172367,59.82908354159324
1322,1322,0.02012399099976392,0.2094391749505285,59.8289454609856
1323,1323,0.020138521999797376,0.2094391740853722,59.82909391089747
1324,1324,0.02016002099975367,0.209439173226213,59.82895678922113
1325,1325,0.020183775999726095,0.2094391723730092,59.82910420988106
1326,1326,0.020199424999759685,0.20943917152571953,59.82896804046421
1327,1327,0.020212458999765204,0.2094391706843031,59.82911443900996
1328,1328,0.02022526299981564,0.2094391698487191,59.828979215227335
1329,1329,0.0202374409998356,0.20943916901892726,59.82912459874717
1330,1330,0.02024980099986351,0.2094391681948872,59.8289903140198
1331,1331,0.020262669999908667,0.20943916737655918,59.829134689552774
1332,1332,0.020274878999941848,0.20943916656390366,59.8290013373476
1333,1333,0.020286761999898317,0.20943916575688112,59.82914471188398
1334,1334,0.020298489999902358,0.20943916495545267,59.82901228571357
1335,1335,0.020310435999931542,0.20943916415957958,59.829154666195066
1336,1336,0.020322477999911825,0.20943916336922325,59.82902315961729
1337,1337,0.020334001999913198,0.2094391625843454,59.829164552937485
1338,1338,0.02034564099989211,0.20943916180490818,59.829033959555176
1339,1339,0.02035729199991465,0.2094391610308737,59.82917437255983
1340,1340,0.020369052999910764,0.20943916026220472,59.829044686020474
1341,1341,0.02038999299986699,0.20943915949886394,59.82918412550782
1342,1342,0.020410334999837687,0.20943915874081437,59.829055339503256
1343,1343,0.020423709999874973,0.20943915798801946,59.829193812224396
1344,1344,0.020435972999905516,0.20943915724044265,59.829065920490514
1345,1345,0.020448239999893758,0.2094391564980479,59.829203433149694
1346,1346,0.02046034299985422,0.20943915576079913,59.82907642946608
1347,1347,0.020478024999874833,0.2094391550286609,59.829212988721046
1348,1348,0.020491913999876488,0.20943915430159757,59.82908686691069
1349,1349,0.02050605999988875,0.20943915357957407,59.829222479373
1350,1350,0.02052285899992512,0.20943915286255543,59.82909723330204
1351,1351,0.02053939399996807,0.20943915215050696,59.829231905537384
1352,1352,0.020562071999961518,0.20943915144339426,59.82910752911475
1353,1353,0.020576846999915688,0.2094391507411831,59.82924126764323
1354,1354,0.02059822499990105,0.2094391500438394,59.82911775482035
1355,1355,0.020623191999845858,0.2094391493513295,59.829250566116905
1356,1356,0.02064675699983809,0.20943914866361993,59.82912791088743
1357,1357,0.020662190999871655,0.20943914798067734,59.829259801382015
1358,1358,0.02067466999989165,0.20943914730246874,59.82913799778151
1359,1359,0.020687510999891856,0.20943914662896132,59.829268973859506
1360,1360,0.020699280999906478,0.20943914596012245,59.829148015965124
1361,1361,0.020719252999867876,0.20943914529591984,59.829278083967615
1362,1362,0.02073235099987869,0.20943914463632116,59.82915796589788
1363,1363,0.020749998999860964,0.20943914398129473,59.82928713212193
1364,1364,0.020763014999829466,0.20943914333080876,59.82916784803637
1365,1365,0.020783891999826665,0.2094391426848318,59.8292961187354
1366,1366,0.020805246999827887,0.20943914204333253,59.8291776628343
1367,1367,0.02082059299982575,0.2094391414062801,59.82930504421832
1368,1368,0.020834057999820743,0.20943914077364334,59.82918741074241
1369,1369,0.020846312999822203,0.209439140145392,59.82931390897837
1370,1370,0.020863180999810993,0.20943913952149545,59.829197092208595
1371,1371,0.020879503999765348,0.20943913890192356,59.82932271342063
1372,1372,0.020891891999781365,0.20943913828664643,59.8292067076778
1373,1373,0.020904259999781516,0.2094391376756342,59.8293314579476
1374,1374,0.020916442999748597,0.20943913706885742,59.829216257592144
1375,1375,0.0209331639997572,0.2094391364662865,59.829340142959175
1376,1376,0.02095798599975751,0.20943913586789262,59.829225742390875
1377,1377,0.020974254999771347,0.20943913527364655,59.82934876885274
1378,1378,0.020998690999761038,0.20943913468351955,59.82923516251041
1379,1379,0.021013657999787938,0.20943913409748327,59.82935733602309
1380,1380,0.021026090999839653,0.20943913351550922,59.82924451838435
1381,1381,0.021042432999877292,0.20943913293756922,59.82936584486251
1382,1382,0.021057318999851304,0.20943913236363537,59.829253810443504
1383,1383,0.02106983299984222,0.20943913179367984,59.829374295760765
1384,1384,0.02108465699984663,0.2094391312276751,59.82926303911586
1385,1385,0.021107324999832144,0.20943913066559378,59.82938268910512
1386,1386,0.021122631999844543,0.20943913010740864,59.82927220482668
1387,1387,0.021134945999847332,0.20943912955309266,59.82939102528036
1388,1388,0.021147198999869943,0.20943912900261913,59.829281307998436
1389,1389,0.02116776799988429,0.20943912845596124,59.82939930466879
1390,1390,0.02119110699987914,0.2094391279130926,59.8292903490509
1391,1391,0.021204539999871486,0.20943912737398704,59.829407527650275
1392,1392,0.021217710999906103,0.2094391268386185,59.829299328401106
1393,1393,0.021229605999906198,0.20943912630696082,59.82941569460221
1394,1394,0.02124101499993003,0.2094391257789886,59.82930824646338
1395,1395,0.021253071999922213,0.20943912525467603,59.82942380589958
1396,1396,0.021276560999922367,0.20943912473399792,59.829317103649366
1397,1397,0.021299773999885474,0.20943912421692895,59.82943186191497
1398,1398,0.021312859999909506,0.2094391237034442,59.82932590036804
1399,1399,0.021325277999892478,0.20943912319351882,59.829439863018514
1400,1400,0.02133715599984498,0.20943912268712808,59.82933463702571
1401,1401,0.02134885499987149,0.20943912218424743,59.829447809578014
1402,1402,0.0213674799998671,0.2094391216848527,59.829343314026076
1403,1403,0.02139208399984227,0.20943912118891964,59.829455701958885
1404,1404,0.02140556499983859,0.20943912069642423,59.82935193177017
1405,1405,0.021429491999867878,0.20943912020734265,59.82946354052415
1406,1406,0.021442303999890555,0.20943911972165122,59.829360490656455
1407,1407,0.021454705999872203,0.20943911923932657,59.82947132563456
1408,1408,0.021466674999885527,0.20943911876034516,59.82936899108078
1409,1409,0.021478443999910724,0.209439118284684,59.82947905764845
1410,1410,0.021490036999921358,0.20943911781231994,59.82937743343642
1411,1411,0.021532047999926363,0.20943911734323017,59.82948673692191
1412,1412,0.02154773699993484,0.209439116877392,59.829385818114105
1413,1413,0.021561163999933797,0.2094391164147829,59.82949436380868
1414,1414,0.021573880999937955,0.2094391159553805,59.82939414550199
1415,1415,0.02158627099993282,0.20943911549916264,59.82950193866026
1416,1416,0.021598427999890646,0.20943911504610704,59.82940241598573
1417,1417,0.021617014999890216,0.20943911459619197,59.82950946182581
1418,1418,0.02163045699990107,0.2094391141493955,59.82941062994846
1419,1419,0.02164281299991444,0.2094391137056961,59.82951693365228
1420,1420,0.02166522999988274,0.20943911326507242,59.829418787770805
1421,1421,0.021677849999832688,0.20943911282750294,59.829524354484356
1422,1422,0.021689643999820873,0.2094391123929666,59.829426889830906
1423,1423,0.02170465099982266,0.2094391119614423,59.82953172466449
1424,1424,0.021716885999808255,0.20943911153290928,59.82943493650443
1425,1425,0.02172921999982691,0.2094391111073467,59.8295390445329
1426,1426,0.021741408999844225,0.20943911068473398,59.8294429281646
1427,1427,0.02175326199983374,0.2094391102650508,59.829546314427624
1428,1428,0.021765188999836482,0.2094391098482766,59.829450865182224
1429,1429,0.021799512999848503,0.20943910943439142,59.82955353468447
1430,1430,0.021813477999842235,0.2094391090233752,59.82945874792563
1431,1431,0.02182632199986756,0.20943910861520804,59.8295607056371
1432,1432,0.021838671999830694,0.2094391082098702,59.82946657676079
1433,1433,0.02185106799981895,0.20943910780734204,59.82956782761698
1434,1434,0.02186360399980458,0.20943910740760405,59.82947435205123
1435,1435,0.021875561999820547,0.209439107010637,59.82957490095341
1436,1436,0.021887087999857613,0.2094391066164215,59.829482074158136
1437,1437,0.02189874999987751,0.20943910622493875,59.82958192597361
1438,1438,0.021910575999868342,0.20943910583616956,59.829489743440334
1439,1439,0.02192252299988695,0.20943910545009523,59.829588903002616
1440,1440,0.02193403899985924,0.2094391050666971,59.82949736025425
1441,1441,0.021945576999883087,0.2094391046859565,59.82959583236334
1442,1442,0.021957097999916186,0.20943910430785512,59.82950492495402
1443,1443,0.021968387999947936,0.2094391039323747,59.82960271437661
1444,1444,0.02198019099995463,0.20943910355949696,59.82951243789145
1445,1445,0.02199191099998643,0.20943910318920397,59.82960954936118
1446,1446,0.022003578999999718,0.20943910282147762,59.82951989941601
1447,1447,0.022015085000020918,0.2094391024563003,59.82961633763369
1448,1448,0.02203371600006676,0.20943910209365432,59.829527309874905
1449,1449,0.02204660500007094,0.20943910173352212,59.82962307950875
1450,1450,0.0220588750000843,0.2094391013758862,59.829534669613054
1451,1451,0.022070656000039435,0.20943910102072938,59.82962977529889
1452,1452,0.022082500999999866,0.2094391006680343,59.829541978973104
1453,1453,0.022094355000035648,0.20943910031778412,59.82963642531459
1454,1454,0.02210591700003306,0.2094390999699618,59.829549238295456
1455,1455,0.022117537000042375,0.20943909962455037,59.82964302986434
1456,1456,0.02212933100003056,0.20943909928153334,59.82955644791826
1457,1457,0.02214060800002926,0.20943909894089394,59.829649589254586
1458,1458,0.022152027999993606,0.2094390986026158,59.82956360817745
1459,1459,0.022163490999957958,0.2094390982666825,59.829656103789766
1460,1460,0.022175154999956703,0.20943909793307783,59.82957071940678
1461,1461,0.022186665999925026,0.20943909760178558,59.82966257377235
1462,1462,0.022208564999914415,0.20943909727278975,59.82957778193776
1463,1463,0.02222344099993734,0.20943909694607446,59.8296689995028
1464,1464,0.02223722799993766,0.20943909662162388,59.82958479609973
1465,1465,0.0222607419999008,0.20943909629942223,59.829675381279635
1466,1466,0.022275411999942207,0.20943909597945404,59.82959176221988
1467,1467,0.022288385999956972,0.20943909566170382,59.829681719399424
1468,1468,0.02230497799996556,0.2094390953461561,59.82959868062323
1469,1469,0.022317610999948556,0.2094390950327957,59.82968801415674
1470,1470,0.022329689999935454,0.2094390947216074,59.82960555163265
1471,1471,0.022352761999911763,0.20943909441257624,59.829694265844275
1472,1472,0.022369256999922982,0.20943909410568717,59.82961237556889
1473,1473,0.022381888999916555,0.20943909380092537,59.82970047475282
1474,1474,0.022394195999879685,0.209439093498276,59.829619152750595
1475,1475,0.022409375999870917,0.2094390931977247,59.82970664117118
1476,1476,0.022421631999918645,0.2094390928992566,59.829625883494295
1477,1477,0.022433366999905502,0.2094390926028574,59.82971276538633
1478,1478,0.022446873999911077,0.20943909230851282,59.82963256811441
1479,1479,0.022459653999931106,0.20943909201620856,59.82971884768336
1480,1480,0.02247114799990868,0.20943909172593045,59.82963920692333
1481,1481,0.022482968999895547,0.20943909143766445,59.82972488834544
1482,1482,0.022495121999895673,0.20943909115139664,59.829645800231354
1483,1483,0.022506882999891786,0.20943909086711315,59.82973088765391
1484,1484,0.02251865199986014,0.20943909058480026,59.829652348346706
1485,1485,0.02253046199984965,0.20943909030444427,59.82973684588827
1486,1486,0.02254230099981669,0.20943909002603164,59.82965885157562
1487,1487,0.022554503999799635,0.20943908974954892,59.82974276332615
1488,1488,0.022566408999807663,0.20943908947498263,59.82966531022229
1489,1489,0.022577892999777305,0.20943908920231963,59.829748640243395
1490,1490,0.02258931399978792,0.20943908893154664,59.82967172458887
1491,1491,0.02261213199977874,0.20943908866265057,59.829754476914
1492,1492,0.02262653199977649,0.20943908839561842,59.82967809497555
1493,1493,0.022639557999752924,0.20943908813043727,59.829760273610155
1494,1494,0.022652684999741268,0.20943908786709423,59.829684421680504
1495,1495,0.02266510499970309,0.20943908760557664,59.82976603060228
1496,1496,0.022686891999683212,0.20943908734587185,59.82969070499996
1497,1497,0.02269938099971114,0.2094390870879672,59.829771748159004
1498,1498,0.022711866999713948,0.20943908683185036,59.82969694522815
1499,1499,0.022724306999748478,0.20943908657750887,59.82977742654718
1500,1500,0.022736192999730065,0.20943908632493027,59.82970314265739
1501,1501,0.022748308999723577,0.20943908607410253,59.829783066031894
1502,1502,0.022760116999677393,0.2094390858250135,59.82970929757804
1503,1503,0.022771731999682743,0.20943908557765106,59.82978866687651
1504,1504,0.022783355999649757,0.20943908533200334,59.82971541027853
1505,1505,0.022794685999656394,0.20943908508805825,59.82979422934261
1506,1506,0.022806173999640578,0.20943908484580423,59.82972148104539
1507,1507,0.0228174819996525,0.20943908460522942,59.8297997536901
1508,1508,0.02282919799966976,0.20943908436632222,59.829727510163224
1509,1509,0.022840231999680327,0.209439084129071,59.82980524017714
1510,1510,0.0228530929996964,0.2094390838934644,59.829733497914795
1511,1511,0.022865107999678003,0.2094390836594909,59.82981068906017
1512,1512,0.022876927999675445,0.20943908342713935,59.829739444580945
1513,1513,0.02288843699966492,0.20943908319639828,59.82981610059398
1514,1514,0.022900339999637254,0.2094390829672567,59.82974535044065
1515,1515,0.022912325999641325,0.20943908273970346,59.82982147503162
1516,1516,0.02292368099961095,0.20943908251372753,59.82975121577106
1517,1517,0.02293505299962817,0.2094390822893181,59.829826812624525
1518,1518,0.02294661699960443,0.2094390820664641,59.82975704084746
1519,1519,0.02295853199962039,0.20943908184515495,59.829832113622416
1520,1520,0.022970044999624406,0.2094390816253798,59.829762825943334
1521,1521,0.022981301999664083,0.20943908140712808,59.829837378273396
1522,1522,0.022992756999656194,0.2094390811903892,59.82976857133031
1523,1523,0.023025328999665362,0.2094390809751527,59.8298426068239
1524,1524,0.02304038399967112,0.20943908076140824,59.82977427727823
1525,1525,0.02305329599965944,0.20943908054914534,59.829847799518745
1526,1526,0.02306545099969526,0.20943908033835382,59.82977994405513
1527,1527,0.02307767399969407,0.20943908012902335,59.82985295660113
1528,1528,0.02308951299966111,0.20943907992114402,59.82978557192728
1529,1529,0.023101239999675727,0.2094390797147056,59.82985807831262
1530,1530,0.023112900999649355,0.2094390795096982,59.829791161159164
1531,1531,0.023124746999656054,0.20943907930611178,59.829863164893204
1532,1532,0.023136392999617783,0.2094390791039366,59.82979671201349
1533,1533,0.023147790999644258,0.2094390789031628,59.82986821658126
1534,1534,0.023159294999686608,0.20943907870378084,59.82980222475125
1535,1535,0.023179948999654698,0.2094390785057808,59.82987323361361
1536,1536,0.023193635999632534,0.20943907830915334,59.82980769963167
1537,1537,0.023206076999599645,0.2094390781138888,59.829878216225474
1538,1538,0.02321820699961563,0.20943907791997776,59.82981313691225
1539,1539,0.02323014899957343,0.20943907772741097,59.82988316465053
1540,1540,0.023242010999581453,0.20943907753617885,59.829818536848784
1541,1541,0.023258057999612447,0.20943907734627235,59.8298880791209
1542,1542,0.02327153599964049,0.20943907715768223,59.82982389969536
1543,1543,0.02328412299965521,0.20943907697039946,59.829892959867145
1544,1544,0.023295981999638116,0.20943907678441476,59.82982922570437
1545,1545,0.023307687999647442,0.2094390765997193,59.829897807118336
1546,1546,0.023319624999658117,0.2094390764163042,59.82983451512649
1547,1547,0.02333140299964498,0.20943907623416033,59.82990262110198
1548,1548,0.023343102999660914,0.20943907605327908,59.82983976821078
1549,1549,0.02336297699963552,0.20943907587365163,59.82990740204409
1550,1550,0.02338470199964604,0.20943907569526934,59.829844985204595
1551,1551,0.023404297999661594,0.20943907551812357,59.82991215016918
1552,1552,0.02342191199966237,0.20943907534220568,59.829850166353644
1553,1553,0.023446433999652072,0.20943907516750723,59.82991686570026
1554,1554,0.023472452999669713,0.2094390749940197,59.829855311902
1555,1555,0.02348554199966202,0.2094390748217348,59.82992154885886
1556,1556,0.02349929999968481,0.2094390746506441,59.8298604220921
1557,1557,0.023511411999663778,0.20943907448073937,59.82992619986503
1558,1558,0.023524193999662657,0.20943907431201234,59.82986549716478
1559,1559,0.023536348999698475,0.20943907414445492,59.82993081893737
1560,1560,0.02354822899968667,0.20943907397805894,59.829870537359255
1561,1561,0.023559903999682774,0.20943907381281635,59.829935406293
1562,1562,0.023571961999721225,0.2094390736487192,59.82987554291311
1563,1563,0.023585364999689773,0.20943907348575957,59.82993996214762
1564,1564,0.023598019999667486,0.20943907332392944,59.82988051406238
1565,1565,0.02361022499962928,0.2094390731632212,59.82994448671548
1566,1566,0.02362227499963865,0.2094390730036268,59.82988545104151
1567,1567,0.023634185999640067,0.20943907284513874,59.82994898020938
1568,1568,0.02364650699962567,0.20943907268774933,59.82989035408336
1569,1569,0.023666371999638613,0.20943907253145086,59.82995344284075
1570,1570,0.0236789449996877,0.2094390723762357,59.82989522341926
1571,1571,0.023691294999650836,0.20943907222209657,59.82995787481956
1572,1572,0.023703020999619184,0.20943907206902587,59.829900059278955
1573,1573,0.023715013999662915,0.20943907191701622,59.82996227635441
1574,1574,0.023726660999670912,0.20943907176606025,59.82990486189069
1575,1575,0.023738572999661756,0.20943907161615063,59.8299666476525
1576,1576,0.023750628999664514,0.20943907146728022,59.82990963148114
1577,1577,0.023762021999687022,0.20943907131944167,59.82997098891964
1578,1578,0.023773971999730747,0.20943907117262792,59.829914368275496
1579,1579,0.02378571199972157,0.20943907102683185,59.82997530036027
1580,1580,0.023797531999719013,0.20943907088204639,59.829919072497425
1581,1581,0.023809382999729678,0.20943907073826454,59.82997958217747
1582,1582,0.023843117999717833,0.20943907059547937,59.829923744369076
1583,1583,0.023857907999740746,0.2094390704536839,59.82998383457294
1584,1584,0.023871210999743653,0.20943907031287134,59.829928384111156
1585,1585,0.023883825999746477,0.20943907017303484,59.82998805774708
1586,1586,0.02389658599975064,0.20943907003416767,59.82993299194283
1587,1587,0.023909135999758746,0.2094390698962631,59.8299922518989
1588,1588,0.02392889999975978,0.20943906975931448,59.829937568081846
1589,1589,0.02395311799978117,0.20943906962331513,59.82999641722609
1590,1590,0.023974847999795657,0.20943906948825844,59.82994211274446
1591,1591,0.023990341999763132,0.20943906935413795,59.83000055392505
1592,1592,0.02400246299976061,0.20943906922094715,59.829946626145485
1593,1593,0.0240149759997621,0.2094390690886796,59.83000466219084
1594,1594,0.024026623999759522,0.20943906895732892,59.8299511084983
1595,1595,0.02403831899977149,0.20943906882688862,59.83000874221719
1596,1596,0.02405004699977553,0.2094390686973526,59.82995556001484
1597,1597,0.024061866999772974,0.20943906856871444,59.830012794196584
1598,1598,0.02407532799981027,0.209439068440968,59.829959980905606
1599,1599,0.024087787999803822,0.20943906831410708,59.8300168183202
1600,1600,0.02409997399979602,0.20943906818812547,59.829964371379695
1601,1601,0.024111760999744547,0.20943906806301713,59.83002081477792
1602,1602,0.024123505999739336,0.20943906793877604,59.82996873164482
1603,1603,0.024135078999734105,0.2094390678153962,59.830024783758354
1604,1604,0.0241470809997395,0.20943906769287152,59.82997306190727
1605,1605,0.024158881999710502,0.2094390675711961,59.83002872544887
1606,1606,0.024170751999690765,0.20943906745036422,59.82997736237195
1607,1607,0.024182421999739745,0.20943906733036985,59.830032640035554
1608,1608,0.024193776999766214,0.20943906721120728,59.829981633242404
1609,1609,0.024205309999786095,0.2094390670928707,59.83003652770327
1610,1610,0.024216843999738558,0.2094390669753544,59.82998587472078
1611,1611,0.024268743999755316,0.20943906685865263,59.83004038863564
1612,1612,0.024286602999723073,0.20943906674275992,59.829990087007886
1613,1613,0.024300206999726015,0.20943906662767042,59.83004422301502
1614,1614,0.02431365299975141,0.20943906651337876,59.829994270303175
1615,1615,0.024326257999746304,0.20943906639987933,59.830048031022585
1616,1616,0.024341891999767995,0.20943906628716666,59.829998424804764
1617,1617,0.02435660299971687,0.20943906617523525,59.83005181283827
1618,1618,0.024368924999748742,0.2094390660640798,59.83000255070941
1619,1619,0.0243851029997586,0.2094390659536947,59.830055568640816
1620,1620,0.02439949099976957,0.20943906584407493,59.83000664821258
1621,1621,0.024411992999773702,0.20943906573521492,59.83005929860774
1622,1622,0.02442414999978837,0.20943906562710948,59.830010717508394
1623,1623,0.024436319999779244,0.2094390655197535,59.83006300291541
1624,1624,0.024448433999737063,0.20943906541314153,59.830014758789694
1625,1625,0.024459858999705375,0.20943906530726866,59.83006668173896
1626,1626,0.024471771999685643,0.20943906520212968,59.830018772248
1627,1627,0.02448573199967541,0.20943906509771945,59.83007033525238
1628,1628,0.024497748999692703,0.20943906499403298,59.83002275807353
1629,1629,0.024509768999678272,0.20943906489106526,59.830073963628486
1630,1630,0.024521877999688968,0.20943906478881133,59.83002671645526
1631,1631,0.024533604999703584,0.2094390646872661,59.83007756703891
1632,1632,0.02454573099970503,0.20943906458642478,59.83003064758086
1633,1633,0.024557907999735562,0.20943906448628244,59.83008114565417
1634,1634,0.024569930999746248,0.20943906438683435,59.83003455163675
1635,1635,0.024581849999719907,0.20943906428807552,59.830084699643606
1636,1636,0.024593269999741096,0.20943906419000127,59.83003842880808
1637,1637,0.024605168999755733,0.20943906409260687,59.83008822917543
1638,1638,0.024616732999788837,0.20943906399588763,59.83004227927875
1639,1639,0.024628450999784945,0.20943906389983874,59.83009173441671
1640,1640,0.02464631699979236,0.20943906380445568,59.83004610323143
1641,1641,0.024659648999829642,0.20943906370973378,59.83009521553342
1642,1642,0.02467294399986031,0.20943906361566844,59.83004990084757
1643,1643,0.024685184999839294,0.2094390635222551,59.83009867269039
1644,1644,0.024697092999815595,0.20943906342948937,59.83005367230736
1645,1645,0.024708834999785267,0.20943906333736662,59.830102106051335
1646,1646,0.024720229999786625,0.2094390632458824,59.8300574177898
1647,1647,0.02473228199977484,0.2094390631550324,59.8301055157789
1648,1648,0.024744055999804004,0.20943906306481214,59.830061137472676
1649,1649,0.02475571199983051,0.2094390629752172,59.830108902034596
1650,1650,0.024767400999792244,0.20943906288624345,59.83006483153255
1651,1651,0.024812732999805576,0.20943906279788627,59.83011226497888
1652,1652,0.024828329999820653,0.2094390627101416,59.83006850014483
1653,1653,0.024842008999769405,0.2094390626230052,59.830115604771116
1654,1654,0.024865103999786697,0.2094390625364727,59.830072143483726
1655,1655,0.024886123999806387,0.20943906245054023,59.830118921569586
1656,1656,0.024900529999797527,0.2094390623652033,59.83007576172225
1657,1657,0.024913067999762006,0.20943906228045786,59.830122215531496
1658,1658,0.02492547999980843,0.20943906219629987,59.83007935503227
1659,1659,0.024940498999797,0.20943906211272525,59.83012548681303
1660,1660,0.024953459999778715,0.20943906202972998,59.83008292358446
1661,1661,0.024965487999793368,0.20943906194731,59.83012873556929
1662,1662,0.024977295999804028,0.20943906186546124,59.8300864675484
1663,1663,0.02498920199980148,0.20943906178417995,59.830131961954336
1664,1664,0.02500570099982724,0.20943906170346202,59.83008998709245
1665,1665,0.02501923199980638,0.20943906162330367,59.83013516612119
1666,1666,0.025032397999780187,0.20943906154370093,59.83009348238389
1667,1667,0.025064022999742974,0.2094390614646499,59.83013834822183
1668,1668,0.02508197699972925,0.20943906138614699,59.83009695358883
1669,1669,0.02509620499972698,0.20943906130818807,59.83014150840724
1670,1670,0.025109451999753674,0.2094390612307696,59.83010040087227
1671,1671,0.02512247599975126,0.2094390611538878,59.83014464682736
1672,1672,0.025134735999756685,0.20943906107753896,59.8301038243981
1673,1673,0.025146639999718445,0.2094390610017192,59.8301477636311
1674,1674,0.025159064999741076,0.20943906092642514,59.83010722432909
1675,1675,0.02517117199971608,0.209439060851653,59.83015085896644
1676,1676,0.025182753999729357,0.20943906077739904,59.83011060082692
1677,1677,0.025194452999755867,0.20943906070365992,59.83015393298027
1678,1678,0.02520602699974006,0.20943906063043188,59.83011395405216
1679,1679,0.025218055999687294,0.2094390605577114,59.830156985818526
1680,1680,0.02522971599972834,0.20943906048549504,59.83011728416431
1681,1681,0.025241478999703304,0.20943906041377924,59.83016001762617
1682,1682,0.025252995999665018,0.20943906034256063,59.830120591321766
1683,1683,0.025264613999695484,0.2094390602718356,59.83016302854716
1684,1684,0.02527643099966781,0.2094390602016008,59.830123875681885
1685,1685,0.02528797799965332,0.209439060131853,59.83016601872451
1686,1686,0.025299612999617693,0.20943906006258858,59.830127137400915
1687,1687,0.025313280999569088,0.20943905999380424,59.83016898830025
1688,1688,0.025325769999597014,0.2094390599254967,59.83013037663408
1689,1689,0.0253382099995747,0.20943905985766265,59.83017193741544
1690,1690,0.025350125999580086,0.2094390597902989,59.83013359353554
1691,1691,0.02537190199956285,0.20943905972340204,59.83017486621021
1692,1692,0.02538570399957507,0.20943905965696885,59.83013678825841
1693,1693,0.025397754999573863,0.20943905959099623,59.830177774823724
1694,1694,0.025409636999540908,0.20943905952548086,59.83013996095476
1695,1695,0.025421737999579364,0.20943905946041966,59.8301806633942
1696,1696,0.02543388399953983,0.20943905939580942,59.830143111775634
1697,1697,0.02544537499954913,0.20943905933164697,59.830183532058946
1698,1698,0.02545688699956372,0.20943905926792944,59.830146240871066
1699,1699,0.025469048999525512,0.2094390592046535,59.830186380954316
1700,1700,0.025487700999519802,0.20943905914181615,59.830149348390066
1701,1701,0.025502250999522857,0.20943905907941437,59.83018921021576
1702,1702,0.025515300999472856,0.20943905901744514,59.8301524344806
1703,1703,0.025528462999488966,0.20943905895590553,59.8301920199778
1704,1704,0.025541099999486505,0.20943905889479245,59.830155499289674
1705,1705,0.025553353999441697,0.20943905883410302,59.830194810374046
1706,1706,0.025565691999474893,0.2094390587738342,59.83015854296328
1707,1707,0.025577478999480263,0.2094390587139832,59.83019758153721
1708,1708,0.02558917599947108,0.20943905865454707,59.83016156564641
1709,1709,0.025601009999490998,0.20943905859552292,59.8302003335991
1710,1710,0.025612745999524122,0.20943905853690797,59.830164567483074
1711,1711,0.025624662999518932,0.20943905847869923,59.83020306669063
1712,1712,0.02563654699952167,0.209439058420894,59.83016754861634
1713,1713,0.025648087999570635,0.2094390583634895,59.83020578094183
1714,1714,0.025660224999569436,0.20943905830648288,59.830170509188235
1715,1715,0.025672001999566874,0.20943905824987144,59.830208476481864
1716,1716,0.025684201999581546,0.2094390581936524,59.830173449339895
1717,1717,0.025696210999569757,0.20943905813782301,59.83021115343899
1718,1718,0.025707889999580402,0.20943905808238067,59.83017636921143
1719,1719,0.025723444999528056,0.20943905802732263,59.83021381194062
1720,1720,0.025736054999526914,0.20943905797264623,59.83017926894207
1721,1721,0.025748558999509896,0.2094390579183489,59.830216452113284
1722,1722,0.02576034799955096,0.20943905786442785,59.83018214867003
1723,1723,0.025772399999539175,0.20943905781088057,59.83021907408267
1724,1724,0.0257843239995168,0.20943905775770452,59.83018500853263
1725,1725,0.02579888099950267,0.20943905770489707,59.83022167797363
1726,1726,0.02581065799950011,0.20943905765245563,59.83018784866624
1727,1727,0.02582245699949226,0.2094390576003777,59.830224263910125
1728,1728,0.025834079999526693,0.20943905754866074,59.83019066920631
1729,1729,0.025845687999549227,0.20943905749730232,59.8302268320153
1730,1730,0.025857224999526807,0.20943905744629993,59.83019347028736
1731,1731,0.02590135999952281,0.2094390573956509,59.83022938241147
1732,1732,0.025916556999504792,0.20943905734535312,59.83019625204301
1733,1733,0.025929933999464083,0.209439057295404,59.8302319152201
1734,1734,0.025943077999443176,0.20943905724580103,59.830199014605945
1735,1735,0.025955588999408974,0.20943905719654196,59.830234430561845
1736,1736,0.025968200999443525,0.20943905714762429,59.83020175810798
1737,1737,0.0259803409994106,0.20943905709904576,59.83023692855655
1738,1738,0.0259951709994084,0.2094390570508039,59.83020448268002
1739,1739,0.026007890999437677,0.2094390570028965,59.83023940932324
1740,1740,0.026019578999409987,0.20943905695532117,59.830207188452064
1741,1741,0.026031351999392882,0.2094390569080756,59.83024187298012
1742,1742,0.026043136999419403,0.20943905686115752,59.83020987555325
1743,1743,0.026054968999403627,0.20943905681456462,59.830244319644585
1744,1744,0.026066524999407648,0.20943905676829472,59.830212544111816
1745,1745,0.026078356999448715,0.20943905672234558,59.83024674943327
1746,1746,0.026090198999440872,0.20943905667671497,59.83021519425516
1747,1747,0.026102078999429068,0.2094390566314006,59.83024916246198
1748,1748,0.02611376499942253,0.2094390565864004,59.830217826109774
1749,1749,0.026131546999408783,0.20943905654171205,59.83025155884576
1750,1750,0.026145333999409104,0.20943905649733352,59.830220439801316
1751,1751,0.02615749099942377,0.20943905645326258,59.83025393869885
1752,1752,0.026169431999392145,0.20943905640949717,59.83022303545458
1753,1753,0.026180962999376334,0.20943905636603505,59.830256302134735
1754,1754,0.026192566999384326,0.2094390563228743,59.83022561319349
1755,1755,0.026204229999393647,0.20943905628001266,59.83025864926611
1756,1756,0.02621602699940695,0.20943905623744816,59.830228173141165
1757,1757,0.026227742999367365,0.20943905619517866,59.830260980204926
1758,1758,0.026239275999330403,0.2094390561532022,59.83023071541987
1759,1759,0.026250837999327814,0.2094390561115167,59.83026329506235
1760,1760,0.026262494999343744,0.20943905607012023,59.83023324015102
1761,1761,0.026273722999292204,0.20943905602901053,59.83026559394881
1762,1762,0.02628558899931477,0.2094390559881859,59.83023574745522
1763,1763,0.026306799999304076,0.20943905594764428,59.83026787697398
1764,1764,0.026321210999356026,0.20943905590738365,59.83023823745225
1765,1765,0.0263347029993497,0.20943905586740205,59.83027014424677
1766,1766,0.026348468999401575,0.20943905582769767,59.83024071026107
1767,1767,0.026361641999415042,0.20943905578826852,59.83027239587537
1768,1768,0.02637437599940995,0.20943905574911265,59.83024316599984
1769,1769,0.026386635999415375,0.20943905571022814,59.83027463196722
1770,1770,0.026398756999412853,0.2094390556716132,59.830245604785894
1771,1771,0.026411405999397175,0.20943905563326595,59.83027685262905
1772,1772,0.02642330099939727,0.2094390555951845,59.830248026735795
1773,1773,0.026435006999406596,0.20943905555736703,59.83027905796685
1774,1774,0.02645388099944057,0.2094390555198117,59.83025043196529
1775,1775,0.02646758199944088,0.2094390554825167,59.83028124808589
1776,1776,0.0264805049994834,0.20943905544548022,59.83025282058933
1777,1777,0.026492909999490166,0.20943905540870048,59.8302834230907
1778,1778,0.026505395999492976,0.20943905537217564,59.83025519272211
1779,1779,0.02651789799949711,0.20943905533590398,59.83028558308514
1780,1780,0.026538664999520734,0.20943905529988377,59.83025754847702
1781,1781,0.02655096699953674,0.20943905526411324,59.830287728172344
1782,1782,0.02656286499950511,0.20943905522859066,59.83025988796671
1783,1783,0.026575138999476167,0.20943905519331435,59.83028985845475
1784,1784,0.026586984999482866,0.20943905515828254,59.830262211303
1785,1785,0.02659874499943271,0.20943905512349353,59.83029197403406
1786,1786,0.026610674999403727,0.20943905508894567,59.830264518597026
1787,1787,0.026622678999387972,0.2094390550546373,59.83029407501136
1788,1788,0.02664628699938021,0.2094390550205668,59.830266809959106
1789,1789,0.026658307999355202,0.20943905498673238,59.83029616148696
1790,1790,0.026670803999365944,0.20943905495313256,59.83026908549882
1791,1791,0.02668287799940572,0.20943905491976567,59.83029823356056
1792,1792,0.026694638999401832,0.20943905488662995,59.830271345325016
1793,1793,0.026712727999438357,0.20943905485372397,59.83030029133114
1794,1794,0.026726450999433382,0.20943905482104616,59.830273589545776
1795,1795,0.02673911999943357,0.20943905478859473,59.830302334897006
1796,1796,0.026750989999413832,0.20943905475636834,59.83027581826847
1797,1797,0.026762646999429762,0.2094390547243653,59.83030436435582
1798,1798,0.02677480399944443,0.20943905469258411,59.83027803159972
1799,1799,0.02678667699944981,0.20943905466102328,59.83030637980453
1800,1800,0.02679837599947632,0.20943905462968113,59.83028022964541
1801,1801,0.026809995999485636,0.20943905459855625,59.830308381339506
1802,1802,0.0268219689995135,0.2094390545676472,59.83028241251073
1803,1803,0.026833656999542654,0.20943905453695225,59.830310369056356
1804,1804,0.026844984999570443,0.2094390545064702,59.830284580300116
1805,1805,0.02685630699960484,0.20943905447619943,59.83031234305014
1806,1806,0.026868127999591707,0.20943905444613833,59.83028673311732
1807,1807,0.0268795649995468,0.2094390544162858,59.83031430341518
1808,1808,0.026890928999534935,0.20943905438664012,59.83028887106537
1809,1809,0.026902220999545534,0.20943905435719998,59.83031625024521
1810,1810,0.026913998999532396,0.20943905432796386,59.8302909942466
1811,1811,0.026925497999513937,0.2094390542989304,59.8303181836333
1812,1812,0.02694054799951573,0.20943905427009826,59.83029310276264
1813,1813,0.026954424999530602,0.20943905424146592,59.830320103671916
1814,1814,0.026966974999538706,0.20943905421303202,59.83029519671441
1815,1815,0.026979092999511067,0.20943905418479525,59.83032201045286
1816,1816,0.026990618999548133,0.20943905415675418,59.83029727620218
1817,1817,0.02700221799955216,0.2094390541289076,59.830323904067306
1818,1818,0.027013738999528414,0.20943905410125385,59.830299341325485
1819,1819,0.02702521999952978,0.20943905407379193,59.83032578460583
1820,1820,0.027037051999514006,0.20943905404652036,59.83030139218322
1821,1821,0.02704860099953521,0.2094390540194378,59.83032765215838
1822,1822,0.027059954999515412,0.20943905399254298,59.83030342887358
1823,1823,0.02707157199949961,0.20943905396583462,59.830329506814294
1824,1824,0.027082958999471884,0.20943905393931134,59.83030545149411
1825,1825,0.027094462999514235,0.2094390539129719,59.83033134866228
1826,1826,0.02712757199947191,0.2094390538868151,59.830307460141675
1827,1827,0.02714248199947633,0.20943905386083958,59.83033317779046
1828,1828,0.027155694999464686,0.20943905383504408,59.83030945491247
1829,1829,0.027168449999464883,0.20943905380942743,59.83033499428635
1830,1830,0.0271807009994518,0.20943905378398833,59.83031143590203
1831,1831,0.027198354999427465,0.2094390537587256,59.83033679823688
1832,1832,0.02721096799945144,0.20943905373363791,59.83031340320527
1833,1833,0.02722844099946542,0.2094390537087242,59.830338589728356
1834,1834,0.027240872999414023,0.2094390536839832,59.83031535691642
1835,1835,0.02726405599946702,0.20943905365941365,59.83034036884653
1836,1836,0.027277500999446147,0.2094390536350144,59.83031729712909
1837,1837,0.027289770999459506,0.20943905361078427,59.83034213567654
1838,1838,0.02730153799944901,0.20943905358672213,59.83031922393623
1839,1839,0.027313638999430623,0.20943905356282683,59.83034389030295
1840,1840,0.02732543699943335,0.209439053539097,59.83032113743016
1841,1841,0.027337004999480996,0.20943905351553185,59.83034563280976
1842,1842,0.027349026999502257,0.20943905349212996,59.83032303770258
1843,1843,0.027361579999478636,0.20943905346889022,59.830347363280374
1844,1844,0.027373545999466842,0.2094390534458117,59.83032492484454
1845,1845,0.027393034999477095,0.20943905342289312,59.83034908179766
1846,1846,0.02741535899946257,0.20943905340013333,59.83032679894649
1847,1847,0.02742946699947879,0.20943905337753144,59.83035078844387
1848,1848,0.02744220699946709,0.20943905335508609,59.83032866009825
1849,1849,0.027454592999447414,0.20943905333279633,59.83035248330074
1850,1850,0.027466618999426373,0.20943905331066115,59.83033050838903
1851,1851,0.02747879499941064,0.20943905328867934,59.83035416644942
1852,1852,0.027490970999451747,0.20943905326684997,59.830332343907415
1853,1853,0.027511298999456812,0.20943905324517184,59.83035583797052
1854,1854,0.027529899999478857,0.209439053223644,59.830334166741416
1855,1855,0.027544442999499097,0.2094390532022654,59.830357497944085
1856,1856,0.02755936299951145,0.20943905318103498,59.8303359769784
1857,1857,0.02757247199951962,0.2094390531599518,59.83035914644963
1858,1858,0.02759614299952773,0.20943905313901465,59.83033777470516
1859,1859,0.02760916799951474,0.2094390531182227,59.83036078356612
1860,1860,0.02763065099952655,0.20943905309757485,59.83033956000789
1861,1861,0.027647729999500825,0.20943905307707011,59.83036240937196
1862,1862,0.027680979999502142,0.20943905305670757,59.830341332972196
1863,1863,0.02772059799951876,0.20943905303648613,59.83036402394506
1864,1864,0.027780527999539117,0.20943905301640484,59.8303430936831
1865,1865,0.027797223999527887,0.2094390529964628,59.83036562736274
1866,1866,0.027811103999511033,0.20943905297665896,59.83034484222504
1867,1867,0.02782853299947874,0.2094390529569923,59.83036721970185
1868,1868,0.027843185999472553,0.20943905293746204,59.83034657868186
1869,1869,0.027859685999487738,0.20943905291806725,59.830368801038674
1870,1870,0.027882930999453492,0.20943905289880682,59.83034830313685
1871,1871,0.027903346999437417,0.20943905287967993,59.830370371449
1872,1872,0.027916483999433694,0.2094390528606855,59.830350015672735
1873,1873,0.02792900199943915,0.2094390528418229,59.830371931008074
1874,1874,0.027941293999447225,0.209439052823091,59.83035171637164
1875,1875,0.027953448999483044,0.20943905280448893,59.830373479790644
1876,1876,0.027968914999462413,0.20943905278601582,59.83035340531516
1877,1877,0.02798379399945361,0.20943905276767077,59.830375017870935
1878,1878,0.027995990999443165,0.20943905274945282,59.83035508258432
1879,1879,0.02801332599943862,0.2094390527313611,59.83037654532268
1880,1880,0.02802942599942071,0.20943905271339494,59.83035674825957
1881,1881,0.028044605999411942,0.20943905269555319,59.83037806221909
1882,1882,0.028057820999379146,0.20943905267783525,59.83035840242085
1883,1883,0.028076556999394597,0.20943905266024002,59.83037956863289
1884,1884,0.028089882999381643,0.20943905264276677,59.830360045147515
1885,1885,0.028105816999357103,0.20943905262541465,59.8303810646363
1886,1886,0.02813011299934942,0.2094390526081828,59.8303616765184
1887,1887,0.028143084999385337,0.20943905259107046,59.830382550301024
1888,1888,0.028155137999362978,0.2094390525740767,59.83036329661179
1889,1889,0.028167264999353847,0.20943905255720072,59.830384025698315
1890,1890,0.028179403999331498,0.20943905254044173,59.83036490550543
1891,1891,0.02819349699933582,0.2094390525237989,59.83038549089892
1892,1892,0.028205593999359735,0.2094390525072714,59.83036650327652
1893,1893,0.028217592999396857,0.2094390524908585,59.83038694597309
1894,1894,0.028229637999402257,0.20943905247455938,59.830368090001784
1895,1895,0.02824687699938977,0.20943905245837321,59.830388390990606
1896,1896,0.02826024199936228,0.20943905244229932,59.83036966575734
1897,1897,0.02827425599940625,0.20943905242633679,59.830389826020784
1898,1898,0.028286320999427517,0.20943905241048488,59.83037123061884
1899,1899,0.028298248999419684,0.20943905239474286,59.83039125113242
1900,1900,0.028310339999393364,0.20943905237910998,59.830372784661414
1901,1901,0.028322128999377583,0.2094390523635855,59.8303926663939
1902,1902,0.028333933999363126,0.2094390523481686,59.83037432795965
1903,1903,0.028346193999368552,0.20943905233285853,59.83039407187311
1904,1904,0.02835787599934747,0.20943905231765467,59.830375860587644
1905,1905,0.028369778999319806,0.20943905230255608,59.830395467637445
1906,1906,0.028381643999352946,0.20943905228756224,59.83037738261899
1907,1907,0.02839302899934637,0.2094390522726723,59.8303968537539
1908,1908,0.028407201999357312,0.2094390522578856,59.83037889412676
1909,1909,0.028418727999394378,0.2094390522432013,59.830398230288964
1910,1910,0.02844114499941952,0.20943905222861892,59.830380395183525
1911,1911,0.028454361999422417,0.20943905221413753,59.83039959730866
1912,1912,0.0284878499994079,0.20943905219975653,59.83038188586137
1913,1913,0.028501658999402935,0.20943905218547526,59.83040095487861
1914,1914,0.02851389799940307,0.20943905217129297,59.83038336623188
1915,1915,0.02852583599940317,0.20943905215720904,59.830402303063956
1916,1916,0.028542484999377393,0.20943905214322261,59.83038483636614
1917,1917,0.028557330999376518,0.20943905212933323,59.83040364192937
1918,1918,0.028575062999379952,0.20943905211554006,59.83038629633478
1919,1919,0.028587771999355027,0.20943905210184252,59.830404971539124
1920,1920,0.02859951899938551,0.20943905208823999,59.8303877462079
1921,1921,0.028622299999369716,0.20943905207473176,59.83040629195703
1922,1922,0.028640951999364006,0.20943905206131702,59.830389186055136
1923,1923,0.028664020999372042,0.20943905204799543,59.83040760324647
1924,1924,0.02868072599937932,0.20943905203476607,59.83039061594566
1925,1925,0.028696329999377213,0.2094390520216284,59.830408905470364
1926,1926,0.02870885399937606,0.20943905200858187,59.83039203594815
1927,1927,0.02872123499935242,0.2094390519956258,59.83041019869123
1928,1928,0.028733106999368374,0.20943905198275947,59.83039344613084
1929,1929,0.02874511599941343,0.20943905196998236,59.83041148297116
1930,1930,0.028757168999447913,0.20943905195729381,59.830394846561454
1931,1931,0.02876917899942555,0.20943905194469314,59.830412758371786
1932,1932,0.02878060499944013,0.20943905193217996,59.83039623730729
1933,1933,0.0287926059994561,0.2094390519197534,59.830414024954344
1934,1934,0.02880448099944033,0.20943905190741302,59.830397618435164
1935,1935,0.02881616899941264,0.20943905189515816,59.83041528277967
1936,1936,0.028827984999452383,0.20943905188298828,59.83039899001143
1937,1937,0.02883938899947225,0.20943905187090275,59.83041653190812
1938,1938,0.02885983599952624,0.20943905185890097,59.830400352102
1939,1939,0.028873797999494855,0.2094390518469824,59.83041777239971
1940,1940,0.028894542999523765,0.20943905183514647,59.830401704772314
1941,1941,0.028907408999543804,0.20943905182339256,59.830419004313995
1942,1942,0.02891953399949898,0.2094390518117201,59.8304030480874
1943,1943,0.028931483999485863,0.2094390518001286,59.83042022771012
1944,1944,0.028942989999507063,0.2094390517886174,59.830404382111794
1945,1945,0.02895455099951505,0.209439051777186,59.83042144264685
1946,1946,0.028966082999545506,0.20943905176583388,59.830405706909616
1947,1947,0.02897786899956145,0.20943905175456043,59.83042264918254
1948,1948,0.02898944199955622,0.2094390517433651,59.83040702254455
1949,1949,0.02900106299955496,0.2094390517322474,59.83042384737512
1950,1950,0.02901264999951536,0.2094390517212067,59.830408329079795
1951,1951,0.029024254999512777,0.2094390517102426,59.83042503728217
1952,1952,0.029036018999477164,0.20943905169935453,59.83040962657819
1953,1953,0.029047383999454723,0.20943905168854188,59.830426218960824
1954,1954,0.02906885699940176,0.20943905167780424,59.830410915102085
1955,1955,0.02908375399937313,0.209439051667141,59.83042739246787
1956,1956,0.029098790999398716,0.20943905165655155,59.830412194713425
1957,1957,0.029114379999441553,0.20943905164603563,59.830428557859655
1958,1958,0.029127512999480132,0.2094390516355926,59.83041346547373
1959,1959,0.029140167999457844,0.20943905162522192,59.83042971519219
1960,1960,0.029155083999455655,0.2094390516149232,59.830414727444094
1961,1961,0.029167500999449203,0.2094390516046959,59.83043086452105
1962,1962,0.0291795029994546,0.2094390515945393,59.83041598068517
1963,1963,0.029194528999425984,0.20943905158445322,59.83043200590149
1964,1964,0.02920686899943803,0.209439051574437,59.83041722525723
1965,1965,0.029219277999402493,0.20943905156449033,59.83043313938833
1966,1966,0.0292312289993788,0.20943905155461245,59.830418461220106
1967,1967,0.02925493299937898,0.20943905154480322,59.83043426503605
1968,1968,0.0292673829993646,0.20943905153506182,59.830419688633235
1969,1969,0.029282773999341316,0.20943905152538803,59.83043538289872
1970,1970,0.029296370999361443,0.20943905151578127,59.83042090755565
1971,1971,0.02930851299936421,0.20943905150624118,59.83043649303008
1972,1972,0.0293206279993683,0.20943905149676714,59.83042211804593
1973,1973,0.029332622999334035,0.20943905148735875,59.83043759548347
1974,1974,0.029344615999320922,0.20943905147801561,59.830423320162325
1975,1975,0.029356462999317046,0.20943905146873723,59.83043869031188
1976,1976,0.029368218999309192,0.20943905145952316,59.830424513962626
1977,1977,0.02937976499930528,0.20943905145037298,59.83043977756794
1978,1978,0.0293917979993239,0.2094390514412862,59.83042569950426
1979,1979,0.02940331199931734,0.20943905143226244,59.830440857303884
1980,1980,0.029415209999285707,0.20943905142330124,59.830426876844236
1981,1981,0.029426843999317498,0.20943905141440206,59.830441929571634
1982,1982,0.029438612999342695,0.20943905140556465,59.830428046039195
1983,1983,0.029472285999304404,0.2094390513967885,59.83044299442273
1984,1984,0.029496543999300684,0.20943905138807317,59.83042920714536
1985,1985,0.029511952999257574,0.20943905137941826,59.830444051908344
1986,1986,0.029524859999241926,0.2094390513708233,59.83043036021859
1987,1987,0.02954004199926885,0.209439051362288,59.83044510207933
1988,1988,0.02956442599924003,0.20943905135381177,59.83043150531436
1989,1989,0.029579135999256323,0.20943905134539437,59.83044614498618
1990,1990,0.029591269999230008,0.20943905133703525,59.83043264248773
1991,1991,0.029641547999233353,0.2094390513287341,59.830447180679016
1992,1992,0.029656660999251017,0.20943905132049054,59.83043377179344
1993,1993,0.029670000999260537,0.2094390513123041,59.830448209207646
1994,1994,0.029682499999239553,0.2094390513041743,59.830434893285805
1995,1995,0.0296949359992027,0.20943905129610102,59.83044923062153
1996,1996,0.029706715999225253,0.20943905128808366,59.830436007018776
1997,1997,0.029720765999172727,0.20943905128012175,59.83045024496977
1998,1998,0.029732955999179467,0.20943905127221515,59.83043711304596
1999,1999,0.029745643999206095,0.20943905126436332,59.83045125230115
2000,2000,0.02975749499921676,0.20943905125656595,59.83043821142054
